dataset,regime,metric,mean,sd,n,seeds,contrast
cifar,alpha0p1,delta_student_test_accuracy,38.93333333333333,11.142640321455834,3,"42,43,44",selection
cifar,alpha0p1,delta_student_test_nll,-0.8910725119908648,0.47872268426380093,3,"42,43,44",selection
cifar,alpha0p1,delta_target_accuracy,61.14333333333334,9.629747314095697,3,"42,43,44",selection
cifar,alpha0p1,delta_target_nll,-0.9675708902426283,0.0481081348707866,3,"42,43,44",selection
cifar,alpha0p1,delta_target_entropy,-0.28711366411113465,0.023927062160528825,3,"42,43,44",selection
cifar,alpha0p1,delta_fallback_count,212.33333333333334,43.77594468807422,3,"42,43,44",selection
cifar,alpha0p1,delta_fallback_rate,0.021233333333333337,0.004377594468807421,3,"42,43,44",selection
cifar,alpha0p1,delta_mean_selected_teachers,-7.0305333333333335,0.36430992757998454,3,"42,43,44",selection
cifar,alpha0p1,delta_effective_teachers,-6.818199999999998,0.3840291525392312,3,"42,43,44",selection
cifar,alpha0p5,delta_student_test_accuracy,9.859999999999998,3.0991773101905604,3,"42,43,44",selection
cifar,alpha0p5,delta_student_test_nll,-0.22227971092859902,0.09865375089210539,3,"42,43,44",selection
cifar,alpha0p5,delta_target_accuracy,30.440000000000005,3.18698917475413,3,"42,43,44",selection
cifar,alpha0p5,delta_target_nll,-0.3484580614744177,0.03787788474594258,3,"42,43,44",selection
cifar,alpha0p5,delta_target_entropy,-0.06561934703716983,0.01721458835756299,3,"42,43,44",selection
cifar,alpha0p5,delta_fallback_count,273.0,38.93584466786357,3,"42,43,44",selection
cifar,alpha0p5,delta_fallback_rate,0.0273,0.0038935844667863572,3,"42,43,44",selection
cifar,alpha0p5,delta_mean_selected_teachers,-5.377400000000001,0.12698236097978305,3,"42,43,44",selection
cifar,alpha0p5,delta_effective_teachers,-5.104399999999998,0.10108669546483327,3,"42,43,44",selection
cifar,alpha1p0,delta_student_test_accuracy,3.639999999999999,0.5257375771237958,3,"42,43,44",selection
cifar,alpha1p0,delta_student_test_nll,-0.07376400828361511,0.021432562357377127,3,"42,43,44",selection
cifar,alpha1p0,delta_target_accuracy,21.173333333333332,0.7193283904680331,3,"42,43,44",selection
cifar,alpha1p0,delta_target_nll,-0.20324803980189587,0.038185594205459875,3,"42,43,44",selection
cifar,alpha1p0,delta_target_entropy,-0.036530830884645926,0.017405198042590646,3,"42,43,44",selection
cifar,alpha1p0,delta_fallback_count,330.0,46.861498055439924,3,"42,43,44",selection
cifar,alpha1p0,delta_fallback_rate,0.032999999999999995,0.0046861498055439915,3,"42,43,44",selection
cifar,alpha1p0,delta_mean_selected_teachers,-4.3152,0.17512261418788813,3,"42,43,44",selection
cifar,alpha1p0,delta_effective_teachers,-3.9851999999999985,0.18664439450463033,3,"42,43,44",selection
cifar,iid,delta_student_test_accuracy,1.3466666666666627,0.7850053078376839,3,"42,43,44",selection
cifar,iid,delta_student_test_nll,-0.032608476734161375,0.04386677170201871,3,"42,43,44",selection
cifar,iid,delta_target_accuracy,16.28666666666667,0.8434650753489114,3,"42,43,44",selection
cifar,iid,delta_target_nll,-0.08687721106214623,0.00862777949529881,3,"42,43,44",selection
cifar,iid,delta_target_entropy,-0.01010439818252884,0.0020166413925643417,3,"42,43,44",selection
cifar,iid,delta_fallback_count,474.6666666666667,17.473789896108208,3,"42,43,44",selection
cifar,iid,delta_fallback_rate,0.047466666666666664,0.001747378989610821,3,"42,43,44",selection
cifar,iid,delta_mean_selected_teachers,-3.2070333333333334,0.14916455119542782,3,"42,43,44",selection
cifar,iid,delta_effective_teachers,-2.7323666666666653,0.15459451262361604,3,"42,43,44",selection
cifar,multi,delta_student_test_accuracy,38.33,7.334050722486178,3,"42,43,44",selection
cifar,multi,delta_student_test_nll,-0.3780147130330403,0.1600936605967371,3,"42,43,44",selection
cifar,multi,delta_target_accuracy,58.46333333333333,5.0320208001689934,3,"42,43,44",selection
cifar,multi,delta_target_nll,-1.4154777697913017,0.032811375491539056,3,"42,43,44",selection
cifar,multi,delta_target_entropy,-0.6830683524630216,0.025742235684020887,3,"42,43,44",selection
cifar,multi,delta_fallback_count,340.6666666666667,55.1029339811714,3,"42,43,44",selection
cifar,multi,delta_fallback_rate,0.03406666666666666,0.005510293398117138,3,"42,43,44",selection
cifar,multi,delta_mean_selected_teachers,-8.159466666666667,0.031272405301373526,3,"42,43,44",selection
cifar,multi,delta_effective_teachers,-7.818799999999999,0.02420599099396734,3,"42,43,44",selection
cifar,single,delta_student_test_accuracy,68.88666666666666,0.9096336258809518,3,"42,43,44",selection
cifar,single,delta_student_test_nll,-0.9729657333374022,0.40320502933717717,3,"42,43,44",selection
cifar,single,delta_target_accuracy,90.25999999999999,1.6955530071336606,3,"42,43,44",selection
cifar,single,delta_target_nll,-1.9894396060231525,0.0057197237292459175,3,"42,43,44",selection
cifar,single,delta_target_entropy,-1.1474717628836955,0.027009346666629647,3,"42,43,44",selection
cifar,single,delta_fallback_count,0.0,0.0,3,"42,43,44",selection
cifar,single,delta_fallback_rate,0.0,0.0,3,"42,43,44",selection
cifar,single,delta_mean_selected_teachers,-9.0,0.0,3,"42,43,44",selection
cifar,single,delta_effective_teachers,-8.999999999999998,0.0,3,"42,43,44",selection
fmnist,alpha0p1,delta_student_test_accuracy,34.62666666666667,14.108339141562107,3,"42,43,44",selection
fmnist,alpha0p1,delta_student_test_nll,-1.2319609526157378,1.118123335086249,3,"42,43,44",selection
fmnist,alpha0p1,delta_target_accuracy,42.040000000000006,15.591949845994248,3,"42,43,44",selection
fmnist,alpha0p1,delta_target_nll,-1.0382655692915346,0.18362197991972842,3,"42,43,44",selection
fmnist,alpha0p1,delta_target_entropy,-0.5355586476767508,0.1568614670330736,3,"42,43,44",selection
fmnist,alpha0p1,delta_fallback_count,44.333333333333336,5.033222956847167,3,"42,43,44",selection
fmnist,alpha0p1,delta_fallback_rate,0.004433333333333333,0.0005033222956847167,3,"42,43,44",selection
fmnist,alpha0p1,delta_mean_selected_teachers,-5.799833333333333,0.4220324671554708,3,"42,43,44",selection
fmnist,alpha0p1,delta_effective_teachers,-5.755499999999998,0.4247637814126811,3,"42,43,44",selection
fmnist,alpha0p5,delta_student_test_accuracy,4.299999999999996,1.339066839257847,3,"42,43,44",selection
fmnist,alpha0p5,delta_student_test_nll,-0.08622791504859924,0.02720463342651106,3,"42,43,44",selection
fmnist,alpha0p5,delta_target_accuracy,12.413333333333336,1.4174742796020454,3,"42,43,44",selection
fmnist,alpha0p5,delta_target_nll,-0.19689866466893294,0.030697386111175975,3,"42,43,44",selection
fmnist,alpha0p5,delta_target_entropy,-0.07566420298224297,0.009936595208057742,3,"42,43,44",selection
fmnist,alpha0p5,delta_fallback_count,98.0,21.79449471770337,3,"42,43,44",selection
fmnist,alpha0p5,delta_fallback_rate,0.009800000000000001,0.0021794494717703367,3,"42,43,44",selection
fmnist,alpha0p5,delta_mean_selected_teachers,-2.8271,0.14296611486642577,3,"42,43,44",selection
fmnist,alpha0p5,delta_effective_teachers,-2.7290999999999985,0.16465056938862951,3,"42,43,44",selection
fmnist,alpha1p0,delta_student_test_accuracy,2.6733333333333347,1.4453488621551995,3,"42,43,44",selection
fmnist,alpha1p0,delta_student_test_nll,-0.061636275446414944,0.030287890323702615,3,"42,43,44",selection
fmnist,alpha1p0,delta_target_accuracy,10.246666666666666,0.9045625093564991,3,"42,43,44",selection
fmnist,alpha1p0,delta_target_nll,-0.0891388043828798,0.024651800299141772,3,"42,43,44",selection
fmnist,alpha1p0,delta_target_entropy,-0.022563980385886584,0.008641435589192377,3,"42,43,44",selection
fmnist,alpha1p0,delta_fallback_count,125.33333333333333,32.86842456421258,3,"42,43,44",selection
fmnist,alpha1p0,delta_fallback_rate,0.012533333333333334,0.0032868424564212587,3,"42,43,44",selection
fmnist,alpha1p0,delta_mean_selected_teachers,-1.9149666666666665,0.20705519392986385,3,"42,43,44",selection
fmnist,alpha1p0,delta_effective_teachers,-1.7896333333333312,0.23991051109389355,3,"42,43,44",selection
fmnist,iid,delta_student_test_accuracy,0.5699999999999965,0.23515952032609888,3,"42,43,44",selection
fmnist,iid,delta_student_test_nll,-0.019820734941959333,0.005726212109094969,3,"42,43,44",selection
fmnist,iid,delta_target_accuracy,7.16666666666667,0.1457166199626301,3,"42,43,44",selection
fmnist,iid,delta_target_nll,-0.0244442367708196,0.0025090466124617987,3,"42,43,44",selection
fmnist,iid,delta_target_entropy,-0.0030194862365836204,0.0007824792010834112,3,"42,43,44",selection
fmnist,iid,delta_fallback_count,260.6666666666667,21.385353243127252,3,"42,43,44",selection
fmnist,iid,delta_fallback_rate,0.026066666666666665,0.0021385353243127264,3,"42,43,44",selection
fmnist,iid,delta_mean_selected_teachers,-1.2268000000000001,0.024116177143153814,3,"42,43,44",selection
fmnist,iid,delta_effective_teachers,-0.9661333333333312,0.009976138197385397,3,"42,43,44",selection
fmnist,multi,delta_student_test_accuracy,69.21666666666667,0.7099530500908725,3,"42,43,44",selection
fmnist,multi,delta_student_test_nll,-5.335272782262166,1.2912121200157396,3,"42,43,44",selection
fmnist,multi,delta_target_accuracy,79.07333333333332,0.5173329037798893,3,"42,43,44",selection
fmnist,multi,delta_target_nll,-2.008057255610453,0.0651856890006993,3,"42,43,44",selection
fmnist,multi,delta_target_entropy,-1.6623940777754764,0.07472343107420396,3,"42,43,44",selection
fmnist,multi,delta_fallback_count,40.333333333333336,11.676186592091328,3,"42,43,44",selection
fmnist,multi,delta_fallback_rate,0.004033333333333333,0.0011676186592091329,3,"42,43,44",selection
fmnist,multi,delta_mean_selected_teachers,-8.013466666666666,0.0019857828011473604,3,"42,43,44",selection
fmnist,multi,delta_effective_teachers,-7.973133333333332,0.009845980567385487,3,"42,43,44",selection
fmnist,single,delta_student_test_accuracy,79.95,1.2813664581219486,3,"42,43,44",selection
fmnist,single,delta_student_test_nll,-5.437081506093342,1.3206120639841852,3,"42,43,44",selection
fmnist,single,delta_target_accuracy,89.66333333333334,0.781430312525263,3,"42,43,44",selection
fmnist,single,delta_target_nll,-2.520082063430022,0.013859670450305284,3,"42,43,44",selection
fmnist,single,delta_target_entropy,-2.154872861940373,0.030184135988442076,3,"42,43,44",selection
fmnist,single,delta_fallback_count,0.0,0.0,3,"42,43,44",selection
fmnist,single,delta_fallback_rate,0.0,0.0,3,"42,43,44",selection
fmnist,single,delta_mean_selected_teachers,-9.0,0.0,3,"42,43,44",selection
fmnist,single,delta_effective_teachers,-8.999999999999998,0.0,3,"42,43,44",selection
mnist,alpha0p1,delta_student_test_accuracy,29.24,17.96969949665269,3,"42,43,44",selection
mnist,alpha0p1,delta_student_test_nll,-1.04804011144444,0.6637146629042519,3,"42,43,44",selection
mnist,alpha0p1,delta_target_accuracy,28.950000000000003,17.358574250208463,3,"42,43,44",selection
mnist,alpha0p1,delta_target_nll,-0.9866287833513869,0.20267476916182448,3,"42,43,44",selection
mnist,alpha0p1,delta_target_entropy,-0.5310661653015278,0.11076204061308667,3,"42,43,44",selection
mnist,alpha0p1,delta_fallback_count,8.0,5.291502622129181,3,"42,43,44",selection
mnist,alpha0p1,delta_fallback_rate,0.0008,0.0005291502622129181,3,"42,43,44",selection
mnist,alpha0p1,delta_mean_selected_teachers,-5.308866666666667,0.7309086833068366,3,"42,43,44",selection
mnist,alpha0p1,delta_effective_teachers,-5.300866666666665,0.7273206331002391,3,"42,43,44",selection
mnist,alpha0p5,delta_student_test_accuracy,2.213333333333334,1.1735558501125245,3,"42,43,44",selection
mnist,alpha0p5,delta_student_test_nll,-0.06799199157068507,0.03360872140807185,3,"42,43,44",selection
mnist,alpha0p5,delta_target_accuracy,3.5333333333333363,1.5695009822658084,3,"42,43,44",selection
mnist,alpha0p5,delta_target_nll,-0.1660003655173162,0.031016888651939967,3,"42,43,44",selection
mnist,alpha0p5,delta_target_entropy,-0.08115848695630905,0.025307685114198036,3,"42,43,44",selection
mnist,alpha0p5,delta_fallback_count,17.333333333333332,3.7859388972001824,3,"42,43,44",selection
mnist,alpha0p5,delta_fallback_rate,0.0017333333333333333,0.0003785938897200183,3,"42,43,44",selection
mnist,alpha0p5,delta_mean_selected_teachers,-1.5080333333333336,0.23137857146532223,3,"42,43,44",selection
mnist,alpha0p5,delta_effective_teachers,-1.490699999999998,0.231708674848397,3,"42,43,44",selection
mnist,alpha1p0,delta_student_test_accuracy,0.4466666666666656,0.10598742063723622,3,"42,43,44",selection
mnist,alpha1p0,delta_student_test_nll,-0.015633262522006402,0.003823930335758635,3,"42,43,44",selection
mnist,alpha1p0,delta_target_accuracy,1.666666666666668,0.21548395145192353,3,"42,43,44",selection
mnist,alpha1p0,delta_target_nll,-0.04638696425884281,0.014129502735779296,3,"42,43,44",selection
mnist,alpha1p0,delta_target_entropy,-0.020940323788528763,0.007435513624735782,3,"42,43,44",selection
mnist,alpha1p0,delta_fallback_count,22.0,2.6457513110645907,3,"42,43,44",selection
mnist,alpha1p0,delta_fallback_rate,0.0021999999999999997,0.000264575131106459,3,"42,43,44",selection
mnist,alpha1p0,delta_mean_selected_teachers,-0.675933333333333,0.07014915062446127,3,"42,43,44",selection
mnist,alpha1p0,delta_effective_teachers,-0.6539333333333316,0.06838715766379984,3,"42,43,44",selection
mnist,iid,delta_student_test_accuracy,0.12000000000000528,0.0458257569495582,3,"42,43,44",selection
mnist,iid,delta_student_test_nll,-0.0043135007072239995,0.000633238548537729,3,"42,43,44",selection
mnist,iid,delta_target_accuracy,1.1399999999999966,0.050000000000005596,3,"42,43,44",selection
mnist,iid,delta_target_nll,-0.007371031945351825,0.0001684383597900895,3,"42,43,44",selection
mnist,iid,delta_target_entropy,-0.0011283681101462346,0.00010585360786677772,3,"42,43,44",selection
mnist,iid,delta_fallback_count,32.666666666666664,7.023769168568493,3,"42,43,44",selection
mnist,iid,delta_fallback_rate,0.0032666666666666664,0.0007023769168568493,3,"42,43,44",selection
mnist,iid,delta_mean_selected_teachers,-0.2505,0.014351306560727705,3,"42,43,44",selection
mnist,iid,delta_effective_teachers,-0.2178333333333331,0.007327573495593052,3,"42,43,44",selection
mnist,multi,delta_student_test_accuracy,58.85,3.288449482658964,3,"42,43,44",selection
mnist,multi,delta_student_test_nll,-3.3705556056374957,0.2237164044462211,3,"42,43,44",selection
mnist,multi,delta_target_accuracy,60.11666666666666,4.122891380249221,3,"42,43,44",selection
mnist,multi,delta_target_nll,-1.8900543728876535,0.0023676404864303637,3,"42,43,44",selection
mnist,multi,delta_target_entropy,-1.7750689803021678,0.040809093023580996,3,"42,43,44",selection
mnist,multi,delta_fallback_count,10.666666666666666,2.0816659994661326,3,"42,43,44",selection
mnist,multi,delta_fallback_rate,0.0010666666666666665,0.00020816659994661325,3,"42,43,44",selection
mnist,multi,delta_mean_selected_teachers,-8.005266666666666,0.0008144527815248453,3,"42,43,44",selection
mnist,multi,delta_effective_teachers,-7.994599999999998,0.002351595203261192,3,"42,43,44",selection
mnist,single,delta_student_test_accuracy,88.48666666666668,0.03511884584283859,3,"42,43,44",selection
mnist,single,delta_student_test_nll,-5.910887008750194,2.4186146921188416,3,"42,43,44",selection
mnist,single,delta_target_accuracy,90.00333333333333,0.005773502691895622,3,"42,43,44",selection
mnist,single,delta_target_nll,-2.3870082959962535,0.06824750715932311,3,"42,43,44",selection
mnist,single,delta_target_entropy,-2.215035931661203,0.07146125559125607,3,"42,43,44",selection
mnist,single,delta_fallback_count,0.0,0.0,3,"42,43,44",selection
mnist,single,delta_fallback_rate,0.0,0.0,3,"42,43,44",selection
mnist,single,delta_mean_selected_teachers,-9.0,0.0,3,"42,43,44",selection
mnist,single,delta_effective_teachers,-8.999999999999998,0.0,3,"42,43,44",selection
cifar,alpha0p1,delta_student_test_accuracy,28.55666666666667,11.177228338605829,3,"42,43,44",expertise
cifar,alpha0p1,delta_student_test_nll,-0.44096724987030017,0.40962862159083135,3,"42,43,44",expertise
cifar,alpha0p1,delta_target_accuracy,44.983333333333334,9.451001710577206,3,"42,43,44",expertise
cifar,alpha0p1,delta_target_nll,-0.7868686997179569,0.08062047211168452,3,"42,43,44",expertise
cifar,alpha0p1,delta_target_entropy,-0.26124567256780457,0.03109510162469724,3,"42,43,44",expertise
cifar,alpha0p1,delta_fallback_count,0.0,0.0,3,"42,43,44",expertise
cifar,alpha0p1,delta_fallback_rate,0.0,0.0,3,"42,43,44",expertise
cifar,alpha0p1,delta_mean_selected_teachers,-7.3999999999999995,0.34641016151377524,3,"42,43,44",expertise
cifar,alpha0p1,delta_effective_teachers,-7.399999999999999,0.34641016151377524,3,"42,43,44",expertise
cifar,alpha0p5,delta_student_test_accuracy,6.543333333333335,0.9305016568138607,3,"42,43,44",expertise
cifar,alpha0p5,delta_student_test_nll,-0.09761506964365645,0.03480781448172194,3,"42,43,44",expertise
cifar,alpha0p5,delta_target_accuracy,20.936666666666667,1.4875931343392723,3,"42,43,44",expertise
cifar,alpha0p5,delta_target_nll,-0.323460082988442,0.023151247460640317,3,"42,43,44",expertise
cifar,alpha0p5,delta_target_entropy,-0.07499488062345512,0.015458749255101194,3,"42,43,44",expertise
cifar,alpha0p5,delta_fallback_count,0.0,0.0,3,"42,43,44",expertise
cifar,alpha0p5,delta_fallback_rate,0.0,0.0,3,"42,43,44",expertise
cifar,alpha0p5,delta_mean_selected_teachers,-6.133333333333333,0.23094010767585052,3,"42,43,44",expertise
cifar,alpha0p5,delta_effective_teachers,-6.133333333333332,0.23094010767585052,3,"42,43,44",expertise
cifar,alpha1p0,delta_student_test_accuracy,1.376666666666667,0.15947831618540853,3,"42,43,44",expertise
cifar,alpha1p0,delta_student_test_nll,0.021835728502273593,0.03437399393684548,3,"42,43,44",expertise
cifar,alpha1p0,delta_target_accuracy,11.99,1.1464292389851194,3,"42,43,44",expertise
cifar,alpha1p0,delta_target_nll,-0.20378184538386845,0.05053231026297649,3,"42,43,44",expertise
cifar,alpha1p0,delta_target_entropy,-0.05374747386868265,0.025997481589295223,3,"42,43,44",expertise
cifar,alpha1p0,delta_fallback_count,333.3333333333333,577.3502691896258,3,"42,43,44",expertise
cifar,alpha1p0,delta_fallback_rate,0.03333333333333333,0.05773502691896259,3,"42,43,44",expertise
cifar,alpha1p0,delta_mean_selected_teachers,-6.0,0.09999999999999964,3,"42,43,44",expertise
cifar,alpha1p0,delta_effective_teachers,-5.666666666666664,0.493288286231625,3,"42,43,44",expertise
cifar,iid,delta_student_test_accuracy,-0.07666666666666191,0.3852704677669061,3,"42,43,44",expertise
cifar,iid,delta_student_test_nll,0.028680452108383214,0.023516102557652317,3,"42,43,44",expertise
cifar,iid,delta_target_accuracy,1.943333333333334,2.0850019984003225,3,"42,43,44",expertise
cifar,iid,delta_target_nll,-0.059073088836602373,0.028590112434240512,3,"42,43,44",expertise
cifar,iid,delta_target_entropy,-0.02098743753813685,0.008916510530539679,3,"42,43,44",expertise
cifar,iid,delta_fallback_count,1000.0,0.0,3,"42,43,44",expertise
cifar,iid,delta_fallback_rate,0.10000000000000002,1.6996749443881478e-17,3,"42,43,44",expertise
cifar,iid,delta_mean_selected_teachers,-4.866666666666667,0.40414518843273795,3,"42,43,44",expertise
cifar,iid,delta_effective_teachers,-3.866666666666665,0.40414518843273795,3,"42,43,44",expertise
cifar,multi,delta_student_test_accuracy,26.86666666666667,4.145025130603351,3,"42,43,44",expertise
cifar,multi,delta_student_test_nll,0.07423005994160976,0.12847367609512395,3,"42,43,44",expertise
cifar,multi,delta_target_accuracy,44.11333333333333,3.0982306778762196,3,"42,43,44",expertise
cifar,multi,delta_target_nll,-1.2949237216651361,0.018138721436510376,3,"42,43,44",expertise
cifar,multi,delta_target_entropy,-0.6711508138576955,0.026724091914690516,3,"42,43,44",expertise
cifar,multi,delta_fallback_count,0.0,0.0,3,"42,43,44",expertise
cifar,multi,delta_fallback_rate,0.0,0.0,3,"42,43,44",expertise
cifar,multi,delta_mean_selected_teachers,-8.0,0.0,3,"42,43,44",expertise
cifar,multi,delta_effective_teachers,-7.999999999999997,1.0877919644084146e-15,3,"42,43,44",expertise
cifar,single,delta_student_test_accuracy,69.28666666666666,0.7050059101407117,3,"42,43,44",expertise
cifar,single,delta_student_test_nll,-0.9003515954335529,0.20373724521809036,3,"42,43,44",expertise
cifar,single,delta_target_accuracy,90.34,1.1692305161943044,3,"42,43,44",expertise
cifar,single,delta_target_nll,-1.9867991410721684,0.011909365975136092,3,"42,43,44",expertise
cifar,single,delta_target_entropy,-1.1469638840794532,0.025239166014426228,3,"42,43,44",expertise
cifar,single,delta_fallback_count,0.0,0.0,3,"42,43,44",expertise
cifar,single,delta_fallback_rate,0.0,0.0,3,"42,43,44",expertise
cifar,single,delta_mean_selected_teachers,-9.0,0.0,3,"42,43,44",expertise
cifar,single,delta_effective_teachers,-8.999999999999998,0.0,3,"42,43,44",expertise
fmnist,alpha0p1,delta_student_test_accuracy,24.81333333333334,15.031624440935628,3,"42,43,44",expertise
fmnist,alpha0p1,delta_student_test_nll,-0.41473427268664037,0.30011007290925595,3,"42,43,44",expertise
fmnist,alpha0p1,delta_target_accuracy,30.89666666666667,14.26611836952621,3,"42,43,44",expertise
fmnist,alpha0p1,delta_target_nll,-0.7125964897754701,0.08586611401253398,3,"42,43,44",expertise
fmnist,alpha0p1,delta_target_entropy,-0.34098682787308676,0.03574516160349892,3,"42,43,44",expertise
fmnist,alpha0p1,delta_fallback_count,0.0,0.0,3,"42,43,44",expertise
fmnist,alpha0p1,delta_fallback_rate,0.0,0.0,3,"42,43,44",expertise
fmnist,alpha0p1,delta_mean_selected_teachers,-6.166666666666667,0.3511884584284247,3,"42,43,44",expertise
fmnist,alpha0p1,delta_effective_teachers,-6.166666666666664,0.3511884584284247,3,"42,43,44",expertise
fmnist,alpha0p5,delta_student_test_accuracy,3.146666666666672,1.2227973394366474,3,"42,43,44",expertise
fmnist,alpha0p5,delta_student_test_nll,-0.013552948403358486,0.030435299032856536,3,"42,43,44",expertise
fmnist,alpha0p5,delta_target_accuracy,7.85666666666666,1.3020880666580648,3,"42,43,44",expertise
fmnist,alpha0p5,delta_target_nll,-0.1979476664596244,0.03369863552964172,3,"42,43,44",expertise
fmnist,alpha0p5,delta_target_entropy,-0.09319037302082522,0.019443964453749837,3,"42,43,44",expertise
fmnist,alpha0p5,delta_fallback_count,0.0,0.0,3,"42,43,44",expertise
fmnist,alpha0p5,delta_fallback_rate,0.0,0.0,3,"42,43,44",expertise
fmnist,alpha0p5,delta_mean_selected_teachers,-3.9000000000000004,0.4582575694955837,3,"42,43,44",expertise
fmnist,alpha0p5,delta_effective_teachers,-3.8999999999999986,0.4582575694955837,3,"42,43,44",expertise
fmnist,alpha1p0,delta_student_test_accuracy,0.9833333333333324,0.14224392195567997,3,"42,43,44",expertise
fmnist,alpha1p0,delta_student_test_nll,0.024122259895006787,0.006132009775361463,3,"42,43,44",expertise
fmnist,alpha1p0,delta_target_accuracy,5.960000000000002,0.7336893075410033,3,"42,43,44",expertise
fmnist,alpha1p0,delta_target_nll,-0.11762468234062314,0.028725271628930935,3,"42,43,44",expertise
fmnist,alpha1p0,delta_target_entropy,-0.05470862505096955,0.01875467806728442,3,"42,43,44",expertise
fmnist,alpha1p0,delta_fallback_count,0.0,0.0,3,"42,43,44",expertise
fmnist,alpha1p0,delta_fallback_rate,0.0,0.0,3,"42,43,44",expertise
fmnist,alpha1p0,delta_mean_selected_teachers,-3.0666666666666664,0.5686240703077329,3,"42,43,44",expertise
fmnist,alpha1p0,delta_effective_teachers,-3.066666666666665,0.5686240703077329,3,"42,43,44",expertise
fmnist,iid,delta_student_test_accuracy,0.06666666666666674,0.08621678104251959,3,"42,43,44",expertise
fmnist,iid,delta_student_test_nll,0.00037712687651320076,0.0010001766674236773,3,"42,43,44",expertise
fmnist,iid,delta_target_accuracy,0.26333333333333764,0.1715614564327734,3,"42,43,44",expertise
fmnist,iid,delta_target_nll,-0.007881041281246967,0.002550381856430278,3,"42,43,44",expertise
fmnist,iid,delta_target_entropy,-0.004574602904408032,0.001318690094743249,3,"42,43,44",expertise
fmnist,iid,delta_fallback_count,1000.0,0.0,3,"42,43,44",expertise
fmnist,iid,delta_fallback_rate,0.10000000000000002,1.6996749443881478e-17,3,"42,43,44",expertise
fmnist,iid,delta_mean_selected_teachers,-2.0,0.40000000000000036,3,"42,43,44",expertise
fmnist,iid,delta_effective_teachers,-0.9999999999999988,0.40000000000000124,3,"42,43,44",expertise
fmnist,multi,delta_student_test_accuracy,50.96666666666667,3.656245797718389,3,"42,43,44",expertise
fmnist,multi,delta_student_test_nll,-0.1866825056076049,0.1132939432162123,3,"42,43,44",expertise
fmnist,multi,delta_target_accuracy,58.14333333333334,3.196393801353852,3,"42,43,44",expertise
fmnist,multi,delta_target_nll,-1.57094150926937,0.006347425347372107,3,"42,43,44",expertise
fmnist,multi,delta_target_entropy,-1.5840000321192704,0.02489174045168958,3,"42,43,44",expertise
fmnist,multi,delta_fallback_count,0.0,0.0,3,"42,43,44",expertise
fmnist,multi,delta_fallback_rate,0.0,0.0,3,"42,43,44",expertise
fmnist,multi,delta_mean_selected_teachers,-8.0,0.0,3,"42,43,44",expertise
fmnist,multi,delta_effective_teachers,-7.999999999999997,1.0877919644084146e-15,3,"42,43,44",expertise
fmnist,single,delta_student_test_accuracy,80.29666666666667,0.35161532010612273,3,"42,43,44",expertise
fmnist,single,delta_student_test_nll,0.6347939843495687,0.25859708331481546,3,"42,43,44",expertise
fmnist,single,delta_target_accuracy,89.35,1.1096395811253275,3,"42,43,44",expertise
fmnist,single,delta_target_nll,-2.3025785203018123,6.843368099814825e-07,3,"42,43,44",expertise
fmnist,single,delta_target_entropy,-2.3025391018147254,7.097779439630925e-06,3,"42,43,44",expertise
fmnist,single,delta_fallback_count,0.0,0.0,3,"42,43,44",expertise
fmnist,single,delta_fallback_rate,0.0,0.0,3,"42,43,44",expertise
fmnist,single,delta_mean_selected_teachers,-9.0,0.0,3,"42,43,44",expertise
fmnist,single,delta_effective_teachers,-8.999999999999998,0.0,3,"42,43,44",expertise
mnist,alpha0p1,delta_student_test_accuracy,15.336666666666662,10.437630637905013,3,"42,43,44",expertise
mnist,alpha0p1,delta_student_test_nll,-0.40024581938143045,0.2546519731562521,3,"42,43,44",expertise
mnist,alpha0p1,delta_target_accuracy,14.353333333333332,9.31876780123495,3,"42,43,44",expertise
mnist,alpha0p1,delta_target_nll,-0.6964394619931333,0.1518769793807666,3,"42,43,44",expertise
mnist,alpha0p1,delta_target_entropy,-0.413865927445306,0.11455791261167028,3,"42,43,44",expertise
mnist,alpha0p1,delta_fallback_count,0.0,0.0,3,"42,43,44",expertise
mnist,alpha0p1,delta_fallback_rate,0.0,0.0,3,"42,43,44",expertise
mnist,alpha0p1,delta_mean_selected_teachers,-5.933333333333334,0.7505553499465135,3,"42,43,44",expertise
mnist,alpha0p1,delta_effective_teachers,-5.933333333333333,0.7505553499465134,3,"42,43,44",expertise
mnist,alpha0p5,delta_student_test_accuracy,0.8833333333333323,0.7503554713156612,3,"42,43,44",expertise
mnist,alpha0p5,delta_student_test_nll,-0.024397515909882136,0.015123557205167771,3,"42,43,44",expertise
mnist,alpha0p5,delta_target_accuracy,1.4066666666666707,0.7536798613027517,3,"42,43,44",expertise
mnist,alpha0p5,delta_target_nll,-0.14799719279820223,0.011814898530017626,3,"42,43,44",expertise
mnist,alpha0p5,delta_target_entropy,-0.0952331681428648,0.010657546860069585,3,"42,43,44",expertise
mnist,alpha0p5,delta_fallback_count,0.0,0.0,3,"42,43,44",expertise
mnist,alpha0p5,delta_fallback_rate,0.0,0.0,3,"42,43,44",expertise
mnist,alpha0p5,delta_mean_selected_teachers,-2.6,0.17320508075688762,3,"42,43,44",expertise
mnist,alpha0p5,delta_effective_teachers,-2.5999999999999983,0.17320508075688762,3,"42,43,44",expertise
mnist,alpha1p0,delta_student_test_accuracy,0.12333333333333085,0.07505553499465417,3,"42,43,44",expertise
mnist,alpha1p0,delta_student_test_nll,-0.0047463443854513345,0.0012300339209079829,3,"42,43,44",expertise
mnist,alpha1p0,delta_target_accuracy,0.44999999999999857,0.06999999999999863,3,"42,43,44",expertise
mnist,alpha1p0,delta_target_nll,-0.05924211254402726,0.009660903797991628,3,"42,43,44",expertise
mnist,alpha1p0,delta_target_entropy,-0.04221723817321651,0.014643029353374044,3,"42,43,44",expertise
mnist,alpha1p0,delta_fallback_count,0.0,0.0,3,"42,43,44",expertise
mnist,alpha1p0,delta_fallback_rate,0.0,0.0,3,"42,43,44",expertise
mnist,alpha1p0,delta_mean_selected_teachers,-1.5,0.1999999999999993,3,"42,43,44",expertise
mnist,alpha1p0,delta_effective_teachers,-1.4999999999999982,0.1999999999999993,3,"42,43,44",expertise
mnist,iid,delta_student_test_accuracy,0.0,0.0,3,"42,43,44",expertise
mnist,iid,delta_student_test_nll,-0.0001621470280302323,0.00028084689084465717,3,"42,43,44",expertise
mnist,iid,delta_target_accuracy,0.01666666666666853,0.02886751345948452,3,"42,43,44",expertise
mnist,iid,delta_target_nll,-0.0013613309535137248,0.002357894377401957,3,"42,43,44",expertise
mnist,iid,delta_target_entropy,-0.0013395660330621784,0.0023201964293571836,3,"42,43,44",expertise
mnist,iid,delta_fallback_count,0.0,0.0,3,"42,43,44",expertise
mnist,iid,delta_fallback_rate,0.0,0.0,3,"42,43,44",expertise
mnist,iid,delta_mean_selected_teachers,-0.06666666666666643,0.11547005383792475,3,"42,43,44",expertise
mnist,iid,delta_effective_teachers,-0.06666666666666583,0.11547005383792373,3,"42,43,44",expertise
mnist,multi,delta_student_test_accuracy,43.47666666666667,2.289417684332271,3,"42,43,44",expertise
mnist,multi,delta_student_test_nll,-1.0531830555023547,0.08174334844212044,3,"42,43,44",expertise
mnist,multi,delta_target_accuracy,44.303333333333335,2.062870168802038,3,"42,43,44",expertise
mnist,multi,delta_target_nll,-1.5678609110610744,0.0022219887588066436,3,"42,43,44",expertise
mnist,multi,delta_target_entropy,-1.6330282002367966,0.024611052838188204,3,"42,43,44",expertise
mnist,multi,delta_fallback_count,0.0,0.0,3,"42,43,44",expertise
mnist,multi,delta_fallback_rate,0.0,0.0,3,"42,43,44",expertise
mnist,multi,delta_mean_selected_teachers,-8.0,0.0,3,"42,43,44",expertise
mnist,multi,delta_effective_teachers,-7.999999999999997,1.0877919644084146e-15,3,"42,43,44",expertise
mnist,single,delta_student_test_accuracy,88.73,0.06244997998398333,3,"42,43,44",expertise
mnist,single,delta_student_test_nll,-1.9989212086555896,0.0340734666421464,3,"42,43,44",expertise
mnist,single,delta_target_accuracy,87.72666666666667,3.8339318373353177,3,"42,43,44",expertise
mnist,single,delta_target_nll,-2.3025814185131215,5.934454999791713e-07,3,"42,43,44",expertise
mnist,single,delta_target_entropy,-2.302547349546603,1.2105315899015937e-05,3,"42,43,44",expertise
mnist,single,delta_fallback_count,0.0,0.0,3,"42,43,44",expertise
mnist,single,delta_fallback_rate,0.0,0.0,3,"42,43,44",expertise
mnist,single,delta_mean_selected_teachers,-9.0,0.0,3,"42,43,44",expertise
mnist,single,delta_effective_teachers,-8.999999999999998,0.0,3,"42,43,44",expertise
cifar,alpha0p1,delta_student_test_accuracy,-4.0566666666666675,1.30484992751402,3,"42,43,44",oracle_expert
cifar,alpha0p1,delta_student_test_nll,0.18199012476603182,0.08884133993300622,3,"42,43,44",oracle_expert
cifar,alpha0p1,delta_target_accuracy,0.9833333333333324,1.2000555542696072,3,"42,43,44",oracle_expert
cifar,alpha0p1,delta_target_nll,0.04289337212803046,0.013108654698262438,3,"42,43,44",oracle_expert
cifar,alpha0p1,delta_target_entropy,0.04396136635894132,0.007074788029581795,3,"42,43,44",oracle_expert
cifar,alpha0p1,delta_fallback_count,212.33333333333334,43.77594468807422,3,"42,43,44",oracle_expert
cifar,alpha0p1,delta_fallback_rate,0.021233333333333337,0.004377594468807421,3,"42,43,44",oracle_expert
cifar,alpha0p1,delta_mean_selected_teachers,0.36946666666666667,0.10835923280151684,3,"42,43,44",oracle_expert
cifar,alpha0p1,delta_effective_teachers,0.5818,0.15198154493227134,3,"42,43,44",oracle_expert
cifar,alpha0p5,delta_student_test_accuracy,0.5133333333333323,1.4073497551544645,3,"42,43,44",oracle_expert
cifar,alpha0p5,delta_student_test_nll,-0.05169799070358272,0.08305374091351865,3,"42,43,44",oracle_expert
cifar,alpha0p5,delta_target_accuracy,4.03666666666667,0.3888873015840614,3,"42,43,44",oracle_expert
cifar,alpha0p5,delta_target_nll,0.030752044805697265,0.004497345812045911,3,"42,43,44",oracle_expert
cifar,alpha0p5,delta_target_entropy,0.021390604019334198,0.0038326811166668113,3,"42,43,44",oracle_expert
cifar,alpha0p5,delta_fallback_count,273.0,38.93584466786357,3,"42,43,44",oracle_expert
cifar,alpha0p5,delta_fallback_rate,0.0273,0.0038935844667863572,3,"42,43,44",oracle_expert
cifar,alpha0p5,delta_mean_selected_teachers,0.7559333333333332,0.10591436792679919,3,"42,43,44",oracle_expert
cifar,alpha0p5,delta_effective_teachers,1.0289333333333333,0.13157451627626598,3,"42,43,44",oracle_expert
cifar,alpha1p0,delta_student_test_accuracy,1.050000000000003,0.6824221567329131,3,"42,43,44",oracle_expert
cifar,alpha1p0,delta_student_test_nll,-0.06851747738520304,0.03220108780140729,3,"42,43,44",oracle_expert
cifar,alpha1p0,delta_target_accuracy,7.193333333333333,1.8369902921173342,3,"42,43,44",oracle_expert
cifar,alpha1p0,delta_target_nll,0.024394963764329924,0.02169384573488384,3,"42,43,44",oracle_expert
cifar,alpha1p0,delta_target_entropy,0.023073762359429484,0.012519557535881635,3,"42,43,44",oracle_expert
cifar,alpha1p0,delta_fallback_count,-3.3333333333333335,530.5933785238309,3,"42,43,44",oracle_expert
cifar,alpha1p0,delta_fallback_rate,-0.0003333333333333371,0.0530593378523831,3,"42,43,44",oracle_expert
cifar,alpha1p0,delta_mean_selected_teachers,1.6848000000000003,0.17034649981728395,3,"42,43,44",oracle_expert
cifar,alpha1p0,delta_effective_teachers,1.6814666666666664,0.42874172100850355,3,"42,43,44",oracle_expert
cifar,iid,delta_student_test_accuracy,1.0866666666666656,0.3317127271199156,3,"42,43,44",oracle_expert
cifar,iid,delta_student_test_nll,-0.05682666540145879,0.016121712122429868,3,"42,43,44",oracle_expert
cifar,iid,delta_target_accuracy,14.176666666666668,1.6787296784572907,3,"42,43,44",oracle_expert
cifar,iid,delta_target_nll,-0.024997008859512615,0.020658019977186966,3,"42,43,44",oracle_expert
cifar,iid,delta_target_entropy,0.01158556666240266,0.0070568502735155235,3,"42,43,44",oracle_expert
cifar,iid,delta_fallback_count,-525.3333333333334,17.47378989610821,3,"42,43,44",oracle_expert
cifar,iid,delta_fallback_rate,-0.05253333333333334,0.001747378989610821,3,"42,43,44",oracle_expert
cifar,iid,delta_mean_selected_teachers,1.659633333333333,0.25847642703607077,3,"42,43,44",oracle_expert
cifar,iid,delta_effective_teachers,1.1342999999999999,0.2500522545389261,3,"42,43,44",oracle_expert
cifar,multi,delta_student_test_accuracy,0.0199999999999941,0.6646051459325312,3,"42,43,44",oracle_expert
cifar,multi,delta_student_test_nll,-0.06385959269205732,0.03475995923976785,3,"42,43,44",oracle_expert
cifar,multi,delta_target_accuracy,2.8233333333333333,0.5442732157045136,3,"42,43,44",oracle_expert
cifar,multi,delta_target_nll,0.026434376652544483,0.003686000385843687,3,"42,43,44",oracle_expert
cifar,multi,delta_target_entropy,0.015072909547773813,0.0009430565888391403,3,"42,43,44",oracle_expert
cifar,multi,delta_fallback_count,340.6666666666667,55.1029339811714,3,"42,43,44",oracle_expert
cifar,multi,delta_fallback_rate,0.03406666666666666,0.005510293398117138,3,"42,43,44",oracle_expert
cifar,multi,delta_mean_selected_teachers,-0.15946666666666673,0.0312724053013729,3,"42,43,44",oracle_expert
cifar,multi,delta_effective_teachers,0.18120000000000003,0.024205990993966878,3,"42,43,44",oracle_expert
cifar,single,delta_student_test_accuracy,0.0,0.0,3,"42,43,44",oracle_expert
cifar,single,delta_student_test_nll,0.0,0.0,3,"42,43,44",oracle_expert
cifar,single,delta_target_accuracy,0.0,0.0,3,"42,43,44",oracle_expert
cifar,single,delta_target_nll,0.0,0.0,3,"42,43,44",oracle_expert
cifar,single,delta_target_entropy,0.0,0.0,3,"42,43,44",oracle_expert
cifar,single,delta_fallback_count,0.0,0.0,3,"42,43,44",oracle_expert
cifar,single,delta_fallback_rate,0.0,0.0,3,"42,43,44",oracle_expert
cifar,single,delta_mean_selected_teachers,0.0,0.0,3,"42,43,44",oracle_expert
cifar,single,delta_effective_teachers,0.0,0.0,3,"42,43,44",oracle_expert
fmnist,alpha0p1,delta_student_test_accuracy,0.3633333333333303,0.38188130791299063,3,"42,43,44",oracle_expert
fmnist,alpha0p1,delta_student_test_nll,-0.06542922077973688,0.04260430183090633,3,"42,43,44",oracle_expert
fmnist,alpha0p1,delta_target_accuracy,0.3933333333333344,0.3781974792794512,3,"42,43,44",oracle_expert
fmnist,alpha0p1,delta_target_nll,0.027220338989731196,0.015495624596929578,3,"42,43,44",oracle_expert
fmnist,alpha0p1,delta_target_entropy,0.04085097361178177,0.018956580583810917,3,"42,43,44",oracle_expert
fmnist,alpha0p1,delta_fallback_count,44.333333333333336,5.033222956847167,3,"42,43,44",oracle_expert
fmnist,alpha0p1,delta_fallback_rate,0.004433333333333333,0.0005033222956847167,3,"42,43,44",oracle_expert
fmnist,alpha0p1,delta_mean_selected_teachers,0.3668333333333334,0.07100284031877427,3,"42,43,44",oracle_expert
fmnist,alpha0p1,delta_effective_teachers,0.4111666666666666,0.07407835941307922,3,"42,43,44",oracle_expert
fmnist,alpha0p5,delta_student_test_accuracy,0.6199999999999946,0.8601744009211112,3,"42,43,44",oracle_expert
fmnist,alpha0p5,delta_student_test_nll,-0.06084928256670635,0.015639431559082272,3,"42,43,44",oracle_expert
fmnist,alpha0p5,delta_target_accuracy,3.6266666666666705,1.2800130207671045,3,"42,43,44",oracle_expert
fmnist,alpha0p5,delta_target_nll,0.04062582766136491,0.022337994310719846,3,"42,43,44",oracle_expert
fmnist,alpha0p5,delta_target_entropy,0.038507458773320145,0.012492603364268471,3,"42,43,44",oracle_expert
fmnist,alpha0p5,delta_fallback_count,98.0,21.79449471770337,3,"42,43,44",oracle_expert
fmnist,alpha0p5,delta_fallback_rate,0.009800000000000001,0.0021794494717703367,3,"42,43,44",oracle_expert
fmnist,alpha0p5,delta_mean_selected_teachers,1.0729,0.42172183960520676,3,"42,43,44",oracle_expert
fmnist,alpha0p5,delta_effective_teachers,1.1708999999999998,0.4225160470325355,3,"42,43,44",oracle_expert
fmnist,alpha1p0,delta_student_test_accuracy,0.8766666666666664,0.13428824718988913,3,"42,43,44",oracle_expert
fmnist,alpha1p0,delta_student_test_nll,-0.06759350224335985,0.011551432574879084,3,"42,43,44",oracle_expert
fmnist,alpha1p0,delta_target_accuracy,3.5533333333333306,0.42571508469084646,3,"42,43,44",oracle_expert
fmnist,alpha1p0,delta_target_nll,0.04141051308140745,0.016730007704817154,3,"42,43,44",oracle_expert
fmnist,alpha1p0,delta_target_entropy,0.03692821159937765,0.013896774671297,3,"42,43,44",oracle_expert
fmnist,alpha1p0,delta_fallback_count,125.33333333333333,32.86842456421258,3,"42,43,44",oracle_expert
fmnist,alpha1p0,delta_fallback_rate,0.012533333333333334,0.0032868424564212587,3,"42,43,44",oracle_expert
fmnist,alpha1p0,delta_mean_selected_teachers,1.1517000000000002,0.36251692374287825,3,"42,43,44",oracle_expert
fmnist,alpha1p0,delta_effective_teachers,1.2770333333333337,0.330056136639411,3,"42,43,44",oracle_expert
fmnist,iid,delta_student_test_accuracy,0.6000000000000005,0.17088007490634283,3,"42,43,44",oracle_expert
fmnist,iid,delta_student_test_nll,-0.019174978156884532,0.005193274668733953,3,"42,43,44",oracle_expert
fmnist,iid,delta_target_accuracy,6.799999999999999,0.18734993995195443,3,"42,43,44",oracle_expert
fmnist,iid,delta_target_nll,-0.016600909415359227,0.0048363210373292475,3,"42,43,44",oracle_expert
fmnist,iid,delta_target_entropy,0.0014522535340303715,0.0020293967957714814,3,"42,43,44",oracle_expert
fmnist,iid,delta_fallback_count,-739.3333333333334,21.385353243127252,3,"42,43,44",oracle_expert
fmnist,iid,delta_fallback_rate,-0.07393333333333334,0.0021385353243127308,3,"42,43,44",oracle_expert
fmnist,iid,delta_mean_selected_teachers,0.7731999999999998,0.41696713299731414,3,"42,43,44",oracle_expert
fmnist,iid,delta_effective_teachers,0.033866666666667676,0.40960898834539045,3,"42,43,44",oracle_expert
fmnist,multi,delta_student_test_accuracy,-0.060000000000004494,0.3151190251317732,3,"42,43,44",oracle_expert
fmnist,multi,delta_student_test_nll,0.042136633237203146,0.05852871206548286,3,"42,43,44",oracle_expert
fmnist,multi,delta_target_accuracy,0.18000000000000238,0.04999999999999449,3,"42,43,44",oracle_expert
fmnist,multi,delta_target_nll,0.006791306927882397,0.001797158159418904,3,"42,43,44",oracle_expert
fmnist,multi,delta_target_entropy,0.002579899105610739,0.001101532473503364,3,"42,43,44",oracle_expert
fmnist,multi,delta_fallback_count,40.333333333333336,11.676186592091328,3,"42,43,44",oracle_expert
fmnist,multi,delta_fallback_rate,0.004033333333333333,0.0011676186592091329,3,"42,43,44",oracle_expert
fmnist,multi,delta_mean_selected_teachers,-0.013466666666666738,0.00198578280114753,3,"42,43,44",oracle_expert
fmnist,multi,delta_effective_teachers,0.02686666666666652,0.009845980567385485,3,"42,43,44",oracle_expert
fmnist,single,delta_student_test_accuracy,0.0,0.0,3,"42,43,44",oracle_expert
fmnist,single,delta_student_test_nll,0.0,0.0,3,"42,43,44",oracle_expert
fmnist,single,delta_target_accuracy,0.0,0.0,3,"42,43,44",oracle_expert
fmnist,single,delta_target_nll,0.0,0.0,3,"42,43,44",oracle_expert
fmnist,single,delta_target_entropy,0.0,0.0,3,"42,43,44",oracle_expert
fmnist,single,delta_fallback_count,0.0,0.0,3,"42,43,44",oracle_expert
fmnist,single,delta_fallback_rate,0.0,0.0,3,"42,43,44",oracle_expert
fmnist,single,delta_mean_selected_teachers,0.0,0.0,3,"42,43,44",oracle_expert
fmnist,single,delta_effective_teachers,0.0,0.0,3,"42,43,44",oracle_expert
mnist,alpha0p1,delta_student_test_accuracy,0.21999999999999797,0.04358898943540194,3,"42,43,44",oracle_expert
mnist,alpha0p1,delta_student_test_nll,-0.008008395342228102,0.0019007865159565485,3,"42,43,44",oracle_expert
mnist,alpha0p1,delta_target_accuracy,0.19333333333333425,0.08736894948053142,3,"42,43,44",oracle_expert
mnist,alpha0p1,delta_target_nll,0.03393519161230977,0.009248408858009871,3,"42,43,44",oracle_expert
mnist,alpha0p1,delta_target_entropy,0.05637733317552537,0.01672268026769906,3,"42,43,44",oracle_expert
mnist,alpha0p1,delta_fallback_count,8.0,5.291502622129181,3,"42,43,44",oracle_expert
mnist,alpha0p1,delta_fallback_rate,0.0008,0.0005291502622129181,3,"42,43,44",oracle_expert
mnist,alpha0p1,delta_mean_selected_teachers,0.6244666666666671,0.11107431446258555,3,"42,43,44",oracle_expert
mnist,alpha0p1,delta_effective_teachers,0.6324666666666671,0.11534861652110648,3,"42,43,44",oracle_expert
mnist,alpha0p5,delta_student_test_accuracy,0.33666666666667033,0.19857828011475906,3,"42,43,44",oracle_expert
mnist,alpha0p5,delta_student_test_nll,-0.014340067317775264,0.005500292202673733,3,"42,43,44",oracle_expert
mnist,alpha0p5,delta_target_accuracy,0.9933333333333313,0.06429100507328561,3,"42,43,44",oracle_expert
mnist,alpha0p5,delta_target_nll,0.037503574348023615,0.016089896371778573,3,"42,43,44",oracle_expert
mnist,alpha0p5,delta_target_entropy,0.04301220872628845,0.009043153779577928,3,"42,43,44",oracle_expert
mnist,alpha0p5,delta_fallback_count,17.333333333333332,3.7859388972001824,3,"42,43,44",oracle_expert
mnist,alpha0p5,delta_fallback_rate,0.0017333333333333333,0.0003785938897200183,3,"42,43,44",oracle_expert
mnist,alpha0p5,delta_mean_selected_teachers,1.0919666666666668,0.2815422585214042,3,"42,43,44",oracle_expert
mnist,alpha0p5,delta_effective_teachers,1.1093000000000004,0.2841107354536261,3,"42,43,44",oracle_expert
mnist,alpha1p0,delta_student_test_accuracy,0.2266666666666676,0.08082903768654512,3,"42,43,44",oracle_expert
mnist,alpha1p0,delta_student_test_nll,-0.0078094778029790994,0.0022045316066516734,3,"42,43,44",oracle_expert
mnist,alpha1p0,delta_target_accuracy,1.0666666666666713,0.18556220879622543,3,"42,43,44",oracle_expert
mnist,alpha1p0,delta_target_nll,0.02335301152928589,0.011366919546281032,3,"42,43,44",oracle_expert
mnist,alpha1p0,delta_target_entropy,0.027303177183063115,0.014046670349040894,3,"42,43,44",oracle_expert
mnist,alpha1p0,delta_fallback_count,22.0,2.6457513110645907,3,"42,43,44",oracle_expert
mnist,alpha1p0,delta_fallback_rate,0.0021999999999999997,0.000264575131106459,3,"42,43,44",oracle_expert
mnist,alpha1p0,delta_mean_selected_teachers,0.824066666666667,0.26385773313157407,3,"42,43,44",oracle_expert
mnist,alpha1p0,delta_effective_teachers,0.8460666666666666,0.2614895855160072,3,"42,43,44",oracle_expert
mnist,iid,delta_student_test_accuracy,0.12000000000000528,0.0818535277187277,3,"42,43,44",oracle_expert
mnist,iid,delta_student_test_nll,-0.004132153581005199,0.0006121027523603236,3,"42,43,44",oracle_expert
mnist,iid,delta_target_accuracy,1.1033333333333304,0.08504900548115707,3,"42,43,44",oracle_expert
mnist,iid,delta_target_nll,-0.0056806470323965685,0.0023142151249789435,3,"42,43,44",oracle_expert
mnist,iid,delta_target_entropy,0.00032311348417228086,0.0022215453120375725,3,"42,43,44",oracle_expert
mnist,iid,delta_fallback_count,32.666666666666664,7.023769168568493,3,"42,43,44",oracle_expert
mnist,iid,delta_fallback_rate,0.0032666666666666664,0.0007023769168568493,3,"42,43,44",oracle_expert
mnist,iid,delta_mean_selected_teachers,-0.1838333333333336,0.10266106045299435,3,"42,43,44",oracle_expert
mnist,iid,delta_effective_teachers,-0.15116666666666725,0.10887466800561674,3,"42,43,44",oracle_expert
mnist,multi,delta_student_test_accuracy,0.01666666666666483,0.03214550253663964,3,"42,43,44",oracle_expert
mnist,multi,delta_student_test_nll,-0.005089532607100202,0.007280432435351897,3,"42,43,44",oracle_expert
mnist,multi,delta_target_accuracy,0.09666666666666712,0.040414518843269354,3,"42,43,44",oracle_expert
mnist,multi,delta_target_nll,0.0012657914909517676,0.000556540510178336,3,"42,43,44",oracle_expert
mnist,multi,delta_target_entropy,0.0012087806871622364,0.00012845741088410688,3,"42,43,44",oracle_expert
mnist,multi,delta_fallback_count,10.666666666666666,2.0816659994661326,3,"42,43,44",oracle_expert
mnist,multi,delta_fallback_rate,0.0010666666666666665,0.00020816659994661325,3,"42,43,44",oracle_expert
mnist,multi,delta_mean_selected_teachers,-0.0052666666666666044,0.0008144527815247453,3,"42,43,44",oracle_expert
mnist,multi,delta_effective_teachers,0.005400000000000145,0.002351595203261041,3,"42,43,44",oracle_expert
mnist,single,delta_student_test_accuracy,0.0,0.0,3,"42,43,44",oracle_expert
mnist,single,delta_student_test_nll,0.0,0.0,3,"42,43,44",oracle_expert
mnist,single,delta_target_accuracy,0.0,0.0,3,"42,43,44",oracle_expert
mnist,single,delta_target_nll,0.0,0.0,3,"42,43,44",oracle_expert
mnist,single,delta_target_entropy,0.0,0.0,3,"42,43,44",oracle_expert
mnist,single,delta_fallback_count,0.0,0.0,3,"42,43,44",oracle_expert
mnist,single,delta_fallback_rate,0.0,0.0,3,"42,43,44",oracle_expert
mnist,single,delta_mean_selected_teachers,0.0,0.0,3,"42,43,44",oracle_expert
mnist,single,delta_effective_teachers,0.0,0.0,3,"42,43,44",oracle_expert
cifar,alpha0p1,delta_student_test_accuracy,3.1800000000000015,2.9080405774335425,3,"42,43,44",competence_presence
cifar,alpha0p1,delta_student_test_nll,0.13330221557617192,0.1445032795120858,3,"42,43,44",competence_presence
cifar,alpha0p1,delta_target_accuracy,2.736666666666665,1.8869110560207543,3,"42,43,44",competence_presence
cifar,alpha0p1,delta_target_nll,-0.32254637283728366,0.0959237526994305,3,"42,43,44",competence_presence
cifar,alpha0p1,delta_target_entropy,-0.17478080428557843,0.044694434187157114,3,"42,43,44",competence_presence
cifar,alpha0p1,delta_fallback_count,0.0,0.0,3,"42,43,44",competence_presence
cifar,alpha0p1,delta_fallback_rate,0.0,0.0,3,"42,43,44",competence_presence
cifar,alpha0p1,delta_mean_selected_teachers,-3.0666666666666664,0.4509249752822898,3,"42,43,44",competence_presence
cifar,alpha0p1,delta_effective_teachers,-3.0666666666666664,0.4509249752822898,3,"42,43,44",competence_presence
cifar,alpha0p5,delta_student_test_accuracy,5.246666666666663,0.9404431579491337,3,"42,43,44",competence_presence
cifar,alpha0p5,delta_student_test_nll,-0.05996425123214725,0.04302020640812708,3,"42,43,44",competence_presence
cifar,alpha0p5,delta_target_accuracy,16.01666666666667,3.661862003589617,3,"42,43,44",competence_presence
cifar,alpha0p5,delta_target_nll,-0.293395378567483,0.007394525590280592,3,"42,43,44",competence_presence
cifar,alpha0p5,delta_target_entropy,-0.07191691362865749,0.01295164420766364,3,"42,43,44",competence_presence
cifar,alpha0p5,delta_fallback_count,0.0,0.0,3,"42,43,44",competence_presence
cifar,alpha0p5,delta_fallback_rate,0.0,0.0,3,"42,43,44",competence_presence
cifar,alpha0p5,delta_mean_selected_teachers,-5.800000000000001,0.40000000000000036,3,"42,43,44",competence_presence
cifar,alpha0p5,delta_effective_teachers,-5.800000000000001,0.40000000000000036,3,"42,43,44",competence_presence
cifar,alpha1p0,delta_student_test_accuracy,1.370000000000001,0.15132745950421578,3,"42,43,44",competence_presence
cifar,alpha1p0,delta_student_test_nll,0.02243699916203819,0.0348055289380579,3,"42,43,44",competence_presence
cifar,alpha1p0,delta_target_accuracy,11.86,1.2979984591670364,3,"42,43,44",competence_presence
cifar,alpha1p0,delta_target_nll,-0.20051696038148084,0.04815156973268717,3,"42,43,44",competence_presence
cifar,alpha1p0,delta_target_entropy,-0.052501324865492194,0.02429675265134746,3,"42,43,44",competence_presence
cifar,alpha1p0,delta_fallback_count,333.3333333333333,577.3502691896258,3,"42,43,44",competence_presence
cifar,alpha1p0,delta_fallback_rate,0.03333333333333333,0.05773502691896259,3,"42,43,44",competence_presence
cifar,alpha1p0,delta_mean_selected_teachers,-5.966666666666666,0.1527525231651941,3,"42,43,44",competence_presence
cifar,alpha1p0,delta_effective_teachers,-5.633333333333333,0.47258156262526146,3,"42,43,44",competence_presence
cifar,iid,delta_student_test_accuracy,-0.07666666666666191,0.3852704677669061,3,"42,43,44",competence_presence
cifar,iid,delta_student_test_nll,0.028680452108383214,0.023516102557652317,3,"42,43,44",competence_presence
cifar,iid,delta_target_accuracy,1.943333333333334,2.0850019984003225,3,"42,43,44",competence_presence
cifar,iid,delta_target_nll,-0.059073088836602373,0.028590112434240512,3,"42,43,44",competence_presence
cifar,iid,delta_target_entropy,-0.02098743753813685,0.008916510530539679,3,"42,43,44",competence_presence
cifar,iid,delta_fallback_count,1000.0,0.0,3,"42,43,44",competence_presence
cifar,iid,delta_fallback_rate,0.10000000000000002,1.6996749443881478e-17,3,"42,43,44",competence_presence
cifar,iid,delta_mean_selected_teachers,-4.866666666666667,0.40414518843273795,3,"42,43,44",competence_presence
cifar,iid,delta_effective_teachers,-3.866666666666665,0.40414518843273795,3,"42,43,44",competence_presence
cifar,multi,delta_student_test_accuracy,0.0,0.0,3,"42,43,44",competence_presence
cifar,multi,delta_student_test_nll,0.0,0.0,3,"42,43,44",competence_presence
cifar,multi,delta_target_accuracy,0.0,0.0,3,"42,43,44",competence_presence
cifar,multi,delta_target_nll,0.0,0.0,3,"42,43,44",competence_presence
cifar,multi,delta_target_entropy,0.0,0.0,3,"42,43,44",competence_presence
cifar,multi,delta_fallback_count,0.0,0.0,3,"42,43,44",competence_presence
cifar,multi,delta_fallback_rate,0.0,0.0,3,"42,43,44",competence_presence
cifar,multi,delta_mean_selected_teachers,0.0,0.0,3,"42,43,44",competence_presence
cifar,multi,delta_effective_teachers,0.0,0.0,3,"42,43,44",competence_presence
cifar,single,delta_student_test_accuracy,0.0,0.0,3,"42,43,44",competence_presence
cifar,single,delta_student_test_nll,0.0,0.0,3,"42,43,44",competence_presence
cifar,single,delta_target_accuracy,0.0,0.0,3,"42,43,44",competence_presence
cifar,single,delta_target_nll,0.0,0.0,3,"42,43,44",competence_presence
cifar,single,delta_target_entropy,0.0,0.0,3,"42,43,44",competence_presence
cifar,single,delta_fallback_count,0.0,0.0,3,"42,43,44",competence_presence
cifar,single,delta_fallback_rate,0.0,0.0,3,"42,43,44",competence_presence
cifar,single,delta_mean_selected_teachers,0.0,0.0,3,"42,43,44",competence_presence
cifar,single,delta_effective_teachers,0.0,0.0,3,"42,43,44",competence_presence
fmnist,alpha0p1,delta_student_test_accuracy,0.3200000000000055,0.6080296045424104,3,"42,43,44",competence_presence
fmnist,alpha0p1,delta_student_test_nll,0.12037412966887157,0.052431676793688785,3,"42,43,44",competence_presence
fmnist,alpha0p1,delta_target_accuracy,0.579999999999999,0.37403208418530437,3,"42,43,44",competence_presence
fmnist,alpha0p1,delta_target_nll,-0.17990542948029142,0.017766144036783702,3,"42,43,44",competence_presence
fmnist,alpha0p1,delta_target_entropy,-0.14895091242882907,0.007346847230965064,3,"42,43,44",competence_presence
fmnist,alpha0p1,delta_fallback_count,0.0,0.0,3,"42,43,44",competence_presence
fmnist,alpha0p1,delta_fallback_rate,0.0,0.0,3,"42,43,44",competence_presence
fmnist,alpha0p1,delta_mean_selected_teachers,-1.7000000000000002,0.2999999999999998,3,"42,43,44",competence_presence
fmnist,alpha0p1,delta_effective_teachers,-1.7000000000000002,0.2999999999999998,3,"42,43,44",competence_presence
fmnist,alpha0p5,delta_student_test_accuracy,2.950000000000001,1.6139082997494023,3,"42,43,44",competence_presence
fmnist,alpha0p5,delta_student_test_nll,-0.009145374067624445,0.03859695936168126,3,"42,43,44",competence_presence
fmnist,alpha0p5,delta_target_accuracy,7.303333333333333,1.4742229591664,3,"42,43,44",competence_presence
fmnist,alpha0p5,delta_target_nll,-0.17960358862408454,0.03306991205623647,3,"42,43,44",competence_presence
fmnist,alpha0p5,delta_target_entropy,-0.08463100253869855,0.018457885330576865,3,"42,43,44",competence_presence
fmnist,alpha0p5,delta_fallback_count,0.0,0.0,3,"42,43,44",competence_presence
fmnist,alpha0p5,delta_fallback_rate,0.0,0.0,3,"42,43,44",competence_presence
fmnist,alpha0p5,delta_mean_selected_teachers,-3.7000000000000006,0.4582575694955837,3,"42,43,44",competence_presence
fmnist,alpha0p5,delta_effective_teachers,-3.7000000000000006,0.4582575694955837,3,"42,43,44",competence_presence
fmnist,alpha1p0,delta_student_test_accuracy,0.8166666666666655,0.23501772982762728,3,"42,43,44",competence_presence
fmnist,alpha1p0,delta_student_test_nll,0.02686090929508206,0.010246037681659725,3,"42,43,44",competence_presence
fmnist,alpha1p0,delta_target_accuracy,5.4833333333333325,1.2213244177258276,3,"42,43,44",competence_presence
fmnist,alpha1p0,delta_target_nll,-0.11439073183501265,0.03007637844581685,3,"42,43,44",competence_presence
fmnist,alpha1p0,delta_target_entropy,-0.054529335781840604,0.018863905286266545,3,"42,43,44",competence_presence
fmnist,alpha1p0,delta_fallback_count,0.0,0.0,3,"42,43,44",competence_presence
fmnist,alpha1p0,delta_fallback_rate,0.0,0.0,3,"42,43,44",competence_presence
fmnist,alpha1p0,delta_mean_selected_teachers,-3.0333333333333337,0.5859465277082316,3,"42,43,44",competence_presence
fmnist,alpha1p0,delta_effective_teachers,-3.0333333333333328,0.5859465277082313,3,"42,43,44",competence_presence
fmnist,iid,delta_student_test_accuracy,0.06666666666666674,0.08621678104251959,3,"42,43,44",competence_presence
fmnist,iid,delta_student_test_nll,0.00037712687651320076,0.0010001766674236773,3,"42,43,44",competence_presence
fmnist,iid,delta_target_accuracy,0.26333333333333764,0.1715614564327734,3,"42,43,44",competence_presence
fmnist,iid,delta_target_nll,-0.007881041281246967,0.002550381856430278,3,"42,43,44",competence_presence
fmnist,iid,delta_target_entropy,-0.004574602904407883,0.0013186900947434734,3,"42,43,44",competence_presence
fmnist,iid,delta_fallback_count,1000.0,0.0,3,"42,43,44",competence_presence
fmnist,iid,delta_fallback_rate,0.10000000000000002,1.6996749443881478e-17,3,"42,43,44",competence_presence
fmnist,iid,delta_mean_selected_teachers,-2.0,0.40000000000000036,3,"42,43,44",competence_presence
fmnist,iid,delta_effective_teachers,-0.9999999999999988,0.40000000000000124,3,"42,43,44",competence_presence
fmnist,multi,delta_student_test_accuracy,0.0,0.0,3,"42,43,44",competence_presence
fmnist,multi,delta_student_test_nll,0.0,0.0,3,"42,43,44",competence_presence
fmnist,multi,delta_target_accuracy,0.0,0.0,3,"42,43,44",competence_presence
fmnist,multi,delta_target_nll,0.0,0.0,3,"42,43,44",competence_presence
fmnist,multi,delta_target_entropy,0.0,0.0,3,"42,43,44",competence_presence
fmnist,multi,delta_fallback_count,0.0,0.0,3,"42,43,44",competence_presence
fmnist,multi,delta_fallback_rate,0.0,0.0,3,"42,43,44",competence_presence
fmnist,multi,delta_mean_selected_teachers,0.0,0.0,3,"42,43,44",competence_presence
fmnist,multi,delta_effective_teachers,0.0,0.0,3,"42,43,44",competence_presence
fmnist,single,delta_student_test_accuracy,0.0,0.0,3,"42,43,44",competence_presence
fmnist,single,delta_student_test_nll,0.0,0.0,3,"42,43,44",competence_presence
fmnist,single,delta_target_accuracy,0.0,0.0,3,"42,43,44",competence_presence
fmnist,single,delta_target_nll,0.0,0.0,3,"42,43,44",competence_presence
fmnist,single,delta_target_entropy,0.0,0.0,3,"42,43,44",competence_presence
fmnist,single,delta_fallback_count,0.0,0.0,3,"42,43,44",competence_presence
fmnist,single,delta_fallback_rate,0.0,0.0,3,"42,43,44",competence_presence
fmnist,single,delta_mean_selected_teachers,0.0,0.0,3,"42,43,44",competence_presence
fmnist,single,delta_effective_teachers,0.0,0.0,3,"42,43,44",competence_presence
mnist,alpha0p1,delta_student_test_accuracy,0.473333333333333,0.2103172207246247,3,"42,43,44",competence_presence
mnist,alpha0p1,delta_student_test_nll,-0.008945232061661467,0.007923506307955618,3,"42,43,44",competence_presence
mnist,alpha0p1,delta_target_accuracy,0.3600000000000011,0.19924858845171337,3,"42,43,44",competence_presence
mnist,alpha0p1,delta_target_nll,-0.16762911590626717,0.006797227951722039,3,"42,43,44",competence_presence
mnist,alpha0p1,delta_target_entropy,-0.16180809917285796,0.046855577782896674,3,"42,43,44",competence_presence
mnist,alpha0p1,delta_fallback_count,0.0,0.0,3,"42,43,44",competence_presence
mnist,alpha0p1,delta_fallback_rate,0.0,0.0,3,"42,43,44",competence_presence
mnist,alpha0p1,delta_mean_selected_teachers,-1.7000000000000002,0.2999999999999998,3,"42,43,44",competence_presence
mnist,alpha0p1,delta_effective_teachers,-1.7000000000000002,0.2999999999999998,3,"42,43,44",competence_presence
mnist,alpha0p5,delta_student_test_accuracy,0.42999999999999705,0.2600000000000098,3,"42,43,44",competence_presence
mnist,alpha0p5,delta_student_test_nll,-0.009681895341301233,0.0036875563555986367,3,"42,43,44",competence_presence
mnist,alpha0p5,delta_target_accuracy,0.7166666666666692,0.36828431046316606,3,"42,43,44",competence_presence
mnist,alpha0p5,delta_target_nll,-0.10293861090815493,0.005896957623228212,3,"42,43,44",competence_presence
mnist,alpha0p5,delta_target_entropy,-0.0727891603005714,0.0034264293733435027,3,"42,43,44",competence_presence
mnist,alpha0p5,delta_fallback_count,0.0,0.0,3,"42,43,44",competence_presence
mnist,alpha0p5,delta_fallback_rate,0.0,0.0,3,"42,43,44",competence_presence
mnist,alpha0p5,delta_mean_selected_teachers,-2.1333333333333333,0.1527525231651945,3,"42,43,44",competence_presence
mnist,alpha0p5,delta_effective_teachers,-2.1333333333333333,0.1527525231651945,3,"42,43,44",competence_presence
mnist,alpha1p0,delta_student_test_accuracy,0.12666666666666754,0.07505553499465442,3,"42,43,44",competence_presence
mnist,alpha1p0,delta_student_test_nll,-0.004434586846486968,0.0016052496073837694,3,"42,43,44",competence_presence
mnist,alpha1p0,delta_target_accuracy,0.4266666666666641,0.10016652800877819,3,"42,43,44",competence_presence
mnist,alpha1p0,delta_target_nll,-0.05591517939107826,0.01287820636111093,3,"42,43,44",competence_presence
mnist,alpha1p0,delta_target_entropy,-0.040343662837772166,0.016841543698064693,3,"42,43,44",competence_presence
mnist,alpha1p0,delta_fallback_count,0.0,0.0,3,"42,43,44",competence_presence
mnist,alpha1p0,delta_fallback_rate,0.0,0.0,3,"42,43,44",competence_presence
mnist,alpha1p0,delta_mean_selected_teachers,-1.4666666666666668,0.25166114784235744,3,"42,43,44",competence_presence
mnist,alpha1p0,delta_effective_teachers,-1.4666666666666657,0.2516611478423565,3,"42,43,44",competence_presence
mnist,iid,delta_student_test_accuracy,0.0,0.0,3,"42,43,44",competence_presence
mnist,iid,delta_student_test_nll,-0.0001621470280302323,0.00028084689084465717,3,"42,43,44",competence_presence
mnist,iid,delta_target_accuracy,0.01666666666666853,0.02886751345948452,3,"42,43,44",competence_presence
mnist,iid,delta_target_nll,-0.0013613309535137248,0.002357894377401957,3,"42,43,44",competence_presence
mnist,iid,delta_target_entropy,-0.0013395660330621784,0.0023201964293571836,3,"42,43,44",competence_presence
mnist,iid,delta_fallback_count,0.0,0.0,3,"42,43,44",competence_presence
mnist,iid,delta_fallback_rate,0.0,0.0,3,"42,43,44",competence_presence
mnist,iid,delta_mean_selected_teachers,-0.06666666666666643,0.11547005383792475,3,"42,43,44",competence_presence
mnist,iid,delta_effective_teachers,-0.06666666666666583,0.11547005383792373,3,"42,43,44",competence_presence
mnist,multi,delta_student_test_accuracy,0.0,0.0,3,"42,43,44",competence_presence
mnist,multi,delta_student_test_nll,0.0,0.0,3,"42,43,44",competence_presence
mnist,multi,delta_target_accuracy,0.0,0.0,3,"42,43,44",competence_presence
mnist,multi,delta_target_nll,0.0,0.0,3,"42,43,44",competence_presence
mnist,multi,delta_target_entropy,0.0,0.0,3,"42,43,44",competence_presence
mnist,multi,delta_fallback_count,0.0,0.0,3,"42,43,44",competence_presence
mnist,multi,delta_fallback_rate,0.0,0.0,3,"42,43,44",competence_presence
mnist,multi,delta_mean_selected_teachers,0.0,0.0,3,"42,43,44",competence_presence
mnist,multi,delta_effective_teachers,0.0,0.0,3,"42,43,44",competence_presence
mnist,single,delta_student_test_accuracy,0.0,0.0,3,"42,43,44",competence_presence
mnist,single,delta_student_test_nll,0.0,0.0,3,"42,43,44",competence_presence
mnist,single,delta_target_accuracy,0.0,0.0,3,"42,43,44",competence_presence
mnist,single,delta_target_nll,0.0,0.0,3,"42,43,44",competence_presence
mnist,single,delta_target_entropy,0.0,0.0,3,"42,43,44",competence_presence
mnist,single,delta_fallback_count,0.0,0.0,3,"42,43,44",competence_presence
mnist,single,delta_fallback_rate,0.0,0.0,3,"42,43,44",competence_presence
mnist,single,delta_mean_selected_teachers,0.0,0.0,3,"42,43,44",competence_presence
mnist,single,delta_effective_teachers,0.0,0.0,3,"42,43,44",competence_presence
cifar,alpha0p1,delta_student_test_accuracy,12.543333333333331,1.511632671429585,3,"42,43,44",pooling_feddf
cifar,alpha0p1,delta_student_test_nll,-0.5922610898971558,0.1624549026011423,3,"42,43,44",pooling_feddf
cifar,alpha0p1,delta_target_accuracy,15.176666666666666,1.3136336374093556,3,"42,43,44",pooling_feddf
cifar,alpha0p1,delta_target_nll,-0.1318873038653947,0.010171381862028553,3,"42,43,44",pooling_feddf
cifar,alpha0p1,delta_target_entropy,-0.01332040921796255,0.0059276901771386685,3,"42,43,44",pooling_feddf
cifar,alpha0p1,delta_fallback_count,0.0,0.0,3,"42,43,44",pooling_feddf
cifar,alpha0p1,delta_fallback_rate,0.0,0.0,3,"42,43,44",pooling_feddf
cifar,alpha0p1,delta_mean_selected_teachers,0.0,0.0,3,"42,43,44",pooling_feddf
cifar,alpha0p1,delta_effective_teachers,0.0,0.0,3,"42,43,44",pooling_feddf
cifar,alpha0p5,delta_student_test_accuracy,3.5399999999999987,2.0820182516010717,3,"42,43,44",pooling_feddf
cifar,alpha0p5,delta_student_test_nll,-0.12021595293680827,0.023044107486324007,3,"42,43,44",pooling_feddf
cifar,alpha0p5,delta_target_accuracy,5.466666666666668,2.115663804420099,3,"42,43,44",pooling_feddf
cifar,alpha0p5,delta_target_nll,-0.037620634789258846,0.005080176983071277,3,"42,43,44",pooling_feddf
cifar,alpha0p5,delta_target_entropy,-0.0038098304419924567,0.0006463487368508176,3,"42,43,44",pooling_feddf
cifar,alpha0p5,delta_fallback_count,0.0,0.0,3,"42,43,44",pooling_feddf
cifar,alpha0p5,delta_fallback_rate,0.0,0.0,3,"42,43,44",pooling_feddf
cifar,alpha0p5,delta_mean_selected_teachers,0.0,0.0,3,"42,43,44",pooling_feddf
cifar,alpha0p5,delta_effective_teachers,0.0,0.0,3,"42,43,44",pooling_feddf
cifar,alpha1p0,delta_student_test_accuracy,1.3566666666666651,0.5815783122962391,3,"42,43,44",pooling_feddf
cifar,alpha1p0,delta_student_test_nll,-0.03476457878748577,0.01976090892289024,3,"42,43,44",pooling_feddf
cifar,alpha1p0,delta_target_accuracy,1.989999999999999,1.110720486891279,3,"42,43,44",pooling_feddf
cifar,alpha1p0,delta_target_nll,-0.01613997248433008,0.009224577636370366,3,"42,43,44",pooling_feddf
cifar,alpha1p0,delta_target_entropy,-0.0017301301931921624,0.001740444594403514,3,"42,43,44",pooling_feddf
cifar,alpha1p0,delta_fallback_count,0.0,0.0,3,"42,43,44",pooling_feddf
cifar,alpha1p0,delta_fallback_rate,0.0,0.0,3,"42,43,44",pooling_feddf
cifar,alpha1p0,delta_mean_selected_teachers,0.0,0.0,3,"42,43,44",pooling_feddf
cifar,alpha1p0,delta_effective_teachers,0.0,0.0,3,"42,43,44",pooling_feddf
cifar,iid,delta_student_test_accuracy,0.1499999999999983,0.3318132004607384,3,"42,43,44",pooling_feddf
cifar,iid,delta_student_test_nll,0.0006741329352060917,0.0017868082102099584,3,"42,43,44",pooling_feddf
cifar,iid,delta_target_accuracy,0.1666666666666668,0.0981495457622384,3,"42,43,44",pooling_feddf
cifar,iid,delta_target_nll,0.0005387141124186071,0.0015705689508131748,3,"42,43,44",pooling_feddf
cifar,iid,delta_target_entropy,0.0020744669518569423,0.0005251903497166774,3,"42,43,44",pooling_feddf
cifar,iid,delta_fallback_count,0.0,0.0,3,"42,43,44",pooling_feddf
cifar,iid,delta_fallback_rate,0.0,0.0,3,"42,43,44",pooling_feddf
cifar,iid,delta_mean_selected_teachers,0.0,0.0,3,"42,43,44",pooling_feddf
cifar,iid,delta_effective_teachers,0.0,0.0,3,"42,43,44",pooling_feddf
cifar,multi,delta_student_test_accuracy,11.393333333333333,3.438463804278496,3,"42,43,44",pooling_feddf
cifar,multi,delta_student_test_nll,-0.3981758841196696,0.046815202915095624,3,"42,43,44",pooling_feddf
cifar,multi,delta_target_accuracy,11.526666666666669,1.721752982670086,3,"42,43,44",pooling_feddf
cifar,multi,delta_target_nll,-0.14003734654121272,0.012713514073702156,3,"42,43,44",pooling_feddf
cifar,multi,delta_target_entropy,-0.015403802605764128,0.0023212846052768216,3,"42,43,44",pooling_feddf
cifar,multi,delta_fallback_count,0.0,0.0,3,"42,43,44",pooling_feddf
cifar,multi,delta_fallback_rate,0.0,0.0,3,"42,43,44",pooling_feddf
cifar,multi,delta_mean_selected_teachers,0.0,0.0,3,"42,43,44",pooling_feddf
cifar,multi,delta_effective_teachers,0.0,0.0,3,"42,43,44",pooling_feddf
cifar,single,delta_student_test_accuracy,-0.40000000000000036,0.764460594144656,3,"42,43,44",pooling_feddf
cifar,single,delta_student_test_nll,-0.07261413790384925,0.23326951979253008,3,"42,43,44",pooling_feddf
cifar,single,delta_target_accuracy,-0.07999999999999952,0.7158212067269307,3,"42,43,44",pooling_feddf
cifar,single,delta_target_nll,-0.002640464950984356,0.0062982608367463085,3,"42,43,44",pooling_feddf
cifar,single,delta_target_entropy,-0.0005078788042423751,0.0018835637598733838,3,"42,43,44",pooling_feddf
cifar,single,delta_fallback_count,0.0,0.0,3,"42,43,44",pooling_feddf
cifar,single,delta_fallback_rate,0.0,0.0,3,"42,43,44",pooling_feddf
cifar,single,delta_mean_selected_teachers,0.0,0.0,3,"42,43,44",pooling_feddf
cifar,single,delta_effective_teachers,0.0,0.0,3,"42,43,44",pooling_feddf
fmnist,alpha0p1,delta_student_test_accuracy,9.603333333333332,1.0427048160113834,3,"42,43,44",pooling_feddf
fmnist,alpha0p1,delta_student_test_nll,-0.8699869575500486,0.9563220465031556,3,"42,43,44",pooling_feddf
fmnist,alpha0p1,delta_target_accuracy,10.750000000000002,3.1636529518896332,3,"42,43,44",pooling_feddf
fmnist,alpha0p1,delta_target_nll,-0.20950520772664913,0.04153670865147595,3,"42,43,44",pooling_feddf
fmnist,alpha0p1,delta_target_entropy,-0.04737019324347669,0.006351418819981567,3,"42,43,44",pooling_feddf
fmnist,alpha0p1,delta_fallback_count,0.0,0.0,3,"42,43,44",pooling_feddf
fmnist,alpha0p1,delta_fallback_rate,0.0,0.0,3,"42,43,44",pooling_feddf
fmnist,alpha0p1,delta_mean_selected_teachers,0.0,0.0,3,"42,43,44",pooling_feddf
fmnist,alpha0p1,delta_effective_teachers,0.0,0.0,3,"42,43,44",pooling_feddf
fmnist,alpha0p5,delta_student_test_accuracy,0.8199999999999948,0.44192759587968966,3,"42,43,44",pooling_feddf
fmnist,alpha0p5,delta_student_test_nll,-0.027579313564300507,0.010119655845089488,3,"42,43,44",pooling_feddf
fmnist,alpha0p5,delta_target_accuracy,0.9300000000000049,0.252388589282477,3,"42,43,44",pooling_feddf
fmnist,alpha0p5,delta_target_nll,-0.009522355314672751,0.006304316483678789,3,"42,43,44",pooling_feddf
fmnist,alpha0p5,delta_target_entropy,0.012187538208587275,0.00447993957411604,3,"42,43,44",pooling_feddf
fmnist,alpha0p5,delta_fallback_count,0.0,0.0,3,"42,43,44",pooling_feddf
fmnist,alpha0p5,delta_fallback_rate,0.0,0.0,3,"42,43,44",pooling_feddf
fmnist,alpha0p5,delta_mean_selected_teachers,0.0,0.0,3,"42,43,44",pooling_feddf
fmnist,alpha0p5,delta_effective_teachers,0.0,0.0,3,"42,43,44",pooling_feddf
fmnist,alpha1p0,delta_student_test_accuracy,0.8866666666666689,1.3271900140271289,3,"42,43,44",pooling_feddf
fmnist,alpha1p0,delta_student_test_nll,-0.02538103479544322,0.032378953974230955,3,"42,43,44",pooling_feddf
fmnist,alpha1p0,delta_target_accuracy,0.7333333333333341,1.1750035460939323,3,"42,43,44",pooling_feddf
fmnist,alpha1p0,delta_target_nll,0.006105224351459289,0.0051068005515007625,3,"42,43,44",pooling_feddf
fmnist,alpha1p0,delta_target_entropy,0.020156242733677665,0.006491622181523982,3,"42,43,44",pooling_feddf
fmnist,alpha1p0,delta_fallback_count,0.0,0.0,3,"42,43,44",pooling_feddf
fmnist,alpha1p0,delta_fallback_rate,0.0,0.0,3,"42,43,44",pooling_feddf
fmnist,alpha1p0,delta_mean_selected_teachers,0.0,0.0,3,"42,43,44",pooling_feddf
fmnist,alpha1p0,delta_effective_teachers,0.0,0.0,3,"42,43,44",pooling_feddf
fmnist,iid,delta_student_test_accuracy,-0.030000000000000398,0.052915026221290185,3,"42,43,44",pooling_feddf
fmnist,iid,delta_student_test_nll,9.08354918162102e-05,0.002574009789334295,3,"42,43,44",pooling_feddf
fmnist,iid,delta_target_accuracy,0.10333333333333306,0.09712534856222327,3,"42,43,44",pooling_feddf
fmnist,iid,delta_target_nll,0.0169082209536849,0.001997871040909305,3,"42,43,44",pooling_feddf
fmnist,iid,delta_target_entropy,0.02910609247172539,0.006646477536837544,3,"42,43,44",pooling_feddf
fmnist,iid,delta_fallback_count,0.0,0.0,3,"42,43,44",pooling_feddf
fmnist,iid,delta_fallback_rate,0.0,0.0,3,"42,43,44",pooling_feddf
fmnist,iid,delta_mean_selected_teachers,0.0,0.0,3,"42,43,44",pooling_feddf
fmnist,iid,delta_effective_teachers,0.0,0.0,3,"42,43,44",pooling_feddf
fmnist,multi,delta_student_test_accuracy,18.55,3.1777507768860658,3,"42,43,44",pooling_feddf
fmnist,multi,delta_student_test_nll,-5.279153097724914,1.2292934171914092,3,"42,43,44",pooling_feddf
fmnist,multi,delta_target_accuracy,20.75,2.939914964756632,3,"42,43,44",pooling_feddf
fmnist,multi,delta_target_nll,-0.4355145440818087,0.06619518517845642,3,"42,43,44",pooling_feddf
fmnist,multi,delta_target_entropy,-0.0531427605442177,0.06800143920983376,3,"42,43,44",pooling_feddf
fmnist,multi,delta_fallback_count,0.0,0.0,3,"42,43,44",pooling_feddf
fmnist,multi,delta_fallback_rate,0.0,0.0,3,"42,43,44",pooling_feddf
fmnist,multi,delta_mean_selected_teachers,0.0,0.0,3,"42,43,44",pooling_feddf
fmnist,multi,delta_effective_teachers,0.0,0.0,3,"42,43,44",pooling_feddf
fmnist,single,delta_student_test_accuracy,-0.34666666666666646,0.9298028464859278,3,"42,43,44",pooling_feddf
fmnist,single,delta_student_test_nll,-6.071875490442911,1.3088667873809174,3,"42,43,44",pooling_feddf
fmnist,single,delta_target_accuracy,0.313333333333333,1.724016627916719,3,"42,43,44",pooling_feddf
fmnist,single,delta_target_nll,-0.21750354312820974,0.013860353453965373,3,"42,43,44",pooling_feddf
fmnist,single,delta_target_entropy,0.14766623987435276,0.030183384227621565,3,"42,43,44",pooling_feddf
fmnist,single,delta_fallback_count,0.0,0.0,3,"42,43,44",pooling_feddf
fmnist,single,delta_fallback_rate,0.0,0.0,3,"42,43,44",pooling_feddf
fmnist,single,delta_mean_selected_teachers,0.0,0.0,3,"42,43,44",pooling_feddf
fmnist,single,delta_effective_teachers,0.0,0.0,3,"42,43,44",pooling_feddf
mnist,alpha0p1,delta_student_test_accuracy,13.693333333333339,8.003213937746095,3,"42,43,44",pooling_feddf
mnist,alpha0p1,delta_student_test_nll,-0.6408068795641265,0.42468399243020827,3,"42,43,44",pooling_feddf
mnist,alpha0p1,delta_target_accuracy,14.403333333333334,8.212389014978125,3,"42,43,44",pooling_feddf
mnist,alpha0p1,delta_target_nll,-0.22564603212629897,0.04672556073213845,3,"42,43,44",pooling_feddf
mnist,alpha0p1,delta_target_entropy,-0.05769945202605312,0.005456259016309192,3,"42,43,44",pooling_feddf
mnist,alpha0p1,delta_fallback_count,0.0,0.0,3,"42,43,44",pooling_feddf
mnist,alpha0p1,delta_fallback_rate,0.0,0.0,3,"42,43,44",pooling_feddf
mnist,alpha0p1,delta_mean_selected_teachers,0.0,0.0,3,"42,43,44",pooling_feddf
mnist,alpha0p1,delta_effective_teachers,0.0,0.0,3,"42,43,44",pooling_feddf
mnist,alpha0p5,delta_student_test_accuracy,1.0000000000000009,0.628649345820061,3,"42,43,44",pooling_feddf
mnist,alpha0p5,delta_student_test_nll,-0.031840022795274835,0.021414970815064445,3,"42,43,44",pooling_feddf
mnist,alpha0p5,delta_target_accuracy,1.1333333333333342,0.7838579803340228,3,"42,43,44",pooling_feddf
mnist,alpha0p5,delta_target_nll,-0.02980390233756876,0.005563163207725307,3,"42,43,44",pooling_feddf
mnist,alpha0p5,delta_target_entropy,-0.00276512404283887,0.006168550564093898,3,"42,43,44",pooling_feddf
mnist,alpha0p5,delta_fallback_count,0.0,0.0,3,"42,43,44",pooling_feddf
mnist,alpha0p5,delta_fallback_rate,0.0,0.0,3,"42,43,44",pooling_feddf
mnist,alpha0p5,delta_mean_selected_teachers,0.0,0.0,3,"42,43,44",pooling_feddf
mnist,alpha0p5,delta_effective_teachers,0.0,0.0,3,"42,43,44",pooling_feddf
mnist,alpha1p0,delta_student_test_accuracy,0.09000000000000119,0.07000000000000339,3,"42,43,44",pooling_feddf
mnist,alpha1p0,delta_student_test_nll,-0.003210744362014036,0.002648167979712875,3,"42,43,44",pooling_feddf
mnist,alpha1p0,delta_target_accuracy,0.1499999999999983,0.050000000000000044,3,"42,43,44",pooling_feddf
mnist,alpha1p0,delta_target_nll,0.006989215493258112,0.01134709509814143,3,"42,43,44",pooling_feddf
mnist,alpha1p0,delta_target_entropy,0.014012578688978131,0.012089621396095696,3,"42,43,44",pooling_feddf
mnist,alpha1p0,delta_fallback_count,0.0,0.0,3,"42,43,44",pooling_feddf
mnist,alpha1p0,delta_fallback_rate,0.0,0.0,3,"42,43,44",pooling_feddf
mnist,alpha1p0,delta_mean_selected_teachers,0.0,0.0,3,"42,43,44",pooling_feddf
mnist,alpha1p0,delta_effective_teachers,0.0,0.0,3,"42,43,44",pooling_feddf
mnist,iid,delta_student_test_accuracy,0.046666666666668924,0.04618802153516819,3,"42,43,44",pooling_feddf
mnist,iid,delta_student_test_nll,-0.0008593366908529997,0.0007016596133426303,3,"42,43,44",pooling_feddf
mnist,iid,delta_target_accuracy,0.019999999999997797,0.029999999999996696,3,"42,43,44",pooling_feddf
mnist,iid,delta_target_nll,0.01407119400801038,0.003826946235633065,3,"42,43,44",pooling_feddf
mnist,iid,delta_target_entropy,0.019709133700693233,0.0054762867866300115,3,"42,43,44",pooling_feddf
mnist,iid,delta_fallback_count,0.0,0.0,3,"42,43,44",pooling_feddf
mnist,iid,delta_fallback_rate,0.0,0.0,3,"42,43,44",pooling_feddf
mnist,iid,delta_mean_selected_teachers,0.0,0.0,3,"42,43,44",pooling_feddf
mnist,iid,delta_effective_teachers,0.0,0.0,3,"42,43,44",pooling_feddf
mnist,multi,delta_student_test_accuracy,15.369999999999997,5.338098912534313,3,"42,43,44",pooling_feddf
mnist,multi,delta_student_test_nll,-2.3229922065416972,0.1414794901437638,3,"42,43,44",pooling_feddf
mnist,multi,delta_target_accuracy,15.716666666666669,4.71636865960808,3,"42,43,44",pooling_feddf
mnist,multi,delta_target_nll,-0.31013829581901886,0.007206901001340548,3,"42,43,44",pooling_feddf
mnist,multi,delta_target_entropy,-0.09830582711671558,0.016028469103775065,3,"42,43,44",pooling_feddf
mnist,multi,delta_fallback_count,0.0,0.0,3,"42,43,44",pooling_feddf
mnist,multi,delta_fallback_rate,0.0,0.0,3,"42,43,44",pooling_feddf
mnist,multi,delta_mean_selected_teachers,0.0,0.0,3,"42,43,44",pooling_feddf
mnist,multi,delta_effective_teachers,0.0,0.0,3,"42,43,44",pooling_feddf
mnist,single,delta_student_test_accuracy,-0.24333333333333337,0.09237604307034036,3,"42,43,44",pooling_feddf
mnist,single,delta_student_test_nll,-3.9119658000946043,2.420620809554478,3,"42,43,44",pooling_feddf
mnist,single,delta_target_accuracy,2.276666666666666,3.8397048497681876,3,"42,43,44",pooling_feddf
mnist,single,delta_target_nll,-0.08442687748313264,0.06824806173587099,3,"42,43,44",pooling_feddf
mnist,single,delta_target_entropy,0.08751141788539989,0.07145106398461687,3,"42,43,44",pooling_feddf
mnist,single,delta_fallback_count,0.0,0.0,3,"42,43,44",pooling_feddf
mnist,single,delta_fallback_rate,0.0,0.0,3,"42,43,44",pooling_feddf
mnist,single,delta_mean_selected_teachers,0.0,0.0,3,"42,43,44",pooling_feddf
mnist,single,delta_effective_teachers,0.0,0.0,3,"42,43,44",pooling_feddf
cifar,alpha0p1,delta_student_test_accuracy,-1.889999999999999,2.2890827857462934,3,"42,43,44",pooling_oracle
cifar,alpha0p1,delta_student_test_nll,0.03983429698944071,0.15458728938638458,3,"42,43,44",pooling_oracle
cifar,alpha0p1,delta_target_accuracy,0.0,0.0,3,"42,43,44",pooling_oracle
cifar,alpha0p1,delta_target_nll,0.09170825878730704,0.01279490478300418,3,"42,43,44",pooling_oracle
cifar,alpha0p1,delta_target_entropy,0.056508948684308814,0.011706250187178843,3,"42,43,44",pooling_oracle
cifar,alpha0p1,delta_fallback_count,0.0,0.0,3,"42,43,44",pooling_oracle
cifar,alpha0p1,delta_fallback_rate,0.0,0.0,3,"42,43,44",pooling_oracle
cifar,alpha0p1,delta_mean_selected_teachers,0.0,0.0,3,"42,43,44",pooling_oracle
cifar,alpha0p1,delta_effective_teachers,0.0,0.0,3,"42,43,44",pooling_oracle
cifar,alpha0p5,delta_student_test_accuracy,0.736666666666667,0.4742713709822013,3,"42,43,44",pooling_oracle
cifar,alpha0p5,delta_student_test_nll,-0.04724930235544841,0.03610661050072412,3,"42,43,44",pooling_oracle
cifar,alpha0p5,delta_target_accuracy,0.0,0.0,3,"42,43,44",pooling_oracle
cifar,alpha0p5,delta_target_nll,0.01812938850241415,0.006819230927576091,3,"42,43,44",pooling_oracle
cifar,alpha0p5,delta_target_entropy,0.008205239991056454,0.0033029467175204386,3,"42,43,44",pooling_oracle
cifar,alpha0p5,delta_fallback_count,0.0,0.0,3,"42,43,44",pooling_oracle
cifar,alpha0p5,delta_fallback_rate,0.0,0.0,3,"42,43,44",pooling_oracle
cifar,alpha0p5,delta_mean_selected_teachers,0.0,0.0,3,"42,43,44",pooling_oracle
cifar,alpha0p5,delta_effective_teachers,0.0,0.0,3,"42,43,44",pooling_oracle
cifar,alpha1p0,delta_student_test_accuracy,0.14333333333333603,0.15567059238447464,3,"42,43,44",pooling_oracle
cifar,alpha1p0,delta_student_test_nll,-0.007682319386800122,0.014697070485704098,3,"42,43,44",pooling_oracle
cifar,alpha1p0,delta_target_accuracy,0.0,0.0,3,"42,43,44",pooling_oracle
cifar,alpha1p0,delta_target_nll,0.007721185698027266,0.0016745972264356334,3,"42,43,44",pooling_oracle
cifar,alpha1p0,delta_target_entropy,0.004126989182200595,0.0022279221162038645,3,"42,43,44",pooling_oracle
cifar,alpha1p0,delta_fallback_count,0.0,0.0,3,"42,43,44",pooling_oracle
cifar,alpha1p0,delta_fallback_rate,0.0,0.0,3,"42,43,44",pooling_oracle
cifar,alpha1p0,delta_mean_selected_teachers,0.0,0.0,3,"42,43,44",pooling_oracle
cifar,alpha1p0,delta_effective_teachers,0.0,0.0,3,"42,43,44",pooling_oracle
cifar,iid,delta_student_test_accuracy,-0.18666666666666093,0.8013322240702256,3,"42,43,44",pooling_oracle
cifar,iid,delta_student_test_nll,0.005136396376291892,0.02784548968243,3,"42,43,44",pooling_oracle
cifar,iid,delta_target_accuracy,0.0,0.0,3,"42,43,44",pooling_oracle
cifar,iid,delta_target_nll,0.00334582747844984,0.0012666929992640207,3,"42,43,44",pooling_oracle
cifar,iid,delta_target_entropy,0.002776994258651596,0.0004646441145541365,3,"42,43,44",pooling_oracle
cifar,iid,delta_fallback_count,0.0,0.0,3,"42,43,44",pooling_oracle
cifar,iid,delta_fallback_rate,0.0,0.0,3,"42,43,44",pooling_oracle
cifar,iid,delta_mean_selected_teachers,0.0,0.0,3,"42,43,44",pooling_oracle
cifar,iid,delta_effective_teachers,0.0,0.0,3,"42,43,44",pooling_oracle
cifar,multi,delta_student_test_accuracy,-0.0500000000000019,0.8281907992727298,3,"42,43,44",pooling_oracle
cifar,multi,delta_student_test_nll,-0.009790703837076808,0.08557834736789728,3,"42,43,44",pooling_oracle
cifar,multi,delta_target_accuracy,0.0,0.0,3,"42,43,44",pooling_oracle
cifar,multi,delta_target_nll,0.006951078237497188,0.0016395562802488139,3,"42,43,44",pooling_oracle
cifar,multi,delta_target_entropy,0.011586645547335683,0.0027516459525843634,3,"42,43,44",pooling_oracle
cifar,multi,delta_fallback_count,0.0,0.0,3,"42,43,44",pooling_oracle
cifar,multi,delta_fallback_rate,0.0,0.0,3,"42,43,44",pooling_oracle
cifar,multi,delta_mean_selected_teachers,0.0,0.0,3,"42,43,44",pooling_oracle
cifar,multi,delta_effective_teachers,0.0,0.0,3,"42,43,44",pooling_oracle
cifar,single,delta_student_test_accuracy,0.0,0.0,3,"42,43,44",pooling_oracle
cifar,single,delta_student_test_nll,0.0,0.0,3,"42,43,44",pooling_oracle
cifar,single,delta_target_accuracy,0.0,0.0,3,"42,43,44",pooling_oracle
cifar,single,delta_target_nll,0.0,0.0,3,"42,43,44",pooling_oracle
cifar,single,delta_target_entropy,0.0,0.0,3,"42,43,44",pooling_oracle
cifar,single,delta_fallback_count,0.0,0.0,3,"42,43,44",pooling_oracle
cifar,single,delta_fallback_rate,0.0,0.0,3,"42,43,44",pooling_oracle
cifar,single,delta_mean_selected_teachers,0.0,0.0,3,"42,43,44",pooling_oracle
cifar,single,delta_effective_teachers,0.0,0.0,3,"42,43,44",pooling_oracle
fmnist,alpha0p1,delta_student_test_accuracy,0.15333333333333127,0.4891148467725455,3,"42,43,44",pooling_oracle
fmnist,alpha0p1,delta_student_test_nll,-0.1181894984006882,0.1073116683826603,3,"42,43,44",pooling_oracle
fmnist,alpha0p1,delta_target_accuracy,0.0,0.0,3,"42,43,44",pooling_oracle
fmnist,alpha0p1,delta_target_nll,0.14338421077914645,0.04738036968791901,3,"42,43,44",pooling_oracle
fmnist,alpha0p1,delta_target_entropy,0.18805260017196912,0.11709689974471178,3,"42,43,44",pooling_oracle
fmnist,alpha0p1,delta_fallback_count,0.0,0.0,3,"42,43,44",pooling_oracle
fmnist,alpha0p1,delta_fallback_rate,0.0,0.0,3,"42,43,44",pooling_oracle
fmnist,alpha0p1,delta_mean_selected_teachers,0.0,0.0,3,"42,43,44",pooling_oracle
fmnist,alpha0p1,delta_effective_teachers,0.0,0.0,3,"42,43,44",pooling_oracle
fmnist,alpha0p5,delta_student_test_accuracy,0.28666666666666474,0.24419937209856105,3,"42,43,44",pooling_oracle
fmnist,alpha0p5,delta_student_test_nll,-0.015753629485766103,0.004315482492225358,3,"42,43,44",pooling_oracle
fmnist,alpha0p5,delta_target_accuracy,0.0,0.0,3,"42,43,44",pooling_oracle
fmnist,alpha0p5,delta_target_nll,0.030054470556000707,0.009587213595694827,3,"42,43,44",pooling_oracle
fmnist,alpha0p5,delta_target_entropy,0.03316882694332516,0.006533118544300631,3,"42,43,44",pooling_oracle
fmnist,alpha0p5,delta_fallback_count,0.0,0.0,3,"42,43,44",pooling_oracle
fmnist,alpha0p5,delta_fallback_rate,0.0,0.0,3,"42,43,44",pooling_oracle
fmnist,alpha0p5,delta_mean_selected_teachers,0.0,0.0,3,"42,43,44",pooling_oracle
fmnist,alpha0p5,delta_effective_teachers,0.0,0.0,3,"42,43,44",pooling_oracle
fmnist,alpha1p0,delta_student_test_accuracy,0.07333333333333267,0.1457166199626301,3,"42,43,44",pooling_oracle
fmnist,alpha1p0,delta_student_test_nll,-0.0072160016973813286,0.0058578329050155975,3,"42,43,44",pooling_oracle
fmnist,alpha1p0,delta_target_accuracy,0.0,0.0,3,"42,43,44",pooling_oracle
fmnist,alpha1p0,delta_target_nll,0.019029859475123406,0.008276251294227698,3,"42,43,44",pooling_oracle
fmnist,alpha1p0,delta_target_entropy,0.02493980966797234,0.008201618953504297,3,"42,43,44",pooling_oracle
fmnist,alpha1p0,delta_fallback_count,0.0,0.0,3,"42,43,44",pooling_oracle
fmnist,alpha1p0,delta_fallback_rate,0.0,0.0,3,"42,43,44",pooling_oracle
fmnist,alpha1p0,delta_mean_selected_teachers,0.0,0.0,3,"42,43,44",pooling_oracle
fmnist,alpha1p0,delta_effective_teachers,0.0,0.0,3,"42,43,44",pooling_oracle
fmnist,iid,delta_student_test_accuracy,0.06666666666667043,0.18009256878987034,3,"42,43,44",pooling_oracle
fmnist,iid,delta_student_test_nll,0.0011137191534042097,0.0038790651388897466,3,"42,43,44",pooling_oracle
fmnist,iid,delta_target_accuracy,0.0,0.0,3,"42,43,44",pooling_oracle
fmnist,iid,delta_target_nll,0.016870507027898312,0.002001237962144228,3,"42,43,44",pooling_oracle
fmnist,iid,delta_target_entropy,0.02900322933793135,0.0066039493737598525,3,"42,43,44",pooling_oracle
fmnist,iid,delta_fallback_count,0.0,0.0,3,"42,43,44",pooling_oracle
fmnist,iid,delta_fallback_rate,0.0,0.0,3,"42,43,44",pooling_oracle
fmnist,iid,delta_mean_selected_teachers,0.0,0.0,3,"42,43,44",pooling_oracle
fmnist,iid,delta_effective_teachers,0.0,0.0,3,"42,43,44",pooling_oracle
fmnist,multi,delta_student_test_accuracy,0.23999999999999946,0.47947888378947606,3,"42,43,44",pooling_oracle
fmnist,multi,delta_student_test_nll,-0.08842618783315011,0.06050839573551139,3,"42,43,44",pooling_oracle
fmnist,multi,delta_target_accuracy,0.0,0.0,3,"42,43,44",pooling_oracle
fmnist,multi,delta_target_nll,0.008392509187156469,0.004832775769550533,3,"42,43,44",pooling_oracle
fmnist,multi,delta_target_entropy,0.027831184217598632,0.013541172028224184,3,"42,43,44",pooling_oracle
fmnist,multi,delta_fallback_count,0.0,0.0,3,"42,43,44",pooling_oracle
fmnist,multi,delta_fallback_rate,0.0,0.0,3,"42,43,44",pooling_oracle
fmnist,multi,delta_mean_selected_teachers,0.0,0.0,3,"42,43,44",pooling_oracle
fmnist,multi,delta_effective_teachers,0.0,0.0,3,"42,43,44",pooling_oracle
fmnist,single,delta_student_test_accuracy,0.0,0.0,3,"42,43,44",pooling_oracle
fmnist,single,delta_student_test_nll,0.0,0.0,3,"42,43,44",pooling_oracle
fmnist,single,delta_target_accuracy,0.0,0.0,3,"42,43,44",pooling_oracle
fmnist,single,delta_target_nll,0.0,0.0,3,"42,43,44",pooling_oracle
fmnist,single,delta_target_entropy,0.0,0.0,3,"42,43,44",pooling_oracle
fmnist,single,delta_fallback_count,0.0,0.0,3,"42,43,44",pooling_oracle
fmnist,single,delta_fallback_rate,0.0,0.0,3,"42,43,44",pooling_oracle
fmnist,single,delta_mean_selected_teachers,0.0,0.0,3,"42,43,44",pooling_oracle
fmnist,single,delta_effective_teachers,0.0,0.0,3,"42,43,44",pooling_oracle
mnist,alpha0p1,delta_student_test_accuracy,0.009999999999998899,0.09000000000000119,3,"42,43,44",pooling_oracle
mnist,alpha0p1,delta_student_test_nll,-0.0010209828433450016,0.0030142056117487106,3,"42,43,44",pooling_oracle
mnist,alpha0p1,delta_target_accuracy,0.0,0.0,3,"42,43,44",pooling_oracle
mnist,alpha0p1,delta_target_nll,0.09847848084426436,0.009488684041214864,3,"42,43,44",pooling_oracle
mnist,alpha0p1,delta_target_entropy,0.11587811900569411,0.0164018542319702,3,"42,43,44",pooling_oracle
mnist,alpha0p1,delta_fallback_count,0.0,0.0,3,"42,43,44",pooling_oracle
mnist,alpha0p1,delta_fallback_rate,0.0,0.0,3,"42,43,44",pooling_oracle
mnist,alpha0p1,delta_mean_selected_teachers,0.0,0.0,3,"42,43,44",pooling_oracle
mnist,alpha0p1,delta_effective_teachers,0.0,0.0,3,"42,43,44",pooling_oracle
mnist,alpha0p5,delta_student_test_accuracy,0.0066666666666696335,0.050332229568472005,3,"42,43,44",pooling_oracle
mnist,alpha0p5,delta_student_test_nll,-0.002585614452247168,0.0015087294317698823,3,"42,43,44",pooling_oracle
mnist,alpha0p5,delta_target_accuracy,0.0,0.0,3,"42,43,44",pooling_oracle
mnist,alpha0p5,delta_target_nll,0.025702844729568814,0.0064470612505688,3,"42,43,44",pooling_oracle
mnist,alpha0p5,delta_target_entropy,0.026172403496893832,0.007196732004491742,3,"42,43,44",pooling_oracle
mnist,alpha0p5,delta_fallback_count,0.0,0.0,3,"42,43,44",pooling_oracle
mnist,alpha0p5,delta_fallback_rate,0.0,0.0,3,"42,43,44",pooling_oracle
mnist,alpha0p5,delta_mean_selected_teachers,0.0,0.0,3,"42,43,44",pooling_oracle
mnist,alpha0p5,delta_effective_teachers,0.0,0.0,3,"42,43,44",pooling_oracle
mnist,alpha1p0,delta_student_test_accuracy,-0.0066666666666659324,0.040414518843269354,3,"42,43,44",pooling_oracle
mnist,alpha1p0,delta_student_test_nll,-0.00013330402843806746,0.00045731922672837856,3,"42,43,44",pooling_oracle
mnist,alpha1p0,delta_target_accuracy,0.0,0.0,3,"42,43,44",pooling_oracle
mnist,alpha1p0,delta_target_nll,0.01748707873735955,0.006279314884090344,3,"42,43,44",pooling_oracle
mnist,alpha1p0,delta_target_entropy,0.020038841487353503,0.010466528912563385,3,"42,43,44",pooling_oracle
mnist,alpha1p0,delta_fallback_count,0.0,0.0,3,"42,43,44",pooling_oracle
mnist,alpha1p0,delta_fallback_rate,0.0,0.0,3,"42,43,44",pooling_oracle
mnist,alpha1p0,delta_mean_selected_teachers,0.0,0.0,3,"42,43,44",pooling_oracle
mnist,alpha1p0,delta_effective_teachers,0.0,0.0,3,"42,43,44",pooling_oracle
mnist,iid,delta_student_test_accuracy,0.046666666666668924,0.03214550253664598,3,"42,43,44",pooling_oracle
mnist,iid,delta_student_test_nll,-0.000840136592664432,0.00015610900031919682,3,"42,43,44",pooling_oracle
mnist,iid,delta_target_accuracy,0.0,0.0,3,"42,43,44",pooling_oracle
mnist,iid,delta_target_nll,0.01440024796745191,0.0037998967038103265,3,"42,43,44",pooling_oracle
mnist,iid,delta_target_entropy,0.01982104926194957,0.005480952697417083,3,"42,43,44",pooling_oracle
mnist,iid,delta_fallback_count,0.0,0.0,3,"42,43,44",pooling_oracle
mnist,iid,delta_fallback_rate,0.0,0.0,3,"42,43,44",pooling_oracle
mnist,iid,delta_mean_selected_teachers,0.0,0.0,3,"42,43,44",pooling_oracle
mnist,iid,delta_effective_teachers,0.0,0.0,3,"42,43,44",pooling_oracle
mnist,multi,delta_student_test_accuracy,0.013333333333328165,0.07371114795831811,3,"42,43,44",pooling_oracle
mnist,multi,delta_student_test_nll,-0.01070918901365664,0.011827651691546507,3,"42,43,44",pooling_oracle
mnist,multi,delta_target_accuracy,0.0,0.0,3,"42,43,44",pooling_oracle
mnist,multi,delta_target_nll,0.013320957498511901,0.005225268330155854,3,"42,43,44",pooling_oracle
mnist,multi,delta_target_entropy,0.044943733635818016,0.01953252778521236,3,"42,43,44",pooling_oracle
mnist,multi,delta_fallback_count,0.0,0.0,3,"42,43,44",pooling_oracle
mnist,multi,delta_fallback_rate,0.0,0.0,3,"42,43,44",pooling_oracle
mnist,multi,delta_mean_selected_teachers,0.0,0.0,3,"42,43,44",pooling_oracle
mnist,multi,delta_effective_teachers,0.0,0.0,3,"42,43,44",pooling_oracle
mnist,single,delta_student_test_accuracy,0.0,0.0,3,"42,43,44",pooling_oracle
mnist,single,delta_student_test_nll,0.0,0.0,3,"42,43,44",pooling_oracle
mnist,single,delta_target_accuracy,0.0,0.0,3,"42,43,44",pooling_oracle
mnist,single,delta_target_nll,0.0,0.0,3,"42,43,44",pooling_oracle
mnist,single,delta_target_entropy,0.0,0.0,3,"42,43,44",pooling_oracle
mnist,single,delta_fallback_count,0.0,0.0,3,"42,43,44",pooling_oracle
mnist,single,delta_fallback_rate,0.0,0.0,3,"42,43,44",pooling_oracle
mnist,single,delta_mean_selected_teachers,0.0,0.0,3,"42,43,44",pooling_oracle
mnist,single,delta_effective_teachers,0.0,0.0,3,"42,43,44",pooling_oracle
cifar,alpha0p1,delta_student_test_accuracy,2.8000000000000025,,1,42,pooling_expert
cifar,alpha0p1,delta_student_test_nll,-0.2485728406906128,,1,42,pooling_expert
cifar,alpha0p1,delta_target_accuracy,-0.42999999999999705,,1,42,pooling_expert
cifar,alpha0p1,delta_target_nll,0.08115193270096221,,1,42,pooling_expert
cifar,alpha0p1,delta_target_entropy,0.03868610027070196,,1,42,pooling_expert
cifar,alpha0p1,delta_fallback_count,0.0,,1,42,pooling_expert
cifar,alpha0p1,delta_fallback_rate,0.0,,1,42,pooling_expert
cifar,alpha0p1,delta_mean_selected_teachers,0.0,,1,42,pooling_expert
cifar,alpha0p1,delta_effective_teachers,0.0,,1,42,pooling_expert
cifar,alpha0p5,delta_student_test_accuracy,1.1600000000000055,,1,42,pooling_expert
cifar,alpha0p5,delta_student_test_nll,-0.04197579822540287,,1,42,pooling_expert
cifar,alpha0p5,delta_target_accuracy,-0.47000000000000375,,1,42,pooling_expert
cifar,alpha0p5,delta_target_nll,0.015658019854830618,,1,42,pooling_expert
cifar,alpha0p5,delta_target_entropy,0.006468474959947734,,1,42,pooling_expert
cifar,alpha0p5,delta_fallback_count,0.0,,1,42,pooling_expert
cifar,alpha0p5,delta_fallback_rate,0.0,,1,42,pooling_expert
cifar,alpha0p5,delta_mean_selected_teachers,0.0,,1,42,pooling_expert
cifar,alpha0p5,delta_effective_teachers,0.0,,1,42,pooling_expert
cifar,alpha1p0,delta_student_test_accuracy,0.8000000000000007,,1,42,pooling_expert
cifar,alpha1p0,delta_student_test_nll,-0.01709628324508672,,1,42,pooling_expert
cifar,alpha1p0,delta_target_accuracy,-0.39000000000000146,,1,42,pooling_expert
cifar,alpha1p0,delta_target_nll,0.008270404641045559,,1,42,pooling_expert
cifar,alpha1p0,delta_target_entropy,0.00635825677824764,,1,42,pooling_expert
cifar,alpha1p0,delta_fallback_count,0.0,,1,42,pooling_expert
cifar,alpha1p0,delta_fallback_rate,0.0,,1,42,pooling_expert
cifar,alpha1p0,delta_mean_selected_teachers,0.0,,1,42,pooling_expert
cifar,alpha1p0,delta_effective_teachers,0.0,,1,42,pooling_expert
cifar,iid,delta_student_test_accuracy,0.18000000000000238,,1,42,pooling_expert
cifar,iid,delta_student_test_nll,-0.013767483043670592,,1,42,pooling_expert
cifar,iid,delta_target_accuracy,-0.17000000000000348,,1,42,pooling_expert
cifar,iid,delta_target_nll,0.0036350729811580607,,1,42,pooling_expert
cifar,iid,delta_target_entropy,0.0026001998896627576,,1,42,pooling_expert
cifar,iid,delta_fallback_count,0.0,,1,42,pooling_expert
cifar,iid,delta_fallback_rate,0.0,,1,42,pooling_expert
cifar,iid,delta_mean_selected_teachers,0.0,,1,42,pooling_expert
cifar,iid,delta_effective_teachers,0.0,,1,42,pooling_expert
cifar,multi,delta_student_test_accuracy,-0.10999999999999899,,1,42,pooling_expert
cifar,multi,delta_student_test_nll,-0.0005398799896236817,,1,42,pooling_expert
cifar,multi,delta_target_accuracy,-0.050000000000005596,,1,42,pooling_expert
cifar,multi,delta_target_nll,0.006204283859875592,,1,42,pooling_expert
cifar,multi,delta_target_entropy,0.011538121299248916,,1,42,pooling_expert
cifar,multi,delta_fallback_count,0.0,,1,42,pooling_expert
cifar,multi,delta_fallback_rate,0.0,,1,42,pooling_expert
cifar,multi,delta_mean_selected_teachers,0.0,,1,42,pooling_expert
cifar,multi,delta_effective_teachers,0.0,,1,42,pooling_expert
fmnist,alpha0p1,delta_student_test_accuracy,-0.1599999999999972,0.39949968710876427,3,"42,43,44",pooling_expert
fmnist,alpha0p1,delta_student_test_nll,-0.06567793072859444,0.08736254751795038,3,"42,43,44",pooling_expert
fmnist,alpha0p1,delta_target_accuracy,-0.35666666666666813,0.10692676621563055,3,"42,43,44",pooling_expert
fmnist,alpha0p1,delta_target_nll,0.1368882738883537,0.04163118887586153,3,"42,43,44",pooling_expert
fmnist,alpha0p1,delta_target_entropy,0.1894999232792305,0.11081469250266594,3,"42,43,44",pooling_expert
fmnist,alpha0p1,delta_fallback_count,0.0,0.0,3,"42,43,44",pooling_expert
fmnist,alpha0p1,delta_fallback_rate,0.0,0.0,3,"42,43,44",pooling_expert
fmnist,alpha0p1,delta_mean_selected_teachers,0.0,0.0,3,"42,43,44",pooling_expert
fmnist,alpha0p1,delta_effective_teachers,0.0,0.0,3,"42,43,44",pooling_expert
fmnist,alpha0p5,delta_student_test_accuracy,0.2366666666666665,0.1985782801147542,3,"42,43,44",pooling_expert
fmnist,alpha0p5,delta_student_test_nll,-0.012946112994353018,0.01603849844732212,3,"42,43,44",pooling_expert
fmnist,alpha0p5,delta_target_accuracy,-0.18000000000000238,0.019999999999997797,3,"42,43,44",pooling_expert
fmnist,alpha0p5,delta_target_nll,0.03162370915752266,0.011247389368695118,3,"42,43,44",pooling_expert
fmnist,alpha0p5,delta_target_entropy,0.036452988167096,0.008977772984573425,3,"42,43,44",pooling_expert
fmnist,alpha0p5,delta_fallback_count,0.0,0.0,3,"42,43,44",pooling_expert
fmnist,alpha0p5,delta_fallback_rate,0.0,0.0,3,"42,43,44",pooling_expert
fmnist,alpha0p5,delta_mean_selected_teachers,0.0,0.0,3,"42,43,44",pooling_expert
fmnist,alpha0p5,delta_effective_teachers,0.0,0.0,3,"42,43,44",pooling_expert
fmnist,alpha1p0,delta_student_test_accuracy,0.019999999999997797,0.19287301521985686,3,"42,43,44",pooling_expert
fmnist,alpha1p0,delta_student_test_nll,-0.010390682148933442,0.018542124625065583,3,"42,43,44",pooling_expert
fmnist,alpha1p0,delta_target_accuracy,-0.10999999999999528,0.14106735979665946,3,"42,43,44",pooling_expert
fmnist,alpha1p0,delta_target_nll,0.020552092579777637,0.008781457551926265,3,"42,43,44",pooling_expert
fmnist,alpha1p0,delta_target_entropy,0.0269530922742595,0.00924150170886788,3,"42,43,44",pooling_expert
fmnist,alpha1p0,delta_fallback_count,0.0,0.0,3,"42,43,44",pooling_expert
fmnist,alpha1p0,delta_fallback_rate,0.0,0.0,3,"42,43,44",pooling_expert
fmnist,alpha1p0,delta_mean_selected_teachers,0.0,0.0,3,"42,43,44",pooling_expert
fmnist,alpha1p0,delta_effective_teachers,0.0,0.0,3,"42,43,44",pooling_expert
fmnist,iid,delta_student_test_accuracy,0.020000000000001496,0.08185352771872023,3,"42,43,44",pooling_expert
fmnist,iid,delta_student_test_nll,-0.0008294754107792679,0.00252914316675284,3,"42,43,44",pooling_expert
fmnist,iid,delta_target_accuracy,0.046666666666668924,0.040414518843275765,3,"42,43,44",pooling_expert
fmnist,iid,delta_target_nll,0.016304991112635354,0.002159409506026963,3,"42,43,44",pooling_expert
fmnist,iid,delta_target_entropy,0.02840349519738572,0.006517446565471194,3,"42,43,44",pooling_expert
fmnist,iid,delta_fallback_count,0.0,0.0,3,"42,43,44",pooling_expert
fmnist,iid,delta_fallback_rate,0.0,0.0,3,"42,43,44",pooling_expert
fmnist,iid,delta_mean_selected_teachers,0.0,0.0,3,"42,43,44",pooling_expert
fmnist,iid,delta_effective_teachers,0.0,0.0,3,"42,43,44",pooling_expert
fmnist,multi,delta_student_test_accuracy,0.17333333333333645,0.40673496694203215,3,"42,43,44",pooling_expert
fmnist,multi,delta_student_test_nll,-0.08790505682627374,0.05151808286446654,3,"42,43,44",pooling_expert
fmnist,multi,delta_target_accuracy,-0.013333333333331865,0.02309401076758249,3,"42,43,44",pooling_expert
fmnist,multi,delta_target_nll,0.008516905964002036,0.005055503010698362,3,"42,43,44",pooling_expert
fmnist,multi,delta_target_entropy,0.028326025564630875,0.014148356957422743,3,"42,43,44",pooling_expert
fmnist,multi,delta_fallback_count,0.0,0.0,3,"42,43,44",pooling_expert
fmnist,multi,delta_fallback_rate,0.0,0.0,3,"42,43,44",pooling_expert
fmnist,multi,delta_mean_selected_teachers,0.0,0.0,3,"42,43,44",pooling_expert
fmnist,multi,delta_effective_teachers,0.0,0.0,3,"42,43,44",pooling_expert
fmnist,single,delta_student_test_accuracy,0.0,0.0,3,"42,43,44",pooling_expert
fmnist,single,delta_student_test_nll,0.0,0.0,3,"42,43,44",pooling_expert
fmnist,single,delta_target_accuracy,0.0,0.0,3,"42,43,44",pooling_expert
fmnist,single,delta_target_nll,0.0,0.0,3,"42,43,44",pooling_expert
fmnist,single,delta_target_entropy,0.0,0.0,3,"42,43,44",pooling_expert
fmnist,single,delta_fallback_count,0.0,0.0,3,"42,43,44",pooling_expert
fmnist,single,delta_fallback_rate,0.0,0.0,3,"42,43,44",pooling_expert
fmnist,single,delta_mean_selected_teachers,0.0,0.0,3,"42,43,44",pooling_expert
fmnist,single,delta_effective_teachers,0.0,0.0,3,"42,43,44",pooling_expert
mnist,alpha0p1,delta_student_test_accuracy,-0.030000000000000398,0.072111025509278,3,"42,43,44",pooling_expert
mnist,alpha0p1,delta_student_test_nll,-0.0019346935093382995,0.0021980176017390245,3,"42,43,44",pooling_expert
mnist,alpha0p1,delta_target_accuracy,-0.07666666666666563,0.05507570547285764,3,"42,43,44",pooling_expert
mnist,alpha0p1,delta_target_nll,0.0878257319752459,0.0009606743311752492,3,"42,43,44",pooling_expert
mnist,alpha0p1,delta_target_entropy,0.11175087682937972,0.00769502245567126,3,"42,43,44",pooling_expert
mnist,alpha0p1,delta_fallback_count,0.0,0.0,3,"42,43,44",pooling_expert
mnist,alpha0p1,delta_fallback_rate,0.0,0.0,3,"42,43,44",pooling_expert
mnist,alpha0p1,delta_mean_selected_teachers,0.0,0.0,3,"42,43,44",pooling_expert
mnist,alpha0p1,delta_effective_teachers,0.0,0.0,3,"42,43,44",pooling_expert
mnist,alpha0p5,delta_student_test_accuracy,0.09333333333333046,0.030550504633041625,3,"42,43,44",pooling_expert
mnist,alpha0p5,delta_student_test_nll,-0.005045225566912739,0.004195398903997547,3,"42,43,44",pooling_expert
mnist,alpha0p5,delta_target_accuracy,-0.03333333333332596,0.0665832811847927,3,"42,43,44",pooling_expert
mnist,alpha0p5,delta_target_nll,0.025895239074475957,0.006091265555778696,3,"42,43,44",pooling_expert
mnist,alpha0p5,delta_target_entropy,0.030404587108011045,0.009376748706090118,3,"42,43,44",pooling_expert
mnist,alpha0p5,delta_fallback_count,0.0,0.0,3,"42,43,44",pooling_expert
mnist,alpha0p5,delta_fallback_rate,0.0,0.0,3,"42,43,44",pooling_expert
mnist,alpha0p5,delta_mean_selected_teachers,0.0,0.0,3,"42,43,44",pooling_expert
mnist,alpha0p5,delta_effective_teachers,0.0,0.0,3,"42,43,44",pooling_expert
mnist,alpha1p0,delta_student_test_accuracy,0.029999999999996696,0.04358898943540194,3,"42,43,44",pooling_expert
mnist,alpha1p0,delta_student_test_nll,-0.0011842825376429018,0.0006037933434011322,3,"42,43,44",pooling_expert
mnist,alpha1p0,delta_target_accuracy,0.0033333333333329662,0.03214550253663964,3,"42,43,44",pooling_expert
mnist,alpha1p0,delta_target_nll,0.017716996738284013,0.008321869872036664,3,"42,43,44",pooling_expert
mnist,alpha1p0,delta_target_entropy,0.02223482619111657,0.013686738149105976,3,"42,43,44",pooling_expert
mnist,alpha1p0,delta_fallback_count,0.0,0.0,3,"42,43,44",pooling_expert
mnist,alpha1p0,delta_fallback_rate,0.0,0.0,3,"42,43,44",pooling_expert
mnist,alpha1p0,delta_mean_selected_teachers,0.0,0.0,3,"42,43,44",pooling_expert
mnist,alpha1p0,delta_effective_teachers,0.0,0.0,3,"42,43,44",pooling_expert
mnist,iid,delta_student_test_accuracy,0.013333333333335565,0.011547005383794448,3,"42,43,44",pooling_expert
mnist,iid,delta_student_test_nll,-0.0008735701196826984,0.0007263047908194275,3,"42,43,44",pooling_expert
mnist,iid,delta_target_accuracy,0.023333333333334462,0.035118845842844394,3,"42,43,44",pooling_expert
mnist,iid,delta_target_nll,0.014032843094635447,0.0038875030955572254,3,"42,43,44",pooling_expert
mnist,iid,delta_target_entropy,0.019656393523403388,0.005559180368302778,3,"42,43,44",pooling_expert
mnist,iid,delta_fallback_count,0.0,0.0,3,"42,43,44",pooling_expert
mnist,iid,delta_fallback_rate,0.0,0.0,3,"42,43,44",pooling_expert
mnist,iid,delta_mean_selected_teachers,0.0,0.0,3,"42,43,44",pooling_expert
mnist,iid,delta_effective_teachers,0.0,0.0,3,"42,43,44",pooling_expert
mnist,multi,delta_student_test_accuracy,0.0066666666666659324,0.020816659994659033,3,"42,43,44",pooling_expert
mnist,multi,delta_student_test_nll,-0.006379023580380935,0.0030021187789493527,3,"42,43,44",pooling_expert
mnist,multi,delta_target_accuracy,-0.0033333333333329662,0.011547005383791244,3,"42,43,44",pooling_expert
mnist,multi,delta_target_nll,0.01344451038752939,0.0053124288312424925,3,"42,43,44",pooling_expert
mnist,multi,delta_target_entropy,0.045267616402681475,0.019769838398527816,3,"42,43,44",pooling_expert
mnist,multi,delta_fallback_count,0.0,0.0,3,"42,43,44",pooling_expert
mnist,multi,delta_fallback_rate,0.0,0.0,3,"42,43,44",pooling_expert
mnist,multi,delta_mean_selected_teachers,0.0,0.0,3,"42,43,44",pooling_expert
mnist,multi,delta_effective_teachers,0.0,0.0,3,"42,43,44",pooling_expert
mnist,single,delta_student_test_accuracy,0.0,0.0,3,"42,43,44",pooling_expert
mnist,single,delta_student_test_nll,0.0,0.0,3,"42,43,44",pooling_expert
mnist,single,delta_target_accuracy,0.0,0.0,3,"42,43,44",pooling_expert
mnist,single,delta_target_nll,0.0,0.0,3,"42,43,44",pooling_expert
mnist,single,delta_target_entropy,0.0,0.0,3,"42,43,44",pooling_expert
mnist,single,delta_fallback_count,0.0,0.0,3,"42,43,44",pooling_expert
mnist,single,delta_fallback_rate,0.0,0.0,3,"42,43,44",pooling_expert
mnist,single,delta_mean_selected_teachers,0.0,0.0,3,"42,43,44",pooling_expert
mnist,single,delta_effective_teachers,0.0,0.0,3,"42,43,44",pooling_expert
cifar,alpha0p1,delta_student_test_accuracy,-6.743333333333334,2.243442295521177,3,"42,43,44",support
cifar,alpha0p1,delta_student_test_nll,2.644705466079712,0.34927601308228545,3,"42,43,44",support
cifar,alpha0p1,delta_target_accuracy,1.533333333333331,0.8927112261718964,3,"42,43,44",support
cifar,alpha0p1,delta_target_nll,-0.5535528658135878,0.04114717561951708,3,"42,43,44",support
cifar,alpha0p1,delta_target_entropy,-0.7542779882632913,0.11412898391280209,3,"42,43,44",support
cifar,alpha0p1,delta_fallback_count,0.0,0.0,3,"42,43,44",support
cifar,alpha0p1,delta_fallback_rate,0.0,0.0,3,"42,43,44",support
cifar,alpha0p1,delta_mean_selected_teachers,0.0,0.0,3,"42,43,44",support
cifar,alpha0p1,delta_effective_teachers,0.0,0.0,3,"42,43,44",support
cifar,alpha0p5,delta_student_test_accuracy,-4.006666666666666,1.243797947149506,3,"42,43,44",support
cifar,alpha0p5,delta_student_test_nll,1.9230638451258342,0.3310818340414886,3,"42,43,44",support
cifar,alpha0p5,delta_target_accuracy,5.516666666666662,0.6768554744798423,3,"42,43,44",support
cifar,alpha0p5,delta_target_nll,-0.6408042898985088,0.053725659776209855,3,"42,43,44",support
cifar,alpha0p5,delta_target_entropy,-0.5327166633712687,0.03672656897760546,3,"42,43,44",support
cifar,alpha0p5,delta_fallback_count,0.0,0.0,3,"42,43,44",support
cifar,alpha0p5,delta_fallback_rate,0.0,0.0,3,"42,43,44",support
cifar,alpha0p5,delta_mean_selected_teachers,0.0,0.0,3,"42,43,44",support
cifar,alpha0p5,delta_effective_teachers,0.0,0.0,3,"42,43,44",support
cifar,alpha1p0,delta_student_test_accuracy,-2.7799999999999976,0.6317436188834816,3,"42,43,44",support
cifar,alpha1p0,delta_student_test_nll,1.7004686382611591,0.4979845818931043,3,"42,43,44",support
cifar,alpha1p0,delta_target_accuracy,7.619999999999997,0.635059052372295,3,"42,43,44",support
cifar,alpha1p0,delta_target_nll,-0.6175659294808103,0.04939058630272724,3,"42,43,44",support
cifar,alpha1p0,delta_target_entropy,-0.47516422198521063,0.04794831016844163,3,"42,43,44",support
cifar,alpha1p0,delta_fallback_count,0.0,0.0,3,"42,43,44",support
cifar,alpha1p0,delta_fallback_rate,0.0,0.0,3,"42,43,44",support
cifar,alpha1p0,delta_mean_selected_teachers,0.0,0.0,3,"42,43,44",support
cifar,alpha1p0,delta_effective_teachers,0.0,0.0,3,"42,43,44",support
cifar,iid,delta_student_test_accuracy,-6.533333333333335,1.2354081646700175,3,"42,43,44",support
cifar,iid,delta_student_test_nll,2.770291814343134,0.6784359634912482,3,"42,43,44",support
cifar,iid,delta_target_accuracy,9.533333333333333,2.1680944013887693,3,"42,43,44",support
cifar,iid,delta_target_nll,-0.4534424015272808,0.03882951614457198,3,"42,43,44",support
cifar,iid,delta_target_entropy,-0.36649218441982806,0.03961462031190872,3,"42,43,44",support
cifar,iid,delta_fallback_count,0.0,0.0,3,"42,43,44",support
cifar,iid,delta_fallback_rate,0.0,0.0,3,"42,43,44",support
cifar,iid,delta_mean_selected_teachers,0.0,0.0,3,"42,43,44",support
cifar,iid,delta_effective_teachers,0.0,0.0,3,"42,43,44",support
cifar,multi,delta_student_test_accuracy,-1.3133333333333366,1.0896023739572744,3,"42,43,44",support
cifar,multi,delta_student_test_nll,4.1476322966257735,0.2876959066631704,3,"42,43,44",support
cifar,multi,delta_target_accuracy,0.013333333333335565,0.032145502536645984,3,"42,43,44",support
cifar,multi,delta_target_nll,-0.3489145280072665,0.018278020134586077,3,"42,43,44",support
cifar,multi,delta_target_entropy,-0.994508208896269,0.023389085526474687,3,"42,43,44",support
cifar,multi,delta_fallback_count,0.0,0.0,3,"42,43,44",support
cifar,multi,delta_fallback_rate,0.0,0.0,3,"42,43,44",support
cifar,multi,delta_mean_selected_teachers,0.0,0.0,3,"42,43,44",support
cifar,multi,delta_effective_teachers,0.0,0.0,3,"42,43,44",support
cifar,single,delta_student_test_accuracy,0.5733333333333368,0.8708807802066392,3,"42,43,44",support
cifar,single,delta_student_test_nll,3.615302626164754,0.1341304724658611,3,"42,43,44",support
cifar,single,delta_target_accuracy,0.0,0.0,3,"42,43,44",support
cifar,single,delta_target_nll,-0.32461198729997076,0.01846240160014947,3,"42,43,44",support
cifar,single,delta_target_entropy,-1.151131770165772,0.024037359110384616,3,"42,43,44",support
cifar,single,delta_fallback_count,0.0,0.0,3,"42,43,44",support
cifar,single,delta_fallback_rate,0.0,0.0,3,"42,43,44",support
cifar,single,delta_mean_selected_teachers,0.0,0.0,3,"42,43,44",support
cifar,single,delta_effective_teachers,0.0,0.0,3,"42,43,44",support
fmnist,alpha0p1,delta_student_test_accuracy,-1.0066666666666704,0.7622554252567377,3,"42,43,44",support
fmnist,alpha0p1,delta_student_test_nll,0.7287402748743693,0.1410126383274253,3,"42,43,44",support
fmnist,alpha0p1,delta_target_accuracy,0.5333333333333339,0.14977761292439615,3,"42,43,44",support
fmnist,alpha0p1,delta_target_nll,-0.2731867399331493,0.02917524644775675,3,"42,43,44",support
fmnist,alpha0p1,delta_target_entropy,-0.4320369818615028,0.0721980472758175,3,"42,43,44",support
fmnist,alpha0p1,delta_fallback_count,0.0,0.0,3,"42,43,44",support
fmnist,alpha0p1,delta_fallback_rate,0.0,0.0,3,"42,43,44",support
fmnist,alpha0p1,delta_mean_selected_teachers,0.0,0.0,3,"42,43,44",support
fmnist,alpha0p1,delta_effective_teachers,0.0,0.0,3,"42,43,44",support
fmnist,alpha0p5,delta_student_test_accuracy,-0.836666666666667,0.7351417096950256,3,"42,43,44",support
fmnist,alpha0p5,delta_student_test_nll,0.5818160886685054,0.3067814632805655,3,"42,43,44",support
fmnist,alpha0p5,delta_target_accuracy,2.530000000000003,0.8487048957087462,3,"42,43,44",support
fmnist,alpha0p5,delta_target_nll,-0.2730016266553429,0.05638302062308105,3,"42,43,44",support
fmnist,alpha0p5,delta_target_entropy,-0.2601727598769991,0.0734192939295083,3,"42,43,44",support
fmnist,alpha0p5,delta_fallback_count,0.0,0.0,3,"42,43,44",support
fmnist,alpha0p5,delta_fallback_rate,0.0,0.0,3,"42,43,44",support
fmnist,alpha0p5,delta_mean_selected_teachers,0.0,0.0,3,"42,43,44",support
fmnist,alpha0p5,delta_effective_teachers,0.0,0.0,3,"42,43,44",support
fmnist,alpha1p0,delta_student_test_accuracy,-0.28666666666666474,0.2311565126344776,3,"42,43,44",support
fmnist,alpha1p0,delta_student_test_nll,0.6486743088245391,0.09869371487755325,3,"42,43,44",support
fmnist,alpha1p0,delta_target_accuracy,3.15333333333333,0.14640127503997988,3,"42,43,44",support
fmnist,alpha1p0,delta_target_nll,-0.2541207518580298,0.041493455234204335,3,"42,43,44",support
fmnist,alpha1p0,delta_target_entropy,-0.2216866827862519,0.03693726611416555,3,"42,43,44",support
fmnist,alpha1p0,delta_fallback_count,0.0,0.0,3,"42,43,44",support
fmnist,alpha1p0,delta_fallback_rate,0.0,0.0,3,"42,43,44",support
fmnist,alpha1p0,delta_mean_selected_teachers,0.0,0.0,3,"42,43,44",support
fmnist,alpha1p0,delta_effective_teachers,0.0,0.0,3,"42,43,44",support
fmnist,iid,delta_student_test_accuracy,-1.263333333333335,0.3635014901390867,3,"42,43,44",support
fmnist,iid,delta_student_test_nll,1.079586348172029,0.2535263816557947,3,"42,43,44",support
fmnist,iid,delta_target_accuracy,3.1833333333333305,0.8424567249024357,3,"42,43,44",support
fmnist,iid,delta_target_nll,-0.15458741602696924,0.024254224797738505,3,"42,43,44",support
fmnist,iid,delta_target_entropy,-0.1569851456152307,0.01949786319381194,3,"42,43,44",support
fmnist,iid,delta_fallback_count,0.0,0.0,3,"42,43,44",support
fmnist,iid,delta_fallback_rate,0.0,0.0,3,"42,43,44",support
fmnist,iid,delta_mean_selected_teachers,0.0,0.0,3,"42,43,44",support
fmnist,iid,delta_effective_teachers,0.0,0.0,3,"42,43,44",support
fmnist,multi,delta_student_test_accuracy,-0.05333333333333486,0.12662279942148189,3,"42,43,44",support
fmnist,multi,delta_student_test_nll,0.9096714441299438,0.19204916050049706,3,"42,43,44",support
fmnist,multi,delta_target_accuracy,0.013333333333331865,0.02309401076758249,3,"42,43,44",support
fmnist,multi,delta_target_nll,-0.04747204225063256,0.008463225523261921,3,"42,43,44",support
fmnist,multi,delta_target_entropy,-0.18871329361053038,0.023558698321559504,3,"42,43,44",support
fmnist,multi,delta_fallback_count,0.0,0.0,3,"42,43,44",support
fmnist,multi,delta_fallback_rate,0.0,0.0,3,"42,43,44",support
fmnist,multi,delta_mean_selected_teachers,0.0,0.0,3,"42,43,44",support
fmnist,multi,delta_effective_teachers,0.0,0.0,3,"42,43,44",support
fmnist,single,delta_student_test_accuracy,0.1566666666666679,0.36115555282084355,3,"42,43,44",support
fmnist,single,delta_student_test_nll,-0.19641439256841928,0.15870058193984046,3,"42,43,44",support
fmnist,single,delta_target_accuracy,0.0,0.0,3,"42,43,44",support
fmnist,single,delta_target_nll,-3.525918138822266e-06,6.422606109310556e-07,3,"42,43,44",support
fmnist,single,delta_target_entropy,-4.599085194002598e-05,7.097893226839559e-06,3,"42,43,44",support
fmnist,single,delta_fallback_count,0.0,0.0,3,"42,43,44",support
fmnist,single,delta_fallback_rate,0.0,0.0,3,"42,43,44",support
fmnist,single,delta_mean_selected_teachers,0.0,0.0,3,"42,43,44",support
fmnist,single,delta_effective_teachers,0.0,0.0,3,"42,43,44",support
mnist,alpha0p1,delta_student_test_accuracy,-0.18333333333333535,0.1715614564327734,3,"42,43,44",support
mnist,alpha0p1,delta_student_test_nll,0.03429527636487229,0.02940802490002641,3,"42,43,44",support
mnist,alpha0p1,delta_target_accuracy,0.12666666666666382,0.06110100926607114,3,"42,43,44",support
mnist,alpha0p1,delta_target_nll,-0.21593909789351748,0.034749736625519036,3,"42,43,44",support
mnist,alpha0p1,delta_target_entropy,-0.3304919409920691,0.09200226739964751,3,"42,43,44",support
mnist,alpha0p1,delta_fallback_count,0.0,0.0,3,"42,43,44",support
mnist,alpha0p1,delta_fallback_rate,0.0,0.0,3,"42,43,44",support
mnist,alpha0p1,delta_mean_selected_teachers,0.0,0.0,3,"42,43,44",support
mnist,alpha0p1,delta_effective_teachers,0.0,0.0,3,"42,43,44",support
mnist,alpha0p5,delta_student_test_accuracy,0.08000000000000229,0.14798648586949026,3,"42,43,44",support
mnist,alpha0p5,delta_student_test_nll,0.0008374107818012663,0.0032565708430207486,3,"42,43,44",support
mnist,alpha0p5,delta_target_accuracy,0.45999999999999747,0.030000000000002247,3,"42,43,44",support
mnist,alpha0p5,delta_target_nll,-0.13099851685793065,0.013533636768169505,3,"42,43,44",support
mnist,alpha0p5,delta_target_entropy,-0.11740046140779851,0.018541022454357133,3,"42,43,44",support
mnist,alpha0p5,delta_fallback_count,0.0,0.0,3,"42,43,44",support
mnist,alpha0p5,delta_fallback_rate,0.0,0.0,3,"42,43,44",support
mnist,alpha0p5,delta_mean_selected_teachers,0.0,0.0,3,"42,43,44",support
mnist,alpha0p5,delta_effective_teachers,0.0,0.0,3,"42,43,44",support
mnist,alpha1p0,delta_student_test_accuracy,0.22000000000000167,0.026457513110647188,3,"42,43,44",support
mnist,alpha1p0,delta_student_test_nll,-0.0035527411441745316,0.00262306030053222,3,"42,43,44",support
mnist,alpha1p0,delta_target_accuracy,0.3966666666666674,0.1193035344544861,3,"42,43,44",support
mnist,alpha1p0,delta_target_nll,-0.07818407791225938,0.01150880405505407,3,"42,43,44",support
mnist,alpha1p0,delta_target_entropy,-0.06103463734238327,0.013484356364832275,3,"42,43,44",support
mnist,alpha1p0,delta_fallback_count,0.0,0.0,3,"42,43,44",support
mnist,alpha1p0,delta_fallback_rate,0.0,0.0,3,"42,43,44",support
mnist,alpha1p0,delta_mean_selected_teachers,0.0,0.0,3,"42,43,44",support
mnist,alpha1p0,delta_effective_teachers,0.0,0.0,3,"42,43,44",support
mnist,iid,delta_student_test_accuracy,0.0,0.0,3,"42,43,44",support
mnist,iid,delta_student_test_nll,-5.566657244536708e-05,9.641733175858948e-05,3,"42,43,44",support
mnist,iid,delta_target_accuracy,0.03333333333333337,0.05773502691896262,3,"42,43,44",support
mnist,iid,delta_target_nll,-0.004211347138753818,0.007294267212631432,3,"42,43,44",support
mnist,iid,delta_target_entropy,-0.0027794147013234425,0.004814087477996078,3,"42,43,44",support
mnist,iid,delta_fallback_count,0.0,0.0,3,"42,43,44",support
mnist,iid,delta_fallback_rate,0.0,0.0,3,"42,43,44",support
mnist,iid,delta_mean_selected_teachers,0.0,0.0,3,"42,43,44",support
mnist,iid,delta_effective_teachers,0.0,0.0,3,"42,43,44",support
mnist,multi,delta_student_test_accuracy,-0.34666666666666546,0.1201388086062709,3,"42,43,44",support
mnist,multi,delta_student_test_nll,0.17752956773271236,0.03525961533113545,3,"42,43,44",support
mnist,multi,delta_target_accuracy,0.0033333333333329662,0.011547005383791244,3,"42,43,44",support
mnist,multi,delta_target_nll,-0.04626148554179066,0.00495128004056989,3,"42,43,44",support
mnist,multi,delta_target_entropy,-0.2176341864523114,0.016091604232396643,3,"42,43,44",support
mnist,multi,delta_fallback_count,0.0,0.0,3,"42,43,44",support
mnist,multi,delta_fallback_rate,0.0,0.0,3,"42,43,44",support
mnist,multi,delta_mean_selected_teachers,0.0,0.0,3,"42,43,44",support
mnist,multi,delta_effective_teachers,0.0,0.0,3,"42,43,44",support
mnist,single,delta_student_test_accuracy,0.05999999999999709,0.0984885780179564,3,"42,43,44",support
mnist,single,delta_student_test_nll,-0.019706461576805872,0.005852704229253608,3,"42,43,44",support
mnist,single,delta_target_accuracy,0.0,0.0,3,"42,43,44",support
mnist,single,delta_target_nll,-2.8523771565297273e-06,1.002815590365642e-06,3,"42,43,44",support
mnist,single,delta_target_entropy,-3.7743324805403643e-05,1.2105277118250017e-05,3,"42,43,44",support
mnist,single,delta_fallback_count,0.0,0.0,3,"42,43,44",support
mnist,single,delta_fallback_rate,0.0,0.0,3,"42,43,44",support
mnist,single,delta_mean_selected_teachers,0.0,0.0,3,"42,43,44",support
mnist,single,delta_effective_teachers,0.0,0.0,3,"42,43,44",support
cifar,alpha0p1,delta_student_test_accuracy,-2.643333333333331,1.0488247390929222,3,"42,43,44",expert_ce
cifar,alpha0p1,delta_student_test_nll,0.15333838167190558,0.1069325794748469,3,"42,43,44",expert_ce
cifar,alpha0p5,delta_student_test_accuracy,-3.633333333333333,0.7977677189090361,3,"42,43,44",expert_ce
cifar,alpha0p5,delta_student_test_nll,-0.08486091979344686,0.0684818576021261,3,"42,43,44",expert_ce
cifar,alpha1p0,delta_student_test_accuracy,-3.456666666666667,1.0824201279232317,3,"42,43,44",expert_ce
cifar,alpha1p0,delta_student_test_nll,-0.1100083052953084,0.05029130906272939,3,"42,43,44",expert_ce
cifar,iid,delta_student_test_accuracy,-3.7299999999999964,0.8853812738024192,3,"42,43,44",expert_ce
cifar,iid,delta_student_test_nll,-0.11318323092460625,0.05442494716749966,3,"42,43,44",expert_ce
cifar,multi,delta_student_test_accuracy,-3.9166666666666607,1.6574176701523748,3,"42,43,44",expert_ce
cifar,multi,delta_student_test_nll,0.7003428981463115,0.015458782073749754,3,"42,43,44",expert_ce
cifar,single,delta_student_test_accuracy,-0.2533333333333351,1.2897415761823496,3,"42,43,44",expert_ce
cifar,single,delta_student_test_nll,0.8369077248573306,0.1661545261678175,3,"42,43,44",expert_ce
fmnist,alpha0p1,delta_student_test_accuracy,-0.2466666666666654,0.40991869112463397,3,"42,43,44",expert_ce
fmnist,alpha0p1,delta_student_test_nll,0.11323117694854741,0.0540312853229262,3,"42,43,44",expert_ce
fmnist,alpha0p5,delta_student_test_accuracy,-0.8766666666666664,1.2093110986563063,3,"42,43,44",expert_ce
fmnist,alpha0p5,delta_student_test_nll,-0.011508354131380702,0.07193131276225882,3,"42,43,44",expert_ce
fmnist,alpha1p0,delta_student_test_accuracy,-1.0266666666666682,0.2902297940138714,3,"42,43,44",expert_ce
fmnist,alpha1p0,delta_student_test_nll,-0.018952779833475746,0.03821347054364155,3,"42,43,44",expert_ce
fmnist,iid,delta_student_test_accuracy,-0.9666666666666676,0.44992591982828584,3,"42,43,44",expert_ce
fmnist,iid,delta_student_test_nll,-0.049241725385189006,0.04392721344865758,3,"42,43,44",expert_ce
fmnist,multi,delta_student_test_accuracy,0.25666666666666804,0.12897028081435216,3,"42,43,44",expert_ce
fmnist,multi,delta_student_test_nll,1.3040770812829336,0.08954695834869363,3,"42,43,44",expert_ce
fmnist,single,delta_student_test_accuracy,0.5233333333333312,0.10408329997330584,3,"42,43,44",expert_ce
fmnist,single,delta_student_test_nll,2.5411061947981515,0.24746058456906694,3,"42,43,44",expert_ce
mnist,alpha0p1,delta_student_test_accuracy,0.07333333333332895,0.346458270695522,3,"42,43,44",expert_ce
mnist,alpha0p1,delta_student_test_nll,0.0001159879137678325,0.011248251253915818,3,"42,43,44",expert_ce
mnist,alpha0p5,delta_student_test_accuracy,-0.5633333333333379,0.3774034092762524,3,"42,43,44",expert_ce
mnist,alpha0p5,delta_student_test_nll,0.01427139605445493,0.007420707590594181,3,"42,43,44",expert_ce
mnist,alpha1p0,delta_student_test_accuracy,-0.3966666666666711,0.2157158624981784,3,"42,43,44",expert_ce
mnist,alpha1p0,delta_student_test_nll,0.004650842887123731,0.003912097369713518,3,"42,43,44",expert_ce
mnist,iid,delta_student_test_accuracy,-0.20000000000000387,0.24331050121193395,3,"42,43,44",expert_ce
mnist,iid,delta_student_test_nll,0.0005183285973959992,0.005764523217952348,3,"42,43,44",expert_ce
mnist,multi,delta_student_test_accuracy,0.17666666666666203,0.2968725877094988,3,"42,43,44",expert_ce
mnist,multi,delta_student_test_nll,0.0663374732914918,0.02111253150545433,3,"42,43,44",expert_ce
mnist,single,delta_student_test_accuracy,0.0799999999999986,0.13892443989449915,3,"42,43,44",expert_ce
mnist,single,delta_student_test_nll,0.25428718580877896,0.03830562380003367,3,"42,43,44",expert_ce
cifar,alpha0p1,delta_student_test_accuracy,-31.2,10.222421435256907,3,"42,43,44",feddf_ce
cifar,alpha0p1,delta_student_test_nll,0.5943056315422058,0.314587171043117,3,"42,43,44",feddf_ce
cifar,alpha0p5,delta_student_test_accuracy,-10.176666666666668,1.4090540562140725,3,"42,43,44",feddf_ce
cifar,alpha0p5,delta_student_test_nll,0.012754149850209581,0.045129783047288256,3,"42,43,44",feddf_ce
cifar,alpha1p0,delta_student_test_accuracy,-4.833333333333334,1.0208003396028738,3,"42,43,44",feddf_ce
cifar,alpha1p0,delta_student_test_nll,-0.131844033797582,0.021385669601678196,3,"42,43,44",feddf_ce
cifar,iid,delta_student_test_accuracy,-3.653333333333334,0.7433258594542038,3,"42,43,44",feddf_ce
cifar,iid,delta_student_test_nll,-0.14186368303298946,0.05903561571679599,3,"42,43,44",feddf_ce
cifar,multi,delta_student_test_accuracy,-30.783333333333328,5.081873014286499,3,"42,43,44",feddf_ce
cifar,multi,delta_student_test_nll,0.6261128382047018,0.11472248421568586,3,"42,43,44",feddf_ce
cifar,single,delta_student_test_accuracy,-69.53999999999999,1.3232157798333513,3,"42,43,44",feddf_ce
cifar,single,delta_student_test_nll,1.7372593202908835,0.1693437811141119,3,"42,43,44",feddf_ce
fmnist,alpha0p1,delta_student_test_accuracy,-25.060000000000006,14.759535900562728,3,"42,43,44",feddf_ce
fmnist,alpha0p1,delta_student_test_nll,0.5279654496351879,0.26703991952297534,3,"42,43,44",feddf_ce
fmnist,alpha0p5,delta_student_test_accuracy,-4.023333333333338,1.2625899307904092,3,"42,43,44",feddf_ce
fmnist,alpha0p5,delta_student_test_nll,0.0020445942719777843,0.05592279721735462,3,"42,43,44",feddf_ce
fmnist,alpha1p0,delta_student_test_accuracy,-2.0100000000000007,0.17435595774162685,3,"42,43,44",feddf_ce
fmnist,alpha1p0,delta_student_test_nll,-0.043075039728482534,0.040426450463476093,3,"42,43,44",feddf_ce
fmnist,iid,delta_student_test_accuracy,-1.033333333333334,0.5173329037798904,3,"42,43,44",feddf_ce
fmnist,iid,delta_student_test_nll,-0.049618852261702207,0.043285392086611335,3,"42,43,44",feddf_ce
fmnist,multi,delta_student_test_accuracy,-50.71,3.562064008408613,3,"42,43,44",feddf_ce
fmnist,multi,delta_student_test_nll,1.4907595868905386,0.10395245563038115,3,"42,43,44",feddf_ce
fmnist,single,delta_student_test_accuracy,-79.77333333333334,0.3600462933198074,3,"42,43,44",feddf_ce
fmnist,single,delta_student_test_nll,1.906312210448583,0.04618902648110754,3,"42,43,44",feddf_ce
mnist,alpha0p1,delta_student_test_accuracy,-15.263333333333332,10.762185341896569,3,"42,43,44",feddf_ce
mnist,alpha0p1,delta_student_test_nll,0.40036180729519827,0.26412241696211447,3,"42,43,44",feddf_ce
mnist,alpha0p5,delta_student_test_accuracy,-1.4466666666666703,0.4209908945967079,3,"42,43,44",feddf_ce
mnist,alpha0p5,delta_student_test_nll,0.03866891196433706,0.0111194254653477,3,"42,43,44",feddf_ce
mnist,alpha1p0,delta_student_test_accuracy,-0.520000000000002,0.14730919862655895,3,"42,43,44",feddf_ce
mnist,alpha1p0,delta_student_test_nll,0.009397187272575066,0.0029087909512016583,3,"42,43,44",feddf_ce
mnist,iid,delta_student_test_accuracy,-0.20000000000000387,0.24331050121193395,3,"42,43,44",feddf_ce
mnist,iid,delta_student_test_nll,0.0006804756254262315,0.0058834270230898765,3,"42,43,44",feddf_ce
mnist,multi,delta_student_test_accuracy,-43.300000000000004,2.14501748244624,3,"42,43,44",feddf_ce
mnist,multi,delta_student_test_nll,1.1195205287938466,0.062346427365505226,3,"42,43,44",feddf_ce
mnist,single,delta_student_test_accuracy,-88.64999999999999,0.10148891565092304,3,"42,43,44",feddf_ce
mnist,single,delta_student_test_nll,2.253208394464368,0.006220885444146355,3,"42,43,44",feddf_ce
