M_sha256,aggregation,batch_order_sha256,batch_size,cache_creation_commit,cache_sha256,consumed_batches_sha256,dataset,effective_teachers,epochs_completed,epochs_started,examples_seen,fallback_count,fallback_rate,kd_execution_commit,learning_rate,mean_selected_teachers,method,optimizer,pre_restriction_outside_support_mass,protocol_version,proxy_labels_sha256,proxy_master_sha256,proxy_master_size,proxy_selection,proxy_selection_seed,proxy_sha256,proxy_size,proxy_view,regime,run_id,scheduler,seed,student_final_sha256,student_final_train_loss,student_init_sha256,student_test_accuracy,student_test_nll,target_accuracy,target_entropy,target_nll,target_revision,temperature,training_recipe_json,updates,weight_decay,weight_rule,input_file,input_row,execution_commit,loss,source_cache_sha256,source_regime,expertise_M_sha256,partition_metadata_sha256,presence_counts_sha256,routing_mask_source,invalid_reason,valid
a549aff87e6ef58b5926807f91025e7e405b52c4fe466412a04e29956c72609c,mean_probabilities,2a836581bb03cec96f509a87a0a27efbc0afc37c6522a54562e03a18504b0346,256,7ff045e85bdcdcb19da695baf49045e3320a14d4,d2636da84362f05b2a0ab8ebb5039b941c6b9310b42eddd0e6007451ba624b46,7d19cf95b4de564f3b35de7f267e55fb595e5b2a9d5e5d7408d2b7653541ba98,cifar,9.999999999999998,30,30,300000,0.0,0.0,e311558ce6e4e1a1d345e2051c2d5e8ccaecccda,0.001,10.0,feddf_prob,AdamW,,article1-v3,117be76002e0123f5252e2b78c50cbfb9fcbe971247b5af9c3e1b9dfba92df89,66af2fbb33f1e089245500600db030610ac3b47e91dba7cbb7dbf193a5c1ef13,10000,full_original_order,42,66af2fbb33f1e089245500600db030610ac3b47e91dba7cbb7dbf193a5c1ef13,10000,deterministic_evaluation,iid,a00f0c26cb8bbcde,none,42,6e1f642602a6c3b8d565a6101bcc91a0910e35ccf1a7ed5795695e08c60efd67,0.2703052163124084,185356aa1824f8622c4cedfce3d940f5365857f2d6541013f0f2d87bf8820d24,0.7522,0.7609709712982178,0.7964,2.162036171763306,1.5508668901104945,1.0,8.0,"{""K"": 10, ""batch_size"": 256, ""epochs"": 30, ""lr"": 0.001, ""optimizer"": ""AdamW"", ""weight_decay"": 0.0001}",1200,0.0001,uniform,/home/roi/PycharmProjects/KD_v5/OUTPUTS/article1_v3/results_baseline.csv,218,,,,,,,,,,True
a549aff87e6ef58b5926807f91025e7e405b52c4fe466412a04e29956c72609c,mean_probabilities,2a836581bb03cec96f509a87a0a27efbc0afc37c6522a54562e03a18504b0346,256,7ff045e85bdcdcb19da695baf49045e3320a14d4,d2636da84362f05b2a0ab8ebb5039b941c6b9310b42eddd0e6007451ba624b46,7d19cf95b4de564f3b35de7f267e55fb595e5b2a9d5e5d7408d2b7653541ba98,cifar,6.5,30,30,300000,1000.0,0.1,e311558ce6e4e1a1d345e2051c2d5e8ccaecccda,0.001,5.5,expert_prob,AdamW,0.346011268219641,article1-v3,117be76002e0123f5252e2b78c50cbfb9fcbe971247b5af9c3e1b9dfba92df89,66af2fbb33f1e089245500600db030610ac3b47e91dba7cbb7dbf193a5c1ef13,10000,full_original_order,42,66af2fbb33f1e089245500600db030610ac3b47e91dba7cbb7dbf193a5c1ef13,10000,deterministic_evaluation,iid,b25818fe5626557a,none,42,b1e08d85d47a61c03c58d4a121491872790fa303b37b35ffeb9371a5f0a8a7e1,0.2797413468360901,185356aa1824f8622c4cedfce3d940f5365857f2d6541013f0f2d87bf8820d24,0.7475,0.8006440430164338,0.7923,2.14505773788061,1.5140357059241016,1.0,8.0,"{""K"": 10, ""batch_size"": 256, ""epochs"": 30, ""lr"": 0.001, ""optimizer"": ""AdamW"", ""weight_decay"": 0.0001}",1200,0.0001,selected_uniform,/home/roi/PycharmProjects/KD_v5/OUTPUTS/article1_v3/results_baseline.csv,219,,,,,,,,,,True
34f84e2343874e1a7b9b815529aa22768f81a356597ec5e338c60b3904ca2c75,mean_probabilities,2a836581bb03cec96f509a87a0a27efbc0afc37c6522a54562e03a18504b0346,256,7ff045e85bdcdcb19da695baf49045e3320a14d4,131d0b9efcd1c7294a6cc1cf94110c75b2bab77a718c2909d085900d8a7a96f6,7d19cf95b4de564f3b35de7f267e55fb595e5b2a9d5e5d7408d2b7653541ba98,cifar,9.999999999999998,30,30,300000,0.0,0.0,e311558ce6e4e1a1d345e2051c2d5e8ccaecccda,0.001,10.0,feddf_prob,AdamW,,article1-v3,117be76002e0123f5252e2b78c50cbfb9fcbe971247b5af9c3e1b9dfba92df89,66af2fbb33f1e089245500600db030610ac3b47e91dba7cbb7dbf193a5c1ef13,10000,full_original_order,42,66af2fbb33f1e089245500600db030610ac3b47e91dba7cbb7dbf193a5c1ef13,10000,deterministic_evaluation,alpha0p1,a9de3e3fa5f06018,none,42,c97e6a30f44e5a67c49798dd3d72165141fee0467b3154e13111282be655960c,0.1184835433959961,185356aa1824f8622c4cedfce3d940f5365857f2d6541013f0f2d87bf8820d24,0.3653,1.8135118171691893,0.4307,2.259694693225501,1.979957070068027,1.0,8.0,"{""K"": 10, ""batch_size"": 256, ""epochs"": 30, ""lr"": 0.001, ""optimizer"": ""AdamW"", ""weight_decay"": 0.0001}",1200,0.0001,uniform,/home/roi/PycharmProjects/KD_v5/OUTPUTS/article1_v3/results_baseline.csv,236,,,,,,,,,,True
34f84e2343874e1a7b9b815529aa22768f81a356597ec5e338c60b3904ca2c75,mean_probabilities,2a836581bb03cec96f509a87a0a27efbc0afc37c6522a54562e03a18504b0346,256,7ff045e85bdcdcb19da695baf49045e3320a14d4,131d0b9efcd1c7294a6cc1cf94110c75b2bab77a718c2909d085900d8a7a96f6,7d19cf95b4de564f3b35de7f267e55fb595e5b2a9d5e5d7408d2b7653541ba98,cifar,2.4,30,30,300000,0.0,0.0,e311558ce6e4e1a1d345e2051c2d5e8ccaecccda,0.001,2.4,expert_prob,AdamW,0.4164458532925953,article1-v3,117be76002e0123f5252e2b78c50cbfb9fcbe971247b5af9c3e1b9dfba92df89,66af2fbb33f1e089245500600db030610ac3b47e91dba7cbb7dbf193a5c1ef13,10000,full_original_order,42,66af2fbb33f1e089245500600db030610ac3b47e91dba7cbb7dbf193a5c1ef13,10000,deterministic_evaluation,alpha0p1,b64a38c9c8e7fb27,none,42,c1257430f400405dc2887a2f4b56ee8265fdc29491697cd999c4e025ee9eb247,0.5592794418334961,185356aa1824f8622c4cedfce3d940f5365857f2d6541013f0f2d87bf8820d24,0.7773,0.9024679542541504,0.9877,1.9856955647391008,1.1238261880797793,1.0,8.0,"{""K"": 10, ""batch_size"": 256, ""epochs"": 30, ""lr"": 0.001, ""optimizer"": ""AdamW"", ""weight_decay"": 0.0001}",1200,0.0001,selected_uniform,/home/roi/PycharmProjects/KD_v5/OUTPUTS/article1_v3/results_baseline.csv,237,,,,,,,,,,True
e6f1e0016bd69e5208d7779bafd908447f0ffbf5bd505201465dc3d9494ee864,mean_probabilities,2a836581bb03cec96f509a87a0a27efbc0afc37c6522a54562e03a18504b0346,256,7ff045e85bdcdcb19da695baf49045e3320a14d4,df8172495f9d3fae3dc1d602b20cc4278ee8df7d87c004ad0754949c37f0bc7f,7d19cf95b4de564f3b35de7f267e55fb595e5b2a9d5e5d7408d2b7653541ba98,cifar,9.999999999999998,30,30,300000,0.0,0.0,2c00a459f5ebecc09fecffe118266d7e3efc7473,0.001,10.0,feddf_prob,AdamW,,article1-v3,117be76002e0123f5252e2b78c50cbfb9fcbe971247b5af9c3e1b9dfba92df89,66af2fbb33f1e089245500600db030610ac3b47e91dba7cbb7dbf193a5c1ef13,10000,full_original_order,42,66af2fbb33f1e089245500600db030610ac3b47e91dba7cbb7dbf193a5c1ef13,10000,deterministic_evaluation,single,dcc1cd8b8d9e76db,none,42,c20d70f5e4bf64418147cff7c14da69b4127e5091383bade18388aae8017ae43,0.1257355809211731,185356aa1824f8622c4cedfce3d940f5365857f2d6541013f0f2d87bf8820d24,0.0844,2.788810957336426,0.0861,2.2964527709495712,2.319675674428428,1.0,8.0,"{""K"": 10, ""batch_size"": 256, ""epochs"": 30, ""lr"": 0.001, ""optimizer"": ""AdamW"", ""weight_decay"": 0.0001}",1200,0.0001,uniform,/home/roi/PycharmProjects/KD_v5/OUTPUTS/article1_v3/results_baseline.csv,248,,,,,,,,,,True
e6f1e0016bd69e5208d7779bafd908447f0ffbf5bd505201465dc3d9494ee864,mean_probabilities,2a836581bb03cec96f509a87a0a27efbc0afc37c6522a54562e03a18504b0346,256,7ff045e85bdcdcb19da695baf49045e3320a14d4,df8172495f9d3fae3dc1d602b20cc4278ee8df7d87c004ad0754949c37f0bc7f,7d19cf95b4de564f3b35de7f267e55fb595e5b2a9d5e5d7408d2b7653541ba98,cifar,1.0,30,30,300000,0.0,0.0,2c00a459f5ebecc09fecffe118266d7e3efc7473,0.001,1.0,expert_prob,AdamW,0.280443784953507,article1-v3,117be76002e0123f5252e2b78c50cbfb9fcbe971247b5af9c3e1b9dfba92df89,66af2fbb33f1e089245500600db030610ac3b47e91dba7cbb7dbf193a5c1ef13,10000,full_original_order,42,66af2fbb33f1e089245500600db030610ac3b47e91dba7cbb7dbf193a5c1ef13,10000,deterministic_evaluation,single,f384e4ed50945edc,none,42,204faef1dd12d8eb852f7da927c4bda306af11a95749b12b0859ac49e8d4ff57,0.9905948042869568,185356aa1824f8622c4cedfce3d940f5365857f2d6541013f0f2d87bf8820d24,0.7827,1.7387799139022828,1.0,1.1749363584860764,0.3454380084591673,1.0,8.0,"{""K"": 10, ""batch_size"": 256, ""epochs"": 30, ""lr"": 0.001, ""optimizer"": ""AdamW"", ""weight_decay"": 0.0001}",1200,0.0001,selected_uniform,/home/roi/PycharmProjects/KD_v5/OUTPUTS/article1_v3/results_baseline.csv,249,,,,,,,,,,True
11f91107f69eaf1c882605cd16eb48579ee7dfc8e92323ee1b304604abe55df7,mean_probabilities,9dc3b75d34f50fd7e8121684c2e8b96473759a62ffdf4da9a899b6be2324c4f6,256,7ff045e85bdcdcb19da695baf49045e3320a14d4,313d08a4063e2e70f69684825648a6997881288513eb04c35886ca8ab551e5ca,c704b120a3cb73aa8c8df617232d6058a17a3bc42b1535cd8876b14fac92544e,cifar,9.999999999999998,30,30,300000,0.0,0.0,2c00a459f5ebecc09fecffe118266d7e3efc7473,0.001,10.0,feddf_prob,AdamW,,article1-v3,70730ee6b1ff4436096773eaa579a3febb5bee8fe240bc9c1038b82de74afdcb,bed4be8cbbddf6b7e019ee5f865d0201821d40925ca2b78a28d00ef0bde4d7bb,10000,full_original_order,43,bed4be8cbbddf6b7e019ee5f865d0201821d40925ca2b78a28d00ef0bde4d7bb,10000,deterministic_evaluation,iid,e87c11f117ac21ff,none,43,28bce5b7f6d72c937413f5a47e74a19b7b2c6ea4ed77da024bc7898a8a3e4959,0.1824236810207367,335be889b9913daeb5005a38607982797a1f0f6633ae7459498f792989576a97,0.7615,0.6973574625968934,0.7827,2.1760931220498123,1.5913698524649196,1.0,8.0,"{""K"": 10, ""batch_size"": 256, ""epochs"": 30, ""lr"": 0.001, ""optimizer"": ""AdamW"", ""weight_decay"": 0.0001}",1200,0.0001,uniform,/home/roi/PycharmProjects/KD_v5/OUTPUTS/article1_v3/results_baseline.csv,254,,,,,,,,,,True
11f91107f69eaf1c882605cd16eb48579ee7dfc8e92323ee1b304604abe55df7,mean_probabilities,9dc3b75d34f50fd7e8121684c2e8b96473759a62ffdf4da9a899b6be2324c4f6,256,7ff045e85bdcdcb19da695baf49045e3320a14d4,313d08a4063e2e70f69684825648a6997881288513eb04c35886ca8ab551e5ca,c704b120a3cb73aa8c8df617232d6058a17a3bc42b1535cd8876b14fac92544e,cifar,5.7,30,30,300000,1000.0,0.1,2c00a459f5ebecc09fecffe118266d7e3efc7473,0.001,4.7,expert_prob,AdamW,0.3899714209869451,article1-v3,70730ee6b1ff4436096773eaa579a3febb5bee8fe240bc9c1038b82de74afdcb,bed4be8cbbddf6b7e019ee5f865d0201821d40925ca2b78a28d00ef0bde4d7bb,10000,full_original_order,43,bed4be8cbbddf6b7e019ee5f865d0201821d40925ca2b78a28d00ef0bde4d7bb,10000,deterministic_evaluation,iid,732fa36ec846a6f7,none,43,68e64b57995816d04fdf073d7fed3ffe63e52cbe0b2d3d2c2cf667db1a12d0e4,0.2416433691978454,335be889b9913daeb5005a38607982797a1f0f6633ae7459498f792989576a97,0.7609,0.742044600391388,0.8183,2.1448883830815526,1.500048393402514,1.0,8.0,"{""K"": 10, ""batch_size"": 256, ""epochs"": 30, ""lr"": 0.001, ""optimizer"": ""AdamW"", ""weight_decay"": 0.0001}",1200,0.0001,selected_uniform,/home/roi/PycharmProjects/KD_v5/OUTPUTS/article1_v3/results_baseline.csv,255,,,,,,,,,,True
ad0320c63be8b9c50a5e28d376bbbd9e9c5f13fb47ba0982501f08b414baf9c6,mean_probabilities,9dc3b75d34f50fd7e8121684c2e8b96473759a62ffdf4da9a899b6be2324c4f6,256,7ff045e85bdcdcb19da695baf49045e3320a14d4,cc524a8ddd5e02a659e62aedf04a4b8066364d34da98c377c658ce77c4fab266,c704b120a3cb73aa8c8df617232d6058a17a3bc42b1535cd8876b14fac92544e,cifar,9.999999999999998,30,30,300000,0.0,0.0,2c00a459f5ebecc09fecffe118266d7e3efc7473,0.001,10.0,feddf_prob,AdamW,,article1-v3,70730ee6b1ff4436096773eaa579a3febb5bee8fe240bc9c1038b82de74afdcb,bed4be8cbbddf6b7e019ee5f865d0201821d40925ca2b78a28d00ef0bde4d7bb,10000,full_original_order,43,bed4be8cbbddf6b7e019ee5f865d0201821d40925ca2b78a28d00ef0bde4d7bb,10000,deterministic_evaluation,alpha0p1,16fbdea328414ca8,none,43,f50f9de4d1a0de1adbbbb1edb153e88263b36251f05c09e28e0f8fe1c277e312,0.0617946982383728,335be889b9913daeb5005a38607982797a1f0f6633ae7459498f792989576a97,0.5193,1.310298741722107,0.5436,2.255948474961182,1.928491496105181,1.0,8.0,"{""K"": 10, ""batch_size"": 256, ""epochs"": 30, ""lr"": 0.001, ""optimizer"": ""AdamW"", ""weight_decay"": 0.0001}",1200,0.0001,uniform,/home/roi/PycharmProjects/KD_v5/OUTPUTS/article1_v3/results_baseline.csv,272,,,,,,,,,,True
ad0320c63be8b9c50a5e28d376bbbd9e9c5f13fb47ba0982501f08b414baf9c6,mean_probabilities,9dc3b75d34f50fd7e8121684c2e8b96473759a62ffdf4da9a899b6be2324c4f6,256,7ff045e85bdcdcb19da695baf49045e3320a14d4,cc524a8ddd5e02a659e62aedf04a4b8066364d34da98c377c658ce77c4fab266,c704b120a3cb73aa8c8df617232d6058a17a3bc42b1535cd8876b14fac92544e,cifar,2.4,30,30,300000,0.0,0.0,2c00a459f5ebecc09fecffe118266d7e3efc7473,0.001,2.4,expert_prob,AdamW,0.4363367568377116,article1-v3,70730ee6b1ff4436096773eaa579a3febb5bee8fe240bc9c1038b82de74afdcb,bed4be8cbbddf6b7e019ee5f865d0201821d40925ca2b78a28d00ef0bde4d7bb,10000,full_original_order,43,bed4be8cbbddf6b7e019ee5f865d0201821d40925ca2b78a28d00ef0bde4d7bb,10000,deterministic_evaluation,alpha0p1,1ada48c9639e6d5c,none,43,e84599b992c34369dab627d7c10f0751c1873872e97ca48152026c54c7b6f9d0,0.4184534847736358,335be889b9913daeb5005a38607982797a1f0f6633ae7459498f792989576a97,0.7641,1.0589100246429444,0.9577,1.9720120680167648,1.1223862432089349,1.0,8.0,"{""K"": 10, ""batch_size"": 256, ""epochs"": 30, ""lr"": 0.001, ""optimizer"": ""AdamW"", ""weight_decay"": 0.0001}",1200,0.0001,selected_uniform,/home/roi/PycharmProjects/KD_v5/OUTPUTS/article1_v3/results_baseline.csv,273,,,,,,,,,,True
e6f1e0016bd69e5208d7779bafd908447f0ffbf5bd505201465dc3d9494ee864,mean_probabilities,9dc3b75d34f50fd7e8121684c2e8b96473759a62ffdf4da9a899b6be2324c4f6,256,7ff045e85bdcdcb19da695baf49045e3320a14d4,b0e774132de58204419c2668a7ac2df2bbceb888e21808d3fb6686e76d27e693,c704b120a3cb73aa8c8df617232d6058a17a3bc42b1535cd8876b14fac92544e,cifar,9.999999999999998,30,30,300000,0.0,0.0,0eff7977add55cf9e6a8d1ed0dcc76ab3858a46f,0.001,10.0,feddf_prob,AdamW,,article1-v3,70730ee6b1ff4436096773eaa579a3febb5bee8fe240bc9c1038b82de74afdcb,bed4be8cbbddf6b7e019ee5f865d0201821d40925ca2b78a28d00ef0bde4d7bb,10000,full_original_order,43,bed4be8cbbddf6b7e019ee5f865d0201821d40925ca2b78a28d00ef0bde4d7bb,10000,deterministic_evaluation,single,30fad745b10be4d3,none,43,8a4b0662e5225b8b2b8444a9f37a5b1a128e514c432b65ab90bd721bad2ddc52,0.041337251663208,335be889b9913daeb5005a38607982797a1f0f6633ae7459498f792989576a97,0.1064,2.540905977630615,0.1092,2.298976523619168,2.306377824902013,1.0,8.0,"{""K"": 10, ""batch_size"": 256, ""epochs"": 30, ""lr"": 0.001, ""optimizer"": ""AdamW"", ""weight_decay"": 0.0001}",1200,0.0001,uniform,/home/roi/PycharmProjects/KD_v5/OUTPUTS/article1_v3/results_baseline.csv,284,,,,,,,,,,True
e6f1e0016bd69e5208d7779bafd908447f0ffbf5bd505201465dc3d9494ee864,mean_probabilities,9dc3b75d34f50fd7e8121684c2e8b96473759a62ffdf4da9a899b6be2324c4f6,256,7ff045e85bdcdcb19da695baf49045e3320a14d4,b0e774132de58204419c2668a7ac2df2bbceb888e21808d3fb6686e76d27e693,c704b120a3cb73aa8c8df617232d6058a17a3bc42b1535cd8876b14fac92544e,cifar,1.0,30,30,300000,0.0,0.0,0eff7977add55cf9e6a8d1ed0dcc76ab3858a46f,0.001,1.0,expert_prob,AdamW,0.2683526521584528,article1-v3,70730ee6b1ff4436096773eaa579a3febb5bee8fe240bc9c1038b82de74afdcb,bed4be8cbbddf6b7e019ee5f865d0201821d40925ca2b78a28d00ef0bde4d7bb,10000,full_original_order,43,bed4be8cbbddf6b7e019ee5f865d0201821d40925ca2b78a28d00ef0bde4d7bb,10000,deterministic_evaluation,single,9d78cd505aef877c,none,43,b9af903baab970d629f967a313d8b68ad7e53cbe089248dddcbd688a81a3153e,0.8087859153747559,335be889b9913daeb5005a38607982797a1f0f6633ae7459498f792989576a97,0.8018,1.558212961578369,1.0,1.1515907386505606,0.3181445951576681,1.0,8.0,"{""K"": 10, ""batch_size"": 256, ""epochs"": 30, ""lr"": 0.001, ""optimizer"": ""AdamW"", ""weight_decay"": 0.0001}",1200,0.0001,selected_uniform,/home/roi/PycharmProjects/KD_v5/OUTPUTS/article1_v3/results_baseline.csv,285,,,,,,,,,,True
059be922475ef12f58bc3781d108bf6a3d24d8a5cf138278e605d74b6f4cc0d1,mean_probabilities,1f3034cbd83dc007bebbb86cb19474d4ce302552e2dd4f9a5af623e717861d58,256,7ff045e85bdcdcb19da695baf49045e3320a14d4,2c264eb2b010463c5e733bb95ad9ab1809529bedec649fec20beca0919e18402,40722a1b2e1bd53024c6927f9304d3ab249668be780c1d3b721c7dbf5780613a,cifar,9.999999999999998,30,30,300000,0.0,0.0,0eff7977add55cf9e6a8d1ed0dcc76ab3858a46f,0.001,10.0,feddf_prob,AdamW,,article1-v3,bbbb2fd925f2d965ef63c9d3518f3862a6f0d89340e133b6232a70cc41007adf,bb299879f6f7c5c2039d6b8d2a92bcc4d9457d5113e2928c6257cbe8e8881cd5,10000,full_original_order,44,bb299879f6f7c5c2039d6b8d2a92bcc4d9457d5113e2928c6257cbe8e8881cd5,10000,deterministic_evaluation,iid,fa2bcb5db7319c76,none,44,265522cd213bb764c875c7ba80d5a38840665c00ab81df9fe9d7edee392c7c25,0.170531690120697,46589cf6bfcd1fa9ee8bf3ef4d53bdd80a9fb701649506d084ffd4cf895930da,0.7471,0.7422387187004089,0.7951,2.1841124427676046,1.6115981178102532,1.0,8.0,"{""K"": 10, ""batch_size"": 256, ""epochs"": 30, ""lr"": 0.001, ""optimizer"": ""AdamW"", ""weight_decay"": 0.0001}",1200,0.0001,uniform,/home/roi/PycharmProjects/KD_v5/OUTPUTS/article1_v3/results_baseline.csv,290,,,,,,,,,,True
059be922475ef12f58bc3781d108bf6a3d24d8a5cf138278e605d74b6f4cc0d1,mean_probabilities,1f3034cbd83dc007bebbb86cb19474d4ce302552e2dd4f9a5af623e717861d58,256,7ff045e85bdcdcb19da695baf49045e3320a14d4,2c264eb2b010463c5e733bb95ad9ab1809529bedec649fec20beca0919e18402,40722a1b2e1bd53024c6927f9304d3ab249668be780c1d3b721c7dbf5780613a,cifar,6.2,30,30,300000,1000.0,0.1,0eff7977add55cf9e6a8d1ed0dcc76ab3858a46f,0.001,5.2,expert_prob,AdamW,0.3861728077158272,article1-v3,bbbb2fd925f2d965ef63c9d3518f3862a6f0d89340e133b6232a70cc41007adf,bb299879f6f7c5c2039d6b8d2a92bcc4d9457d5113e2928c6257cbe8e8881cd5,10000,full_original_order,44,bb299879f6f7c5c2039d6b8d2a92bcc4d9457d5113e2928c6257cbe8e8881cd5,10000,deterministic_evaluation,iid,f048d10da4d4f8c5,none,44,052a609dfbd57c7fd115f1776f2593dcd8fc1bd4477be69a268713d84da45367,0.2337781488895416,46589cf6bfcd1fa9ee8bf3ef4d53bdd80a9fb701649506d084ffd4cf895930da,0.7501,0.7439198655128479,0.8219,2.1693333030041497,1.5625314945492446,1.0,8.0,"{""K"": 10, ""batch_size"": 256, ""epochs"": 30, ""lr"": 0.001, ""optimizer"": ""AdamW"", ""weight_decay"": 0.0001}",1200,0.0001,selected_uniform,/home/roi/PycharmProjects/KD_v5/OUTPUTS/article1_v3/results_baseline.csv,291,,,,,,,,,,True
cecf6fdcbdfae1fae44fbbe05658d49421ee7dab96cd38570c6de368e9311c01,mean_probabilities,1f3034cbd83dc007bebbb86cb19474d4ce302552e2dd4f9a5af623e717861d58,256,7ff045e85bdcdcb19da695baf49045e3320a14d4,89288c8820f0afac2817cce5320a371303b0aabae735b81c82db7a423f39650a,40722a1b2e1bd53024c6927f9304d3ab249668be780c1d3b721c7dbf5780613a,cifar,9.999999999999998,30,30,300000,0.0,0.0,0eff7977add55cf9e6a8d1ed0dcc76ab3858a46f,0.001,10.0,feddf_prob,AdamW,,article1-v3,bbbb2fd925f2d965ef63c9d3518f3862a6f0d89340e133b6232a70cc41007adf,bb299879f6f7c5c2039d6b8d2a92bcc4d9457d5113e2928c6257cbe8e8881cd5,10000,full_original_order,44,bb299879f6f7c5c2039d6b8d2a92bcc4d9457d5113e2928c6257cbe8e8881cd5,10000,deterministic_evaluation,alpha0p1,be2a4d0042b5c205,none,44,3111bd43f8cff17d60ffaf35da66cf86f99d81d00b71b5f0ad064b9d237408a3,0.0566601157188415,46589cf6bfcd1fa9ee8bf3ef4d53bdd80a9fb701649506d084ffd4cf895930da,0.5498,1.2852645374298095,0.5876,2.248885383450275,1.8821623226799489,1.0,8.0,"{""K"": 10, ""batch_size"": 256, ""epochs"": 30, ""lr"": 0.001, ""optimizer"": ""AdamW"", ""weight_decay"": 0.0001}",1200,0.0001,uniform,/home/roi/PycharmProjects/KD_v5/OUTPUTS/article1_v3/results_baseline.csv,308,,,,,,,,,,True
cecf6fdcbdfae1fae44fbbe05658d49421ee7dab96cd38570c6de368e9311c01,mean_probabilities,1f3034cbd83dc007bebbb86cb19474d4ce302552e2dd4f9a5af623e717861d58,256,7ff045e85bdcdcb19da695baf49045e3320a14d4,89288c8820f0afac2817cce5320a371303b0aabae735b81c82db7a423f39650a,40722a1b2e1bd53024c6927f9304d3ab249668be780c1d3b721c7dbf5780613a,cifar,3.0,30,30,300000,0.0,0.0,0eff7977add55cf9e6a8d1ed0dcc76ab3858a46f,0.001,3.0,expert_prob,AdamW,0.3916033856531531,article1-v3,bbbb2fd925f2d965ef63c9d3518f3862a6f0d89340e133b6232a70cc41007adf,bb299879f6f7c5c2039d6b8d2a92bcc4d9457d5113e2928c6257cbe8e8881cd5,10000,full_original_order,44,bb299879f6f7c5c2039d6b8d2a92bcc4d9457d5113e2928c6257cbe8e8881cd5,10000,deterministic_evaluation,alpha0p1,37aeec9803de227f,none,44,90912d8d46b3ce6dab8e2cb4b823627d1943bcc03b17d2ade335bb50b728cd86,0.614020824432373,46589cf6bfcd1fa9ee8bf3ef4d53bdd80a9fb701649506d084ffd4cf895930da,0.7497,1.1247953678131104,0.966,2.023083901177679,1.1837923584105716,1.0,8.0,"{""K"": 10, ""batch_size"": 256, ""epochs"": 30, ""lr"": 0.001, ""optimizer"": ""AdamW"", ""weight_decay"": 0.0001}",1200,0.0001,selected_uniform,/home/roi/PycharmProjects/KD_v5/OUTPUTS/article1_v3/results_baseline.csv,309,,,,,,,,,,True
e6f1e0016bd69e5208d7779bafd908447f0ffbf5bd505201465dc3d9494ee864,mean_probabilities,1f3034cbd83dc007bebbb86cb19474d4ce302552e2dd4f9a5af623e717861d58,256,7ff045e85bdcdcb19da695baf49045e3320a14d4,4a19eeed7486a909cce5e44750f02af8885ca0d179d5ba1614e49333f1bab69a,40722a1b2e1bd53024c6927f9304d3ab249668be780c1d3b721c7dbf5780613a,cifar,9.999999999999998,30,30,300000,0.0,0.0,0eff7977add55cf9e6a8d1ed0dcc76ab3858a46f,0.001,10.0,feddf_prob,AdamW,,article1-v3,bbbb2fd925f2d965ef63c9d3518f3862a6f0d89340e133b6232a70cc41007adf,bb299879f6f7c5c2039d6b8d2a92bcc4d9457d5113e2928c6257cbe8e8881cd5,10000,full_original_order,44,bb299879f6f7c5c2039d6b8d2a92bcc4d9457d5113e2928c6257cbe8e8881cd5,10000,deterministic_evaluation,single,b60b5aaedfc63c0a,none,44,a2067eb0ef025e7f42dad1a8012c083f492feea0d2d4b04672a51347d58183ef,0.0097665190696716,46589cf6bfcd1fa9ee8bf3ef4d53bdd80a9fb701649506d084ffd4cf895930da,0.0934,2.508219227600098,0.0945,2.298857668166936,2.3081798857859765,1.0,8.0,"{""K"": 10, ""batch_size"": 256, ""epochs"": 30, ""lr"": 0.001, ""optimizer"": ""AdamW"", ""weight_decay"": 0.0001}",1200,0.0001,uniform,/home/roi/PycharmProjects/KD_v5/OUTPUTS/article1_v3/results_baseline.csv,320,,,,,,,,,,True
e6f1e0016bd69e5208d7779bafd908447f0ffbf5bd505201465dc3d9494ee864,mean_probabilities,1f3034cbd83dc007bebbb86cb19474d4ce302552e2dd4f9a5af623e717861d58,256,7ff045e85bdcdcb19da695baf49045e3320a14d4,4a19eeed7486a909cce5e44750f02af8885ca0d179d5ba1614e49333f1bab69a,40722a1b2e1bd53024c6927f9304d3ab249668be780c1d3b721c7dbf5780613a,cifar,1.0,30,30,300000,0.0,0.0,0eff7977add55cf9e6a8d1ed0dcc76ab3858a46f,0.001,1.0,expert_prob,AdamW,0.261323164885079,article1-v3,bbbb2fd925f2d965ef63c9d3518f3862a6f0d89340e133b6232a70cc41007adf,bb299879f6f7c5c2039d6b8d2a92bcc4d9457d5113e2928c6257cbe8e8881cd5,10000,full_original_order,44,bb299879f6f7c5c2039d6b8d2a92bcc4d9457d5113e2928c6257cbe8e8881cd5,10000,deterministic_evaluation,single,5284426a3da466ef,none,44,6fcfa331bb1fa345eeaa6db6d3fb25c8f547362a9b11d76bbd093e211c18cba5,0.7008445262908936,46589cf6bfcd1fa9ee8bf3ef4d53bdd80a9fb701649506d084ffd4cf895930da,0.7783,1.839888500785828,1.0,1.1268682133606789,0.310253358283077,1.0,8.0,"{""K"": 10, ""batch_size"": 256, ""epochs"": 30, ""lr"": 0.001, ""optimizer"": ""AdamW"", ""weight_decay"": 0.0001}",1200,0.0001,selected_uniform,/home/roi/PycharmProjects/KD_v5/OUTPUTS/article1_v3/results_baseline.csv,321,,,,,,,,,,True
a549aff87e6ef58b5926807f91025e7e405b52c4fe466412a04e29956c72609c,mean_probabilities,9c89cc8875f36da465b21ebab76f17691f27e51a6e391c7da97d9b3c818ea16e,100,7ff045e85bdcdcb19da695baf49045e3320a14d4,d2636da84362f05b2a0ab8ebb5039b941c6b9310b42eddd0e6007451ba624b46,53f9e814a94b3c58466da1b196a4a015777ae6b1c7cdabf87a8ad2bc27a4c731,cifar,6.5,1200,1200,120000,10.0,0.1,ccf92e765d8c7563482aa24d9851cd656eb1084e,0.001,5.5,expert_prob,AdamW,0.3455054532219716,article1-v3,392654b3c3340eaf73f153ae57d9b013005a9220630fb5b5b46d9f668e1c87cb,66af2fbb33f1e089245500600db030610ac3b47e91dba7cbb7dbf193a5c1ef13,10000,nested_stratified_v1,42,85a26f7dcea1550411a19050a529862f2def50737608f3fbf6854cdf74235b17,100,deterministic_evaluation,iid,da7b6ec3376d2c08,none,42,c46b8cc7d4341df6461cc3e1234162b6acf8e376d6d2b4a0493a4489482e09b5,6.802559073548764e-05,185356aa1824f8622c4cedfce3d940f5365857f2d6541013f0f2d87bf8820d24,0.4146,1.9504141399383543,0.75,2.150217885211533,1.5323064520937826,1.0,8.0,"{""K"": 10, ""batch_size"": 256, ""lr"": 0.001, ""optimizer"": ""AdamW"", ""proxy_labels_sha256"": ""392654b3c3340eaf73f153ae57d9b013005a9220630fb5b5b46d9f668e1c87cb"", ""proxy_size"": 100, ""updates"": 1200, ""weight_decay"": 0.0001}",1200,0.0001,selected_uniform,/home/roi/PycharmProjects/KD_v5/OUTPUTS/article1_v3/results_proxy_size_expert_prob.csv,3,,,,,,,,,,True
34f84e2343874e1a7b9b815529aa22768f81a356597ec5e338c60b3904ca2c75,mean_probabilities,9c89cc8875f36da465b21ebab76f17691f27e51a6e391c7da97d9b3c818ea16e,100,7ff045e85bdcdcb19da695baf49045e3320a14d4,131d0b9efcd1c7294a6cc1cf94110c75b2bab77a718c2909d085900d8a7a96f6,53f9e814a94b3c58466da1b196a4a015777ae6b1c7cdabf87a8ad2bc27a4c731,cifar,2.4,1200,1200,120000,0.0,0.0,ccf92e765d8c7563482aa24d9851cd656eb1084e,0.001,2.4,expert_prob,AdamW,0.4124156788262579,article1-v3,392654b3c3340eaf73f153ae57d9b013005a9220630fb5b5b46d9f668e1c87cb,66af2fbb33f1e089245500600db030610ac3b47e91dba7cbb7dbf193a5c1ef13,10000,nested_stratified_v1,42,85a26f7dcea1550411a19050a529862f2def50737608f3fbf6854cdf74235b17,100,deterministic_evaluation,alpha0p1,70198bce1d864354,none,42,5992c3748f4a761485bd0bcfcccd3673bac7fd47128d2f0a62a18979cb02b880,0.0001687014009803,185356aa1824f8622c4cedfce3d940f5365857f2d6541013f0f2d87bf8820d24,0.3374,2.6688959365844727,0.98,1.9981376473935013,1.133038985516312,1.0,8.0,"{""K"": 10, ""batch_size"": 256, ""lr"": 0.001, ""optimizer"": ""AdamW"", ""proxy_labels_sha256"": ""392654b3c3340eaf73f153ae57d9b013005a9220630fb5b5b46d9f668e1c87cb"", ""proxy_size"": 100, ""updates"": 1200, ""weight_decay"": 0.0001}",1200,0.0001,selected_uniform,/home/roi/PycharmProjects/KD_v5/OUTPUTS/article1_v3/results_proxy_size_expert_prob.csv,4,,,,,,,,,,True
e6f1e0016bd69e5208d7779bafd908447f0ffbf5bd505201465dc3d9494ee864,mean_probabilities,9c89cc8875f36da465b21ebab76f17691f27e51a6e391c7da97d9b3c818ea16e,100,7ff045e85bdcdcb19da695baf49045e3320a14d4,df8172495f9d3fae3dc1d602b20cc4278ee8df7d87c004ad0754949c37f0bc7f,53f9e814a94b3c58466da1b196a4a015777ae6b1c7cdabf87a8ad2bc27a4c731,cifar,1.0,1200,1200,120000,0.0,0.0,ccf92e765d8c7563482aa24d9851cd656eb1084e,0.001,1.0,expert_prob,AdamW,0.2573396561376773,article1-v3,392654b3c3340eaf73f153ae57d9b013005a9220630fb5b5b46d9f668e1c87cb,66af2fbb33f1e089245500600db030610ac3b47e91dba7cbb7dbf193a5c1ef13,10000,nested_stratified_v1,42,85a26f7dcea1550411a19050a529862f2def50737608f3fbf6854cdf74235b17,100,deterministic_evaluation,single,e2401c3829e09d4c,none,42,3319efc4aa95c579349b4298cd3efed3f8f943c425a072ed5ed5e6da8c04ea80,3.203412416041829e-05,185356aa1824f8622c4cedfce3d940f5365857f2d6541013f0f2d87bf8820d24,0.3259,4.596441403961181,1.0,1.0992081341231588,0.3111012659310526,1.0,8.0,"{""K"": 10, ""batch_size"": 256, ""lr"": 0.001, ""optimizer"": ""AdamW"", ""proxy_labels_sha256"": ""392654b3c3340eaf73f153ae57d9b013005a9220630fb5b5b46d9f668e1c87cb"", ""proxy_size"": 100, ""updates"": 1200, ""weight_decay"": 0.0001}",1200,0.0001,selected_uniform,/home/roi/PycharmProjects/KD_v5/OUTPUTS/article1_v3/results_proxy_size_expert_prob.csv,5,,,,,,,,,,True
a549aff87e6ef58b5926807f91025e7e405b52c4fe466412a04e29956c72609c,mean_probabilities,39ef3cb5cd517a7d6cf7b6bd137d76374f0539b897781179882ea3a2073ba439,256,7ff045e85bdcdcb19da695baf49045e3320a14d4,d2636da84362f05b2a0ab8ebb5039b941c6b9310b42eddd0e6007451ba624b46,985117821410d356f053658bf8ff4e15025a5a7abde78d27b71a8a15fd28a9dc,cifar,6.5,600,600,300000,50.0,0.1,c643a33c5bd39dee413ca2ea296a3f85ec91d9f8,0.001,5.5,expert_prob,AdamW,0.3438430276384353,article1-v3,11e1284125a2d7687f97a6593bb0cc2fdff216c753de813d589c56de8d530fe6,66af2fbb33f1e089245500600db030610ac3b47e91dba7cbb7dbf193a5c1ef13,10000,nested_stratified_v1,42,70b5d68e7fa37cc3c33ddcdec899d76c6961748ca62f6d670077d18fd7c62134,500,deterministic_evaluation,iid,54137279e4a9b224,none,42,3af146dd4eb87154e2b9a687523784e43c093456da76e37aa70b3f0811fc0ea3,0.0481638796627521,185356aa1824f8622c4cedfce3d940f5365857f2d6541013f0f2d87bf8820d24,0.5777,1.228393250656128,0.766,2.1471244282306987,1.5302759307060414,1.0,8.0,"{""K"": 10, ""batch_size"": 256, ""lr"": 0.001, ""optimizer"": ""AdamW"", ""proxy_labels_sha256"": ""11e1284125a2d7687f97a6593bb0cc2fdff216c753de813d589c56de8d530fe6"", ""proxy_size"": 500, ""updates"": 1200, ""weight_decay"": 0.0001}",1200,0.0001,selected_uniform,/home/roi/PycharmProjects/KD_v5/OUTPUTS/article1_v3/results_proxy_size_expert_prob.csv,7,,,,,,,,,,True
34f84e2343874e1a7b9b815529aa22768f81a356597ec5e338c60b3904ca2c75,mean_probabilities,39ef3cb5cd517a7d6cf7b6bd137d76374f0539b897781179882ea3a2073ba439,256,7ff045e85bdcdcb19da695baf49045e3320a14d4,131d0b9efcd1c7294a6cc1cf94110c75b2bab77a718c2909d085900d8a7a96f6,985117821410d356f053658bf8ff4e15025a5a7abde78d27b71a8a15fd28a9dc,cifar,2.4,600,600,300000,0.0,0.0,c643a33c5bd39dee413ca2ea296a3f85ec91d9f8,0.001,2.4,expert_prob,AdamW,0.4181744054153748,article1-v3,11e1284125a2d7687f97a6593bb0cc2fdff216c753de813d589c56de8d530fe6,66af2fbb33f1e089245500600db030610ac3b47e91dba7cbb7dbf193a5c1ef13,10000,nested_stratified_v1,42,70b5d68e7fa37cc3c33ddcdec899d76c6961748ca62f6d670077d18fd7c62134,500,deterministic_evaluation,alpha0p1,fee8296ad0b5432a,none,42,b23db86a847575f3a149c26186aaa039ba10d12499b3ed4c91cea576b4106056,0.0336973369121551,185356aa1824f8622c4cedfce3d940f5365857f2d6541013f0f2d87bf8820d24,0.4852,1.8862363456726077,0.976,1.9981778060626367,1.1428293977523902,1.0,8.0,"{""K"": 10, ""batch_size"": 256, ""lr"": 0.001, ""optimizer"": ""AdamW"", ""proxy_labels_sha256"": ""11e1284125a2d7687f97a6593bb0cc2fdff216c753de813d589c56de8d530fe6"", ""proxy_size"": 500, ""updates"": 1200, ""weight_decay"": 0.0001}",1200,0.0001,selected_uniform,/home/roi/PycharmProjects/KD_v5/OUTPUTS/article1_v3/results_proxy_size_expert_prob.csv,8,,,,,,,,,,True
e6f1e0016bd69e5208d7779bafd908447f0ffbf5bd505201465dc3d9494ee864,mean_probabilities,39ef3cb5cd517a7d6cf7b6bd137d76374f0539b897781179882ea3a2073ba439,256,7ff045e85bdcdcb19da695baf49045e3320a14d4,df8172495f9d3fae3dc1d602b20cc4278ee8df7d87c004ad0754949c37f0bc7f,985117821410d356f053658bf8ff4e15025a5a7abde78d27b71a8a15fd28a9dc,cifar,1.0,600,600,300000,0.0,0.0,c643a33c5bd39dee413ca2ea296a3f85ec91d9f8,0.001,1.0,expert_prob,AdamW,0.2748976003641111,article1-v3,11e1284125a2d7687f97a6593bb0cc2fdff216c753de813d589c56de8d530fe6,66af2fbb33f1e089245500600db030610ac3b47e91dba7cbb7dbf193a5c1ef13,10000,nested_stratified_v1,42,70b5d68e7fa37cc3c33ddcdec899d76c6961748ca62f6d670077d18fd7c62134,500,deterministic_evaluation,single,c6d58c4fbb89382f,none,42,917c02e370dd8bf67b561a60e14ca18e2fcd4778a92ece8426a052fae87fa3ae,0.0492787472903728,185356aa1824f8622c4cedfce3d940f5365857f2d6541013f0f2d87bf8820d24,0.4903,3.079330432128906,1.0,1.1571690924056932,0.337474538180092,1.0,8.0,"{""K"": 10, ""batch_size"": 256, ""lr"": 0.001, ""optimizer"": ""AdamW"", ""proxy_labels_sha256"": ""11e1284125a2d7687f97a6593bb0cc2fdff216c753de813d589c56de8d530fe6"", ""proxy_size"": 500, ""updates"": 1200, ""weight_decay"": 0.0001}",1200,0.0001,selected_uniform,/home/roi/PycharmProjects/KD_v5/OUTPUTS/article1_v3/results_proxy_size_expert_prob.csv,9,,,,,,,,,,True
a549aff87e6ef58b5926807f91025e7e405b52c4fe466412a04e29956c72609c,mean_probabilities,36c2331f694a7b1dafd8061a0bfab76f41d30d4d90ec93cfa74f40728016566b,256,7ff045e85bdcdcb19da695baf49045e3320a14d4,d2636da84362f05b2a0ab8ebb5039b941c6b9310b42eddd0e6007451ba624b46,131e99175321e7a52cdca3cb4f4c2823d4a78ab2e51898e20bddb5c3b0657f6b,cifar,6.5,300,300,300000,100.0,0.1,c643a33c5bd39dee413ca2ea296a3f85ec91d9f8,0.001,5.5,expert_prob,AdamW,0.3472968320121679,article1-v3,6fb277f27f4d6ad1e68d7df8f5a0bac01661150ecee2090ccfb93c2ab4f0c9a5,66af2fbb33f1e089245500600db030610ac3b47e91dba7cbb7dbf193a5c1ef13,10000,nested_stratified_v1,42,e6ac7e2e1fe54cc5fde5a8717b59adf9ea55e08f9fb89a601d55f86bad0c1bd0,1000,deterministic_evaluation,iid,b94ba5ca2553bfc5,none,42,4cbf3fa68b381479fac6adad7858bdf6c005bc9b17524c59d3de314393dc0ff1,0.074658028781414,185356aa1824f8622c4cedfce3d940f5365857f2d6541013f0f2d87bf8820d24,0.6417,1.0688322467803957,0.771,2.147571334155542,1.5273577377084424,1.0,8.0,"{""K"": 10, ""batch_size"": 256, ""lr"": 0.001, ""optimizer"": ""AdamW"", ""proxy_labels_sha256"": ""6fb277f27f4d6ad1e68d7df8f5a0bac01661150ecee2090ccfb93c2ab4f0c9a5"", ""proxy_size"": 1000, ""updates"": 1200, ""weight_decay"": 0.0001}",1200,0.0001,selected_uniform,/home/roi/PycharmProjects/KD_v5/OUTPUTS/article1_v3/results_proxy_size_expert_prob.csv,11,,,,,,,,,,True
34f84e2343874e1a7b9b815529aa22768f81a356597ec5e338c60b3904ca2c75,mean_probabilities,36c2331f694a7b1dafd8061a0bfab76f41d30d4d90ec93cfa74f40728016566b,256,7ff045e85bdcdcb19da695baf49045e3320a14d4,131d0b9efcd1c7294a6cc1cf94110c75b2bab77a718c2909d085900d8a7a96f6,131e99175321e7a52cdca3cb4f4c2823d4a78ab2e51898e20bddb5c3b0657f6b,cifar,2.4,300,300,300000,0.0,0.0,c643a33c5bd39dee413ca2ea296a3f85ec91d9f8,0.001,2.4,expert_prob,AdamW,0.4167931972744578,article1-v3,6fb277f27f4d6ad1e68d7df8f5a0bac01661150ecee2090ccfb93c2ab4f0c9a5,66af2fbb33f1e089245500600db030610ac3b47e91dba7cbb7dbf193a5c1ef13,10000,nested_stratified_v1,42,e6ac7e2e1fe54cc5fde5a8717b59adf9ea55e08f9fb89a601d55f86bad0c1bd0,1000,deterministic_evaluation,alpha0p1,640c473b279cba58,none,42,5fd5986c7a1b5a53dd081284a7c6d168ead6d11052719571106ca708358e8314,0.0425764843821525,185356aa1824f8622c4cedfce3d940f5365857f2d6541013f0f2d87bf8820d24,0.5653,1.634368112564087,0.979,1.9952248771451464,1.1374383694753254,1.0,8.0,"{""K"": 10, ""batch_size"": 256, ""lr"": 0.001, ""optimizer"": ""AdamW"", ""proxy_labels_sha256"": ""6fb277f27f4d6ad1e68d7df8f5a0bac01661150ecee2090ccfb93c2ab4f0c9a5"", ""proxy_size"": 1000, ""updates"": 1200, ""weight_decay"": 0.0001}",1200,0.0001,selected_uniform,/home/roi/PycharmProjects/KD_v5/OUTPUTS/article1_v3/results_proxy_size_expert_prob.csv,12,,,,,,,,,,True
e6f1e0016bd69e5208d7779bafd908447f0ffbf5bd505201465dc3d9494ee864,mean_probabilities,36c2331f694a7b1dafd8061a0bfab76f41d30d4d90ec93cfa74f40728016566b,256,7ff045e85bdcdcb19da695baf49045e3320a14d4,df8172495f9d3fae3dc1d602b20cc4278ee8df7d87c004ad0754949c37f0bc7f,131e99175321e7a52cdca3cb4f4c2823d4a78ab2e51898e20bddb5c3b0657f6b,cifar,1.0,300,300,300000,0.0,0.0,c643a33c5bd39dee413ca2ea296a3f85ec91d9f8,0.001,1.0,expert_prob,AdamW,0.2770190119565327,article1-v3,6fb277f27f4d6ad1e68d7df8f5a0bac01661150ecee2090ccfb93c2ab4f0c9a5,66af2fbb33f1e089245500600db030610ac3b47e91dba7cbb7dbf193a5c1ef13,10000,nested_stratified_v1,42,e6ac7e2e1fe54cc5fde5a8717b59adf9ea55e08f9fb89a601d55f86bad0c1bd0,1000,deterministic_evaluation,single,2d4c87c3549f39e5,none,42,7dc6b66f51d287ca25873a6d7c127350ad6aa2a41759f865436adb0a88486603,0.0755142867565155,185356aa1824f8622c4cedfce3d940f5365857f2d6541013f0f2d87bf8820d24,0.5687,2.766572400665283,1.0,1.163920287189527,0.3401640200136298,1.0,8.0,"{""K"": 10, ""batch_size"": 256, ""lr"": 0.001, ""optimizer"": ""AdamW"", ""proxy_labels_sha256"": ""6fb277f27f4d6ad1e68d7df8f5a0bac01661150ecee2090ccfb93c2ab4f0c9a5"", ""proxy_size"": 1000, ""updates"": 1200, ""weight_decay"": 0.0001}",1200,0.0001,selected_uniform,/home/roi/PycharmProjects/KD_v5/OUTPUTS/article1_v3/results_proxy_size_expert_prob.csv,13,,,,,,,,,,True
a549aff87e6ef58b5926807f91025e7e405b52c4fe466412a04e29956c72609c,mean_probabilities,e724c55f45cc1687ec21ef6a400c1b24244be6b79477359941d532280cc1b110,256,7ff045e85bdcdcb19da695baf49045e3320a14d4,d2636da84362f05b2a0ab8ebb5039b941c6b9310b42eddd0e6007451ba624b46,7e55b0a381d74a5a5da3ccc320f813c6b82e203e7657ed192f58e978a4ab6f47,cifar,6.5,60,60,300000,500.0,0.1,c643a33c5bd39dee413ca2ea296a3f85ec91d9f8,0.001,5.5,expert_prob,AdamW,0.3459187763583419,article1-v3,7818a0ebb4f6d71c4b8e8645fbcf991c04134196fa58a7d158710d6fca25baa0,66af2fbb33f1e089245500600db030610ac3b47e91dba7cbb7dbf193a5c1ef13,10000,nested_stratified_v1,42,75626a43293e26c6ab450a7c5e34612824ae8e09a125fdbcb9cfe00e8180bcb6,5000,deterministic_evaluation,iid,8dfd89bf4b4933ff,none,42,400ca3feef4bd751c025b928d37891aa0cf85009eb6b6ff028faa53ffd7fadc8,0.0534017793834209,185356aa1824f8622c4cedfce3d940f5365857f2d6541013f0f2d87bf8820d24,0.7404,0.8116266550064087,0.7948,2.1446226014919976,1.5117072624556138,1.0,8.0,"{""K"": 10, ""batch_size"": 256, ""lr"": 0.001, ""optimizer"": ""AdamW"", ""proxy_labels_sha256"": ""7818a0ebb4f6d71c4b8e8645fbcf991c04134196fa58a7d158710d6fca25baa0"", ""proxy_size"": 5000, ""updates"": 1200, ""weight_decay"": 0.0001}",1200,0.0001,selected_uniform,/home/roi/PycharmProjects/KD_v5/OUTPUTS/article1_v3/results_proxy_size_expert_prob.csv,15,,,,,,,,,,True
34f84e2343874e1a7b9b815529aa22768f81a356597ec5e338c60b3904ca2c75,mean_probabilities,e724c55f45cc1687ec21ef6a400c1b24244be6b79477359941d532280cc1b110,256,7ff045e85bdcdcb19da695baf49045e3320a14d4,131d0b9efcd1c7294a6cc1cf94110c75b2bab77a718c2909d085900d8a7a96f6,7e55b0a381d74a5a5da3ccc320f813c6b82e203e7657ed192f58e978a4ab6f47,cifar,2.4,60,60,300000,0.0,0.0,c643a33c5bd39dee413ca2ea296a3f85ec91d9f8,0.001,2.4,expert_prob,AdamW,0.4160797592534988,article1-v3,7818a0ebb4f6d71c4b8e8645fbcf991c04134196fa58a7d158710d6fca25baa0,66af2fbb33f1e089245500600db030610ac3b47e91dba7cbb7dbf193a5c1ef13,10000,nested_stratified_v1,42,75626a43293e26c6ab450a7c5e34612824ae8e09a125fdbcb9cfe00e8180bcb6,5000,deterministic_evaluation,alpha0p1,6538e442d6f29345,none,42,69a3744bfcc123d739eabf7fba1f213ff3f5628aa2d61232469c08aca57a1f92,0.1473509967327118,185356aa1824f8622c4cedfce3d940f5365857f2d6541013f0f2d87bf8820d24,0.7165,1.239797230529785,0.9866,1.9846895563780795,1.12150086871957,1.0,8.0,"{""K"": 10, ""batch_size"": 256, ""lr"": 0.001, ""optimizer"": ""AdamW"", ""proxy_labels_sha256"": ""7818a0ebb4f6d71c4b8e8645fbcf991c04134196fa58a7d158710d6fca25baa0"", ""proxy_size"": 5000, ""updates"": 1200, ""weight_decay"": 0.0001}",1200,0.0001,selected_uniform,/home/roi/PycharmProjects/KD_v5/OUTPUTS/article1_v3/results_proxy_size_expert_prob.csv,16,,,,,,,,,,True
e6f1e0016bd69e5208d7779bafd908447f0ffbf5bd505201465dc3d9494ee864,mean_probabilities,e724c55f45cc1687ec21ef6a400c1b24244be6b79477359941d532280cc1b110,256,7ff045e85bdcdcb19da695baf49045e3320a14d4,df8172495f9d3fae3dc1d602b20cc4278ee8df7d87c004ad0754949c37f0bc7f,7e55b0a381d74a5a5da3ccc320f813c6b82e203e7657ed192f58e978a4ab6f47,cifar,1.0,60,60,300000,0.0,0.0,c643a33c5bd39dee413ca2ea296a3f85ec91d9f8,0.001,1.0,expert_prob,AdamW,0.280555784790214,article1-v3,7818a0ebb4f6d71c4b8e8645fbcf991c04134196fa58a7d158710d6fca25baa0,66af2fbb33f1e089245500600db030610ac3b47e91dba7cbb7dbf193a5c1ef13,10000,nested_stratified_v1,42,75626a43293e26c6ab450a7c5e34612824ae8e09a125fdbcb9cfe00e8180bcb6,5000,deterministic_evaluation,single,6980750e1eab8bd2,none,42,44765d27181b0b30af40239e7acc6caa281e916ff2cad6ebf5508dbfdaa26dae,0.261342316865921,185356aa1824f8622c4cedfce3d940f5365857f2d6541013f0f2d87bf8820d24,0.7384,1.9537447006225583,1.0,1.1754758478501204,0.3455468708877348,1.0,8.0,"{""K"": 10, ""batch_size"": 256, ""lr"": 0.001, ""optimizer"": ""AdamW"", ""proxy_labels_sha256"": ""7818a0ebb4f6d71c4b8e8645fbcf991c04134196fa58a7d158710d6fca25baa0"", ""proxy_size"": 5000, ""updates"": 1200, ""weight_decay"": 0.0001}",1200,0.0001,selected_uniform,/home/roi/PycharmProjects/KD_v5/OUTPUTS/article1_v3/results_proxy_size_expert_prob.csv,17,,,,,,,,,,True
11f91107f69eaf1c882605cd16eb48579ee7dfc8e92323ee1b304604abe55df7,mean_probabilities,774063ddbadfec22036bf9c7cf7cc1d72f7a0e79472c776cc0d37cd5b7a33193,100,7ff045e85bdcdcb19da695baf49045e3320a14d4,313d08a4063e2e70f69684825648a6997881288513eb04c35886ca8ab551e5ca,ccb2db6fe4c4684febc27b3e39673b6b2661b4e117a9a7734628c9869147b730,cifar,5.7,1200,1200,120000,10.0,0.1,c643a33c5bd39dee413ca2ea296a3f85ec91d9f8,0.001,4.7,expert_prob,AdamW,0.390854948759132,article1-v3,cf2477f4398282cb966d3a30d5ad5f08b99e697c09d8a33f7fbff9b823f1d5b6,bed4be8cbbddf6b7e019ee5f865d0201821d40925ca2b78a28d00ef0bde4d7bb,10000,nested_stratified_v1,43,bb38a9c0811d125483c37543869227a680feb6dbf92c294ba62e51f0bac956cf,100,deterministic_evaluation,iid,54be8f024e49d19e,none,43,98093ea1aef70e9d08822aea98594e829b5b134e88b5c70513a1264152996bcb,0.0001463794615119,335be889b9913daeb5005a38607982797a1f0f6633ae7459498f792989576a97,0.4027,1.8994731769561768,0.86,2.145106669554798,1.4893477617227844,1.0,8.0,"{""K"": 10, ""batch_size"": 256, ""lr"": 0.001, ""optimizer"": ""AdamW"", ""proxy_labels_sha256"": ""cf2477f4398282cb966d3a30d5ad5f08b99e697c09d8a33f7fbff9b823f1d5b6"", ""proxy_size"": 100, ""updates"": 1200, ""weight_decay"": 0.0001}",1200,0.0001,selected_uniform,/home/roi/PycharmProjects/KD_v5/OUTPUTS/article1_v3/results_proxy_size_expert_prob.csv,19,,,,,,,,,,True
ad0320c63be8b9c50a5e28d376bbbd9e9c5f13fb47ba0982501f08b414baf9c6,mean_probabilities,774063ddbadfec22036bf9c7cf7cc1d72f7a0e79472c776cc0d37cd5b7a33193,100,7ff045e85bdcdcb19da695baf49045e3320a14d4,cc524a8ddd5e02a659e62aedf04a4b8066364d34da98c377c658ce77c4fab266,ccb2db6fe4c4684febc27b3e39673b6b2661b4e117a9a7734628c9869147b730,cifar,2.4,1200,1200,120000,0.0,0.0,c643a33c5bd39dee413ca2ea296a3f85ec91d9f8,0.001,2.4,expert_prob,AdamW,0.4348965825971253,article1-v3,cf2477f4398282cb966d3a30d5ad5f08b99e697c09d8a33f7fbff9b823f1d5b6,bed4be8cbbddf6b7e019ee5f865d0201821d40925ca2b78a28d00ef0bde4d7bb,10000,nested_stratified_v1,43,bb38a9c0811d125483c37543869227a680feb6dbf92c294ba62e51f0bac956cf,100,deterministic_evaluation,alpha0p1,aacc2e9cbdfe6b39,none,43,76fd8516a8076bd19914a17400afef28b762f11d9044f7bf588b73a807e43d40,2.5823115720413625e-05,335be889b9913daeb5005a38607982797a1f0f6633ae7459498f792989576a97,0.3008,3.2400988193511964,0.95,1.9732230130630604,1.1249539939036233,1.0,8.0,"{""K"": 10, ""batch_size"": 256, ""lr"": 0.001, ""optimizer"": ""AdamW"", ""proxy_labels_sha256"": ""cf2477f4398282cb966d3a30d5ad5f08b99e697c09d8a33f7fbff9b823f1d5b6"", ""proxy_size"": 100, ""updates"": 1200, ""weight_decay"": 0.0001}",1200,0.0001,selected_uniform,/home/roi/PycharmProjects/KD_v5/OUTPUTS/article1_v3/results_proxy_size_expert_prob.csv,20,,,,,,,,,,True
e6f1e0016bd69e5208d7779bafd908447f0ffbf5bd505201465dc3d9494ee864,mean_probabilities,774063ddbadfec22036bf9c7cf7cc1d72f7a0e79472c776cc0d37cd5b7a33193,100,7ff045e85bdcdcb19da695baf49045e3320a14d4,b0e774132de58204419c2668a7ac2df2bbceb888e21808d3fb6686e76d27e693,ccb2db6fe4c4684febc27b3e39673b6b2661b4e117a9a7734628c9869147b730,cifar,1.0,1200,1200,120000,0.0,0.0,c643a33c5bd39dee413ca2ea296a3f85ec91d9f8,0.001,1.0,expert_prob,AdamW,0.2664715974761103,article1-v3,cf2477f4398282cb966d3a30d5ad5f08b99e697c09d8a33f7fbff9b823f1d5b6,bed4be8cbbddf6b7e019ee5f865d0201821d40925ca2b78a28d00ef0bde4d7bb,10000,nested_stratified_v1,43,bb38a9c0811d125483c37543869227a680feb6dbf92c294ba62e51f0bac956cf,100,deterministic_evaluation,single,11467004afb982b8,none,43,5d394c7e4c9d0f82fa5a4e0b390bcdf7cb0b4aec90247c287a1b7aa8834fbc34,3.0994414146334754e-08,335be889b9913daeb5005a38607982797a1f0f6633ae7459498f792989576a97,0.3267,4.437178745651245,1.0,1.1494644570515842,0.3140602474912117,1.0,8.0,"{""K"": 10, ""batch_size"": 256, ""lr"": 0.001, ""optimizer"": ""AdamW"", ""proxy_labels_sha256"": ""cf2477f4398282cb966d3a30d5ad5f08b99e697c09d8a33f7fbff9b823f1d5b6"", ""proxy_size"": 100, ""updates"": 1200, ""weight_decay"": 0.0001}",1200,0.0001,selected_uniform,/home/roi/PycharmProjects/KD_v5/OUTPUTS/article1_v3/results_proxy_size_expert_prob.csv,21,,,,,,,,,,True
11f91107f69eaf1c882605cd16eb48579ee7dfc8e92323ee1b304604abe55df7,mean_probabilities,71ac2c45dd5831edbac0c32d2e4c96ee54b004c17d57544047f187ca1ff28e8a,256,7ff045e85bdcdcb19da695baf49045e3320a14d4,313d08a4063e2e70f69684825648a6997881288513eb04c35886ca8ab551e5ca,2e1844dc56658e2e925a63402fae278b3d466a1b2b534ff5504b8b7a33c9d1d0,cifar,5.7,600,600,300000,50.0,0.1,c643a33c5bd39dee413ca2ea296a3f85ec91d9f8,0.001,4.7,expert_prob,AdamW,0.387292831787501,article1-v3,ffa0eebe87659307a235c6a7b41a8b1ce6b574c0ab3fdaabae526f28f5fa0558,bed4be8cbbddf6b7e019ee5f865d0201821d40925ca2b78a28d00ef0bde4d7bb,10000,nested_stratified_v1,43,62957c1313b9ae402c1964617b4f0b2f0144bd35b4167ed3bd16392a504e5cc2,500,deterministic_evaluation,iid,f49202f7a420bfc2,none,43,c0e0f952ebbcf86630edcff842cdd59a905bb414362ea1366d7b0435da4e78b2,0.0304803289473056,335be889b9913daeb5005a38607982797a1f0f6633ae7459498f792989576a97,0.5822,1.193147322845459,0.826,2.14133882681015,1.480375822825064,1.0,8.0,"{""K"": 10, ""batch_size"": 256, ""lr"": 0.001, ""optimizer"": ""AdamW"", ""proxy_labels_sha256"": ""ffa0eebe87659307a235c6a7b41a8b1ce6b574c0ab3fdaabae526f28f5fa0558"", ""proxy_size"": 500, ""updates"": 1200, ""weight_decay"": 0.0001}",1200,0.0001,selected_uniform,/home/roi/PycharmProjects/KD_v5/OUTPUTS/article1_v3/results_proxy_size_expert_prob.csv,23,,,,,,,,,,True
ad0320c63be8b9c50a5e28d376bbbd9e9c5f13fb47ba0982501f08b414baf9c6,mean_probabilities,71ac2c45dd5831edbac0c32d2e4c96ee54b004c17d57544047f187ca1ff28e8a,256,7ff045e85bdcdcb19da695baf49045e3320a14d4,cc524a8ddd5e02a659e62aedf04a4b8066364d34da98c377c658ce77c4fab266,2e1844dc56658e2e925a63402fae278b3d466a1b2b534ff5504b8b7a33c9d1d0,cifar,2.4,600,600,300000,0.0,0.0,c643a33c5bd39dee413ca2ea296a3f85ec91d9f8,0.001,2.4,expert_prob,AdamW,0.4333456608178816,article1-v3,ffa0eebe87659307a235c6a7b41a8b1ce6b574c0ab3fdaabae526f28f5fa0558,bed4be8cbbddf6b7e019ee5f865d0201821d40925ca2b78a28d00ef0bde4d7bb,10000,nested_stratified_v1,43,62957c1313b9ae402c1964617b4f0b2f0144bd35b4167ed3bd16392a504e5cc2,500,deterministic_evaluation,alpha0p1,cffb23147110ff2a,none,43,7fa40cae28a75588720d8fa2eab27b360b67d5d31b2fe47aa7bd416617975e03,0.0534446649253368,335be889b9913daeb5005a38607982797a1f0f6633ae7459498f792989576a97,0.4708,2.317886848449707,0.958,1.9658473582584952,1.1121956303245224,1.0,8.0,"{""K"": 10, ""batch_size"": 256, ""lr"": 0.001, ""optimizer"": ""AdamW"", ""proxy_labels_sha256"": ""ffa0eebe87659307a235c6a7b41a8b1ce6b574c0ab3fdaabae526f28f5fa0558"", ""proxy_size"": 500, ""updates"": 1200, ""weight_decay"": 0.0001}",1200,0.0001,selected_uniform,/home/roi/PycharmProjects/KD_v5/OUTPUTS/article1_v3/results_proxy_size_expert_prob.csv,24,,,,,,,,,,True
e6f1e0016bd69e5208d7779bafd908447f0ffbf5bd505201465dc3d9494ee864,mean_probabilities,71ac2c45dd5831edbac0c32d2e4c96ee54b004c17d57544047f187ca1ff28e8a,256,7ff045e85bdcdcb19da695baf49045e3320a14d4,b0e774132de58204419c2668a7ac2df2bbceb888e21808d3fb6686e76d27e693,2e1844dc56658e2e925a63402fae278b3d466a1b2b534ff5504b8b7a33c9d1d0,cifar,1.0,600,600,300000,0.0,0.0,c643a33c5bd39dee413ca2ea296a3f85ec91d9f8,0.001,1.0,expert_prob,AdamW,0.2691529437244965,article1-v3,ffa0eebe87659307a235c6a7b41a8b1ce6b574c0ab3fdaabae526f28f5fa0558,bed4be8cbbddf6b7e019ee5f865d0201821d40925ca2b78a28d00ef0bde4d7bb,10000,nested_stratified_v1,43,62957c1313b9ae402c1964617b4f0b2f0144bd35b4167ed3bd16392a504e5cc2,500,deterministic_evaluation,single,bd411a0f802bf1e8,none,43,334807ebc0c75fc39d2d0a2345bd937ed70c78b6a48dd89fd463c9bcd0517385,0.0636022537946701,335be889b9913daeb5005a38607982797a1f0f6633ae7459498f792989576a97,0.5048,3.106520620727539,1.0,1.1546817536418128,0.3192117294170551,1.0,8.0,"{""K"": 10, ""batch_size"": 256, ""lr"": 0.001, ""optimizer"": ""AdamW"", ""proxy_labels_sha256"": ""ffa0eebe87659307a235c6a7b41a8b1ce6b574c0ab3fdaabae526f28f5fa0558"", ""proxy_size"": 500, ""updates"": 1200, ""weight_decay"": 0.0001}",1200,0.0001,selected_uniform,/home/roi/PycharmProjects/KD_v5/OUTPUTS/article1_v3/results_proxy_size_expert_prob.csv,25,,,,,,,,,,True
11f91107f69eaf1c882605cd16eb48579ee7dfc8e92323ee1b304604abe55df7,mean_probabilities,3f6897813d1e52fc9447c705710689cadcdfc833c6f3be83210baaabfd15dfe4,256,7ff045e85bdcdcb19da695baf49045e3320a14d4,313d08a4063e2e70f69684825648a6997881288513eb04c35886ca8ab551e5ca,d221995106e2c358efdcfb6bfdac9775c1e136585d69558bfd19801ca1371307,cifar,5.7,300,300,300000,100.0,0.1,c643a33c5bd39dee413ca2ea296a3f85ec91d9f8,0.001,4.7,expert_prob,AdamW,0.3871462878384241,article1-v3,67ca3db8be9f5184931331cce782ca9080402aec5491b5fbb377c9407f3f5287,bed4be8cbbddf6b7e019ee5f865d0201821d40925ca2b78a28d00ef0bde4d7bb,10000,nested_stratified_v1,43,deed8d41224250db5152a0be5e4fa0c688d949f6e0f3fc8a380dbb0eacda163d,1000,deterministic_evaluation,iid,afeee36440d91f3c,none,43,13a4527b4fb065301bb6cf06d044feea8aed803b5e435aa0e2d4007bbd4ea10f,0.037149716168642,335be889b9913daeb5005a38607982797a1f0f6633ae7459498f792989576a97,0.6511,1.0283697640419007,0.821,2.1407045266485456,1.485936886312923,1.0,8.0,"{""K"": 10, ""batch_size"": 256, ""lr"": 0.001, ""optimizer"": ""AdamW"", ""proxy_labels_sha256"": ""67ca3db8be9f5184931331cce782ca9080402aec5491b5fbb377c9407f3f5287"", ""proxy_size"": 1000, ""updates"": 1200, ""weight_decay"": 0.0001}",1200,0.0001,selected_uniform,/home/roi/PycharmProjects/KD_v5/OUTPUTS/article1_v3/results_proxy_size_expert_prob.csv,27,,,,,,,,,,True
ad0320c63be8b9c50a5e28d376bbbd9e9c5f13fb47ba0982501f08b414baf9c6,mean_probabilities,3f6897813d1e52fc9447c705710689cadcdfc833c6f3be83210baaabfd15dfe4,256,7ff045e85bdcdcb19da695baf49045e3320a14d4,cc524a8ddd5e02a659e62aedf04a4b8066364d34da98c377c658ce77c4fab266,d221995106e2c358efdcfb6bfdac9775c1e136585d69558bfd19801ca1371307,cifar,2.4,300,300,300000,0.0,0.0,c643a33c5bd39dee413ca2ea296a3f85ec91d9f8,0.001,2.4,expert_prob,AdamW,0.4333857296166096,article1-v3,67ca3db8be9f5184931331cce782ca9080402aec5491b5fbb377c9407f3f5287,bed4be8cbbddf6b7e019ee5f865d0201821d40925ca2b78a28d00ef0bde4d7bb,10000,nested_stratified_v1,43,deed8d41224250db5152a0be5e4fa0c688d949f6e0f3fc8a380dbb0eacda163d,1000,deterministic_evaluation,alpha0p1,f4616d936370f02f,none,43,dae1531cfc02eea37b53081dd75fb92dad267bb6f5f00e56090823b9493ce7a9,0.0497182384133338,335be889b9913daeb5005a38607982797a1f0f6633ae7459498f792989576a97,0.5385,2.1667732051849367,0.957,1.964924127412821,1.113200784258568,1.0,8.0,"{""K"": 10, ""batch_size"": 256, ""lr"": 0.001, ""optimizer"": ""AdamW"", ""proxy_labels_sha256"": ""67ca3db8be9f5184931331cce782ca9080402aec5491b5fbb377c9407f3f5287"", ""proxy_size"": 1000, ""updates"": 1200, ""weight_decay"": 0.0001}",1200,0.0001,selected_uniform,/home/roi/PycharmProjects/KD_v5/OUTPUTS/article1_v3/results_proxy_size_expert_prob.csv,28,,,,,,,,,,True
e6f1e0016bd69e5208d7779bafd908447f0ffbf5bd505201465dc3d9494ee864,mean_probabilities,3f6897813d1e52fc9447c705710689cadcdfc833c6f3be83210baaabfd15dfe4,256,7ff045e85bdcdcb19da695baf49045e3320a14d4,b0e774132de58204419c2668a7ac2df2bbceb888e21808d3fb6686e76d27e693,d221995106e2c358efdcfb6bfdac9775c1e136585d69558bfd19801ca1371307,cifar,1.0,300,300,300000,0.0,0.0,c643a33c5bd39dee413ca2ea296a3f85ec91d9f8,0.001,1.0,expert_prob,AdamW,0.2693592795414976,article1-v3,67ca3db8be9f5184931331cce782ca9080402aec5491b5fbb377c9407f3f5287,bed4be8cbbddf6b7e019ee5f865d0201821d40925ca2b78a28d00ef0bde4d7bb,10000,nested_stratified_v1,43,deed8d41224250db5152a0be5e4fa0c688d949f6e0f3fc8a380dbb0eacda163d,1000,deterministic_evaluation,single,69288df85a676568,none,43,64dad752d8172a6e3281cd8619538cf52344b1c3607a4c769d159399ada02454,0.1315139532089233,335be889b9913daeb5005a38607982797a1f0f6633ae7459498f792989576a97,0.5735,2.85427681350708,1.0,1.1551925963156815,0.3194854001253057,1.0,8.0,"{""K"": 10, ""batch_size"": 256, ""lr"": 0.001, ""optimizer"": ""AdamW"", ""proxy_labels_sha256"": ""67ca3db8be9f5184931331cce782ca9080402aec5491b5fbb377c9407f3f5287"", ""proxy_size"": 1000, ""updates"": 1200, ""weight_decay"": 0.0001}",1200,0.0001,selected_uniform,/home/roi/PycharmProjects/KD_v5/OUTPUTS/article1_v3/results_proxy_size_expert_prob.csv,29,,,,,,,,,,True
11f91107f69eaf1c882605cd16eb48579ee7dfc8e92323ee1b304604abe55df7,mean_probabilities,916b8567492f279c0f57d9a3e12ed6dcfe512f2806565bace9c50ba338a269ae,256,7ff045e85bdcdcb19da695baf49045e3320a14d4,313d08a4063e2e70f69684825648a6997881288513eb04c35886ca8ab551e5ca,2f84f2ca05e3a3cfb838ec9399a538ee4a21ca1221acfe186e1ec1a909b669b7,cifar,5.7,60,60,300000,500.0,0.1,c643a33c5bd39dee413ca2ea296a3f85ec91d9f8,0.001,4.7,expert_prob,AdamW,0.3894992735988646,article1-v3,c84acc5d3cb2cb7b28f40c14a7411d405ec69a11798e90b58f78b9d70f08e592,bed4be8cbbddf6b7e019ee5f865d0201821d40925ca2b78a28d00ef0bde4d7bb,10000,nested_stratified_v1,43,056c8915e3d3707c5bee0af4e21160c0962280b01309051a5230942ec5ab894f,5000,deterministic_evaluation,iid,7a4195884a26de7f,none,43,44a818de6cc7ba1d976f6f487b60cc64c7097199d2559595cdef1f290b4135f0,0.0980585366487503,335be889b9913daeb5005a38607982797a1f0f6633ae7459498f792989576a97,0.7328,0.8376020664215088,0.825,2.1451057271749003,1.4985995602272475,1.0,8.0,"{""K"": 10, ""batch_size"": 256, ""lr"": 0.001, ""optimizer"": ""AdamW"", ""proxy_labels_sha256"": ""c84acc5d3cb2cb7b28f40c14a7411d405ec69a11798e90b58f78b9d70f08e592"", ""proxy_size"": 5000, ""updates"": 1200, ""weight_decay"": 0.0001}",1200,0.0001,selected_uniform,/home/roi/PycharmProjects/KD_v5/OUTPUTS/article1_v3/results_proxy_size_expert_prob.csv,31,,,,,,,,,,True
ad0320c63be8b9c50a5e28d376bbbd9e9c5f13fb47ba0982501f08b414baf9c6,mean_probabilities,916b8567492f279c0f57d9a3e12ed6dcfe512f2806565bace9c50ba338a269ae,256,7ff045e85bdcdcb19da695baf49045e3320a14d4,cc524a8ddd5e02a659e62aedf04a4b8066364d34da98c377c658ce77c4fab266,2f84f2ca05e3a3cfb838ec9399a538ee4a21ca1221acfe186e1ec1a909b669b7,cifar,2.4,60,60,300000,0.0,0.0,c643a33c5bd39dee413ca2ea296a3f85ec91d9f8,0.001,2.4,expert_prob,AdamW,0.435887156052807,article1-v3,c84acc5d3cb2cb7b28f40c14a7411d405ec69a11798e90b58f78b9d70f08e592,bed4be8cbbddf6b7e019ee5f865d0201821d40925ca2b78a28d00ef0bde4d7bb,10000,nested_stratified_v1,43,056c8915e3d3707c5bee0af4e21160c0962280b01309051a5230942ec5ab894f,5000,deterministic_evaluation,alpha0p1,636192297f453c5f,none,43,104ae5fbc3e077852f24d2981c63e4feada76ef7054c36991e2444c676df9f8f,0.1661664992570877,335be889b9913daeb5005a38607982797a1f0f6633ae7459498f792989576a97,0.7142,1.2943394300460815,0.9578,1.970816094267608,1.1203337856763147,1.0,8.0,"{""K"": 10, ""batch_size"": 256, ""lr"": 0.001, ""optimizer"": ""AdamW"", ""proxy_labels_sha256"": ""c84acc5d3cb2cb7b28f40c14a7411d405ec69a11798e90b58f78b9d70f08e592"", ""proxy_size"": 5000, ""updates"": 1200, ""weight_decay"": 0.0001}",1200,0.0001,selected_uniform,/home/roi/PycharmProjects/KD_v5/OUTPUTS/article1_v3/results_proxy_size_expert_prob.csv,32,,,,,,,,,,True
e6f1e0016bd69e5208d7779bafd908447f0ffbf5bd505201465dc3d9494ee864,mean_probabilities,916b8567492f279c0f57d9a3e12ed6dcfe512f2806565bace9c50ba338a269ae,256,7ff045e85bdcdcb19da695baf49045e3320a14d4,b0e774132de58204419c2668a7ac2df2bbceb888e21808d3fb6686e76d27e693,2f84f2ca05e3a3cfb838ec9399a538ee4a21ca1221acfe186e1ec1a909b669b7,cifar,1.0,60,60,300000,0.0,0.0,c643a33c5bd39dee413ca2ea296a3f85ec91d9f8,0.001,1.0,expert_prob,AdamW,0.2680763393944678,article1-v3,c84acc5d3cb2cb7b28f40c14a7411d405ec69a11798e90b58f78b9d70f08e592,bed4be8cbbddf6b7e019ee5f865d0201821d40925ca2b78a28d00ef0bde4d7bb,10000,nested_stratified_v1,43,056c8915e3d3707c5bee0af4e21160c0962280b01309051a5230942ec5ab894f,5000,deterministic_evaluation,single,66beffd34a6a9318,none,43,e117f030f3bee213025a256d6882c4ce5e3234c2eff177c9ee94909935ec19c5,0.1559834778308868,335be889b9913daeb5005a38607982797a1f0f6633ae7459498f792989576a97,0.7445,1.892447516822815,1.0,1.150759850896337,0.3177594267897439,1.0,8.0,"{""K"": 10, ""batch_size"": 256, ""lr"": 0.001, ""optimizer"": ""AdamW"", ""proxy_labels_sha256"": ""c84acc5d3cb2cb7b28f40c14a7411d405ec69a11798e90b58f78b9d70f08e592"", ""proxy_size"": 5000, ""updates"": 1200, ""weight_decay"": 0.0001}",1200,0.0001,selected_uniform,/home/roi/PycharmProjects/KD_v5/OUTPUTS/article1_v3/results_proxy_size_expert_prob.csv,33,,,,,,,,,,True
059be922475ef12f58bc3781d108bf6a3d24d8a5cf138278e605d74b6f4cc0d1,mean_probabilities,584406a028e74e2941844d91fa89440838622020240ebb18220ada45a16cbcc5,100,7ff045e85bdcdcb19da695baf49045e3320a14d4,2c264eb2b010463c5e733bb95ad9ab1809529bedec649fec20beca0919e18402,89f925f00ca58356cafbddc489dc5453f315a3aeb3b7d9b014f697d75daef11d,cifar,6.2,1200,1200,120000,10.0,0.1,c643a33c5bd39dee413ca2ea296a3f85ec91d9f8,0.001,5.2,expert_prob,AdamW,0.3837478641733851,article1-v3,c634621c25bd9f84b0948ebe9d18f119a5ab295ee004e83d65dbac04043dff34,bb299879f6f7c5c2039d6b8d2a92bcc4d9457d5113e2928c6257cbe8e8881cd5,10000,nested_stratified_v1,44,98bca177f1626a29c0c17ece5e63167691e5d013b388d16480d7a647d79d0e0d,100,deterministic_evaluation,iid,2adfeaea012ffc17,none,44,20dddab245c9751b624e559d09a5582c97d8f381512b51d42c4c2a3c580756e9,0.0001964330585906,46589cf6bfcd1fa9ee8bf3ef4d53bdd80a9fb701649506d084ffd4cf895930da,0.4097,1.823207033920288,0.8,2.1693777445924884,1.575629883897789,1.0,8.0,"{""K"": 10, ""batch_size"": 256, ""lr"": 0.001, ""optimizer"": ""AdamW"", ""proxy_labels_sha256"": ""c634621c25bd9f84b0948ebe9d18f119a5ab295ee004e83d65dbac04043dff34"", ""proxy_size"": 100, ""updates"": 1200, ""weight_decay"": 0.0001}",1200,0.0001,selected_uniform,/home/roi/PycharmProjects/KD_v5/OUTPUTS/article1_v3/results_proxy_size_expert_prob.csv,35,,,,,,,,,,True
cecf6fdcbdfae1fae44fbbe05658d49421ee7dab96cd38570c6de368e9311c01,mean_probabilities,584406a028e74e2941844d91fa89440838622020240ebb18220ada45a16cbcc5,100,7ff045e85bdcdcb19da695baf49045e3320a14d4,89288c8820f0afac2817cce5320a371303b0aabae735b81c82db7a423f39650a,89f925f00ca58356cafbddc489dc5453f315a3aeb3b7d9b014f697d75daef11d,cifar,3.0,1200,1200,120000,0.0,0.0,c643a33c5bd39dee413ca2ea296a3f85ec91d9f8,0.001,3.0,expert_prob,AdamW,0.3944501680822285,article1-v3,c634621c25bd9f84b0948ebe9d18f119a5ab295ee004e83d65dbac04043dff34,bb299879f6f7c5c2039d6b8d2a92bcc4d9457d5113e2928c6257cbe8e8881cd5,10000,nested_stratified_v1,44,98bca177f1626a29c0c17ece5e63167691e5d013b388d16480d7a647d79d0e0d,100,deterministic_evaluation,alpha0p1,17a3b12ed320d59b,none,44,b4c4238e1e810d82e11c5d47f75185988e3a13cd962118bde5ebfd214564ffa8,0.007068290375173,46589cf6bfcd1fa9ee8bf3ef4d53bdd80a9fb701649506d084ffd4cf895930da,0.3495,3.045626753997803,0.96,2.036698782819629,1.204971091049545,1.0,8.0,"{""K"": 10, ""batch_size"": 256, ""lr"": 0.001, ""optimizer"": ""AdamW"", ""proxy_labels_sha256"": ""c634621c25bd9f84b0948ebe9d18f119a5ab295ee004e83d65dbac04043dff34"", ""proxy_size"": 100, ""updates"": 1200, ""weight_decay"": 0.0001}",1200,0.0001,selected_uniform,/home/roi/PycharmProjects/KD_v5/OUTPUTS/article1_v3/results_proxy_size_expert_prob.csv,36,,,,,,,,,,True
e6f1e0016bd69e5208d7779bafd908447f0ffbf5bd505201465dc3d9494ee864,mean_probabilities,584406a028e74e2941844d91fa89440838622020240ebb18220ada45a16cbcc5,100,7ff045e85bdcdcb19da695baf49045e3320a14d4,4a19eeed7486a909cce5e44750f02af8885ca0d179d5ba1614e49333f1bab69a,89f925f00ca58356cafbddc489dc5453f315a3aeb3b7d9b014f697d75daef11d,cifar,1.0,1200,1200,120000,0.0,0.0,c643a33c5bd39dee413ca2ea296a3f85ec91d9f8,0.001,1.0,expert_prob,AdamW,0.2589686430723588,article1-v3,c634621c25bd9f84b0948ebe9d18f119a5ab295ee004e83d65dbac04043dff34,bb299879f6f7c5c2039d6b8d2a92bcc4d9457d5113e2928c6257cbe8e8881cd5,10000,nested_stratified_v1,44,98bca177f1626a29c0c17ece5e63167691e5d013b388d16480d7a647d79d0e0d,100,deterministic_evaluation,single,64027772f152c5b6,none,44,5163472e2db63f205d564d9eb5723a45559c8027f2598e00a3b4393cc933e8d0,3.781557097681798e-05,46589cf6bfcd1fa9ee8bf3ef4d53bdd80a9fb701649506d084ffd4cf895930da,0.3398,4.326822142028808,1.0,1.1184774062521696,0.3071019162905806,1.0,8.0,"{""K"": 10, ""batch_size"": 256, ""lr"": 0.001, ""optimizer"": ""AdamW"", ""proxy_labels_sha256"": ""c634621c25bd9f84b0948ebe9d18f119a5ab295ee004e83d65dbac04043dff34"", ""proxy_size"": 100, ""updates"": 1200, ""weight_decay"": 0.0001}",1200,0.0001,selected_uniform,/home/roi/PycharmProjects/KD_v5/OUTPUTS/article1_v3/results_proxy_size_expert_prob.csv,37,,,,,,,,,,True
059be922475ef12f58bc3781d108bf6a3d24d8a5cf138278e605d74b6f4cc0d1,mean_probabilities,f55789b054e434ab8d389ce08a35b3d46106180395eada71879d246719846752,256,7ff045e85bdcdcb19da695baf49045e3320a14d4,2c264eb2b010463c5e733bb95ad9ab1809529bedec649fec20beca0919e18402,df73f3c03baca526c997e2ae218cde5bf29572f76eae41d65d364f1e17150b1b,cifar,6.2,600,600,300000,50.0,0.1,c643a33c5bd39dee413ca2ea296a3f85ec91d9f8,0.001,5.2,expert_prob,AdamW,0.3873623900291859,article1-v3,6ac9ff4d15854c621b9386cafcdae6ab726b2759fabec5119d272fcbbb910d45,bb299879f6f7c5c2039d6b8d2a92bcc4d9457d5113e2928c6257cbe8e8881cd5,10000,nested_stratified_v1,44,555b3015ad1bc5337fb62e88c3c1020e111f641b9d3b7778d3db91a975df29cf,500,deterministic_evaluation,iid,c418af63128e3e69,none,44,d1d2f99ec75609d9f4869f5c8a85ec61b34edf10fb000ade34c03dd451e8e8d2,0.0416088066995143,46589cf6bfcd1fa9ee8bf3ef4d53bdd80a9fb701649506d084ffd4cf895930da,0.5723,1.1808553525924683,0.814,2.172543845477509,1.5785597863266156,1.0,8.0,"{""K"": 10, ""batch_size"": 256, ""lr"": 0.001, ""optimizer"": ""AdamW"", ""proxy_labels_sha256"": ""6ac9ff4d15854c621b9386cafcdae6ab726b2759fabec5119d272fcbbb910d45"", ""proxy_size"": 500, ""updates"": 1200, ""weight_decay"": 0.0001}",1200,0.0001,selected_uniform,/home/roi/PycharmProjects/KD_v5/OUTPUTS/article1_v3/results_proxy_size_expert_prob.csv,39,,,,,,,,,,True
cecf6fdcbdfae1fae44fbbe05658d49421ee7dab96cd38570c6de368e9311c01,mean_probabilities,f55789b054e434ab8d389ce08a35b3d46106180395eada71879d246719846752,256,7ff045e85bdcdcb19da695baf49045e3320a14d4,89288c8820f0afac2817cce5320a371303b0aabae735b81c82db7a423f39650a,df73f3c03baca526c997e2ae218cde5bf29572f76eae41d65d364f1e17150b1b,cifar,3.0,600,600,300000,0.0,0.0,c643a33c5bd39dee413ca2ea296a3f85ec91d9f8,0.001,3.0,expert_prob,AdamW,0.3904117591668897,article1-v3,6ac9ff4d15854c621b9386cafcdae6ab726b2759fabec5119d272fcbbb910d45,bb299879f6f7c5c2039d6b8d2a92bcc4d9457d5113e2928c6257cbe8e8881cd5,10000,nested_stratified_v1,44,555b3015ad1bc5337fb62e88c3c1020e111f641b9d3b7778d3db91a975df29cf,500,deterministic_evaluation,alpha0p1,62fac68a30ab80af,none,44,9bad4db340eee7b4d7a585de923c0a47bbe40241e7200894e173ac5d26fadfc0,0.0365227758884429,46589cf6bfcd1fa9ee8bf3ef4d53bdd80a9fb701649506d084ffd4cf895930da,0.4866,2.158435578918457,0.958,2.029938777714549,1.196194114485745,1.0,8.0,"{""K"": 10, ""batch_size"": 256, ""lr"": 0.001, ""optimizer"": ""AdamW"", ""proxy_labels_sha256"": ""6ac9ff4d15854c621b9386cafcdae6ab726b2759fabec5119d272fcbbb910d45"", ""proxy_size"": 500, ""updates"": 1200, ""weight_decay"": 0.0001}",1200,0.0001,selected_uniform,/home/roi/PycharmProjects/KD_v5/OUTPUTS/article1_v3/results_proxy_size_expert_prob.csv,40,,,,,,,,,,True
e6f1e0016bd69e5208d7779bafd908447f0ffbf5bd505201465dc3d9494ee864,mean_probabilities,f55789b054e434ab8d389ce08a35b3d46106180395eada71879d246719846752,256,7ff045e85bdcdcb19da695baf49045e3320a14d4,4a19eeed7486a909cce5e44750f02af8885ca0d179d5ba1614e49333f1bab69a,df73f3c03baca526c997e2ae218cde5bf29572f76eae41d65d364f1e17150b1b,cifar,1.0,600,600,300000,0.0,0.0,c643a33c5bd39dee413ca2ea296a3f85ec91d9f8,0.001,1.0,expert_prob,AdamW,0.2603603650135442,article1-v3,6ac9ff4d15854c621b9386cafcdae6ab726b2759fabec5119d272fcbbb910d45,bb299879f6f7c5c2039d6b8d2a92bcc4d9457d5113e2928c6257cbe8e8881cd5,10000,nested_stratified_v1,44,555b3015ad1bc5337fb62e88c3c1020e111f641b9d3b7778d3db91a975df29cf,500,deterministic_evaluation,single,69bc90398f3a839f,none,44,f030f0db376327b3e82504c76a9c0085caf221a6d88c380b67ec0f7ac055a405,0.1053440049290657,46589cf6bfcd1fa9ee8bf3ef4d53bdd80a9fb701649506d084ffd4cf895930da,0.4967,3.453469843292236,1.0,1.123902151161719,0.3087659264386365,1.0,8.0,"{""K"": 10, ""batch_size"": 256, ""lr"": 0.001, ""optimizer"": ""AdamW"", ""proxy_labels_sha256"": ""6ac9ff4d15854c621b9386cafcdae6ab726b2759fabec5119d272fcbbb910d45"", ""proxy_size"": 500, ""updates"": 1200, ""weight_decay"": 0.0001}",1200,0.0001,selected_uniform,/home/roi/PycharmProjects/KD_v5/OUTPUTS/article1_v3/results_proxy_size_expert_prob.csv,41,,,,,,,,,,True
059be922475ef12f58bc3781d108bf6a3d24d8a5cf138278e605d74b6f4cc0d1,mean_probabilities,3855d25d2f0d242d30fbd64698ecb3cddabbdf8daaaa067fb38ca24ea1aa5159,256,7ff045e85bdcdcb19da695baf49045e3320a14d4,2c264eb2b010463c5e733bb95ad9ab1809529bedec649fec20beca0919e18402,fe52d00403830b8916f1b201cd18fbc11df6ca44a70b15a06c745da16c6d28e1,cifar,6.2,300,300,300000,100.0,0.1,c643a33c5bd39dee413ca2ea296a3f85ec91d9f8,0.001,5.2,expert_prob,AdamW,0.3864151115102875,article1-v3,b00df5e1983ff251283547c4b5298e5351a6d90be1882217c370dea97fd0a974,bb299879f6f7c5c2039d6b8d2a92bcc4d9457d5113e2928c6257cbe8e8881cd5,10000,nested_stratified_v1,44,b8b4a475be000e9a80c6cd89b4d84c1f9646e336861ba970386a6a33ae9f908a,1000,deterministic_evaluation,iid,85e3d7f32064152a,none,44,eade8951b2dea9d03563052bd397a9d4ef1f40a5e4a12798669d5527874f9044,0.0249133054167032,46589cf6bfcd1fa9ee8bf3ef4d53bdd80a9fb701649506d084ffd4cf895930da,0.6609,0.9701654594421388,0.823,2.1710770820201235,1.566257180990586,1.0,8.0,"{""K"": 10, ""batch_size"": 256, ""lr"": 0.001, ""optimizer"": ""AdamW"", ""proxy_labels_sha256"": ""b00df5e1983ff251283547c4b5298e5351a6d90be1882217c370dea97fd0a974"", ""proxy_size"": 1000, ""updates"": 1200, ""weight_decay"": 0.0001}",1200,0.0001,selected_uniform,/home/roi/PycharmProjects/KD_v5/OUTPUTS/article1_v3/results_proxy_size_expert_prob.csv,43,,,,,,,,,,True
cecf6fdcbdfae1fae44fbbe05658d49421ee7dab96cd38570c6de368e9311c01,mean_probabilities,3855d25d2f0d242d30fbd64698ecb3cddabbdf8daaaa067fb38ca24ea1aa5159,256,7ff045e85bdcdcb19da695baf49045e3320a14d4,89288c8820f0afac2817cce5320a371303b0aabae735b81c82db7a423f39650a,fe52d00403830b8916f1b201cd18fbc11df6ca44a70b15a06c745da16c6d28e1,cifar,3.0,300,300,300000,0.0,0.0,c643a33c5bd39dee413ca2ea296a3f85ec91d9f8,0.001,3.0,expert_prob,AdamW,0.3914508433986161,article1-v3,b00df5e1983ff251283547c4b5298e5351a6d90be1882217c370dea97fd0a974,bb299879f6f7c5c2039d6b8d2a92bcc4d9457d5113e2928c6257cbe8e8881cd5,10000,nested_stratified_v1,44,b8b4a475be000e9a80c6cd89b4d84c1f9646e336861ba970386a6a33ae9f908a,1000,deterministic_evaluation,alpha0p1,9c42badf74541a9b,none,44,5836aaa4c5259cbf082ae3189dd6e35fc62bb8b8f83a65cefad8a3fb2eeb511d,0.0407037287950515,46589cf6bfcd1fa9ee8bf3ef4d53bdd80a9fb701649506d084ffd4cf895930da,0.573,1.8581805570602417,0.966,2.027370059174934,1.1860750872468253,1.0,8.0,"{""K"": 10, ""batch_size"": 256, ""lr"": 0.001, ""optimizer"": ""AdamW"", ""proxy_labels_sha256"": ""b00df5e1983ff251283547c4b5298e5351a6d90be1882217c370dea97fd0a974"", ""proxy_size"": 1000, ""updates"": 1200, ""weight_decay"": 0.0001}",1200,0.0001,selected_uniform,/home/roi/PycharmProjects/KD_v5/OUTPUTS/article1_v3/results_proxy_size_expert_prob.csv,44,,,,,,,,,,True
e6f1e0016bd69e5208d7779bafd908447f0ffbf5bd505201465dc3d9494ee864,mean_probabilities,3855d25d2f0d242d30fbd64698ecb3cddabbdf8daaaa067fb38ca24ea1aa5159,256,7ff045e85bdcdcb19da695baf49045e3320a14d4,4a19eeed7486a909cce5e44750f02af8885ca0d179d5ba1614e49333f1bab69a,fe52d00403830b8916f1b201cd18fbc11df6ca44a70b15a06c745da16c6d28e1,cifar,1.0,300,300,300000,0.0,0.0,c643a33c5bd39dee413ca2ea296a3f85ec91d9f8,0.001,1.0,expert_prob,AdamW,0.2603169098405415,article1-v3,b00df5e1983ff251283547c4b5298e5351a6d90be1882217c370dea97fd0a974,bb299879f6f7c5c2039d6b8d2a92bcc4d9457d5113e2928c6257cbe8e8881cd5,10000,nested_stratified_v1,44,b8b4a475be000e9a80c6cd89b4d84c1f9646e336861ba970386a6a33ae9f908a,1000,deterministic_evaluation,single,d761a8630e8726f6,none,44,3b56b990bb3311c4ae69c31399abc6a286ced23fba33068da14e7f88d13da45f,0.0567970275878906,46589cf6bfcd1fa9ee8bf3ef4d53bdd80a9fb701649506d084ffd4cf895930da,0.587,2.921005297088623,1.0,1.1242499409341185,0.3085034033046718,1.0,8.0,"{""K"": 10, ""batch_size"": 256, ""lr"": 0.001, ""optimizer"": ""AdamW"", ""proxy_labels_sha256"": ""b00df5e1983ff251283547c4b5298e5351a6d90be1882217c370dea97fd0a974"", ""proxy_size"": 1000, ""updates"": 1200, ""weight_decay"": 0.0001}",1200,0.0001,selected_uniform,/home/roi/PycharmProjects/KD_v5/OUTPUTS/article1_v3/results_proxy_size_expert_prob.csv,45,,,,,,,,,,True
059be922475ef12f58bc3781d108bf6a3d24d8a5cf138278e605d74b6f4cc0d1,mean_probabilities,d07c41e506d84f587a477889cc8c382fb50c4456e8b31a1b3460301db223b556,256,7ff045e85bdcdcb19da695baf49045e3320a14d4,2c264eb2b010463c5e733bb95ad9ab1809529bedec649fec20beca0919e18402,c31163a500f5afd69526b2810d89b90ef2b947126384281692e605e4cc5fb6de,cifar,6.2,60,60,300000,500.0,0.1,c643a33c5bd39dee413ca2ea296a3f85ec91d9f8,0.001,5.2,expert_prob,AdamW,0.3859540824188625,article1-v3,893da95ead3c665215eb13a5f6050076ab9dcc0b168e2ac6517b8cd986f8bd30,bb299879f6f7c5c2039d6b8d2a92bcc4d9457d5113e2928c6257cbe8e8881cd5,10000,nested_stratified_v1,44,0683231331de914156adefcb2239f8600e804117616580e4be80c7acff562587,5000,deterministic_evaluation,iid,0c0d42c1537f3b45,none,44,d38e0ac756b2b5379cf565aa4cc2d5fcce3e86be65b18931b638279be3e8f816,0.0863835141062736,46589cf6bfcd1fa9ee8bf3ef4d53bdd80a9fb701649506d084ffd4cf895930da,0.7386,0.7768108817100525,0.8234,2.1685046939028605,1.5586838511372494,1.0,8.0,"{""K"": 10, ""batch_size"": 256, ""lr"": 0.001, ""optimizer"": ""AdamW"", ""proxy_labels_sha256"": ""893da95ead3c665215eb13a5f6050076ab9dcc0b168e2ac6517b8cd986f8bd30"", ""proxy_size"": 5000, ""updates"": 1200, ""weight_decay"": 0.0001}",1200,0.0001,selected_uniform,/home/roi/PycharmProjects/KD_v5/OUTPUTS/article1_v3/results_proxy_size_expert_prob.csv,47,,,,,,,,,,True
cecf6fdcbdfae1fae44fbbe05658d49421ee7dab96cd38570c6de368e9311c01,mean_probabilities,d07c41e506d84f587a477889cc8c382fb50c4456e8b31a1b3460301db223b556,256,7ff045e85bdcdcb19da695baf49045e3320a14d4,89288c8820f0afac2817cce5320a371303b0aabae735b81c82db7a423f39650a,c31163a500f5afd69526b2810d89b90ef2b947126384281692e605e4cc5fb6de,cifar,3.0,60,60,300000,0.0,0.0,c643a33c5bd39dee413ca2ea296a3f85ec91d9f8,0.001,3.0,expert_prob,AdamW,0.3912973588475357,article1-v3,893da95ead3c665215eb13a5f6050076ab9dcc0b168e2ac6517b8cd986f8bd30,bb299879f6f7c5c2039d6b8d2a92bcc4d9457d5113e2928c6257cbe8e8881cd5,10000,nested_stratified_v1,44,0683231331de914156adefcb2239f8600e804117616580e4be80c7acff562587,5000,deterministic_evaluation,alpha0p1,135b677b080bf767,none,44,25897ce2f87865f4b05b5429e401305d3961965552f7a3e3dd4dfb21d473c3c5,0.2786720097064972,46589cf6bfcd1fa9ee8bf3ef4d53bdd80a9fb701649506d084ffd4cf895930da,0.6824,1.4451084125518798,0.9654,2.0223912307366425,1.1819361070169792,1.0,8.0,"{""K"": 10, ""batch_size"": 256, ""lr"": 0.001, ""optimizer"": ""AdamW"", ""proxy_labels_sha256"": ""893da95ead3c665215eb13a5f6050076ab9dcc0b168e2ac6517b8cd986f8bd30"", ""proxy_size"": 5000, ""updates"": 1200, ""weight_decay"": 0.0001}",1200,0.0001,selected_uniform,/home/roi/PycharmProjects/KD_v5/OUTPUTS/article1_v3/results_proxy_size_expert_prob.csv,48,,,,,,,,,,True
e6f1e0016bd69e5208d7779bafd908447f0ffbf5bd505201465dc3d9494ee864,mean_probabilities,d07c41e506d84f587a477889cc8c382fb50c4456e8b31a1b3460301db223b556,256,7ff045e85bdcdcb19da695baf49045e3320a14d4,4a19eeed7486a909cce5e44750f02af8885ca0d179d5ba1614e49333f1bab69a,c31163a500f5afd69526b2810d89b90ef2b947126384281692e605e4cc5fb6de,cifar,1.0,60,60,300000,0.0,0.0,c643a33c5bd39dee413ca2ea296a3f85ec91d9f8,0.001,1.0,expert_prob,AdamW,0.2611965321807828,article1-v3,893da95ead3c665215eb13a5f6050076ab9dcc0b168e2ac6517b8cd986f8bd30,bb299879f6f7c5c2039d6b8d2a92bcc4d9457d5113e2928c6257cbe8e8881cd5,10000,nested_stratified_v1,44,0683231331de914156adefcb2239f8600e804117616580e4be80c7acff562587,5000,deterministic_evaluation,single,90d6a72f187e0e8a,none,44,9af30855ca87dd605390417c498ce8a8d30c8a754a3158eba2df6d353d18dd41,0.2583340406417846,46589cf6bfcd1fa9ee8bf3ef4d53bdd80a9fb701649506d084ffd4cf895930da,0.7229,2.181350838851929,1.0,1.1264118057564805,0.3101279262033508,1.0,8.0,"{""K"": 10, ""batch_size"": 256, ""lr"": 0.001, ""optimizer"": ""AdamW"", ""proxy_labels_sha256"": ""893da95ead3c665215eb13a5f6050076ab9dcc0b168e2ac6517b8cd986f8bd30"", ""proxy_size"": 5000, ""updates"": 1200, ""weight_decay"": 0.0001}",1200,0.0001,selected_uniform,/home/roi/PycharmProjects/KD_v5/OUTPUTS/article1_v3/results_proxy_size_expert_prob.csv,49,,,,,,,,,,True
a549aff87e6ef58b5926807f91025e7e405b52c4fe466412a04e29956c72609c,mean_probabilities,9c89cc8875f36da465b21ebab76f17691f27e51a6e391c7da97d9b3c818ea16e,100,7ff045e85bdcdcb19da695baf49045e3320a14d4,d2636da84362f05b2a0ab8ebb5039b941c6b9310b42eddd0e6007451ba624b46,53f9e814a94b3c58466da1b196a4a015777ae6b1c7cdabf87a8ad2bc27a4c731,cifar,9.999999999999998,1200,1200,120000,0.0,0.0,f43d3c45a93e7d059b9e9102281be5fe6dfd02e6,0.001,10.0,feddf_prob,AdamW,,article1-v3,392654b3c3340eaf73f153ae57d9b013005a9220630fb5b5b46d9f668e1c87cb,66af2fbb33f1e089245500600db030610ac3b47e91dba7cbb7dbf193a5c1ef13,10000,nested_stratified_v1,42,85a26f7dcea1550411a19050a529862f2def50737608f3fbf6854cdf74235b17,100,deterministic_evaluation,iid,161c0fe2631b90d8,none,42,44f5d7a742c4eb817c18ef4da92f17dcd56f3b02dc0076cdcf9934d97b442cdd,3.323554892631364e-06,185356aa1824f8622c4cedfce3d940f5365857f2d6541013f0f2d87bf8820d24,0.4195,1.816007500457764,0.75,2.167279063269397,1.5706253593389363,1.0,8.0,"{""K"": 10, ""batch_size"": 256, ""lr"": 0.001, ""optimizer"": ""AdamW"", ""proxy_labels_sha256"": ""392654b3c3340eaf73f153ae57d9b013005a9220630fb5b5b46d9f668e1c87cb"", ""proxy_size"": 100, ""updates"": 1200, ""weight_decay"": 0.0001}",1200,0.0001,uniform,/home/roi/PycharmProjects/KD_v5/OUTPUTS/article1_v3/results_proxy_size_feddf_prob.csv,2,,,,,,,,,,True
34f84e2343874e1a7b9b815529aa22768f81a356597ec5e338c60b3904ca2c75,mean_probabilities,9c89cc8875f36da465b21ebab76f17691f27e51a6e391c7da97d9b3c818ea16e,100,7ff045e85bdcdcb19da695baf49045e3320a14d4,131d0b9efcd1c7294a6cc1cf94110c75b2bab77a718c2909d085900d8a7a96f6,53f9e814a94b3c58466da1b196a4a015777ae6b1c7cdabf87a8ad2bc27a4c731,cifar,9.999999999999998,1200,1200,120000,0.0,0.0,f43d3c45a93e7d059b9e9102281be5fe6dfd02e6,0.001,10.0,feddf_prob,AdamW,,article1-v3,392654b3c3340eaf73f153ae57d9b013005a9220630fb5b5b46d9f668e1c87cb,66af2fbb33f1e089245500600db030610ac3b47e91dba7cbb7dbf193a5c1ef13,10000,nested_stratified_v1,42,85a26f7dcea1550411a19050a529862f2def50737608f3fbf6854cdf74235b17,100,deterministic_evaluation,alpha0p1,75a4a7e1221099e2,none,42,8a3e8f1f65f5a8eddd2db09c7a721154b71de4cc5c315fafff491e940d509784,1.3685225894732866e-05,185356aa1824f8622c4cedfce3d940f5365857f2d6541013f0f2d87bf8820d24,0.2326,2.5807671783447264,0.48,2.26065045916477,1.9785747999928391,1.0,8.0,"{""K"": 10, ""batch_size"": 256, ""lr"": 0.001, ""optimizer"": ""AdamW"", ""proxy_labels_sha256"": ""392654b3c3340eaf73f153ae57d9b013005a9220630fb5b5b46d9f668e1c87cb"", ""proxy_size"": 100, ""updates"": 1200, ""weight_decay"": 0.0001}",1200,0.0001,uniform,/home/roi/PycharmProjects/KD_v5/OUTPUTS/article1_v3/results_proxy_size_feddf_prob.csv,3,,,,,,,,,,True
e6f1e0016bd69e5208d7779bafd908447f0ffbf5bd505201465dc3d9494ee864,mean_probabilities,9c89cc8875f36da465b21ebab76f17691f27e51a6e391c7da97d9b3c818ea16e,100,7ff045e85bdcdcb19da695baf49045e3320a14d4,df8172495f9d3fae3dc1d602b20cc4278ee8df7d87c004ad0754949c37f0bc7f,53f9e814a94b3c58466da1b196a4a015777ae6b1c7cdabf87a8ad2bc27a4c731,cifar,9.999999999999998,1200,1200,120000,0.0,0.0,f43d3c45a93e7d059b9e9102281be5fe6dfd02e6,0.001,10.0,feddf_prob,AdamW,,article1-v3,392654b3c3340eaf73f153ae57d9b013005a9220630fb5b5b46d9f668e1c87cb,66af2fbb33f1e089245500600db030610ac3b47e91dba7cbb7dbf193a5c1ef13,10000,nested_stratified_v1,42,85a26f7dcea1550411a19050a529862f2def50737608f3fbf6854cdf74235b17,100,deterministic_evaluation,single,4c1b1349cb254c4d,none,42,2de28161b01eb835638401f18b3f9ad61bdce14e6b53d0ec99f676b86096a678,1.029968188959174e-06,185356aa1824f8622c4cedfce3d940f5365857f2d6541013f0f2d87bf8820d24,0.0887,2.742592875289917,0.12,2.2965124078904857,2.2940181041623866,1.0,8.0,"{""K"": 10, ""batch_size"": 256, ""lr"": 0.001, ""optimizer"": ""AdamW"", ""proxy_labels_sha256"": ""392654b3c3340eaf73f153ae57d9b013005a9220630fb5b5b46d9f668e1c87cb"", ""proxy_size"": 100, ""updates"": 1200, ""weight_decay"": 0.0001}",1200,0.0001,uniform,/home/roi/PycharmProjects/KD_v5/OUTPUTS/article1_v3/results_proxy_size_feddf_prob.csv,4,,,,,,,,,,True
a549aff87e6ef58b5926807f91025e7e405b52c4fe466412a04e29956c72609c,mean_probabilities,39ef3cb5cd517a7d6cf7b6bd137d76374f0539b897781179882ea3a2073ba439,256,7ff045e85bdcdcb19da695baf49045e3320a14d4,d2636da84362f05b2a0ab8ebb5039b941c6b9310b42eddd0e6007451ba624b46,985117821410d356f053658bf8ff4e15025a5a7abde78d27b71a8a15fd28a9dc,cifar,9.999999999999998,600,600,300000,0.0,0.0,f43d3c45a93e7d059b9e9102281be5fe6dfd02e6,0.001,10.0,feddf_prob,AdamW,,article1-v3,11e1284125a2d7687f97a6593bb0cc2fdff216c753de813d589c56de8d530fe6,66af2fbb33f1e089245500600db030610ac3b47e91dba7cbb7dbf193a5c1ef13,10000,nested_stratified_v1,42,70b5d68e7fa37cc3c33ddcdec899d76c6961748ca62f6d670077d18fd7c62134,500,deterministic_evaluation,iid,d9da2a5101879d71,none,42,fb8da732ecf8e573b37fb03f0a6e831498b4e80e3260ffaa7cc6bcd3cef88017,0.0480552054941654,185356aa1824f8622c4cedfce3d940f5365857f2d6541013f0f2d87bf8820d24,0.5908,1.175728818511963,0.782,2.162755580587986,1.566925905756278,1.0,8.0,"{""K"": 10, ""batch_size"": 256, ""lr"": 0.001, ""optimizer"": ""AdamW"", ""proxy_labels_sha256"": ""11e1284125a2d7687f97a6593bb0cc2fdff216c753de813d589c56de8d530fe6"", ""proxy_size"": 500, ""updates"": 1200, ""weight_decay"": 0.0001}",1200,0.0001,uniform,/home/roi/PycharmProjects/KD_v5/OUTPUTS/article1_v3/results_proxy_size_feddf_prob.csv,5,,,,,,,,,,True
34f84e2343874e1a7b9b815529aa22768f81a356597ec5e338c60b3904ca2c75,mean_probabilities,39ef3cb5cd517a7d6cf7b6bd137d76374f0539b897781179882ea3a2073ba439,256,7ff045e85bdcdcb19da695baf49045e3320a14d4,131d0b9efcd1c7294a6cc1cf94110c75b2bab77a718c2909d085900d8a7a96f6,985117821410d356f053658bf8ff4e15025a5a7abde78d27b71a8a15fd28a9dc,cifar,9.999999999999998,600,600,300000,0.0,0.0,f43d3c45a93e7d059b9e9102281be5fe6dfd02e6,0.001,10.0,feddf_prob,AdamW,,article1-v3,11e1284125a2d7687f97a6593bb0cc2fdff216c753de813d589c56de8d530fe6,66af2fbb33f1e089245500600db030610ac3b47e91dba7cbb7dbf193a5c1ef13,10000,nested_stratified_v1,42,70b5d68e7fa37cc3c33ddcdec899d76c6961748ca62f6d670077d18fd7c62134,500,deterministic_evaluation,alpha0p1,ce30ff3f847b9f4e,none,42,eddaf17478de7dcd5bb59fc1bb5d2bf66a3dc3db1b7bc36ad8c54b6f7953e590,0.0082398233935236,185356aa1824f8622c4cedfce3d940f5365857f2d6541013f0f2d87bf8820d24,0.2623,2.258867630004883,0.428,2.260396956289605,1.9868939116410425,1.0,8.0,"{""K"": 10, ""batch_size"": 256, ""lr"": 0.001, ""optimizer"": ""AdamW"", ""proxy_labels_sha256"": ""11e1284125a2d7687f97a6593bb0cc2fdff216c753de813d589c56de8d530fe6"", ""proxy_size"": 500, ""updates"": 1200, ""weight_decay"": 0.0001}",1200,0.0001,uniform,/home/roi/PycharmProjects/KD_v5/OUTPUTS/article1_v3/results_proxy_size_feddf_prob.csv,6,,,,,,,,,,True
e6f1e0016bd69e5208d7779bafd908447f0ffbf5bd505201465dc3d9494ee864,mean_probabilities,39ef3cb5cd517a7d6cf7b6bd137d76374f0539b897781179882ea3a2073ba439,256,7ff045e85bdcdcb19da695baf49045e3320a14d4,df8172495f9d3fae3dc1d602b20cc4278ee8df7d87c004ad0754949c37f0bc7f,985117821410d356f053658bf8ff4e15025a5a7abde78d27b71a8a15fd28a9dc,cifar,9.999999999999998,600,600,300000,0.0,0.0,f43d3c45a93e7d059b9e9102281be5fe6dfd02e6,0.001,10.0,feddf_prob,AdamW,,article1-v3,11e1284125a2d7687f97a6593bb0cc2fdff216c753de813d589c56de8d530fe6,66af2fbb33f1e089245500600db030610ac3b47e91dba7cbb7dbf193a5c1ef13,10000,nested_stratified_v1,42,70b5d68e7fa37cc3c33ddcdec899d76c6961748ca62f6d670077d18fd7c62134,500,deterministic_evaluation,single,984463076ecb519c,none,42,84b9a3d994aaa2e240b01354a1ab8d4d1a3cb9e531aa8fe5c50cc21bd6248b2b,0.0017103678546845,185356aa1824f8622c4cedfce3d940f5365857f2d6541013f0f2d87bf8820d24,0.0864,2.753270136642456,0.092,2.2964730449436077,2.312839540131152,1.0,8.0,"{""K"": 10, ""batch_size"": 256, ""lr"": 0.001, ""optimizer"": ""AdamW"", ""proxy_labels_sha256"": ""11e1284125a2d7687f97a6593bb0cc2fdff216c753de813d589c56de8d530fe6"", ""proxy_size"": 500, ""updates"": 1200, ""weight_decay"": 0.0001}",1200,0.0001,uniform,/home/roi/PycharmProjects/KD_v5/OUTPUTS/article1_v3/results_proxy_size_feddf_prob.csv,7,,,,,,,,,,True
a549aff87e6ef58b5926807f91025e7e405b52c4fe466412a04e29956c72609c,mean_probabilities,36c2331f694a7b1dafd8061a0bfab76f41d30d4d90ec93cfa74f40728016566b,256,7ff045e85bdcdcb19da695baf49045e3320a14d4,d2636da84362f05b2a0ab8ebb5039b941c6b9310b42eddd0e6007451ba624b46,131e99175321e7a52cdca3cb4f4c2823d4a78ab2e51898e20bddb5c3b0657f6b,cifar,9.999999999999998,300,300,300000,0.0,0.0,f43d3c45a93e7d059b9e9102281be5fe6dfd02e6,0.001,10.0,feddf_prob,AdamW,,article1-v3,6fb277f27f4d6ad1e68d7df8f5a0bac01661150ecee2090ccfb93c2ab4f0c9a5,66af2fbb33f1e089245500600db030610ac3b47e91dba7cbb7dbf193a5c1ef13,10000,nested_stratified_v1,42,e6ac7e2e1fe54cc5fde5a8717b59adf9ea55e08f9fb89a601d55f86bad0c1bd0,1000,deterministic_evaluation,iid,ba00f4c40a49a340,none,42,03c9fa231d95ae40c6d4416f5f82205a06303fd91fe36fd260b48125e977726d,0.0624429285526275,185356aa1824f8622c4cedfce3d940f5365857f2d6541013f0f2d87bf8820d24,0.6571,1.0042371140480042,0.783,2.1639318109189927,1.5649074169673198,1.0,8.0,"{""K"": 10, ""batch_size"": 256, ""lr"": 0.001, ""optimizer"": ""AdamW"", ""proxy_labels_sha256"": ""6fb277f27f4d6ad1e68d7df8f5a0bac01661150ecee2090ccfb93c2ab4f0c9a5"", ""proxy_size"": 1000, ""updates"": 1200, ""weight_decay"": 0.0001}",1200,0.0001,uniform,/home/roi/PycharmProjects/KD_v5/OUTPUTS/article1_v3/results_proxy_size_feddf_prob.csv,8,,,,,,,,,,True
34f84e2343874e1a7b9b815529aa22768f81a356597ec5e338c60b3904ca2c75,mean_probabilities,36c2331f694a7b1dafd8061a0bfab76f41d30d4d90ec93cfa74f40728016566b,256,7ff045e85bdcdcb19da695baf49045e3320a14d4,131d0b9efcd1c7294a6cc1cf94110c75b2bab77a718c2909d085900d8a7a96f6,131e99175321e7a52cdca3cb4f4c2823d4a78ab2e51898e20bddb5c3b0657f6b,cifar,9.999999999999998,300,300,300000,0.0,0.0,f43d3c45a93e7d059b9e9102281be5fe6dfd02e6,0.001,10.0,feddf_prob,AdamW,,article1-v3,6fb277f27f4d6ad1e68d7df8f5a0bac01661150ecee2090ccfb93c2ab4f0c9a5,66af2fbb33f1e089245500600db030610ac3b47e91dba7cbb7dbf193a5c1ef13,10000,nested_stratified_v1,42,e6ac7e2e1fe54cc5fde5a8717b59adf9ea55e08f9fb89a601d55f86bad0c1bd0,1000,deterministic_evaluation,alpha0p1,e966f350c7b8770c,none,42,4fc88ede8754174331561083931556dccf0872d53f758e3d579417a43551ad16,0.0279808826744556,185356aa1824f8622c4cedfce3d940f5365857f2d6541013f0f2d87bf8820d24,0.2827,2.2291786682128905,0.41,2.26048217734953,1.9888392987108707,1.0,8.0,"{""K"": 10, ""batch_size"": 256, ""lr"": 0.001, ""optimizer"": ""AdamW"", ""proxy_labels_sha256"": ""6fb277f27f4d6ad1e68d7df8f5a0bac01661150ecee2090ccfb93c2ab4f0c9a5"", ""proxy_size"": 1000, ""updates"": 1200, ""weight_decay"": 0.0001}",1200,0.0001,uniform,/home/roi/PycharmProjects/KD_v5/OUTPUTS/article1_v3/results_proxy_size_feddf_prob.csv,9,,,,,,,,,,True
e6f1e0016bd69e5208d7779bafd908447f0ffbf5bd505201465dc3d9494ee864,mean_probabilities,36c2331f694a7b1dafd8061a0bfab76f41d30d4d90ec93cfa74f40728016566b,256,7ff045e85bdcdcb19da695baf49045e3320a14d4,df8172495f9d3fae3dc1d602b20cc4278ee8df7d87c004ad0754949c37f0bc7f,131e99175321e7a52cdca3cb4f4c2823d4a78ab2e51898e20bddb5c3b0657f6b,cifar,9.999999999999998,300,300,300000,0.0,0.0,f43d3c45a93e7d059b9e9102281be5fe6dfd02e6,0.001,10.0,feddf_prob,AdamW,,article1-v3,6fb277f27f4d6ad1e68d7df8f5a0bac01661150ecee2090ccfb93c2ab4f0c9a5,66af2fbb33f1e089245500600db030610ac3b47e91dba7cbb7dbf193a5c1ef13,10000,nested_stratified_v1,42,e6ac7e2e1fe54cc5fde5a8717b59adf9ea55e08f9fb89a601d55f86bad0c1bd0,1000,deterministic_evaluation,single,9f548f3ddab858f6,none,42,f8b515085438904ba871fd388266b636462d3007f75a3b1badad514f82a0e080,0.005997291766107,185356aa1824f8622c4cedfce3d940f5365857f2d6541013f0f2d87bf8820d24,0.0868,2.777426889801025,0.086,2.296506166556021,2.315738734559518,1.0,8.0,"{""K"": 10, ""batch_size"": 256, ""lr"": 0.001, ""optimizer"": ""AdamW"", ""proxy_labels_sha256"": ""6fb277f27f4d6ad1e68d7df8f5a0bac01661150ecee2090ccfb93c2ab4f0c9a5"", ""proxy_size"": 1000, ""updates"": 1200, ""weight_decay"": 0.0001}",1200,0.0001,uniform,/home/roi/PycharmProjects/KD_v5/OUTPUTS/article1_v3/results_proxy_size_feddf_prob.csv,10,,,,,,,,,,True
a549aff87e6ef58b5926807f91025e7e405b52c4fe466412a04e29956c72609c,mean_probabilities,e724c55f45cc1687ec21ef6a400c1b24244be6b79477359941d532280cc1b110,256,7ff045e85bdcdcb19da695baf49045e3320a14d4,d2636da84362f05b2a0ab8ebb5039b941c6b9310b42eddd0e6007451ba624b46,7e55b0a381d74a5a5da3ccc320f813c6b82e203e7657ed192f58e978a4ab6f47,cifar,9.999999999999998,60,60,300000,0.0,0.0,f43d3c45a93e7d059b9e9102281be5fe6dfd02e6,0.001,10.0,feddf_prob,AdamW,,article1-v3,7818a0ebb4f6d71c4b8e8645fbcf991c04134196fa58a7d158710d6fca25baa0,66af2fbb33f1e089245500600db030610ac3b47e91dba7cbb7dbf193a5c1ef13,10000,nested_stratified_v1,42,75626a43293e26c6ab450a7c5e34612824ae8e09a125fdbcb9cfe00e8180bcb6,5000,deterministic_evaluation,iid,f24dd5ae67adc533,none,42,0c3e5fe0452811d3b08cb4c992938cd7df979d086b4bc9e66cd26aa532c4d5be,0.0339290536940097,185356aa1824f8622c4cedfce3d940f5365857f2d6541013f0f2d87bf8820d24,0.7519,0.729330636548996,0.8008,2.16187579113057,1.548556305574562,1.0,8.0,"{""K"": 10, ""batch_size"": 256, ""lr"": 0.001, ""optimizer"": ""AdamW"", ""proxy_labels_sha256"": ""7818a0ebb4f6d71c4b8e8645fbcf991c04134196fa58a7d158710d6fca25baa0"", ""proxy_size"": 5000, ""updates"": 1200, ""weight_decay"": 0.0001}",1200,0.0001,uniform,/home/roi/PycharmProjects/KD_v5/OUTPUTS/article1_v3/results_proxy_size_feddf_prob.csv,11,,,,,,,,,,True
34f84e2343874e1a7b9b815529aa22768f81a356597ec5e338c60b3904ca2c75,mean_probabilities,e724c55f45cc1687ec21ef6a400c1b24244be6b79477359941d532280cc1b110,256,7ff045e85bdcdcb19da695baf49045e3320a14d4,131d0b9efcd1c7294a6cc1cf94110c75b2bab77a718c2909d085900d8a7a96f6,7e55b0a381d74a5a5da3ccc320f813c6b82e203e7657ed192f58e978a4ab6f47,cifar,9.999999999999998,60,60,300000,0.0,0.0,f43d3c45a93e7d059b9e9102281be5fe6dfd02e6,0.001,10.0,feddf_prob,AdamW,,article1-v3,7818a0ebb4f6d71c4b8e8645fbcf991c04134196fa58a7d158710d6fca25baa0,66af2fbb33f1e089245500600db030610ac3b47e91dba7cbb7dbf193a5c1ef13,10000,nested_stratified_v1,42,75626a43293e26c6ab450a7c5e34612824ae8e09a125fdbcb9cfe00e8180bcb6,5000,deterministic_evaluation,alpha0p1,43b7a8f22cfffd32,none,42,6af867a0628451c4302eabbaf16d623850f964804d52d4d9174c324f2eba8d14,0.0193350110203027,185356aa1824f8622c4cedfce3d940f5365857f2d6541013f0f2d87bf8820d24,0.3867,1.798750506210327,0.4326,2.260020683957533,1.9790865653370344,1.0,8.0,"{""K"": 10, ""batch_size"": 256, ""lr"": 0.001, ""optimizer"": ""AdamW"", ""proxy_labels_sha256"": ""7818a0ebb4f6d71c4b8e8645fbcf991c04134196fa58a7d158710d6fca25baa0"", ""proxy_size"": 5000, ""updates"": 1200, ""weight_decay"": 0.0001}",1200,0.0001,uniform,/home/roi/PycharmProjects/KD_v5/OUTPUTS/article1_v3/results_proxy_size_feddf_prob.csv,12,,,,,,,,,,True
e6f1e0016bd69e5208d7779bafd908447f0ffbf5bd505201465dc3d9494ee864,mean_probabilities,e724c55f45cc1687ec21ef6a400c1b24244be6b79477359941d532280cc1b110,256,7ff045e85bdcdcb19da695baf49045e3320a14d4,df8172495f9d3fae3dc1d602b20cc4278ee8df7d87c004ad0754949c37f0bc7f,7e55b0a381d74a5a5da3ccc320f813c6b82e203e7657ed192f58e978a4ab6f47,cifar,9.999999999999998,60,60,300000,0.0,0.0,f43d3c45a93e7d059b9e9102281be5fe6dfd02e6,0.001,10.0,feddf_prob,AdamW,,article1-v3,7818a0ebb4f6d71c4b8e8645fbcf991c04134196fa58a7d158710d6fca25baa0,66af2fbb33f1e089245500600db030610ac3b47e91dba7cbb7dbf193a5c1ef13,10000,nested_stratified_v1,42,75626a43293e26c6ab450a7c5e34612824ae8e09a125fdbcb9cfe00e8180bcb6,5000,deterministic_evaluation,single,1ff59df5538c42c7,none,42,b08da4bbbbc40f941b71a5bc1f5fedbeb26918bbd654174fd46e3d4a483f7a5a,0.013820213265717,185356aa1824f8622c4cedfce3d940f5365857f2d6541013f0f2d87bf8820d24,0.0855,2.767380489349365,0.0828,2.2964719464968755,2.320104983863947,1.0,8.0,"{""K"": 10, ""batch_size"": 256, ""lr"": 0.001, ""optimizer"": ""AdamW"", ""proxy_labels_sha256"": ""7818a0ebb4f6d71c4b8e8645fbcf991c04134196fa58a7d158710d6fca25baa0"", ""proxy_size"": 5000, ""updates"": 1200, ""weight_decay"": 0.0001}",1200,0.0001,uniform,/home/roi/PycharmProjects/KD_v5/OUTPUTS/article1_v3/results_proxy_size_feddf_prob.csv,13,,,,,,,,,,True
11f91107f69eaf1c882605cd16eb48579ee7dfc8e92323ee1b304604abe55df7,mean_probabilities,774063ddbadfec22036bf9c7cf7cc1d72f7a0e79472c776cc0d37cd5b7a33193,100,7ff045e85bdcdcb19da695baf49045e3320a14d4,313d08a4063e2e70f69684825648a6997881288513eb04c35886ca8ab551e5ca,ccb2db6fe4c4684febc27b3e39673b6b2661b4e117a9a7734628c9869147b730,cifar,9.999999999999998,1200,1200,120000,0.0,0.0,f43d3c45a93e7d059b9e9102281be5fe6dfd02e6,0.001,10.0,feddf_prob,AdamW,,article1-v3,cf2477f4398282cb966d3a30d5ad5f08b99e697c09d8a33f7fbff9b823f1d5b6,bed4be8cbbddf6b7e019ee5f865d0201821d40925ca2b78a28d00ef0bde4d7bb,10000,nested_stratified_v1,43,bb38a9c0811d125483c37543869227a680feb6dbf92c294ba62e51f0bac956cf,100,deterministic_evaluation,iid,9fc4c32a614bef9f,none,43,3fa71bfde18c60f741219b70fb7c78fce7d3b05ab834067e3b3403d43b8bd24b,0.0001210308037116,335be889b9913daeb5005a38607982797a1f0f6633ae7459498f792989576a97,0.4154,1.7506819894790648,0.84,2.180348548585454,1.5873853717490505,1.0,8.0,"{""K"": 10, ""batch_size"": 256, ""lr"": 0.001, ""optimizer"": ""AdamW"", ""proxy_labels_sha256"": ""cf2477f4398282cb966d3a30d5ad5f08b99e697c09d8a33f7fbff9b823f1d5b6"", ""proxy_size"": 100, ""updates"": 1200, ""weight_decay"": 0.0001}",1200,0.0001,uniform,/home/roi/PycharmProjects/KD_v5/OUTPUTS/article1_v3/results_proxy_size_feddf_prob.csv,14,,,,,,,,,,True
ad0320c63be8b9c50a5e28d376bbbd9e9c5f13fb47ba0982501f08b414baf9c6,mean_probabilities,774063ddbadfec22036bf9c7cf7cc1d72f7a0e79472c776cc0d37cd5b7a33193,100,7ff045e85bdcdcb19da695baf49045e3320a14d4,cc524a8ddd5e02a659e62aedf04a4b8066364d34da98c377c658ce77c4fab266,ccb2db6fe4c4684febc27b3e39673b6b2661b4e117a9a7734628c9869147b730,cifar,9.999999999999998,1200,1200,120000,0.0,0.0,f43d3c45a93e7d059b9e9102281be5fe6dfd02e6,0.001,10.0,feddf_prob,AdamW,,article1-v3,cf2477f4398282cb966d3a30d5ad5f08b99e697c09d8a33f7fbff9b823f1d5b6,bed4be8cbbddf6b7e019ee5f865d0201821d40925ca2b78a28d00ef0bde4d7bb,10000,nested_stratified_v1,43,bb38a9c0811d125483c37543869227a680feb6dbf92c294ba62e51f0bac956cf,100,deterministic_evaluation,alpha0p1,34df435b05a7e6f0,none,43,84093cca422ac105642fd835a29ab59a985f2f3f356bb405ed41f07043e5731b,1.220703097715159e-06,335be889b9913daeb5005a38607982797a1f0f6633ae7459498f792989576a97,0.2978,2.1451960708618163,0.54,2.255817586081854,1.9215707514518772,1.0,8.0,"{""K"": 10, ""batch_size"": 256, ""lr"": 0.001, ""optimizer"": ""AdamW"", ""proxy_labels_sha256"": ""cf2477f4398282cb966d3a30d5ad5f08b99e697c09d8a33f7fbff9b823f1d5b6"", ""proxy_size"": 100, ""updates"": 1200, ""weight_decay"": 0.0001}",1200,0.0001,uniform,/home/roi/PycharmProjects/KD_v5/OUTPUTS/article1_v3/results_proxy_size_feddf_prob.csv,15,,,,,,,,,,True
e6f1e0016bd69e5208d7779bafd908447f0ffbf5bd505201465dc3d9494ee864,mean_probabilities,774063ddbadfec22036bf9c7cf7cc1d72f7a0e79472c776cc0d37cd5b7a33193,100,7ff045e85bdcdcb19da695baf49045e3320a14d4,b0e774132de58204419c2668a7ac2df2bbceb888e21808d3fb6686e76d27e693,ccb2db6fe4c4684febc27b3e39673b6b2661b4e117a9a7734628c9869147b730,cifar,9.999999999999998,1200,1200,120000,0.0,0.0,f43d3c45a93e7d059b9e9102281be5fe6dfd02e6,0.001,10.0,feddf_prob,AdamW,,article1-v3,cf2477f4398282cb966d3a30d5ad5f08b99e697c09d8a33f7fbff9b823f1d5b6,bed4be8cbbddf6b7e019ee5f865d0201821d40925ca2b78a28d00ef0bde4d7bb,10000,nested_stratified_v1,43,bb38a9c0811d125483c37543869227a680feb6dbf92c294ba62e51f0bac956cf,100,deterministic_evaluation,single,a560cbbaf54822ed,none,43,18a195642cac374f778323e7aae0349a6d506212fc220f598e7285b731a6d42a,7.438659395120339e-07,335be889b9913daeb5005a38607982797a1f0f6633ae7459498f792989576a97,0.0978,2.5228863746643064,0.06,2.299010899573924,2.306145630936588,1.0,8.0,"{""K"": 10, ""batch_size"": 256, ""lr"": 0.001, ""optimizer"": ""AdamW"", ""proxy_labels_sha256"": ""cf2477f4398282cb966d3a30d5ad5f08b99e697c09d8a33f7fbff9b823f1d5b6"", ""proxy_size"": 100, ""updates"": 1200, ""weight_decay"": 0.0001}",1200,0.0001,uniform,/home/roi/PycharmProjects/KD_v5/OUTPUTS/article1_v3/results_proxy_size_feddf_prob.csv,16,,,,,,,,,,True
11f91107f69eaf1c882605cd16eb48579ee7dfc8e92323ee1b304604abe55df7,mean_probabilities,71ac2c45dd5831edbac0c32d2e4c96ee54b004c17d57544047f187ca1ff28e8a,256,7ff045e85bdcdcb19da695baf49045e3320a14d4,313d08a4063e2e70f69684825648a6997881288513eb04c35886ca8ab551e5ca,2e1844dc56658e2e925a63402fae278b3d466a1b2b534ff5504b8b7a33c9d1d0,cifar,9.999999999999998,600,600,300000,0.0,0.0,f43d3c45a93e7d059b9e9102281be5fe6dfd02e6,0.001,10.0,feddf_prob,AdamW,,article1-v3,ffa0eebe87659307a235c6a7b41a8b1ce6b574c0ab3fdaabae526f28f5fa0558,bed4be8cbbddf6b7e019ee5f865d0201821d40925ca2b78a28d00ef0bde4d7bb,10000,nested_stratified_v1,43,62957c1313b9ae402c1964617b4f0b2f0144bd35b4167ed3bd16392a504e5cc2,500,deterministic_evaluation,iid,047c6e2197a1a64c,none,43,5be45d6f199feb666986011916125c215562cba63cf7b763d6426817d3dd1bd5,0.0268278084695339,335be889b9913daeb5005a38607982797a1f0f6633ae7459498f792989576a97,0.5933,1.1358518614768982,0.816,2.1732530071217715,1.5732003301613184,1.0,8.0,"{""K"": 10, ""batch_size"": 256, ""lr"": 0.001, ""optimizer"": ""AdamW"", ""proxy_labels_sha256"": ""ffa0eebe87659307a235c6a7b41a8b1ce6b574c0ab3fdaabae526f28f5fa0558"", ""proxy_size"": 500, ""updates"": 1200, ""weight_decay"": 0.0001}",1200,0.0001,uniform,/home/roi/PycharmProjects/KD_v5/OUTPUTS/article1_v3/results_proxy_size_feddf_prob.csv,17,,,,,,,,,,True
ad0320c63be8b9c50a5e28d376bbbd9e9c5f13fb47ba0982501f08b414baf9c6,mean_probabilities,71ac2c45dd5831edbac0c32d2e4c96ee54b004c17d57544047f187ca1ff28e8a,256,7ff045e85bdcdcb19da695baf49045e3320a14d4,cc524a8ddd5e02a659e62aedf04a4b8066364d34da98c377c658ce77c4fab266,2e1844dc56658e2e925a63402fae278b3d466a1b2b534ff5504b8b7a33c9d1d0,cifar,9.999999999999998,600,600,300000,0.0,0.0,f43d3c45a93e7d059b9e9102281be5fe6dfd02e6,0.001,10.0,feddf_prob,AdamW,,article1-v3,ffa0eebe87659307a235c6a7b41a8b1ce6b574c0ab3fdaabae526f28f5fa0558,bed4be8cbbddf6b7e019ee5f865d0201821d40925ca2b78a28d00ef0bde4d7bb,10000,nested_stratified_v1,43,62957c1313b9ae402c1964617b4f0b2f0144bd35b4167ed3bd16392a504e5cc2,500,deterministic_evaluation,alpha0p1,7f9048de5aab7286,none,43,8196a424d35c123a9e777fb58c8530719e880a27e3eb01f93e5f30defcdfcac1,0.0121213058009743,335be889b9913daeb5005a38607982797a1f0f6633ae7459498f792989576a97,0.3852,1.779610241317749,0.578,2.255471203798032,1.916003685468141,1.0,8.0,"{""K"": 10, ""batch_size"": 256, ""lr"": 0.001, ""optimizer"": ""AdamW"", ""proxy_labels_sha256"": ""ffa0eebe87659307a235c6a7b41a8b1ce6b574c0ab3fdaabae526f28f5fa0558"", ""proxy_size"": 500, ""updates"": 1200, ""weight_decay"": 0.0001}",1200,0.0001,uniform,/home/roi/PycharmProjects/KD_v5/OUTPUTS/article1_v3/results_proxy_size_feddf_prob.csv,18,,,,,,,,,,True
e6f1e0016bd69e5208d7779bafd908447f0ffbf5bd505201465dc3d9494ee864,mean_probabilities,71ac2c45dd5831edbac0c32d2e4c96ee54b004c17d57544047f187ca1ff28e8a,256,7ff045e85bdcdcb19da695baf49045e3320a14d4,b0e774132de58204419c2668a7ac2df2bbceb888e21808d3fb6686e76d27e693,2e1844dc56658e2e925a63402fae278b3d466a1b2b534ff5504b8b7a33c9d1d0,cifar,9.999999999999998,600,600,300000,0.0,0.0,f43d3c45a93e7d059b9e9102281be5fe6dfd02e6,0.001,10.0,feddf_prob,AdamW,,article1-v3,ffa0eebe87659307a235c6a7b41a8b1ce6b574c0ab3fdaabae526f28f5fa0558,bed4be8cbbddf6b7e019ee5f865d0201821d40925ca2b78a28d00ef0bde4d7bb,10000,nested_stratified_v1,43,62957c1313b9ae402c1964617b4f0b2f0144bd35b4167ed3bd16392a504e5cc2,500,deterministic_evaluation,single,de7a87fcb6c144ff,none,43,9f21b264d9a3f7374c96ae837eb637395051c296f8fc66ab3791a422e03ca08e,0.0013819365995004,335be889b9913daeb5005a38607982797a1f0f6633ae7459498f792989576a97,0.1092,2.491879525756836,0.102,2.298991019362887,2.309086811713367,1.0,8.0,"{""K"": 10, ""batch_size"": 256, ""lr"": 0.001, ""optimizer"": ""AdamW"", ""proxy_labels_sha256"": ""ffa0eebe87659307a235c6a7b41a8b1ce6b574c0ab3fdaabae526f28f5fa0558"", ""proxy_size"": 500, ""updates"": 1200, ""weight_decay"": 0.0001}",1200,0.0001,uniform,/home/roi/PycharmProjects/KD_v5/OUTPUTS/article1_v3/results_proxy_size_feddf_prob.csv,19,,,,,,,,,,True
11f91107f69eaf1c882605cd16eb48579ee7dfc8e92323ee1b304604abe55df7,mean_probabilities,3f6897813d1e52fc9447c705710689cadcdfc833c6f3be83210baaabfd15dfe4,256,7ff045e85bdcdcb19da695baf49045e3320a14d4,313d08a4063e2e70f69684825648a6997881288513eb04c35886ca8ab551e5ca,d221995106e2c358efdcfb6bfdac9775c1e136585d69558bfd19801ca1371307,cifar,9.999999999999998,300,300,300000,0.0,0.0,f43d3c45a93e7d059b9e9102281be5fe6dfd02e6,0.001,10.0,feddf_prob,AdamW,,article1-v3,67ca3db8be9f5184931331cce782ca9080402aec5491b5fbb377c9407f3f5287,bed4be8cbbddf6b7e019ee5f865d0201821d40925ca2b78a28d00ef0bde4d7bb,10000,nested_stratified_v1,43,deed8d41224250db5152a0be5e4fa0c688d949f6e0f3fc8a380dbb0eacda163d,1000,deterministic_evaluation,iid,efe6df193fed023b,none,43,a0626f00c890c06aeaaefb09a69bbaeaa2cbb25059c320e84929238d36d8b17a,0.0345600135624408,335be889b9913daeb5005a38607982797a1f0f6633ae7459498f792989576a97,0.6563,0.983456910800934,0.796,2.1728849068323077,1.577523929483618,1.0,8.0,"{""K"": 10, ""batch_size"": 256, ""lr"": 0.001, ""optimizer"": ""AdamW"", ""proxy_labels_sha256"": ""67ca3db8be9f5184931331cce782ca9080402aec5491b5fbb377c9407f3f5287"", ""proxy_size"": 1000, ""updates"": 1200, ""weight_decay"": 0.0001}",1200,0.0001,uniform,/home/roi/PycharmProjects/KD_v5/OUTPUTS/article1_v3/results_proxy_size_feddf_prob.csv,20,,,,,,,,,,True
ad0320c63be8b9c50a5e28d376bbbd9e9c5f13fb47ba0982501f08b414baf9c6,mean_probabilities,3f6897813d1e52fc9447c705710689cadcdfc833c6f3be83210baaabfd15dfe4,256,7ff045e85bdcdcb19da695baf49045e3320a14d4,cc524a8ddd5e02a659e62aedf04a4b8066364d34da98c377c658ce77c4fab266,d221995106e2c358efdcfb6bfdac9775c1e136585d69558bfd19801ca1371307,cifar,9.999999999999998,300,300,300000,0.0,0.0,f43d3c45a93e7d059b9e9102281be5fe6dfd02e6,0.001,10.0,feddf_prob,AdamW,,article1-v3,67ca3db8be9f5184931331cce782ca9080402aec5491b5fbb377c9407f3f5287,bed4be8cbbddf6b7e019ee5f865d0201821d40925ca2b78a28d00ef0bde4d7bb,10000,nested_stratified_v1,43,deed8d41224250db5152a0be5e4fa0c688d949f6e0f3fc8a380dbb0eacda163d,1000,deterministic_evaluation,alpha0p1,37ad822a7f1f62e0,none,43,01493bb284e3cacd608dbb9c5bbf7962d56225e71dab30cb40cd34711441fa0c,0.0143151320517063,335be889b9913daeb5005a38607982797a1f0f6633ae7459498f792989576a97,0.4482,1.571209840965271,0.576,2.255763883890306,1.918641731311032,1.0,8.0,"{""K"": 10, ""batch_size"": 256, ""lr"": 0.001, ""optimizer"": ""AdamW"", ""proxy_labels_sha256"": ""67ca3db8be9f5184931331cce782ca9080402aec5491b5fbb377c9407f3f5287"", ""proxy_size"": 1000, ""updates"": 1200, ""weight_decay"": 0.0001}",1200,0.0001,uniform,/home/roi/PycharmProjects/KD_v5/OUTPUTS/article1_v3/results_proxy_size_feddf_prob.csv,21,,,,,,,,,,True
e6f1e0016bd69e5208d7779bafd908447f0ffbf5bd505201465dc3d9494ee864,mean_probabilities,3f6897813d1e52fc9447c705710689cadcdfc833c6f3be83210baaabfd15dfe4,256,7ff045e85bdcdcb19da695baf49045e3320a14d4,b0e774132de58204419c2668a7ac2df2bbceb888e21808d3fb6686e76d27e693,d221995106e2c358efdcfb6bfdac9775c1e136585d69558bfd19801ca1371307,cifar,9.999999999999998,300,300,300000,0.0,0.0,f43d3c45a93e7d059b9e9102281be5fe6dfd02e6,0.001,10.0,feddf_prob,AdamW,,article1-v3,67ca3db8be9f5184931331cce782ca9080402aec5491b5fbb377c9407f3f5287,bed4be8cbbddf6b7e019ee5f865d0201821d40925ca2b78a28d00ef0bde4d7bb,10000,nested_stratified_v1,43,deed8d41224250db5152a0be5e4fa0c688d949f6e0f3fc8a380dbb0eacda163d,1000,deterministic_evaluation,single,54c89137f10e0050,none,43,ddf85782b226b926e8e34409914a45169d0523a4ee67aec7f3d368575e66b5f2,0.0077828951179981,335be889b9913daeb5005a38607982797a1f0f6633ae7459498f792989576a97,0.1062,2.502758265686035,0.108,2.2989958750636506,2.308563343021391,1.0,8.0,"{""K"": 10, ""batch_size"": 256, ""lr"": 0.001, ""optimizer"": ""AdamW"", ""proxy_labels_sha256"": ""67ca3db8be9f5184931331cce782ca9080402aec5491b5fbb377c9407f3f5287"", ""proxy_size"": 1000, ""updates"": 1200, ""weight_decay"": 0.0001}",1200,0.0001,uniform,/home/roi/PycharmProjects/KD_v5/OUTPUTS/article1_v3/results_proxy_size_feddf_prob.csv,22,,,,,,,,,,True
11f91107f69eaf1c882605cd16eb48579ee7dfc8e92323ee1b304604abe55df7,mean_probabilities,916b8567492f279c0f57d9a3e12ed6dcfe512f2806565bace9c50ba338a269ae,256,7ff045e85bdcdcb19da695baf49045e3320a14d4,313d08a4063e2e70f69684825648a6997881288513eb04c35886ca8ab551e5ca,2f84f2ca05e3a3cfb838ec9399a538ee4a21ca1221acfe186e1ec1a909b669b7,cifar,9.999999999999998,60,60,300000,0.0,0.0,f43d3c45a93e7d059b9e9102281be5fe6dfd02e6,0.001,10.0,feddf_prob,AdamW,,article1-v3,c84acc5d3cb2cb7b28f40c14a7411d405ec69a11798e90b58f78b9d70f08e592,bed4be8cbbddf6b7e019ee5f865d0201821d40925ca2b78a28d00ef0bde4d7bb,10000,nested_stratified_v1,43,056c8915e3d3707c5bee0af4e21160c0962280b01309051a5230942ec5ab894f,5000,deterministic_evaluation,iid,7a0eb7b37e441dbb,none,43,3d90bd19649474b564be2555fa9f356ab81dfb7c1ee27cf19c6796cb386c7aa2,0.0670771598815918,335be889b9913daeb5005a38607982797a1f0f6633ae7459498f792989576a97,0.7436,0.7587893106460571,0.7886,2.176514699142461,1.5908359852732348,1.0,8.0,"{""K"": 10, ""batch_size"": 256, ""lr"": 0.001, ""optimizer"": ""AdamW"", ""proxy_labels_sha256"": ""c84acc5d3cb2cb7b28f40c14a7411d405ec69a11798e90b58f78b9d70f08e592"", ""proxy_size"": 5000, ""updates"": 1200, ""weight_decay"": 0.0001}",1200,0.0001,uniform,/home/roi/PycharmProjects/KD_v5/OUTPUTS/article1_v3/results_proxy_size_feddf_prob.csv,23,,,,,,,,,,True
ad0320c63be8b9c50a5e28d376bbbd9e9c5f13fb47ba0982501f08b414baf9c6,mean_probabilities,916b8567492f279c0f57d9a3e12ed6dcfe512f2806565bace9c50ba338a269ae,256,7ff045e85bdcdcb19da695baf49045e3320a14d4,cc524a8ddd5e02a659e62aedf04a4b8066364d34da98c377c658ce77c4fab266,2f84f2ca05e3a3cfb838ec9399a538ee4a21ca1221acfe186e1ec1a909b669b7,cifar,9.999999999999998,60,60,300000,0.0,0.0,f43d3c45a93e7d059b9e9102281be5fe6dfd02e6,0.001,10.0,feddf_prob,AdamW,,article1-v3,c84acc5d3cb2cb7b28f40c14a7411d405ec69a11798e90b58f78b9d70f08e592,bed4be8cbbddf6b7e019ee5f865d0201821d40925ca2b78a28d00ef0bde4d7bb,10000,nested_stratified_v1,43,056c8915e3d3707c5bee0af4e21160c0962280b01309051a5230942ec5ab894f,5000,deterministic_evaluation,alpha0p1,bd79103440c581e3,none,43,f53bdaff7a3e9570b9660eda804af82c653ef27cb48cbd75aec580ca51b8628e,0.0506531707942485,335be889b9913daeb5005a38607982797a1f0f6633ae7459498f792989576a97,0.5267,1.302820938873291,0.5538,2.2561104971067283,1.9264958498621865,1.0,8.0,"{""K"": 10, ""batch_size"": 256, ""lr"": 0.001, ""optimizer"": ""AdamW"", ""proxy_labels_sha256"": ""c84acc5d3cb2cb7b28f40c14a7411d405ec69a11798e90b58f78b9d70f08e592"", ""proxy_size"": 5000, ""updates"": 1200, ""weight_decay"": 0.0001}",1200,0.0001,uniform,/home/roi/PycharmProjects/KD_v5/OUTPUTS/article1_v3/results_proxy_size_feddf_prob.csv,24,,,,,,,,,,True
e6f1e0016bd69e5208d7779bafd908447f0ffbf5bd505201465dc3d9494ee864,mean_probabilities,916b8567492f279c0f57d9a3e12ed6dcfe512f2806565bace9c50ba338a269ae,256,7ff045e85bdcdcb19da695baf49045e3320a14d4,b0e774132de58204419c2668a7ac2df2bbceb888e21808d3fb6686e76d27e693,2f84f2ca05e3a3cfb838ec9399a538ee4a21ca1221acfe186e1ec1a909b669b7,cifar,9.999999999999998,60,60,300000,0.0,0.0,1ce75c76b698744680547466d38957d018649c21,0.001,10.0,feddf_prob,AdamW,,article1-v3,c84acc5d3cb2cb7b28f40c14a7411d405ec69a11798e90b58f78b9d70f08e592,bed4be8cbbddf6b7e019ee5f865d0201821d40925ca2b78a28d00ef0bde4d7bb,10000,nested_stratified_v1,43,056c8915e3d3707c5bee0af4e21160c0962280b01309051a5230942ec5ab894f,5000,deterministic_evaluation,single,be21ad0b8c065ad1,none,43,90b873f0fce5e708b9030644e56a71c1435a48bbe5dd81c83de21389b809604b,0.0077140540815889,335be889b9913daeb5005a38607982797a1f0f6633ae7459498f792989576a97,0.1173,2.542888041305542,0.1106,2.298966936674359,2.306430361104768,1.0,8.0,"{""K"": 10, ""batch_size"": 256, ""lr"": 0.001, ""optimizer"": ""AdamW"", ""proxy_labels_sha256"": ""c84acc5d3cb2cb7b28f40c14a7411d405ec69a11798e90b58f78b9d70f08e592"", ""proxy_size"": 5000, ""updates"": 1200, ""weight_decay"": 0.0001}",1200,0.0001,uniform,/home/roi/PycharmProjects/KD_v5/OUTPUTS/article1_v3/results_proxy_size_feddf_prob.csv,25,,,,,,,,,,True
059be922475ef12f58bc3781d108bf6a3d24d8a5cf138278e605d74b6f4cc0d1,mean_probabilities,584406a028e74e2941844d91fa89440838622020240ebb18220ada45a16cbcc5,100,7ff045e85bdcdcb19da695baf49045e3320a14d4,2c264eb2b010463c5e733bb95ad9ab1809529bedec649fec20beca0919e18402,89f925f00ca58356cafbddc489dc5453f315a3aeb3b7d9b014f697d75daef11d,cifar,9.999999999999998,1200,1200,120000,0.0,0.0,1ce75c76b698744680547466d38957d018649c21,0.001,10.0,feddf_prob,AdamW,,article1-v3,c634621c25bd9f84b0948ebe9d18f119a5ab295ee004e83d65dbac04043dff34,bb299879f6f7c5c2039d6b8d2a92bcc4d9457d5113e2928c6257cbe8e8881cd5,10000,nested_stratified_v1,44,98bca177f1626a29c0c17ece5e63167691e5d013b388d16480d7a647d79d0e0d,100,deterministic_evaluation,iid,410032b345b6a863,none,44,f2310b1916ce028e6b8677a78c4b6d13a98b9d2588d9554c592686a117d2db4f,3.2377242860093247e-06,46589cf6bfcd1fa9ee8bf3ef4d53bdd80a9fb701649506d084ffd4cf895930da,0.4208,1.7174650375366212,0.77,2.1846888148194186,1.6220911408174843,1.0,8.0,"{""K"": 10, ""batch_size"": 256, ""lr"": 0.001, ""optimizer"": ""AdamW"", ""proxy_labels_sha256"": ""c634621c25bd9f84b0948ebe9d18f119a5ab295ee004e83d65dbac04043dff34"", ""proxy_size"": 100, ""updates"": 1200, ""weight_decay"": 0.0001}",1200,0.0001,uniform,/home/roi/PycharmProjects/KD_v5/OUTPUTS/article1_v3/results_proxy_size_feddf_prob.csv,26,,,,,,,,,,True
cecf6fdcbdfae1fae44fbbe05658d49421ee7dab96cd38570c6de368e9311c01,mean_probabilities,584406a028e74e2941844d91fa89440838622020240ebb18220ada45a16cbcc5,100,7ff045e85bdcdcb19da695baf49045e3320a14d4,89288c8820f0afac2817cce5320a371303b0aabae735b81c82db7a423f39650a,89f925f00ca58356cafbddc489dc5453f315a3aeb3b7d9b014f697d75daef11d,cifar,9.999999999999998,1200,1200,120000,0.0,0.0,1ce75c76b698744680547466d38957d018649c21,0.001,10.0,feddf_prob,AdamW,,article1-v3,c634621c25bd9f84b0948ebe9d18f119a5ab295ee004e83d65dbac04043dff34,bb299879f6f7c5c2039d6b8d2a92bcc4d9457d5113e2928c6257cbe8e8881cd5,10000,nested_stratified_v1,44,98bca177f1626a29c0c17ece5e63167691e5d013b388d16480d7a647d79d0e0d,100,deterministic_evaluation,alpha0p1,0d55d4abf0a9e545,none,44,114374af94b14c6288bff5e5d9bfe487943ee764fbd983549d583de755f1a31d,2.7599333407124504e-05,46589cf6bfcd1fa9ee8bf3ef4d53bdd80a9fb701649506d084ffd4cf895930da,0.3371,2.047222545051574,0.6,2.249347282531962,1.8872146321633017,1.0,8.0,"{""K"": 10, ""batch_size"": 256, ""lr"": 0.001, ""optimizer"": ""AdamW"", ""proxy_labels_sha256"": ""c634621c25bd9f84b0948ebe9d18f119a5ab295ee004e83d65dbac04043dff34"", ""proxy_size"": 100, ""updates"": 1200, ""weight_decay"": 0.0001}",1200,0.0001,uniform,/home/roi/PycharmProjects/KD_v5/OUTPUTS/article1_v3/results_proxy_size_feddf_prob.csv,27,,,,,,,,,,True
e6f1e0016bd69e5208d7779bafd908447f0ffbf5bd505201465dc3d9494ee864,mean_probabilities,584406a028e74e2941844d91fa89440838622020240ebb18220ada45a16cbcc5,100,7ff045e85bdcdcb19da695baf49045e3320a14d4,4a19eeed7486a909cce5e44750f02af8885ca0d179d5ba1614e49333f1bab69a,89f925f00ca58356cafbddc489dc5453f315a3aeb3b7d9b014f697d75daef11d,cifar,9.999999999999998,1200,1200,120000,0.0,0.0,1ce75c76b698744680547466d38957d018649c21,0.001,10.0,feddf_prob,AdamW,,article1-v3,c634621c25bd9f84b0948ebe9d18f119a5ab295ee004e83d65dbac04043dff34,bb299879f6f7c5c2039d6b8d2a92bcc4d9457d5113e2928c6257cbe8e8881cd5,10000,nested_stratified_v1,44,98bca177f1626a29c0c17ece5e63167691e5d013b388d16480d7a647d79d0e0d,100,deterministic_evaluation,single,aa65a1b1b32e658c,none,44,3294575e2a5fe845ee908a1349f7434b1149a36e9b521d936e45e26a548e3fb1,-1.9073485901799362e-08,46589cf6bfcd1fa9ee8bf3ef4d53bdd80a9fb701649506d084ffd4cf895930da,0.0839,2.519053432846069,0.12,2.2987919019060623,2.3039510656347235,1.0,8.0,"{""K"": 10, ""batch_size"": 256, ""lr"": 0.001, ""optimizer"": ""AdamW"", ""proxy_labels_sha256"": ""c634621c25bd9f84b0948ebe9d18f119a5ab295ee004e83d65dbac04043dff34"", ""proxy_size"": 100, ""updates"": 1200, ""weight_decay"": 0.0001}",1200,0.0001,uniform,/home/roi/PycharmProjects/KD_v5/OUTPUTS/article1_v3/results_proxy_size_feddf_prob.csv,28,,,,,,,,,,True
059be922475ef12f58bc3781d108bf6a3d24d8a5cf138278e605d74b6f4cc0d1,mean_probabilities,f55789b054e434ab8d389ce08a35b3d46106180395eada71879d246719846752,256,7ff045e85bdcdcb19da695baf49045e3320a14d4,2c264eb2b010463c5e733bb95ad9ab1809529bedec649fec20beca0919e18402,df73f3c03baca526c997e2ae218cde5bf29572f76eae41d65d364f1e17150b1b,cifar,9.999999999999998,600,600,300000,0.0,0.0,1ce75c76b698744680547466d38957d018649c21,0.001,10.0,feddf_prob,AdamW,,article1-v3,6ac9ff4d15854c621b9386cafcdae6ab726b2759fabec5119d272fcbbb910d45,bb299879f6f7c5c2039d6b8d2a92bcc4d9457d5113e2928c6257cbe8e8881cd5,10000,nested_stratified_v1,44,555b3015ad1bc5337fb62e88c3c1020e111f641b9d3b7778d3db91a975df29cf,500,deterministic_evaluation,iid,3dbe23a4ca338222,none,44,188b858f55d1f24e81b3e8f3b65c7050a85e7425b4eb533b308a1ba7e75ed57f,0.0453040860593318,46589cf6bfcd1fa9ee8bf3ef4d53bdd80a9fb701649506d084ffd4cf895930da,0.5913,1.1224312437057495,0.788,2.1874415249273422,1.6262002478678057,1.0,8.0,"{""K"": 10, ""batch_size"": 256, ""lr"": 0.001, ""optimizer"": ""AdamW"", ""proxy_labels_sha256"": ""6ac9ff4d15854c621b9386cafcdae6ab726b2759fabec5119d272fcbbb910d45"", ""proxy_size"": 500, ""updates"": 1200, ""weight_decay"": 0.0001}",1200,0.0001,uniform,/home/roi/PycharmProjects/KD_v5/OUTPUTS/article1_v3/results_proxy_size_feddf_prob.csv,29,,,,,,,,,,True
cecf6fdcbdfae1fae44fbbe05658d49421ee7dab96cd38570c6de368e9311c01,mean_probabilities,f55789b054e434ab8d389ce08a35b3d46106180395eada71879d246719846752,256,7ff045e85bdcdcb19da695baf49045e3320a14d4,89288c8820f0afac2817cce5320a371303b0aabae735b81c82db7a423f39650a,df73f3c03baca526c997e2ae218cde5bf29572f76eae41d65d364f1e17150b1b,cifar,9.999999999999998,600,600,300000,0.0,0.0,1ce75c76b698744680547466d38957d018649c21,0.001,10.0,feddf_prob,AdamW,,article1-v3,6ac9ff4d15854c621b9386cafcdae6ab726b2759fabec5119d272fcbbb910d45,bb299879f6f7c5c2039d6b8d2a92bcc4d9457d5113e2928c6257cbe8e8881cd5,10000,nested_stratified_v1,44,555b3015ad1bc5337fb62e88c3c1020e111f641b9d3b7778d3db91a975df29cf,500,deterministic_evaluation,alpha0p1,1e6995945bc1d9f7,none,44,430bde82ad0a8c6069750b754bf7d36907376615c02c75056472d51468862ba7,0.0077584409154951,46589cf6bfcd1fa9ee8bf3ef4d53bdd80a9fb701649506d084ffd4cf895930da,0.4344,1.6503480741500856,0.564,2.2494870317697395,1.889953584692096,1.0,8.0,"{""K"": 10, ""batch_size"": 256, ""lr"": 0.001, ""optimizer"": ""AdamW"", ""proxy_labels_sha256"": ""6ac9ff4d15854c621b9386cafcdae6ab726b2759fabec5119d272fcbbb910d45"", ""proxy_size"": 500, ""updates"": 1200, ""weight_decay"": 0.0001}",1200,0.0001,uniform,/home/roi/PycharmProjects/KD_v5/OUTPUTS/article1_v3/results_proxy_size_feddf_prob.csv,30,,,,,,,,,,True
e6f1e0016bd69e5208d7779bafd908447f0ffbf5bd505201465dc3d9494ee864,mean_probabilities,f55789b054e434ab8d389ce08a35b3d46106180395eada71879d246719846752,256,7ff045e85bdcdcb19da695baf49045e3320a14d4,4a19eeed7486a909cce5e44750f02af8885ca0d179d5ba1614e49333f1bab69a,df73f3c03baca526c997e2ae218cde5bf29572f76eae41d65d364f1e17150b1b,cifar,9.999999999999998,600,600,300000,0.0,0.0,1ce75c76b698744680547466d38957d018649c21,0.001,10.0,feddf_prob,AdamW,,article1-v3,6ac9ff4d15854c621b9386cafcdae6ab726b2759fabec5119d272fcbbb910d45,bb299879f6f7c5c2039d6b8d2a92bcc4d9457d5113e2928c6257cbe8e8881cd5,10000,nested_stratified_v1,44,555b3015ad1bc5337fb62e88c3c1020e111f641b9d3b7778d3db91a975df29cf,500,deterministic_evaluation,single,6e8a5f54c34916db,none,44,e741f468c504cb9a9be6d193748fda5817d9ee6f35c9bae4664c41b934515c40,0.0016942921793088,46589cf6bfcd1fa9ee8bf3ef4d53bdd80a9fb701649506d084ffd4cf895930da,0.0794,2.5118703414916994,0.082,2.2989054751002915,2.306487818581088,1.0,8.0,"{""K"": 10, ""batch_size"": 256, ""lr"": 0.001, ""optimizer"": ""AdamW"", ""proxy_labels_sha256"": ""6ac9ff4d15854c621b9386cafcdae6ab726b2759fabec5119d272fcbbb910d45"", ""proxy_size"": 500, ""updates"": 1200, ""weight_decay"": 0.0001}",1200,0.0001,uniform,/home/roi/PycharmProjects/KD_v5/OUTPUTS/article1_v3/results_proxy_size_feddf_prob.csv,31,,,,,,,,,,True
059be922475ef12f58bc3781d108bf6a3d24d8a5cf138278e605d74b6f4cc0d1,mean_probabilities,3855d25d2f0d242d30fbd64698ecb3cddabbdf8daaaa067fb38ca24ea1aa5159,256,7ff045e85bdcdcb19da695baf49045e3320a14d4,2c264eb2b010463c5e733bb95ad9ab1809529bedec649fec20beca0919e18402,fe52d00403830b8916f1b201cd18fbc11df6ca44a70b15a06c745da16c6d28e1,cifar,9.999999999999998,300,300,300000,0.0,0.0,1ce75c76b698744680547466d38957d018649c21,0.001,10.0,feddf_prob,AdamW,,article1-v3,b00df5e1983ff251283547c4b5298e5351a6d90be1882217c370dea97fd0a974,bb299879f6f7c5c2039d6b8d2a92bcc4d9457d5113e2928c6257cbe8e8881cd5,10000,nested_stratified_v1,44,b8b4a475be000e9a80c6cd89b4d84c1f9646e336861ba970386a6a33ae9f908a,1000,deterministic_evaluation,iid,7566300fdf912b52,none,44,9fac907dabef5dbc046a31d9afaa09563093e21472a7a8a889324c47b286e028,0.0217872317880392,46589cf6bfcd1fa9ee8bf3ef4d53bdd80a9fb701649506d084ffd4cf895930da,0.6654,0.9382068042755128,0.794,2.1858170489244317,1.6151308091686436,1.0,8.0,"{""K"": 10, ""batch_size"": 256, ""lr"": 0.001, ""optimizer"": ""AdamW"", ""proxy_labels_sha256"": ""b00df5e1983ff251283547c4b5298e5351a6d90be1882217c370dea97fd0a974"", ""proxy_size"": 1000, ""updates"": 1200, ""weight_decay"": 0.0001}",1200,0.0001,uniform,/home/roi/PycharmProjects/KD_v5/OUTPUTS/article1_v3/results_proxy_size_feddf_prob.csv,32,,,,,,,,,,True
cecf6fdcbdfae1fae44fbbe05658d49421ee7dab96cd38570c6de368e9311c01,mean_probabilities,3855d25d2f0d242d30fbd64698ecb3cddabbdf8daaaa067fb38ca24ea1aa5159,256,7ff045e85bdcdcb19da695baf49045e3320a14d4,89288c8820f0afac2817cce5320a371303b0aabae735b81c82db7a423f39650a,fe52d00403830b8916f1b201cd18fbc11df6ca44a70b15a06c745da16c6d28e1,cifar,9.999999999999998,300,300,300000,0.0,0.0,1ce75c76b698744680547466d38957d018649c21,0.001,10.0,feddf_prob,AdamW,,article1-v3,b00df5e1983ff251283547c4b5298e5351a6d90be1882217c370dea97fd0a974,bb299879f6f7c5c2039d6b8d2a92bcc4d9457d5113e2928c6257cbe8e8881cd5,10000,nested_stratified_v1,44,b8b4a475be000e9a80c6cd89b4d84c1f9646e336861ba970386a6a33ae9f908a,1000,deterministic_evaluation,alpha0p1,6deda874bc51c9d6,none,44,d5a1db324b15cb391e5406b454322203f689468c8e8ffd1e97bb0d9406480471,0.0091528361663222,46589cf6bfcd1fa9ee8bf3ef4d53bdd80a9fb701649506d084ffd4cf895930da,0.4852,1.4961219898223876,0.57,2.249045933741538,1.8847479080459757,1.0,8.0,"{""K"": 10, ""batch_size"": 256, ""lr"": 0.001, ""optimizer"": ""AdamW"", ""proxy_labels_sha256"": ""b00df5e1983ff251283547c4b5298e5351a6d90be1882217c370dea97fd0a974"", ""proxy_size"": 1000, ""updates"": 1200, ""weight_decay"": 0.0001}",1200,0.0001,uniform,/home/roi/PycharmProjects/KD_v5/OUTPUTS/article1_v3/results_proxy_size_feddf_prob.csv,33,,,,,,,,,,True
e6f1e0016bd69e5208d7779bafd908447f0ffbf5bd505201465dc3d9494ee864,mean_probabilities,3855d25d2f0d242d30fbd64698ecb3cddabbdf8daaaa067fb38ca24ea1aa5159,256,7ff045e85bdcdcb19da695baf49045e3320a14d4,4a19eeed7486a909cce5e44750f02af8885ca0d179d5ba1614e49333f1bab69a,fe52d00403830b8916f1b201cd18fbc11df6ca44a70b15a06c745da16c6d28e1,cifar,9.999999999999998,300,300,300000,0.0,0.0,1ce75c76b698744680547466d38957d018649c21,0.001,10.0,feddf_prob,AdamW,,article1-v3,b00df5e1983ff251283547c4b5298e5351a6d90be1882217c370dea97fd0a974,bb299879f6f7c5c2039d6b8d2a92bcc4d9457d5113e2928c6257cbe8e8881cd5,10000,nested_stratified_v1,44,b8b4a475be000e9a80c6cd89b4d84c1f9646e336861ba970386a6a33ae9f908a,1000,deterministic_evaluation,single,c1cbf9571ae21ed1,none,44,d3ef286bf6f9641c53ac49b4bd7959fed6032fd217d40ca645ba7fefea29e9e1,0.003032935084775,46589cf6bfcd1fa9ee8bf3ef4d53bdd80a9fb701649506d084ffd4cf895930da,0.0816,2.517378872680664,0.086,2.298923897188316,2.3067731801073914,1.0,8.0,"{""K"": 10, ""batch_size"": 256, ""lr"": 0.001, ""optimizer"": ""AdamW"", ""proxy_labels_sha256"": ""b00df5e1983ff251283547c4b5298e5351a6d90be1882217c370dea97fd0a974"", ""proxy_size"": 1000, ""updates"": 1200, ""weight_decay"": 0.0001}",1200,0.0001,uniform,/home/roi/PycharmProjects/KD_v5/OUTPUTS/article1_v3/results_proxy_size_feddf_prob.csv,34,,,,,,,,,,True
059be922475ef12f58bc3781d108bf6a3d24d8a5cf138278e605d74b6f4cc0d1,mean_probabilities,d07c41e506d84f587a477889cc8c382fb50c4456e8b31a1b3460301db223b556,256,7ff045e85bdcdcb19da695baf49045e3320a14d4,2c264eb2b010463c5e733bb95ad9ab1809529bedec649fec20beca0919e18402,c31163a500f5afd69526b2810d89b90ef2b947126384281692e605e4cc5fb6de,cifar,9.999999999999998,60,60,300000,0.0,0.0,1ce75c76b698744680547466d38957d018649c21,0.001,10.0,feddf_prob,AdamW,,article1-v3,893da95ead3c665215eb13a5f6050076ab9dcc0b168e2ac6517b8cd986f8bd30,bb299879f6f7c5c2039d6b8d2a92bcc4d9457d5113e2928c6257cbe8e8881cd5,10000,nested_stratified_v1,44,0683231331de914156adefcb2239f8600e804117616580e4be80c7acff562587,5000,deterministic_evaluation,iid,8766ca11f94b72ba,none,44,cc9b7bc808c571db95e155ab6484a2c4e67f8c4031c0a8541a75dcb392352494,0.0746879950165748,46589cf6bfcd1fa9ee8bf3ef4d53bdd80a9fb701649506d084ffd4cf895930da,0.7373,0.7667427370071411,0.7992,2.1834544864605414,1.607554011066746,1.0,8.0,"{""K"": 10, ""batch_size"": 256, ""lr"": 0.001, ""optimizer"": ""AdamW"", ""proxy_labels_sha256"": ""893da95ead3c665215eb13a5f6050076ab9dcc0b168e2ac6517b8cd986f8bd30"", ""proxy_size"": 5000, ""updates"": 1200, ""weight_decay"": 0.0001}",1200,0.0001,uniform,/home/roi/PycharmProjects/KD_v5/OUTPUTS/article1_v3/results_proxy_size_feddf_prob.csv,35,,,,,,,,,,True
cecf6fdcbdfae1fae44fbbe05658d49421ee7dab96cd38570c6de368e9311c01,mean_probabilities,d07c41e506d84f587a477889cc8c382fb50c4456e8b31a1b3460301db223b556,256,7ff045e85bdcdcb19da695baf49045e3320a14d4,89288c8820f0afac2817cce5320a371303b0aabae735b81c82db7a423f39650a,c31163a500f5afd69526b2810d89b90ef2b947126384281692e605e4cc5fb6de,cifar,9.999999999999998,60,60,300000,0.0,0.0,1ce75c76b698744680547466d38957d018649c21,0.001,10.0,feddf_prob,AdamW,,article1-v3,893da95ead3c665215eb13a5f6050076ab9dcc0b168e2ac6517b8cd986f8bd30,bb299879f6f7c5c2039d6b8d2a92bcc4d9457d5113e2928c6257cbe8e8881cd5,10000,nested_stratified_v1,44,0683231331de914156adefcb2239f8600e804117616580e4be80c7acff562587,5000,deterministic_evaluation,alpha0p1,8b05c26c91f474a6,none,44,d1bc01fb876f785fe1eb45e19cf719e80e9f8dbd7415554a72df7f37ae99535b,0.0283514335751533,46589cf6bfcd1fa9ee8bf3ef4d53bdd80a9fb701649506d084ffd4cf895930da,0.54,1.3812919183731078,0.59,2.2487993002216737,1.880432117547855,1.0,8.0,"{""K"": 10, ""batch_size"": 256, ""lr"": 0.001, ""optimizer"": ""AdamW"", ""proxy_labels_sha256"": ""893da95ead3c665215eb13a5f6050076ab9dcc0b168e2ac6517b8cd986f8bd30"", ""proxy_size"": 5000, ""updates"": 1200, ""weight_decay"": 0.0001}",1200,0.0001,uniform,/home/roi/PycharmProjects/KD_v5/OUTPUTS/article1_v3/results_proxy_size_feddf_prob.csv,36,,,,,,,,,,True
e6f1e0016bd69e5208d7779bafd908447f0ffbf5bd505201465dc3d9494ee864,mean_probabilities,d07c41e506d84f587a477889cc8c382fb50c4456e8b31a1b3460301db223b556,256,7ff045e85bdcdcb19da695baf49045e3320a14d4,4a19eeed7486a909cce5e44750f02af8885ca0d179d5ba1614e49333f1bab69a,c31163a500f5afd69526b2810d89b90ef2b947126384281692e605e4cc5fb6de,cifar,9.999999999999998,60,60,300000,0.0,0.0,1ce75c76b698744680547466d38957d018649c21,0.001,10.0,feddf_prob,AdamW,,article1-v3,893da95ead3c665215eb13a5f6050076ab9dcc0b168e2ac6517b8cd986f8bd30,bb299879f6f7c5c2039d6b8d2a92bcc4d9457d5113e2928c6257cbe8e8881cd5,10000,nested_stratified_v1,44,0683231331de914156adefcb2239f8600e804117616580e4be80c7acff562587,5000,deterministic_evaluation,single,f3ceef25c58df1d3,none,44,254030b59ee2cfe600540a624885e8a2a91c10bdc0dea4c9d295cc7a264695f4,0.0063052177429199,46589cf6bfcd1fa9ee8bf3ef4d53bdd80a9fb701649506d084ffd4cf895930da,0.0869,2.5212010726928717,0.092,2.298852912901261,2.3079768160267826,1.0,8.0,"{""K"": 10, ""batch_size"": 256, ""lr"": 0.001, ""optimizer"": ""AdamW"", ""proxy_labels_sha256"": ""893da95ead3c665215eb13a5f6050076ab9dcc0b168e2ac6517b8cd986f8bd30"", ""proxy_size"": 5000, ""updates"": 1200, ""weight_decay"": 0.0001}",1200,0.0001,uniform,/home/roi/PycharmProjects/KD_v5/OUTPUTS/article1_v3/results_proxy_size_feddf_prob.csv,37,,,,,,,,,,True
,,2a836581bb03cec96f509a87a0a27efbc0afc37c6522a54562e03a18504b0346,256,,,7d19cf95b4de564f3b35de7f267e55fb595e5b2a9d5e5d7408d2b7653541ba98,cifar,,30,30,300000,,,,0.001,,supervised_proxy_ce,AdamW,,article1-v3,117be76002e0123f5252e2b78c50cbfb9fcbe971247b5af9c3e1b9dfba92df89,66af2fbb33f1e089245500600db030610ac3b47e91dba7cbb7dbf193a5c1ef13,10000,full_original_order,42,66af2fbb33f1e089245500600db030610ac3b47e91dba7cbb7dbf193a5c1ef13,10000,deterministic_evaluation,iid,86df58e23b62e62d03cb117d777ae2877b2827b4e3f6545b30ce0f318f774c5d,none,42,8bbf29cf5d00f8ac00ce15ea29d041546efba96256a2acc2ccf4e84c2e8640b3,0.0021416475065052,185356aa1824f8622c4cedfce3d940f5365857f2d6541013f0f2d87bf8820d24,0.7938,0.8560695510864258,,,,,,"{""batch_size"": 256, ""loss"": ""cross_entropy"", ""lr"": 0.001, ""optimizer"": ""AdamW"", ""protocol_version"": ""article1-v3"", ""proxy_labels_sha256"": ""117be76002e0123f5252e2b78c50cbfb9fcbe971247b5af9c3e1b9dfba92df89"", ""proxy_view"": ""deterministic_evaluation"", ""scheduler"": null, ""updates"": 1200, ""weight_decay"": 0.0001}",1200,0.0001,,/home/roi/PycharmProjects/KD_v5/OUTPUTS/article1_v3/results_supervised_proxy.csv,8,6c840ee325493c0d19f2d63b4daa24ada7923e07,cross_entropy,d2636da84362f05b2a0ab8ebb5039b941c6b9310b42eddd0e6007451ba624b46,iid,,,,,,True
,,9dc3b75d34f50fd7e8121684c2e8b96473759a62ffdf4da9a899b6be2324c4f6,256,,,c704b120a3cb73aa8c8df617232d6058a17a3bc42b1535cd8876b14fac92544e,cifar,,30,30,300000,,,,0.001,,supervised_proxy_ce,AdamW,,article1-v3,70730ee6b1ff4436096773eaa579a3febb5bee8fe240bc9c1038b82de74afdcb,bed4be8cbbddf6b7e019ee5f865d0201821d40925ca2b78a28d00ef0bde4d7bb,10000,full_original_order,43,bed4be8cbbddf6b7e019ee5f865d0201821d40925ca2b78a28d00ef0bde4d7bb,10000,deterministic_evaluation,iid,ac4135f3c066f8e1019694dd1f0fec40ed9a2e2af237b678cbe161af161c1752,none,43,b8d453ad1b5c2f5526952a3597b49ec155dd6564765910e595c33bf16cf5e3bd,0.0017167849000543,335be889b9913daeb5005a38607982797a1f0f6633ae7459498f792989576a97,0.7895,0.9055568433761596,,,,,,"{""batch_size"": 256, ""loss"": ""cross_entropy"", ""lr"": 0.001, ""optimizer"": ""AdamW"", ""protocol_version"": ""article1-v3"", ""proxy_labels_sha256"": ""70730ee6b1ff4436096773eaa579a3febb5bee8fe240bc9c1038b82de74afdcb"", ""proxy_view"": ""deterministic_evaluation"", ""scheduler"": null, ""updates"": 1200, ""weight_decay"": 0.0001}",1200,0.0001,,/home/roi/PycharmProjects/KD_v5/OUTPUTS/article1_v3/results_supervised_proxy.csv,9,6c840ee325493c0d19f2d63b4daa24ada7923e07,cross_entropy,313d08a4063e2e70f69684825648a6997881288513eb04c35886ca8ab551e5ca,iid,,,,,,True
,,1f3034cbd83dc007bebbb86cb19474d4ce302552e2dd4f9a5af623e717861d58,256,,,40722a1b2e1bd53024c6927f9304d3ab249668be780c1d3b721c7dbf5780613a,cifar,,30,30,300000,,,,0.001,,supervised_proxy_ce,AdamW,,article1-v3,bbbb2fd925f2d965ef63c9d3518f3862a6f0d89340e133b6232a70cc41007adf,bb299879f6f7c5c2039d6b8d2a92bcc4d9457d5113e2928c6257cbe8e8881cd5,10000,full_original_order,44,bb299879f6f7c5c2039d6b8d2a92bcc4d9457d5113e2928c6257cbe8e8881cd5,10000,deterministic_evaluation,iid,40406ef0ff2512ec401c531613c69f7a80085603c57c26621d5970bf58eee3a5,none,44,aaae9ce5dba7f587d580b1f4a564d4dcb46ffe370f43ed1f58739aff31930dc1,0.0022107819095253,46589cf6bfcd1fa9ee8bf3ef4d53bdd80a9fb701649506d084ffd4cf895930da,0.7871,0.864531807231903,,,,,,"{""batch_size"": 256, ""loss"": ""cross_entropy"", ""lr"": 0.001, ""optimizer"": ""AdamW"", ""protocol_version"": ""article1-v3"", ""proxy_labels_sha256"": ""bbbb2fd925f2d965ef63c9d3518f3862a6f0d89340e133b6232a70cc41007adf"", ""proxy_view"": ""deterministic_evaluation"", ""scheduler"": null, ""updates"": 1200, ""weight_decay"": 0.0001}",1200,0.0001,,/home/roi/PycharmProjects/KD_v5/OUTPUTS/article1_v3/results_supervised_proxy.csv,10,6c840ee325493c0d19f2d63b4daa24ada7923e07,cross_entropy,2c264eb2b010463c5e733bb95ad9ab1809529bedec649fec20beca0919e18402,iid,,,,,,True
,,9c89cc8875f36da465b21ebab76f17691f27e51a6e391c7da97d9b3c818ea16e,100,,,53f9e814a94b3c58466da1b196a4a015777ae6b1c7cdabf87a8ad2bc27a4c731,cifar,,1200,1200,120000,,,,0.001,,supervised_proxy_ce,AdamW,,article1-v3,392654b3c3340eaf73f153ae57d9b013005a9220630fb5b5b46d9f668e1c87cb,66af2fbb33f1e089245500600db030610ac3b47e91dba7cbb7dbf193a5c1ef13,10000,nested_stratified_v1,42,85a26f7dcea1550411a19050a529862f2def50737608f3fbf6854cdf74235b17,100,deterministic_evaluation,iid,3190d167404745bc509343a87d34eebe5d3b6ac0d91cf99f6dacd194f80e27d2,none,42,61ff4ff55593d83a821775ed21b002119b77f706782213acba463bfe5e98aa46,1.1812375305453315e-05,185356aa1824f8622c4cedfce3d940f5365857f2d6541013f0f2d87bf8820d24,0.3383,2.8901977760314943,,,,,,"{""batch_size"": 100, ""loss"": ""cross_entropy"", ""lr"": 0.001, ""optimizer"": ""AdamW"", ""protocol_version"": ""article1-v3"", ""proxy_labels_sha256"": ""392654b3c3340eaf73f153ae57d9b013005a9220630fb5b5b46d9f668e1c87cb"", ""proxy_view"": ""deterministic_evaluation"", ""scheduler"": null, ""updates"": 1200, ""weight_decay"": 0.0001}",1200,0.0001,,/home/roi/PycharmProjects/KD_v5/OUTPUTS/article1_v3/results_proxy_size_expert_prob.csv,2,ccf92e765d8c7563482aa24d9851cd656eb1084e,cross_entropy,d2636da84362f05b2a0ab8ebb5039b941c6b9310b42eddd0e6007451ba624b46,iid,,,,,,True
,,39ef3cb5cd517a7d6cf7b6bd137d76374f0539b897781179882ea3a2073ba439,256,,,985117821410d356f053658bf8ff4e15025a5a7abde78d27b71a8a15fd28a9dc,cifar,,600,600,300000,,,,0.001,,supervised_proxy_ce,AdamW,,article1-v3,11e1284125a2d7687f97a6593bb0cc2fdff216c753de813d589c56de8d530fe6,66af2fbb33f1e089245500600db030610ac3b47e91dba7cbb7dbf193a5c1ef13,10000,nested_stratified_v1,42,70b5d68e7fa37cc3c33ddcdec899d76c6961748ca62f6d670077d18fd7c62134,500,deterministic_evaluation,iid,8588a035240f3e55cc608d8502f0a5dd28526507f2be33057aec4d53bba595af,none,42,d58e2808085e3341aafea3d419b2f89fad48fa906e038da4a64d4e15f2db41e4,2.9205762984929606e-05,185356aa1824f8622c4cedfce3d940f5365857f2d6541013f0f2d87bf8820d24,0.4602,2.269878453063965,,,,,,"{""batch_size"": 256, ""loss"": ""cross_entropy"", ""lr"": 0.001, ""optimizer"": ""AdamW"", ""protocol_version"": ""article1-v3"", ""proxy_labels_sha256"": ""11e1284125a2d7687f97a6593bb0cc2fdff216c753de813d589c56de8d530fe6"", ""proxy_view"": ""deterministic_evaluation"", ""scheduler"": null, ""updates"": 1200, ""weight_decay"": 0.0001}",1200,0.0001,,/home/roi/PycharmProjects/KD_v5/OUTPUTS/article1_v3/results_proxy_size_expert_prob.csv,6,c643a33c5bd39dee413ca2ea296a3f85ec91d9f8,cross_entropy,d2636da84362f05b2a0ab8ebb5039b941c6b9310b42eddd0e6007451ba624b46,iid,,,,,,True
,,36c2331f694a7b1dafd8061a0bfab76f41d30d4d90ec93cfa74f40728016566b,256,,,131e99175321e7a52cdca3cb4f4c2823d4a78ab2e51898e20bddb5c3b0657f6b,cifar,,300,300,300000,,,,0.001,,supervised_proxy_ce,AdamW,,article1-v3,6fb277f27f4d6ad1e68d7df8f5a0bac01661150ecee2090ccfb93c2ab4f0c9a5,66af2fbb33f1e089245500600db030610ac3b47e91dba7cbb7dbf193a5c1ef13,10000,nested_stratified_v1,42,e6ac7e2e1fe54cc5fde5a8717b59adf9ea55e08f9fb89a601d55f86bad0c1bd0,1000,deterministic_evaluation,iid,25c35af941cbfc761e2daf27bb6e78580600ef827a220c61f0fe1b57cab972c3,none,42,f485a177fa1afff891cc4497b6a6559a9cf2c3932cb3cfb25be3250e639837b4,3.533020935719833e-05,185356aa1824f8622c4cedfce3d940f5365857f2d6541013f0f2d87bf8820d24,0.5467,1.8780779983520508,,,,,,"{""batch_size"": 256, ""loss"": ""cross_entropy"", ""lr"": 0.001, ""optimizer"": ""AdamW"", ""protocol_version"": ""article1-v3"", ""proxy_labels_sha256"": ""6fb277f27f4d6ad1e68d7df8f5a0bac01661150ecee2090ccfb93c2ab4f0c9a5"", ""proxy_view"": ""deterministic_evaluation"", ""scheduler"": null, ""updates"": 1200, ""weight_decay"": 0.0001}",1200,0.0001,,/home/roi/PycharmProjects/KD_v5/OUTPUTS/article1_v3/results_proxy_size_expert_prob.csv,10,c643a33c5bd39dee413ca2ea296a3f85ec91d9f8,cross_entropy,d2636da84362f05b2a0ab8ebb5039b941c6b9310b42eddd0e6007451ba624b46,iid,,,,,,True
,,e724c55f45cc1687ec21ef6a400c1b24244be6b79477359941d532280cc1b110,256,,,7e55b0a381d74a5a5da3ccc320f813c6b82e203e7657ed192f58e978a4ab6f47,cifar,,60,60,300000,,,,0.001,,supervised_proxy_ce,AdamW,,article1-v3,7818a0ebb4f6d71c4b8e8645fbcf991c04134196fa58a7d158710d6fca25baa0,66af2fbb33f1e089245500600db030610ac3b47e91dba7cbb7dbf193a5c1ef13,10000,nested_stratified_v1,42,75626a43293e26c6ab450a7c5e34612824ae8e09a125fdbcb9cfe00e8180bcb6,5000,deterministic_evaluation,iid,d7c5b54faf0ee7155969a97c2e17988830842bfd5ed7ccfda682067a4aaeb488,none,42,0f3f59ca4de37ba700a41226585684fe8865d200fbda6ac3889ff2372c5a19cb,5.7523044233676046e-05,185356aa1824f8622c4cedfce3d940f5365857f2d6541013f0f2d87bf8820d24,0.7269,1.178120182800293,,,,,,"{""batch_size"": 256, ""loss"": ""cross_entropy"", ""lr"": 0.001, ""optimizer"": ""AdamW"", ""protocol_version"": ""article1-v3"", ""proxy_labels_sha256"": ""7818a0ebb4f6d71c4b8e8645fbcf991c04134196fa58a7d158710d6fca25baa0"", ""proxy_view"": ""deterministic_evaluation"", ""scheduler"": null, ""updates"": 1200, ""weight_decay"": 0.0001}",1200,0.0001,,/home/roi/PycharmProjects/KD_v5/OUTPUTS/article1_v3/results_proxy_size_expert_prob.csv,14,c643a33c5bd39dee413ca2ea296a3f85ec91d9f8,cross_entropy,d2636da84362f05b2a0ab8ebb5039b941c6b9310b42eddd0e6007451ba624b46,iid,,,,,,True
,,774063ddbadfec22036bf9c7cf7cc1d72f7a0e79472c776cc0d37cd5b7a33193,100,,,ccb2db6fe4c4684febc27b3e39673b6b2661b4e117a9a7734628c9869147b730,cifar,,1200,1200,120000,,,,0.001,,supervised_proxy_ce,AdamW,,article1-v3,cf2477f4398282cb966d3a30d5ad5f08b99e697c09d8a33f7fbff9b823f1d5b6,bed4be8cbbddf6b7e019ee5f865d0201821d40925ca2b78a28d00ef0bde4d7bb,10000,nested_stratified_v1,43,bb38a9c0811d125483c37543869227a680feb6dbf92c294ba62e51f0bac956cf,100,deterministic_evaluation,iid,f0d05d7d758b709ca01be4ebab7177c8e819a1f7561e33f01c01c46e980675ac,none,43,36a14663861e1f8df81808de7350561bb20b45738d4a16f8ed8f4b8685b365ec,1.338472338829888e-05,335be889b9913daeb5005a38607982797a1f0f6633ae7459498f792989576a97,0.3285,3.044557247543335,,,,,,"{""batch_size"": 100, ""loss"": ""cross_entropy"", ""lr"": 0.001, ""optimizer"": ""AdamW"", ""protocol_version"": ""article1-v3"", ""proxy_labels_sha256"": ""cf2477f4398282cb966d3a30d5ad5f08b99e697c09d8a33f7fbff9b823f1d5b6"", ""proxy_view"": ""deterministic_evaluation"", ""scheduler"": null, ""updates"": 1200, ""weight_decay"": 0.0001}",1200,0.0001,,/home/roi/PycharmProjects/KD_v5/OUTPUTS/article1_v3/results_proxy_size_expert_prob.csv,18,c643a33c5bd39dee413ca2ea296a3f85ec91d9f8,cross_entropy,313d08a4063e2e70f69684825648a6997881288513eb04c35886ca8ab551e5ca,iid,,,,,,True
,,71ac2c45dd5831edbac0c32d2e4c96ee54b004c17d57544047f187ca1ff28e8a,256,,,2e1844dc56658e2e925a63402fae278b3d466a1b2b534ff5504b8b7a33c9d1d0,cifar,,600,600,300000,,,,0.001,,supervised_proxy_ce,AdamW,,article1-v3,ffa0eebe87659307a235c6a7b41a8b1ce6b574c0ab3fdaabae526f28f5fa0558,bed4be8cbbddf6b7e019ee5f865d0201821d40925ca2b78a28d00ef0bde4d7bb,10000,nested_stratified_v1,43,62957c1313b9ae402c1964617b4f0b2f0144bd35b4167ed3bd16392a504e5cc2,500,deterministic_evaluation,iid,450e462119cb17304e21faa68f811d1e5c52cf02f38f316c95121c157a695aa9,none,43,4f289ad17ebc7d4f0c98b0968e82b74706685374fd0ffda7829b51c8bb8f7730,2.383321952947881e-05,335be889b9913daeb5005a38607982797a1f0f6633ae7459498f792989576a97,0.4772,2.2077495231628417,,,,,,"{""batch_size"": 256, ""loss"": ""cross_entropy"", ""lr"": 0.001, ""optimizer"": ""AdamW"", ""protocol_version"": ""article1-v3"", ""proxy_labels_sha256"": ""ffa0eebe87659307a235c6a7b41a8b1ce6b574c0ab3fdaabae526f28f5fa0558"", ""proxy_view"": ""deterministic_evaluation"", ""scheduler"": null, ""updates"": 1200, ""weight_decay"": 0.0001}",1200,0.0001,,/home/roi/PycharmProjects/KD_v5/OUTPUTS/article1_v3/results_proxy_size_expert_prob.csv,22,c643a33c5bd39dee413ca2ea296a3f85ec91d9f8,cross_entropy,313d08a4063e2e70f69684825648a6997881288513eb04c35886ca8ab551e5ca,iid,,,,,,True
,,3f6897813d1e52fc9447c705710689cadcdfc833c6f3be83210baaabfd15dfe4,256,,,d221995106e2c358efdcfb6bfdac9775c1e136585d69558bfd19801ca1371307,cifar,,300,300,300000,,,,0.001,,supervised_proxy_ce,AdamW,,article1-v3,67ca3db8be9f5184931331cce782ca9080402aec5491b5fbb377c9407f3f5287,bed4be8cbbddf6b7e019ee5f865d0201821d40925ca2b78a28d00ef0bde4d7bb,10000,nested_stratified_v1,43,deed8d41224250db5152a0be5e4fa0c688d949f6e0f3fc8a380dbb0eacda163d,1000,deterministic_evaluation,iid,b53329337dec2e2d74ae59e1cfc8526cdac0d3c9c5e10f4306a2c2a48da5cd41,none,43,f141ee3621928d178e5a28c82f851df90ca0c97ab6ca2b48c611e1d143fa21f3,3.1943760404828936e-05,335be889b9913daeb5005a38607982797a1f0f6633ae7459498f792989576a97,0.5494,2.050018885421753,,,,,,"{""batch_size"": 256, ""loss"": ""cross_entropy"", ""lr"": 0.001, ""optimizer"": ""AdamW"", ""protocol_version"": ""article1-v3"", ""proxy_labels_sha256"": ""67ca3db8be9f5184931331cce782ca9080402aec5491b5fbb377c9407f3f5287"", ""proxy_view"": ""deterministic_evaluation"", ""scheduler"": null, ""updates"": 1200, ""weight_decay"": 0.0001}",1200,0.0001,,/home/roi/PycharmProjects/KD_v5/OUTPUTS/article1_v3/results_proxy_size_expert_prob.csv,26,c643a33c5bd39dee413ca2ea296a3f85ec91d9f8,cross_entropy,313d08a4063e2e70f69684825648a6997881288513eb04c35886ca8ab551e5ca,iid,,,,,,True
,,916b8567492f279c0f57d9a3e12ed6dcfe512f2806565bace9c50ba338a269ae,256,,,2f84f2ca05e3a3cfb838ec9399a538ee4a21ca1221acfe186e1ec1a909b669b7,cifar,,60,60,300000,,,,0.001,,supervised_proxy_ce,AdamW,,article1-v3,c84acc5d3cb2cb7b28f40c14a7411d405ec69a11798e90b58f78b9d70f08e592,bed4be8cbbddf6b7e019ee5f865d0201821d40925ca2b78a28d00ef0bde4d7bb,10000,nested_stratified_v1,43,056c8915e3d3707c5bee0af4e21160c0962280b01309051a5230942ec5ab894f,5000,deterministic_evaluation,iid,c3cbb69fb5477a426c5f3fac47c6578b5e3fcb06cf655bb618f41b0df5726d2b,none,43,12f06a1f234bcf66ac0666844d16bd7495bd84e3ad51fe728c9ac740bac0548c,6.865378236398101e-05,335be889b9913daeb5005a38607982797a1f0f6633ae7459498f792989576a97,0.7301,1.2131696081161498,,,,,,"{""batch_size"": 256, ""loss"": ""cross_entropy"", ""lr"": 0.001, ""optimizer"": ""AdamW"", ""protocol_version"": ""article1-v3"", ""proxy_labels_sha256"": ""c84acc5d3cb2cb7b28f40c14a7411d405ec69a11798e90b58f78b9d70f08e592"", ""proxy_view"": ""deterministic_evaluation"", ""scheduler"": null, ""updates"": 1200, ""weight_decay"": 0.0001}",1200,0.0001,,/home/roi/PycharmProjects/KD_v5/OUTPUTS/article1_v3/results_proxy_size_expert_prob.csv,30,c643a33c5bd39dee413ca2ea296a3f85ec91d9f8,cross_entropy,313d08a4063e2e70f69684825648a6997881288513eb04c35886ca8ab551e5ca,iid,,,,,,True
,,584406a028e74e2941844d91fa89440838622020240ebb18220ada45a16cbcc5,100,,,89f925f00ca58356cafbddc489dc5453f315a3aeb3b7d9b014f697d75daef11d,cifar,,1200,1200,120000,,,,0.001,,supervised_proxy_ce,AdamW,,article1-v3,c634621c25bd9f84b0948ebe9d18f119a5ab295ee004e83d65dbac04043dff34,bb299879f6f7c5c2039d6b8d2a92bcc4d9457d5113e2928c6257cbe8e8881cd5,10000,nested_stratified_v1,44,98bca177f1626a29c0c17ece5e63167691e5d013b388d16480d7a647d79d0e0d,100,deterministic_evaluation,iid,32f68ec1925440db9cabf3ee078a8438df26b658587de1040cdf76a952e07ae3,none,44,f9fef0e5727fc3eff5764af78d6ed6a5c7b6e64205a30ead9b71ce3df5c02b94,9.946771569957493e-06,46589cf6bfcd1fa9ee8bf3ef4d53bdd80a9fb701649506d084ffd4cf895930da,0.3229,2.986520663070679,,,,,,"{""batch_size"": 100, ""loss"": ""cross_entropy"", ""lr"": 0.001, ""optimizer"": ""AdamW"", ""protocol_version"": ""article1-v3"", ""proxy_labels_sha256"": ""c634621c25bd9f84b0948ebe9d18f119a5ab295ee004e83d65dbac04043dff34"", ""proxy_view"": ""deterministic_evaluation"", ""scheduler"": null, ""updates"": 1200, ""weight_decay"": 0.0001}",1200,0.0001,,/home/roi/PycharmProjects/KD_v5/OUTPUTS/article1_v3/results_proxy_size_expert_prob.csv,34,c643a33c5bd39dee413ca2ea296a3f85ec91d9f8,cross_entropy,2c264eb2b010463c5e733bb95ad9ab1809529bedec649fec20beca0919e18402,iid,,,,,,True
,,f55789b054e434ab8d389ce08a35b3d46106180395eada71879d246719846752,256,,,df73f3c03baca526c997e2ae218cde5bf29572f76eae41d65d364f1e17150b1b,cifar,,600,600,300000,,,,0.001,,supervised_proxy_ce,AdamW,,article1-v3,6ac9ff4d15854c621b9386cafcdae6ab726b2759fabec5119d272fcbbb910d45,bb299879f6f7c5c2039d6b8d2a92bcc4d9457d5113e2928c6257cbe8e8881cd5,10000,nested_stratified_v1,44,555b3015ad1bc5337fb62e88c3c1020e111f641b9d3b7778d3db91a975df29cf,500,deterministic_evaluation,iid,aa3db1f22e84b901e59edcce5f009d15815887a6c7b9c6dd0debe41e58138b51,none,44,841ac055a7d78b9c12ee7a23540c1743b673d8568ff56773360d9628ada0419a,3.2071526220534e-05,46589cf6bfcd1fa9ee8bf3ef4d53bdd80a9fb701649506d084ffd4cf895930da,0.4684,2.260470207977295,,,,,,"{""batch_size"": 256, ""loss"": ""cross_entropy"", ""lr"": 0.001, ""optimizer"": ""AdamW"", ""protocol_version"": ""article1-v3"", ""proxy_labels_sha256"": ""6ac9ff4d15854c621b9386cafcdae6ab726b2759fabec5119d272fcbbb910d45"", ""proxy_view"": ""deterministic_evaluation"", ""scheduler"": null, ""updates"": 1200, ""weight_decay"": 0.0001}",1200,0.0001,,/home/roi/PycharmProjects/KD_v5/OUTPUTS/article1_v3/results_proxy_size_expert_prob.csv,38,c643a33c5bd39dee413ca2ea296a3f85ec91d9f8,cross_entropy,2c264eb2b010463c5e733bb95ad9ab1809529bedec649fec20beca0919e18402,iid,,,,,,True
,,3855d25d2f0d242d30fbd64698ecb3cddabbdf8daaaa067fb38ca24ea1aa5159,256,,,fe52d00403830b8916f1b201cd18fbc11df6ca44a70b15a06c745da16c6d28e1,cifar,,300,300,300000,,,,0.001,,supervised_proxy_ce,AdamW,,article1-v3,b00df5e1983ff251283547c4b5298e5351a6d90be1882217c370dea97fd0a974,bb299879f6f7c5c2039d6b8d2a92bcc4d9457d5113e2928c6257cbe8e8881cd5,10000,nested_stratified_v1,44,b8b4a475be000e9a80c6cd89b4d84c1f9646e336861ba970386a6a33ae9f908a,1000,deterministic_evaluation,iid,5f7d74246d0e567e82f2ee2f096e75b7a55bb28a0408f99c1b8263bd37d2ab3d,none,44,bfe8e66e7608a444de4ee4affcacb5a702e74e26c8752be8d7ab0a791963691d,3.528506567818113e-05,46589cf6bfcd1fa9ee8bf3ef4d53bdd80a9fb701649506d084ffd4cf895930da,0.5453,2.0318697334289557,,,,,,"{""batch_size"": 256, ""loss"": ""cross_entropy"", ""lr"": 0.001, ""optimizer"": ""AdamW"", ""protocol_version"": ""article1-v3"", ""proxy_labels_sha256"": ""b00df5e1983ff251283547c4b5298e5351a6d90be1882217c370dea97fd0a974"", ""proxy_view"": ""deterministic_evaluation"", ""scheduler"": null, ""updates"": 1200, ""weight_decay"": 0.0001}",1200,0.0001,,/home/roi/PycharmProjects/KD_v5/OUTPUTS/article1_v3/results_proxy_size_expert_prob.csv,42,c643a33c5bd39dee413ca2ea296a3f85ec91d9f8,cross_entropy,2c264eb2b010463c5e733bb95ad9ab1809529bedec649fec20beca0919e18402,iid,,,,,,True
,,d07c41e506d84f587a477889cc8c382fb50c4456e8b31a1b3460301db223b556,256,,,c31163a500f5afd69526b2810d89b90ef2b947126384281692e605e4cc5fb6de,cifar,,60,60,300000,,,,0.001,,supervised_proxy_ce,AdamW,,article1-v3,893da95ead3c665215eb13a5f6050076ab9dcc0b168e2ac6517b8cd986f8bd30,bb299879f6f7c5c2039d6b8d2a92bcc4d9457d5113e2928c6257cbe8e8881cd5,10000,nested_stratified_v1,44,0683231331de914156adefcb2239f8600e804117616580e4be80c7acff562587,5000,deterministic_evaluation,iid,81888981caf8bf3e9cae0c2e32c58d8c1bd65fcfbc2b6c702cc9ec3ee3e93350,none,44,17e56ed8edf5d9a110857f236bcab283c614a750ad1e993b7c30a3efe9effa9a,7.607408770127222e-05,46589cf6bfcd1fa9ee8bf3ef4d53bdd80a9fb701649506d084ffd4cf895930da,0.7269,1.2266300662994385,,,,,,"{""batch_size"": 256, ""loss"": ""cross_entropy"", ""lr"": 0.001, ""optimizer"": ""AdamW"", ""protocol_version"": ""article1-v3"", ""proxy_labels_sha256"": ""893da95ead3c665215eb13a5f6050076ab9dcc0b168e2ac6517b8cd986f8bd30"", ""proxy_view"": ""deterministic_evaluation"", ""scheduler"": null, ""updates"": 1200, ""weight_decay"": 0.0001}",1200,0.0001,,/home/roi/PycharmProjects/KD_v5/OUTPUTS/article1_v3/results_proxy_size_expert_prob.csv,46,c643a33c5bd39dee413ca2ea296a3f85ec91d9f8,cross_entropy,2c264eb2b010463c5e733bb95ad9ab1809529bedec649fec20beca0919e18402,iid,,,,,,True
,,2a836581bb03cec96f509a87a0a27efbc0afc37c6522a54562e03a18504b0346,256,,,7d19cf95b4de564f3b35de7f267e55fb595e5b2a9d5e5d7408d2b7653541ba98,cifar,,30,30,300000,,,,0.001,,supervised_proxy_ce,AdamW,,article1-v3,117be76002e0123f5252e2b78c50cbfb9fcbe971247b5af9c3e1b9dfba92df89,66af2fbb33f1e089245500600db030610ac3b47e91dba7cbb7dbf193a5c1ef13,10000,full_original_order,42,66af2fbb33f1e089245500600db030610ac3b47e91dba7cbb7dbf193a5c1ef13,10000,deterministic_evaluation,alpha0p1,86df58e23b62e62d03cb117d777ae2877b2827b4e3f6545b30ce0f318f774c5d,none,42,8bbf29cf5d00f8ac00ce15ea29d041546efba96256a2acc2ccf4e84c2e8640b3,0.0021416475065052,185356aa1824f8622c4cedfce3d940f5365857f2d6541013f0f2d87bf8820d24,0.7938,0.8560695510864258,,,,,,"{""batch_size"": 256, ""loss"": ""cross_entropy"", ""lr"": 0.001, ""optimizer"": ""AdamW"", ""protocol_version"": ""article1-v3"", ""proxy_labels_sha256"": ""117be76002e0123f5252e2b78c50cbfb9fcbe971247b5af9c3e1b9dfba92df89"", ""proxy_view"": ""deterministic_evaluation"", ""scheduler"": null, ""updates"": 1200, ""weight_decay"": 0.0001}",1200,0.0001,,/home/roi/PycharmProjects/KD_v5/OUTPUTS/article1_v3/results_supervised_proxy.csv,8,6c840ee325493c0d19f2d63b4daa24ada7923e07,cross_entropy,d2636da84362f05b2a0ab8ebb5039b941c6b9310b42eddd0e6007451ba624b46,iid,,,,,,True
,,9dc3b75d34f50fd7e8121684c2e8b96473759a62ffdf4da9a899b6be2324c4f6,256,,,c704b120a3cb73aa8c8df617232d6058a17a3bc42b1535cd8876b14fac92544e,cifar,,30,30,300000,,,,0.001,,supervised_proxy_ce,AdamW,,article1-v3,70730ee6b1ff4436096773eaa579a3febb5bee8fe240bc9c1038b82de74afdcb,bed4be8cbbddf6b7e019ee5f865d0201821d40925ca2b78a28d00ef0bde4d7bb,10000,full_original_order,43,bed4be8cbbddf6b7e019ee5f865d0201821d40925ca2b78a28d00ef0bde4d7bb,10000,deterministic_evaluation,alpha0p1,ac4135f3c066f8e1019694dd1f0fec40ed9a2e2af237b678cbe161af161c1752,none,43,b8d453ad1b5c2f5526952a3597b49ec155dd6564765910e595c33bf16cf5e3bd,0.0017167849000543,335be889b9913daeb5005a38607982797a1f0f6633ae7459498f792989576a97,0.7895,0.9055568433761596,,,,,,"{""batch_size"": 256, ""loss"": ""cross_entropy"", ""lr"": 0.001, ""optimizer"": ""AdamW"", ""protocol_version"": ""article1-v3"", ""proxy_labels_sha256"": ""70730ee6b1ff4436096773eaa579a3febb5bee8fe240bc9c1038b82de74afdcb"", ""proxy_view"": ""deterministic_evaluation"", ""scheduler"": null, ""updates"": 1200, ""weight_decay"": 0.0001}",1200,0.0001,,/home/roi/PycharmProjects/KD_v5/OUTPUTS/article1_v3/results_supervised_proxy.csv,9,6c840ee325493c0d19f2d63b4daa24ada7923e07,cross_entropy,313d08a4063e2e70f69684825648a6997881288513eb04c35886ca8ab551e5ca,iid,,,,,,True
,,1f3034cbd83dc007bebbb86cb19474d4ce302552e2dd4f9a5af623e717861d58,256,,,40722a1b2e1bd53024c6927f9304d3ab249668be780c1d3b721c7dbf5780613a,cifar,,30,30,300000,,,,0.001,,supervised_proxy_ce,AdamW,,article1-v3,bbbb2fd925f2d965ef63c9d3518f3862a6f0d89340e133b6232a70cc41007adf,bb299879f6f7c5c2039d6b8d2a92bcc4d9457d5113e2928c6257cbe8e8881cd5,10000,full_original_order,44,bb299879f6f7c5c2039d6b8d2a92bcc4d9457d5113e2928c6257cbe8e8881cd5,10000,deterministic_evaluation,alpha0p1,40406ef0ff2512ec401c531613c69f7a80085603c57c26621d5970bf58eee3a5,none,44,aaae9ce5dba7f587d580b1f4a564d4dcb46ffe370f43ed1f58739aff31930dc1,0.0022107819095253,46589cf6bfcd1fa9ee8bf3ef4d53bdd80a9fb701649506d084ffd4cf895930da,0.7871,0.864531807231903,,,,,,"{""batch_size"": 256, ""loss"": ""cross_entropy"", ""lr"": 0.001, ""optimizer"": ""AdamW"", ""protocol_version"": ""article1-v3"", ""proxy_labels_sha256"": ""bbbb2fd925f2d965ef63c9d3518f3862a6f0d89340e133b6232a70cc41007adf"", ""proxy_view"": ""deterministic_evaluation"", ""scheduler"": null, ""updates"": 1200, ""weight_decay"": 0.0001}",1200,0.0001,,/home/roi/PycharmProjects/KD_v5/OUTPUTS/article1_v3/results_supervised_proxy.csv,10,6c840ee325493c0d19f2d63b4daa24ada7923e07,cross_entropy,2c264eb2b010463c5e733bb95ad9ab1809529bedec649fec20beca0919e18402,iid,,,,,,True
,,9c89cc8875f36da465b21ebab76f17691f27e51a6e391c7da97d9b3c818ea16e,100,,,53f9e814a94b3c58466da1b196a4a015777ae6b1c7cdabf87a8ad2bc27a4c731,cifar,,1200,1200,120000,,,,0.001,,supervised_proxy_ce,AdamW,,article1-v3,392654b3c3340eaf73f153ae57d9b013005a9220630fb5b5b46d9f668e1c87cb,66af2fbb33f1e089245500600db030610ac3b47e91dba7cbb7dbf193a5c1ef13,10000,nested_stratified_v1,42,85a26f7dcea1550411a19050a529862f2def50737608f3fbf6854cdf74235b17,100,deterministic_evaluation,alpha0p1,3190d167404745bc509343a87d34eebe5d3b6ac0d91cf99f6dacd194f80e27d2,none,42,61ff4ff55593d83a821775ed21b002119b77f706782213acba463bfe5e98aa46,1.1812375305453315e-05,185356aa1824f8622c4cedfce3d940f5365857f2d6541013f0f2d87bf8820d24,0.3383,2.8901977760314943,,,,,,"{""batch_size"": 100, ""loss"": ""cross_entropy"", ""lr"": 0.001, ""optimizer"": ""AdamW"", ""protocol_version"": ""article1-v3"", ""proxy_labels_sha256"": ""392654b3c3340eaf73f153ae57d9b013005a9220630fb5b5b46d9f668e1c87cb"", ""proxy_view"": ""deterministic_evaluation"", ""scheduler"": null, ""updates"": 1200, ""weight_decay"": 0.0001}",1200,0.0001,,/home/roi/PycharmProjects/KD_v5/OUTPUTS/article1_v3/results_proxy_size_expert_prob.csv,2,ccf92e765d8c7563482aa24d9851cd656eb1084e,cross_entropy,d2636da84362f05b2a0ab8ebb5039b941c6b9310b42eddd0e6007451ba624b46,iid,,,,,,True
,,39ef3cb5cd517a7d6cf7b6bd137d76374f0539b897781179882ea3a2073ba439,256,,,985117821410d356f053658bf8ff4e15025a5a7abde78d27b71a8a15fd28a9dc,cifar,,600,600,300000,,,,0.001,,supervised_proxy_ce,AdamW,,article1-v3,11e1284125a2d7687f97a6593bb0cc2fdff216c753de813d589c56de8d530fe6,66af2fbb33f1e089245500600db030610ac3b47e91dba7cbb7dbf193a5c1ef13,10000,nested_stratified_v1,42,70b5d68e7fa37cc3c33ddcdec899d76c6961748ca62f6d670077d18fd7c62134,500,deterministic_evaluation,alpha0p1,8588a035240f3e55cc608d8502f0a5dd28526507f2be33057aec4d53bba595af,none,42,d58e2808085e3341aafea3d419b2f89fad48fa906e038da4a64d4e15f2db41e4,2.9205762984929606e-05,185356aa1824f8622c4cedfce3d940f5365857f2d6541013f0f2d87bf8820d24,0.4602,2.269878453063965,,,,,,"{""batch_size"": 256, ""loss"": ""cross_entropy"", ""lr"": 0.001, ""optimizer"": ""AdamW"", ""protocol_version"": ""article1-v3"", ""proxy_labels_sha256"": ""11e1284125a2d7687f97a6593bb0cc2fdff216c753de813d589c56de8d530fe6"", ""proxy_view"": ""deterministic_evaluation"", ""scheduler"": null, ""updates"": 1200, ""weight_decay"": 0.0001}",1200,0.0001,,/home/roi/PycharmProjects/KD_v5/OUTPUTS/article1_v3/results_proxy_size_expert_prob.csv,6,c643a33c5bd39dee413ca2ea296a3f85ec91d9f8,cross_entropy,d2636da84362f05b2a0ab8ebb5039b941c6b9310b42eddd0e6007451ba624b46,iid,,,,,,True
,,36c2331f694a7b1dafd8061a0bfab76f41d30d4d90ec93cfa74f40728016566b,256,,,131e99175321e7a52cdca3cb4f4c2823d4a78ab2e51898e20bddb5c3b0657f6b,cifar,,300,300,300000,,,,0.001,,supervised_proxy_ce,AdamW,,article1-v3,6fb277f27f4d6ad1e68d7df8f5a0bac01661150ecee2090ccfb93c2ab4f0c9a5,66af2fbb33f1e089245500600db030610ac3b47e91dba7cbb7dbf193a5c1ef13,10000,nested_stratified_v1,42,e6ac7e2e1fe54cc5fde5a8717b59adf9ea55e08f9fb89a601d55f86bad0c1bd0,1000,deterministic_evaluation,alpha0p1,25c35af941cbfc761e2daf27bb6e78580600ef827a220c61f0fe1b57cab972c3,none,42,f485a177fa1afff891cc4497b6a6559a9cf2c3932cb3cfb25be3250e639837b4,3.533020935719833e-05,185356aa1824f8622c4cedfce3d940f5365857f2d6541013f0f2d87bf8820d24,0.5467,1.8780779983520508,,,,,,"{""batch_size"": 256, ""loss"": ""cross_entropy"", ""lr"": 0.001, ""optimizer"": ""AdamW"", ""protocol_version"": ""article1-v3"", ""proxy_labels_sha256"": ""6fb277f27f4d6ad1e68d7df8f5a0bac01661150ecee2090ccfb93c2ab4f0c9a5"", ""proxy_view"": ""deterministic_evaluation"", ""scheduler"": null, ""updates"": 1200, ""weight_decay"": 0.0001}",1200,0.0001,,/home/roi/PycharmProjects/KD_v5/OUTPUTS/article1_v3/results_proxy_size_expert_prob.csv,10,c643a33c5bd39dee413ca2ea296a3f85ec91d9f8,cross_entropy,d2636da84362f05b2a0ab8ebb5039b941c6b9310b42eddd0e6007451ba624b46,iid,,,,,,True
,,e724c55f45cc1687ec21ef6a400c1b24244be6b79477359941d532280cc1b110,256,,,7e55b0a381d74a5a5da3ccc320f813c6b82e203e7657ed192f58e978a4ab6f47,cifar,,60,60,300000,,,,0.001,,supervised_proxy_ce,AdamW,,article1-v3,7818a0ebb4f6d71c4b8e8645fbcf991c04134196fa58a7d158710d6fca25baa0,66af2fbb33f1e089245500600db030610ac3b47e91dba7cbb7dbf193a5c1ef13,10000,nested_stratified_v1,42,75626a43293e26c6ab450a7c5e34612824ae8e09a125fdbcb9cfe00e8180bcb6,5000,deterministic_evaluation,alpha0p1,d7c5b54faf0ee7155969a97c2e17988830842bfd5ed7ccfda682067a4aaeb488,none,42,0f3f59ca4de37ba700a41226585684fe8865d200fbda6ac3889ff2372c5a19cb,5.7523044233676046e-05,185356aa1824f8622c4cedfce3d940f5365857f2d6541013f0f2d87bf8820d24,0.7269,1.178120182800293,,,,,,"{""batch_size"": 256, ""loss"": ""cross_entropy"", ""lr"": 0.001, ""optimizer"": ""AdamW"", ""protocol_version"": ""article1-v3"", ""proxy_labels_sha256"": ""7818a0ebb4f6d71c4b8e8645fbcf991c04134196fa58a7d158710d6fca25baa0"", ""proxy_view"": ""deterministic_evaluation"", ""scheduler"": null, ""updates"": 1200, ""weight_decay"": 0.0001}",1200,0.0001,,/home/roi/PycharmProjects/KD_v5/OUTPUTS/article1_v3/results_proxy_size_expert_prob.csv,14,c643a33c5bd39dee413ca2ea296a3f85ec91d9f8,cross_entropy,d2636da84362f05b2a0ab8ebb5039b941c6b9310b42eddd0e6007451ba624b46,iid,,,,,,True
,,774063ddbadfec22036bf9c7cf7cc1d72f7a0e79472c776cc0d37cd5b7a33193,100,,,ccb2db6fe4c4684febc27b3e39673b6b2661b4e117a9a7734628c9869147b730,cifar,,1200,1200,120000,,,,0.001,,supervised_proxy_ce,AdamW,,article1-v3,cf2477f4398282cb966d3a30d5ad5f08b99e697c09d8a33f7fbff9b823f1d5b6,bed4be8cbbddf6b7e019ee5f865d0201821d40925ca2b78a28d00ef0bde4d7bb,10000,nested_stratified_v1,43,bb38a9c0811d125483c37543869227a680feb6dbf92c294ba62e51f0bac956cf,100,deterministic_evaluation,alpha0p1,f0d05d7d758b709ca01be4ebab7177c8e819a1f7561e33f01c01c46e980675ac,none,43,36a14663861e1f8df81808de7350561bb20b45738d4a16f8ed8f4b8685b365ec,1.338472338829888e-05,335be889b9913daeb5005a38607982797a1f0f6633ae7459498f792989576a97,0.3285,3.044557247543335,,,,,,"{""batch_size"": 100, ""loss"": ""cross_entropy"", ""lr"": 0.001, ""optimizer"": ""AdamW"", ""protocol_version"": ""article1-v3"", ""proxy_labels_sha256"": ""cf2477f4398282cb966d3a30d5ad5f08b99e697c09d8a33f7fbff9b823f1d5b6"", ""proxy_view"": ""deterministic_evaluation"", ""scheduler"": null, ""updates"": 1200, ""weight_decay"": 0.0001}",1200,0.0001,,/home/roi/PycharmProjects/KD_v5/OUTPUTS/article1_v3/results_proxy_size_expert_prob.csv,18,c643a33c5bd39dee413ca2ea296a3f85ec91d9f8,cross_entropy,313d08a4063e2e70f69684825648a6997881288513eb04c35886ca8ab551e5ca,iid,,,,,,True
,,71ac2c45dd5831edbac0c32d2e4c96ee54b004c17d57544047f187ca1ff28e8a,256,,,2e1844dc56658e2e925a63402fae278b3d466a1b2b534ff5504b8b7a33c9d1d0,cifar,,600,600,300000,,,,0.001,,supervised_proxy_ce,AdamW,,article1-v3,ffa0eebe87659307a235c6a7b41a8b1ce6b574c0ab3fdaabae526f28f5fa0558,bed4be8cbbddf6b7e019ee5f865d0201821d40925ca2b78a28d00ef0bde4d7bb,10000,nested_stratified_v1,43,62957c1313b9ae402c1964617b4f0b2f0144bd35b4167ed3bd16392a504e5cc2,500,deterministic_evaluation,alpha0p1,450e462119cb17304e21faa68f811d1e5c52cf02f38f316c95121c157a695aa9,none,43,4f289ad17ebc7d4f0c98b0968e82b74706685374fd0ffda7829b51c8bb8f7730,2.383321952947881e-05,335be889b9913daeb5005a38607982797a1f0f6633ae7459498f792989576a97,0.4772,2.2077495231628417,,,,,,"{""batch_size"": 256, ""loss"": ""cross_entropy"", ""lr"": 0.001, ""optimizer"": ""AdamW"", ""protocol_version"": ""article1-v3"", ""proxy_labels_sha256"": ""ffa0eebe87659307a235c6a7b41a8b1ce6b574c0ab3fdaabae526f28f5fa0558"", ""proxy_view"": ""deterministic_evaluation"", ""scheduler"": null, ""updates"": 1200, ""weight_decay"": 0.0001}",1200,0.0001,,/home/roi/PycharmProjects/KD_v5/OUTPUTS/article1_v3/results_proxy_size_expert_prob.csv,22,c643a33c5bd39dee413ca2ea296a3f85ec91d9f8,cross_entropy,313d08a4063e2e70f69684825648a6997881288513eb04c35886ca8ab551e5ca,iid,,,,,,True
,,3f6897813d1e52fc9447c705710689cadcdfc833c6f3be83210baaabfd15dfe4,256,,,d221995106e2c358efdcfb6bfdac9775c1e136585d69558bfd19801ca1371307,cifar,,300,300,300000,,,,0.001,,supervised_proxy_ce,AdamW,,article1-v3,67ca3db8be9f5184931331cce782ca9080402aec5491b5fbb377c9407f3f5287,bed4be8cbbddf6b7e019ee5f865d0201821d40925ca2b78a28d00ef0bde4d7bb,10000,nested_stratified_v1,43,deed8d41224250db5152a0be5e4fa0c688d949f6e0f3fc8a380dbb0eacda163d,1000,deterministic_evaluation,alpha0p1,b53329337dec2e2d74ae59e1cfc8526cdac0d3c9c5e10f4306a2c2a48da5cd41,none,43,f141ee3621928d178e5a28c82f851df90ca0c97ab6ca2b48c611e1d143fa21f3,3.1943760404828936e-05,335be889b9913daeb5005a38607982797a1f0f6633ae7459498f792989576a97,0.5494,2.050018885421753,,,,,,"{""batch_size"": 256, ""loss"": ""cross_entropy"", ""lr"": 0.001, ""optimizer"": ""AdamW"", ""protocol_version"": ""article1-v3"", ""proxy_labels_sha256"": ""67ca3db8be9f5184931331cce782ca9080402aec5491b5fbb377c9407f3f5287"", ""proxy_view"": ""deterministic_evaluation"", ""scheduler"": null, ""updates"": 1200, ""weight_decay"": 0.0001}",1200,0.0001,,/home/roi/PycharmProjects/KD_v5/OUTPUTS/article1_v3/results_proxy_size_expert_prob.csv,26,c643a33c5bd39dee413ca2ea296a3f85ec91d9f8,cross_entropy,313d08a4063e2e70f69684825648a6997881288513eb04c35886ca8ab551e5ca,iid,,,,,,True
,,916b8567492f279c0f57d9a3e12ed6dcfe512f2806565bace9c50ba338a269ae,256,,,2f84f2ca05e3a3cfb838ec9399a538ee4a21ca1221acfe186e1ec1a909b669b7,cifar,,60,60,300000,,,,0.001,,supervised_proxy_ce,AdamW,,article1-v3,c84acc5d3cb2cb7b28f40c14a7411d405ec69a11798e90b58f78b9d70f08e592,bed4be8cbbddf6b7e019ee5f865d0201821d40925ca2b78a28d00ef0bde4d7bb,10000,nested_stratified_v1,43,056c8915e3d3707c5bee0af4e21160c0962280b01309051a5230942ec5ab894f,5000,deterministic_evaluation,alpha0p1,c3cbb69fb5477a426c5f3fac47c6578b5e3fcb06cf655bb618f41b0df5726d2b,none,43,12f06a1f234bcf66ac0666844d16bd7495bd84e3ad51fe728c9ac740bac0548c,6.865378236398101e-05,335be889b9913daeb5005a38607982797a1f0f6633ae7459498f792989576a97,0.7301,1.2131696081161498,,,,,,"{""batch_size"": 256, ""loss"": ""cross_entropy"", ""lr"": 0.001, ""optimizer"": ""AdamW"", ""protocol_version"": ""article1-v3"", ""proxy_labels_sha256"": ""c84acc5d3cb2cb7b28f40c14a7411d405ec69a11798e90b58f78b9d70f08e592"", ""proxy_view"": ""deterministic_evaluation"", ""scheduler"": null, ""updates"": 1200, ""weight_decay"": 0.0001}",1200,0.0001,,/home/roi/PycharmProjects/KD_v5/OUTPUTS/article1_v3/results_proxy_size_expert_prob.csv,30,c643a33c5bd39dee413ca2ea296a3f85ec91d9f8,cross_entropy,313d08a4063e2e70f69684825648a6997881288513eb04c35886ca8ab551e5ca,iid,,,,,,True
,,584406a028e74e2941844d91fa89440838622020240ebb18220ada45a16cbcc5,100,,,89f925f00ca58356cafbddc489dc5453f315a3aeb3b7d9b014f697d75daef11d,cifar,,1200,1200,120000,,,,0.001,,supervised_proxy_ce,AdamW,,article1-v3,c634621c25bd9f84b0948ebe9d18f119a5ab295ee004e83d65dbac04043dff34,bb299879f6f7c5c2039d6b8d2a92bcc4d9457d5113e2928c6257cbe8e8881cd5,10000,nested_stratified_v1,44,98bca177f1626a29c0c17ece5e63167691e5d013b388d16480d7a647d79d0e0d,100,deterministic_evaluation,alpha0p1,32f68ec1925440db9cabf3ee078a8438df26b658587de1040cdf76a952e07ae3,none,44,f9fef0e5727fc3eff5764af78d6ed6a5c7b6e64205a30ead9b71ce3df5c02b94,9.946771569957493e-06,46589cf6bfcd1fa9ee8bf3ef4d53bdd80a9fb701649506d084ffd4cf895930da,0.3229,2.986520663070679,,,,,,"{""batch_size"": 100, ""loss"": ""cross_entropy"", ""lr"": 0.001, ""optimizer"": ""AdamW"", ""protocol_version"": ""article1-v3"", ""proxy_labels_sha256"": ""c634621c25bd9f84b0948ebe9d18f119a5ab295ee004e83d65dbac04043dff34"", ""proxy_view"": ""deterministic_evaluation"", ""scheduler"": null, ""updates"": 1200, ""weight_decay"": 0.0001}",1200,0.0001,,/home/roi/PycharmProjects/KD_v5/OUTPUTS/article1_v3/results_proxy_size_expert_prob.csv,34,c643a33c5bd39dee413ca2ea296a3f85ec91d9f8,cross_entropy,2c264eb2b010463c5e733bb95ad9ab1809529bedec649fec20beca0919e18402,iid,,,,,,True
,,f55789b054e434ab8d389ce08a35b3d46106180395eada71879d246719846752,256,,,df73f3c03baca526c997e2ae218cde5bf29572f76eae41d65d364f1e17150b1b,cifar,,600,600,300000,,,,0.001,,supervised_proxy_ce,AdamW,,article1-v3,6ac9ff4d15854c621b9386cafcdae6ab726b2759fabec5119d272fcbbb910d45,bb299879f6f7c5c2039d6b8d2a92bcc4d9457d5113e2928c6257cbe8e8881cd5,10000,nested_stratified_v1,44,555b3015ad1bc5337fb62e88c3c1020e111f641b9d3b7778d3db91a975df29cf,500,deterministic_evaluation,alpha0p1,aa3db1f22e84b901e59edcce5f009d15815887a6c7b9c6dd0debe41e58138b51,none,44,841ac055a7d78b9c12ee7a23540c1743b673d8568ff56773360d9628ada0419a,3.2071526220534e-05,46589cf6bfcd1fa9ee8bf3ef4d53bdd80a9fb701649506d084ffd4cf895930da,0.4684,2.260470207977295,,,,,,"{""batch_size"": 256, ""loss"": ""cross_entropy"", ""lr"": 0.001, ""optimizer"": ""AdamW"", ""protocol_version"": ""article1-v3"", ""proxy_labels_sha256"": ""6ac9ff4d15854c621b9386cafcdae6ab726b2759fabec5119d272fcbbb910d45"", ""proxy_view"": ""deterministic_evaluation"", ""scheduler"": null, ""updates"": 1200, ""weight_decay"": 0.0001}",1200,0.0001,,/home/roi/PycharmProjects/KD_v5/OUTPUTS/article1_v3/results_proxy_size_expert_prob.csv,38,c643a33c5bd39dee413ca2ea296a3f85ec91d9f8,cross_entropy,2c264eb2b010463c5e733bb95ad9ab1809529bedec649fec20beca0919e18402,iid,,,,,,True
,,3855d25d2f0d242d30fbd64698ecb3cddabbdf8daaaa067fb38ca24ea1aa5159,256,,,fe52d00403830b8916f1b201cd18fbc11df6ca44a70b15a06c745da16c6d28e1,cifar,,300,300,300000,,,,0.001,,supervised_proxy_ce,AdamW,,article1-v3,b00df5e1983ff251283547c4b5298e5351a6d90be1882217c370dea97fd0a974,bb299879f6f7c5c2039d6b8d2a92bcc4d9457d5113e2928c6257cbe8e8881cd5,10000,nested_stratified_v1,44,b8b4a475be000e9a80c6cd89b4d84c1f9646e336861ba970386a6a33ae9f908a,1000,deterministic_evaluation,alpha0p1,5f7d74246d0e567e82f2ee2f096e75b7a55bb28a0408f99c1b8263bd37d2ab3d,none,44,bfe8e66e7608a444de4ee4affcacb5a702e74e26c8752be8d7ab0a791963691d,3.528506567818113e-05,46589cf6bfcd1fa9ee8bf3ef4d53bdd80a9fb701649506d084ffd4cf895930da,0.5453,2.0318697334289557,,,,,,"{""batch_size"": 256, ""loss"": ""cross_entropy"", ""lr"": 0.001, ""optimizer"": ""AdamW"", ""protocol_version"": ""article1-v3"", ""proxy_labels_sha256"": ""b00df5e1983ff251283547c4b5298e5351a6d90be1882217c370dea97fd0a974"", ""proxy_view"": ""deterministic_evaluation"", ""scheduler"": null, ""updates"": 1200, ""weight_decay"": 0.0001}",1200,0.0001,,/home/roi/PycharmProjects/KD_v5/OUTPUTS/article1_v3/results_proxy_size_expert_prob.csv,42,c643a33c5bd39dee413ca2ea296a3f85ec91d9f8,cross_entropy,2c264eb2b010463c5e733bb95ad9ab1809529bedec649fec20beca0919e18402,iid,,,,,,True
,,d07c41e506d84f587a477889cc8c382fb50c4456e8b31a1b3460301db223b556,256,,,c31163a500f5afd69526b2810d89b90ef2b947126384281692e605e4cc5fb6de,cifar,,60,60,300000,,,,0.001,,supervised_proxy_ce,AdamW,,article1-v3,893da95ead3c665215eb13a5f6050076ab9dcc0b168e2ac6517b8cd986f8bd30,bb299879f6f7c5c2039d6b8d2a92bcc4d9457d5113e2928c6257cbe8e8881cd5,10000,nested_stratified_v1,44,0683231331de914156adefcb2239f8600e804117616580e4be80c7acff562587,5000,deterministic_evaluation,alpha0p1,81888981caf8bf3e9cae0c2e32c58d8c1bd65fcfbc2b6c702cc9ec3ee3e93350,none,44,17e56ed8edf5d9a110857f236bcab283c614a750ad1e993b7c30a3efe9effa9a,7.607408770127222e-05,46589cf6bfcd1fa9ee8bf3ef4d53bdd80a9fb701649506d084ffd4cf895930da,0.7269,1.2266300662994385,,,,,,"{""batch_size"": 256, ""loss"": ""cross_entropy"", ""lr"": 0.001, ""optimizer"": ""AdamW"", ""protocol_version"": ""article1-v3"", ""proxy_labels_sha256"": ""893da95ead3c665215eb13a5f6050076ab9dcc0b168e2ac6517b8cd986f8bd30"", ""proxy_view"": ""deterministic_evaluation"", ""scheduler"": null, ""updates"": 1200, ""weight_decay"": 0.0001}",1200,0.0001,,/home/roi/PycharmProjects/KD_v5/OUTPUTS/article1_v3/results_proxy_size_expert_prob.csv,46,c643a33c5bd39dee413ca2ea296a3f85ec91d9f8,cross_entropy,2c264eb2b010463c5e733bb95ad9ab1809529bedec649fec20beca0919e18402,iid,,,,,,True
,,2a836581bb03cec96f509a87a0a27efbc0afc37c6522a54562e03a18504b0346,256,,,7d19cf95b4de564f3b35de7f267e55fb595e5b2a9d5e5d7408d2b7653541ba98,cifar,,30,30,300000,,,,0.001,,supervised_proxy_ce,AdamW,,article1-v3,117be76002e0123f5252e2b78c50cbfb9fcbe971247b5af9c3e1b9dfba92df89,66af2fbb33f1e089245500600db030610ac3b47e91dba7cbb7dbf193a5c1ef13,10000,full_original_order,42,66af2fbb33f1e089245500600db030610ac3b47e91dba7cbb7dbf193a5c1ef13,10000,deterministic_evaluation,single,86df58e23b62e62d03cb117d777ae2877b2827b4e3f6545b30ce0f318f774c5d,none,42,8bbf29cf5d00f8ac00ce15ea29d041546efba96256a2acc2ccf4e84c2e8640b3,0.0021416475065052,185356aa1824f8622c4cedfce3d940f5365857f2d6541013f0f2d87bf8820d24,0.7938,0.8560695510864258,,,,,,"{""batch_size"": 256, ""loss"": ""cross_entropy"", ""lr"": 0.001, ""optimizer"": ""AdamW"", ""protocol_version"": ""article1-v3"", ""proxy_labels_sha256"": ""117be76002e0123f5252e2b78c50cbfb9fcbe971247b5af9c3e1b9dfba92df89"", ""proxy_view"": ""deterministic_evaluation"", ""scheduler"": null, ""updates"": 1200, ""weight_decay"": 0.0001}",1200,0.0001,,/home/roi/PycharmProjects/KD_v5/OUTPUTS/article1_v3/results_supervised_proxy.csv,8,6c840ee325493c0d19f2d63b4daa24ada7923e07,cross_entropy,d2636da84362f05b2a0ab8ebb5039b941c6b9310b42eddd0e6007451ba624b46,iid,,,,,,True
,,9dc3b75d34f50fd7e8121684c2e8b96473759a62ffdf4da9a899b6be2324c4f6,256,,,c704b120a3cb73aa8c8df617232d6058a17a3bc42b1535cd8876b14fac92544e,cifar,,30,30,300000,,,,0.001,,supervised_proxy_ce,AdamW,,article1-v3,70730ee6b1ff4436096773eaa579a3febb5bee8fe240bc9c1038b82de74afdcb,bed4be8cbbddf6b7e019ee5f865d0201821d40925ca2b78a28d00ef0bde4d7bb,10000,full_original_order,43,bed4be8cbbddf6b7e019ee5f865d0201821d40925ca2b78a28d00ef0bde4d7bb,10000,deterministic_evaluation,single,ac4135f3c066f8e1019694dd1f0fec40ed9a2e2af237b678cbe161af161c1752,none,43,b8d453ad1b5c2f5526952a3597b49ec155dd6564765910e595c33bf16cf5e3bd,0.0017167849000543,335be889b9913daeb5005a38607982797a1f0f6633ae7459498f792989576a97,0.7895,0.9055568433761596,,,,,,"{""batch_size"": 256, ""loss"": ""cross_entropy"", ""lr"": 0.001, ""optimizer"": ""AdamW"", ""protocol_version"": ""article1-v3"", ""proxy_labels_sha256"": ""70730ee6b1ff4436096773eaa579a3febb5bee8fe240bc9c1038b82de74afdcb"", ""proxy_view"": ""deterministic_evaluation"", ""scheduler"": null, ""updates"": 1200, ""weight_decay"": 0.0001}",1200,0.0001,,/home/roi/PycharmProjects/KD_v5/OUTPUTS/article1_v3/results_supervised_proxy.csv,9,6c840ee325493c0d19f2d63b4daa24ada7923e07,cross_entropy,313d08a4063e2e70f69684825648a6997881288513eb04c35886ca8ab551e5ca,iid,,,,,,True
,,1f3034cbd83dc007bebbb86cb19474d4ce302552e2dd4f9a5af623e717861d58,256,,,40722a1b2e1bd53024c6927f9304d3ab249668be780c1d3b721c7dbf5780613a,cifar,,30,30,300000,,,,0.001,,supervised_proxy_ce,AdamW,,article1-v3,bbbb2fd925f2d965ef63c9d3518f3862a6f0d89340e133b6232a70cc41007adf,bb299879f6f7c5c2039d6b8d2a92bcc4d9457d5113e2928c6257cbe8e8881cd5,10000,full_original_order,44,bb299879f6f7c5c2039d6b8d2a92bcc4d9457d5113e2928c6257cbe8e8881cd5,10000,deterministic_evaluation,single,40406ef0ff2512ec401c531613c69f7a80085603c57c26621d5970bf58eee3a5,none,44,aaae9ce5dba7f587d580b1f4a564d4dcb46ffe370f43ed1f58739aff31930dc1,0.0022107819095253,46589cf6bfcd1fa9ee8bf3ef4d53bdd80a9fb701649506d084ffd4cf895930da,0.7871,0.864531807231903,,,,,,"{""batch_size"": 256, ""loss"": ""cross_entropy"", ""lr"": 0.001, ""optimizer"": ""AdamW"", ""protocol_version"": ""article1-v3"", ""proxy_labels_sha256"": ""bbbb2fd925f2d965ef63c9d3518f3862a6f0d89340e133b6232a70cc41007adf"", ""proxy_view"": ""deterministic_evaluation"", ""scheduler"": null, ""updates"": 1200, ""weight_decay"": 0.0001}",1200,0.0001,,/home/roi/PycharmProjects/KD_v5/OUTPUTS/article1_v3/results_supervised_proxy.csv,10,6c840ee325493c0d19f2d63b4daa24ada7923e07,cross_entropy,2c264eb2b010463c5e733bb95ad9ab1809529bedec649fec20beca0919e18402,iid,,,,,,True
,,9c89cc8875f36da465b21ebab76f17691f27e51a6e391c7da97d9b3c818ea16e,100,,,53f9e814a94b3c58466da1b196a4a015777ae6b1c7cdabf87a8ad2bc27a4c731,cifar,,1200,1200,120000,,,,0.001,,supervised_proxy_ce,AdamW,,article1-v3,392654b3c3340eaf73f153ae57d9b013005a9220630fb5b5b46d9f668e1c87cb,66af2fbb33f1e089245500600db030610ac3b47e91dba7cbb7dbf193a5c1ef13,10000,nested_stratified_v1,42,85a26f7dcea1550411a19050a529862f2def50737608f3fbf6854cdf74235b17,100,deterministic_evaluation,single,3190d167404745bc509343a87d34eebe5d3b6ac0d91cf99f6dacd194f80e27d2,none,42,61ff4ff55593d83a821775ed21b002119b77f706782213acba463bfe5e98aa46,1.1812375305453315e-05,185356aa1824f8622c4cedfce3d940f5365857f2d6541013f0f2d87bf8820d24,0.3383,2.8901977760314943,,,,,,"{""batch_size"": 100, ""loss"": ""cross_entropy"", ""lr"": 0.001, ""optimizer"": ""AdamW"", ""protocol_version"": ""article1-v3"", ""proxy_labels_sha256"": ""392654b3c3340eaf73f153ae57d9b013005a9220630fb5b5b46d9f668e1c87cb"", ""proxy_view"": ""deterministic_evaluation"", ""scheduler"": null, ""updates"": 1200, ""weight_decay"": 0.0001}",1200,0.0001,,/home/roi/PycharmProjects/KD_v5/OUTPUTS/article1_v3/results_proxy_size_expert_prob.csv,2,ccf92e765d8c7563482aa24d9851cd656eb1084e,cross_entropy,d2636da84362f05b2a0ab8ebb5039b941c6b9310b42eddd0e6007451ba624b46,iid,,,,,,True
,,39ef3cb5cd517a7d6cf7b6bd137d76374f0539b897781179882ea3a2073ba439,256,,,985117821410d356f053658bf8ff4e15025a5a7abde78d27b71a8a15fd28a9dc,cifar,,600,600,300000,,,,0.001,,supervised_proxy_ce,AdamW,,article1-v3,11e1284125a2d7687f97a6593bb0cc2fdff216c753de813d589c56de8d530fe6,66af2fbb33f1e089245500600db030610ac3b47e91dba7cbb7dbf193a5c1ef13,10000,nested_stratified_v1,42,70b5d68e7fa37cc3c33ddcdec899d76c6961748ca62f6d670077d18fd7c62134,500,deterministic_evaluation,single,8588a035240f3e55cc608d8502f0a5dd28526507f2be33057aec4d53bba595af,none,42,d58e2808085e3341aafea3d419b2f89fad48fa906e038da4a64d4e15f2db41e4,2.9205762984929606e-05,185356aa1824f8622c4cedfce3d940f5365857f2d6541013f0f2d87bf8820d24,0.4602,2.269878453063965,,,,,,"{""batch_size"": 256, ""loss"": ""cross_entropy"", ""lr"": 0.001, ""optimizer"": ""AdamW"", ""protocol_version"": ""article1-v3"", ""proxy_labels_sha256"": ""11e1284125a2d7687f97a6593bb0cc2fdff216c753de813d589c56de8d530fe6"", ""proxy_view"": ""deterministic_evaluation"", ""scheduler"": null, ""updates"": 1200, ""weight_decay"": 0.0001}",1200,0.0001,,/home/roi/PycharmProjects/KD_v5/OUTPUTS/article1_v3/results_proxy_size_expert_prob.csv,6,c643a33c5bd39dee413ca2ea296a3f85ec91d9f8,cross_entropy,d2636da84362f05b2a0ab8ebb5039b941c6b9310b42eddd0e6007451ba624b46,iid,,,,,,True
,,36c2331f694a7b1dafd8061a0bfab76f41d30d4d90ec93cfa74f40728016566b,256,,,131e99175321e7a52cdca3cb4f4c2823d4a78ab2e51898e20bddb5c3b0657f6b,cifar,,300,300,300000,,,,0.001,,supervised_proxy_ce,AdamW,,article1-v3,6fb277f27f4d6ad1e68d7df8f5a0bac01661150ecee2090ccfb93c2ab4f0c9a5,66af2fbb33f1e089245500600db030610ac3b47e91dba7cbb7dbf193a5c1ef13,10000,nested_stratified_v1,42,e6ac7e2e1fe54cc5fde5a8717b59adf9ea55e08f9fb89a601d55f86bad0c1bd0,1000,deterministic_evaluation,single,25c35af941cbfc761e2daf27bb6e78580600ef827a220c61f0fe1b57cab972c3,none,42,f485a177fa1afff891cc4497b6a6559a9cf2c3932cb3cfb25be3250e639837b4,3.533020935719833e-05,185356aa1824f8622c4cedfce3d940f5365857f2d6541013f0f2d87bf8820d24,0.5467,1.8780779983520508,,,,,,"{""batch_size"": 256, ""loss"": ""cross_entropy"", ""lr"": 0.001, ""optimizer"": ""AdamW"", ""protocol_version"": ""article1-v3"", ""proxy_labels_sha256"": ""6fb277f27f4d6ad1e68d7df8f5a0bac01661150ecee2090ccfb93c2ab4f0c9a5"", ""proxy_view"": ""deterministic_evaluation"", ""scheduler"": null, ""updates"": 1200, ""weight_decay"": 0.0001}",1200,0.0001,,/home/roi/PycharmProjects/KD_v5/OUTPUTS/article1_v3/results_proxy_size_expert_prob.csv,10,c643a33c5bd39dee413ca2ea296a3f85ec91d9f8,cross_entropy,d2636da84362f05b2a0ab8ebb5039b941c6b9310b42eddd0e6007451ba624b46,iid,,,,,,True
,,e724c55f45cc1687ec21ef6a400c1b24244be6b79477359941d532280cc1b110,256,,,7e55b0a381d74a5a5da3ccc320f813c6b82e203e7657ed192f58e978a4ab6f47,cifar,,60,60,300000,,,,0.001,,supervised_proxy_ce,AdamW,,article1-v3,7818a0ebb4f6d71c4b8e8645fbcf991c04134196fa58a7d158710d6fca25baa0,66af2fbb33f1e089245500600db030610ac3b47e91dba7cbb7dbf193a5c1ef13,10000,nested_stratified_v1,42,75626a43293e26c6ab450a7c5e34612824ae8e09a125fdbcb9cfe00e8180bcb6,5000,deterministic_evaluation,single,d7c5b54faf0ee7155969a97c2e17988830842bfd5ed7ccfda682067a4aaeb488,none,42,0f3f59ca4de37ba700a41226585684fe8865d200fbda6ac3889ff2372c5a19cb,5.7523044233676046e-05,185356aa1824f8622c4cedfce3d940f5365857f2d6541013f0f2d87bf8820d24,0.7269,1.178120182800293,,,,,,"{""batch_size"": 256, ""loss"": ""cross_entropy"", ""lr"": 0.001, ""optimizer"": ""AdamW"", ""protocol_version"": ""article1-v3"", ""proxy_labels_sha256"": ""7818a0ebb4f6d71c4b8e8645fbcf991c04134196fa58a7d158710d6fca25baa0"", ""proxy_view"": ""deterministic_evaluation"", ""scheduler"": null, ""updates"": 1200, ""weight_decay"": 0.0001}",1200,0.0001,,/home/roi/PycharmProjects/KD_v5/OUTPUTS/article1_v3/results_proxy_size_expert_prob.csv,14,c643a33c5bd39dee413ca2ea296a3f85ec91d9f8,cross_entropy,d2636da84362f05b2a0ab8ebb5039b941c6b9310b42eddd0e6007451ba624b46,iid,,,,,,True
,,774063ddbadfec22036bf9c7cf7cc1d72f7a0e79472c776cc0d37cd5b7a33193,100,,,ccb2db6fe4c4684febc27b3e39673b6b2661b4e117a9a7734628c9869147b730,cifar,,1200,1200,120000,,,,0.001,,supervised_proxy_ce,AdamW,,article1-v3,cf2477f4398282cb966d3a30d5ad5f08b99e697c09d8a33f7fbff9b823f1d5b6,bed4be8cbbddf6b7e019ee5f865d0201821d40925ca2b78a28d00ef0bde4d7bb,10000,nested_stratified_v1,43,bb38a9c0811d125483c37543869227a680feb6dbf92c294ba62e51f0bac956cf,100,deterministic_evaluation,single,f0d05d7d758b709ca01be4ebab7177c8e819a1f7561e33f01c01c46e980675ac,none,43,36a14663861e1f8df81808de7350561bb20b45738d4a16f8ed8f4b8685b365ec,1.338472338829888e-05,335be889b9913daeb5005a38607982797a1f0f6633ae7459498f792989576a97,0.3285,3.044557247543335,,,,,,"{""batch_size"": 100, ""loss"": ""cross_entropy"", ""lr"": 0.001, ""optimizer"": ""AdamW"", ""protocol_version"": ""article1-v3"", ""proxy_labels_sha256"": ""cf2477f4398282cb966d3a30d5ad5f08b99e697c09d8a33f7fbff9b823f1d5b6"", ""proxy_view"": ""deterministic_evaluation"", ""scheduler"": null, ""updates"": 1200, ""weight_decay"": 0.0001}",1200,0.0001,,/home/roi/PycharmProjects/KD_v5/OUTPUTS/article1_v3/results_proxy_size_expert_prob.csv,18,c643a33c5bd39dee413ca2ea296a3f85ec91d9f8,cross_entropy,313d08a4063e2e70f69684825648a6997881288513eb04c35886ca8ab551e5ca,iid,,,,,,True
,,71ac2c45dd5831edbac0c32d2e4c96ee54b004c17d57544047f187ca1ff28e8a,256,,,2e1844dc56658e2e925a63402fae278b3d466a1b2b534ff5504b8b7a33c9d1d0,cifar,,600,600,300000,,,,0.001,,supervised_proxy_ce,AdamW,,article1-v3,ffa0eebe87659307a235c6a7b41a8b1ce6b574c0ab3fdaabae526f28f5fa0558,bed4be8cbbddf6b7e019ee5f865d0201821d40925ca2b78a28d00ef0bde4d7bb,10000,nested_stratified_v1,43,62957c1313b9ae402c1964617b4f0b2f0144bd35b4167ed3bd16392a504e5cc2,500,deterministic_evaluation,single,450e462119cb17304e21faa68f811d1e5c52cf02f38f316c95121c157a695aa9,none,43,4f289ad17ebc7d4f0c98b0968e82b74706685374fd0ffda7829b51c8bb8f7730,2.383321952947881e-05,335be889b9913daeb5005a38607982797a1f0f6633ae7459498f792989576a97,0.4772,2.2077495231628417,,,,,,"{""batch_size"": 256, ""loss"": ""cross_entropy"", ""lr"": 0.001, ""optimizer"": ""AdamW"", ""protocol_version"": ""article1-v3"", ""proxy_labels_sha256"": ""ffa0eebe87659307a235c6a7b41a8b1ce6b574c0ab3fdaabae526f28f5fa0558"", ""proxy_view"": ""deterministic_evaluation"", ""scheduler"": null, ""updates"": 1200, ""weight_decay"": 0.0001}",1200,0.0001,,/home/roi/PycharmProjects/KD_v5/OUTPUTS/article1_v3/results_proxy_size_expert_prob.csv,22,c643a33c5bd39dee413ca2ea296a3f85ec91d9f8,cross_entropy,313d08a4063e2e70f69684825648a6997881288513eb04c35886ca8ab551e5ca,iid,,,,,,True
,,3f6897813d1e52fc9447c705710689cadcdfc833c6f3be83210baaabfd15dfe4,256,,,d221995106e2c358efdcfb6bfdac9775c1e136585d69558bfd19801ca1371307,cifar,,300,300,300000,,,,0.001,,supervised_proxy_ce,AdamW,,article1-v3,67ca3db8be9f5184931331cce782ca9080402aec5491b5fbb377c9407f3f5287,bed4be8cbbddf6b7e019ee5f865d0201821d40925ca2b78a28d00ef0bde4d7bb,10000,nested_stratified_v1,43,deed8d41224250db5152a0be5e4fa0c688d949f6e0f3fc8a380dbb0eacda163d,1000,deterministic_evaluation,single,b53329337dec2e2d74ae59e1cfc8526cdac0d3c9c5e10f4306a2c2a48da5cd41,none,43,f141ee3621928d178e5a28c82f851df90ca0c97ab6ca2b48c611e1d143fa21f3,3.1943760404828936e-05,335be889b9913daeb5005a38607982797a1f0f6633ae7459498f792989576a97,0.5494,2.050018885421753,,,,,,"{""batch_size"": 256, ""loss"": ""cross_entropy"", ""lr"": 0.001, ""optimizer"": ""AdamW"", ""protocol_version"": ""article1-v3"", ""proxy_labels_sha256"": ""67ca3db8be9f5184931331cce782ca9080402aec5491b5fbb377c9407f3f5287"", ""proxy_view"": ""deterministic_evaluation"", ""scheduler"": null, ""updates"": 1200, ""weight_decay"": 0.0001}",1200,0.0001,,/home/roi/PycharmProjects/KD_v5/OUTPUTS/article1_v3/results_proxy_size_expert_prob.csv,26,c643a33c5bd39dee413ca2ea296a3f85ec91d9f8,cross_entropy,313d08a4063e2e70f69684825648a6997881288513eb04c35886ca8ab551e5ca,iid,,,,,,True
,,916b8567492f279c0f57d9a3e12ed6dcfe512f2806565bace9c50ba338a269ae,256,,,2f84f2ca05e3a3cfb838ec9399a538ee4a21ca1221acfe186e1ec1a909b669b7,cifar,,60,60,300000,,,,0.001,,supervised_proxy_ce,AdamW,,article1-v3,c84acc5d3cb2cb7b28f40c14a7411d405ec69a11798e90b58f78b9d70f08e592,bed4be8cbbddf6b7e019ee5f865d0201821d40925ca2b78a28d00ef0bde4d7bb,10000,nested_stratified_v1,43,056c8915e3d3707c5bee0af4e21160c0962280b01309051a5230942ec5ab894f,5000,deterministic_evaluation,single,c3cbb69fb5477a426c5f3fac47c6578b5e3fcb06cf655bb618f41b0df5726d2b,none,43,12f06a1f234bcf66ac0666844d16bd7495bd84e3ad51fe728c9ac740bac0548c,6.865378236398101e-05,335be889b9913daeb5005a38607982797a1f0f6633ae7459498f792989576a97,0.7301,1.2131696081161498,,,,,,"{""batch_size"": 256, ""loss"": ""cross_entropy"", ""lr"": 0.001, ""optimizer"": ""AdamW"", ""protocol_version"": ""article1-v3"", ""proxy_labels_sha256"": ""c84acc5d3cb2cb7b28f40c14a7411d405ec69a11798e90b58f78b9d70f08e592"", ""proxy_view"": ""deterministic_evaluation"", ""scheduler"": null, ""updates"": 1200, ""weight_decay"": 0.0001}",1200,0.0001,,/home/roi/PycharmProjects/KD_v5/OUTPUTS/article1_v3/results_proxy_size_expert_prob.csv,30,c643a33c5bd39dee413ca2ea296a3f85ec91d9f8,cross_entropy,313d08a4063e2e70f69684825648a6997881288513eb04c35886ca8ab551e5ca,iid,,,,,,True
,,584406a028e74e2941844d91fa89440838622020240ebb18220ada45a16cbcc5,100,,,89f925f00ca58356cafbddc489dc5453f315a3aeb3b7d9b014f697d75daef11d,cifar,,1200,1200,120000,,,,0.001,,supervised_proxy_ce,AdamW,,article1-v3,c634621c25bd9f84b0948ebe9d18f119a5ab295ee004e83d65dbac04043dff34,bb299879f6f7c5c2039d6b8d2a92bcc4d9457d5113e2928c6257cbe8e8881cd5,10000,nested_stratified_v1,44,98bca177f1626a29c0c17ece5e63167691e5d013b388d16480d7a647d79d0e0d,100,deterministic_evaluation,single,32f68ec1925440db9cabf3ee078a8438df26b658587de1040cdf76a952e07ae3,none,44,f9fef0e5727fc3eff5764af78d6ed6a5c7b6e64205a30ead9b71ce3df5c02b94,9.946771569957493e-06,46589cf6bfcd1fa9ee8bf3ef4d53bdd80a9fb701649506d084ffd4cf895930da,0.3229,2.986520663070679,,,,,,"{""batch_size"": 100, ""loss"": ""cross_entropy"", ""lr"": 0.001, ""optimizer"": ""AdamW"", ""protocol_version"": ""article1-v3"", ""proxy_labels_sha256"": ""c634621c25bd9f84b0948ebe9d18f119a5ab295ee004e83d65dbac04043dff34"", ""proxy_view"": ""deterministic_evaluation"", ""scheduler"": null, ""updates"": 1200, ""weight_decay"": 0.0001}",1200,0.0001,,/home/roi/PycharmProjects/KD_v5/OUTPUTS/article1_v3/results_proxy_size_expert_prob.csv,34,c643a33c5bd39dee413ca2ea296a3f85ec91d9f8,cross_entropy,2c264eb2b010463c5e733bb95ad9ab1809529bedec649fec20beca0919e18402,iid,,,,,,True
,,f55789b054e434ab8d389ce08a35b3d46106180395eada71879d246719846752,256,,,df73f3c03baca526c997e2ae218cde5bf29572f76eae41d65d364f1e17150b1b,cifar,,600,600,300000,,,,0.001,,supervised_proxy_ce,AdamW,,article1-v3,6ac9ff4d15854c621b9386cafcdae6ab726b2759fabec5119d272fcbbb910d45,bb299879f6f7c5c2039d6b8d2a92bcc4d9457d5113e2928c6257cbe8e8881cd5,10000,nested_stratified_v1,44,555b3015ad1bc5337fb62e88c3c1020e111f641b9d3b7778d3db91a975df29cf,500,deterministic_evaluation,single,aa3db1f22e84b901e59edcce5f009d15815887a6c7b9c6dd0debe41e58138b51,none,44,841ac055a7d78b9c12ee7a23540c1743b673d8568ff56773360d9628ada0419a,3.2071526220534e-05,46589cf6bfcd1fa9ee8bf3ef4d53bdd80a9fb701649506d084ffd4cf895930da,0.4684,2.260470207977295,,,,,,"{""batch_size"": 256, ""loss"": ""cross_entropy"", ""lr"": 0.001, ""optimizer"": ""AdamW"", ""protocol_version"": ""article1-v3"", ""proxy_labels_sha256"": ""6ac9ff4d15854c621b9386cafcdae6ab726b2759fabec5119d272fcbbb910d45"", ""proxy_view"": ""deterministic_evaluation"", ""scheduler"": null, ""updates"": 1200, ""weight_decay"": 0.0001}",1200,0.0001,,/home/roi/PycharmProjects/KD_v5/OUTPUTS/article1_v3/results_proxy_size_expert_prob.csv,38,c643a33c5bd39dee413ca2ea296a3f85ec91d9f8,cross_entropy,2c264eb2b010463c5e733bb95ad9ab1809529bedec649fec20beca0919e18402,iid,,,,,,True
,,3855d25d2f0d242d30fbd64698ecb3cddabbdf8daaaa067fb38ca24ea1aa5159,256,,,fe52d00403830b8916f1b201cd18fbc11df6ca44a70b15a06c745da16c6d28e1,cifar,,300,300,300000,,,,0.001,,supervised_proxy_ce,AdamW,,article1-v3,b00df5e1983ff251283547c4b5298e5351a6d90be1882217c370dea97fd0a974,bb299879f6f7c5c2039d6b8d2a92bcc4d9457d5113e2928c6257cbe8e8881cd5,10000,nested_stratified_v1,44,b8b4a475be000e9a80c6cd89b4d84c1f9646e336861ba970386a6a33ae9f908a,1000,deterministic_evaluation,single,5f7d74246d0e567e82f2ee2f096e75b7a55bb28a0408f99c1b8263bd37d2ab3d,none,44,bfe8e66e7608a444de4ee4affcacb5a702e74e26c8752be8d7ab0a791963691d,3.528506567818113e-05,46589cf6bfcd1fa9ee8bf3ef4d53bdd80a9fb701649506d084ffd4cf895930da,0.5453,2.0318697334289557,,,,,,"{""batch_size"": 256, ""loss"": ""cross_entropy"", ""lr"": 0.001, ""optimizer"": ""AdamW"", ""protocol_version"": ""article1-v3"", ""proxy_labels_sha256"": ""b00df5e1983ff251283547c4b5298e5351a6d90be1882217c370dea97fd0a974"", ""proxy_view"": ""deterministic_evaluation"", ""scheduler"": null, ""updates"": 1200, ""weight_decay"": 0.0001}",1200,0.0001,,/home/roi/PycharmProjects/KD_v5/OUTPUTS/article1_v3/results_proxy_size_expert_prob.csv,42,c643a33c5bd39dee413ca2ea296a3f85ec91d9f8,cross_entropy,2c264eb2b010463c5e733bb95ad9ab1809529bedec649fec20beca0919e18402,iid,,,,,,True
,,d07c41e506d84f587a477889cc8c382fb50c4456e8b31a1b3460301db223b556,256,,,c31163a500f5afd69526b2810d89b90ef2b947126384281692e605e4cc5fb6de,cifar,,60,60,300000,,,,0.001,,supervised_proxy_ce,AdamW,,article1-v3,893da95ead3c665215eb13a5f6050076ab9dcc0b168e2ac6517b8cd986f8bd30,bb299879f6f7c5c2039d6b8d2a92bcc4d9457d5113e2928c6257cbe8e8881cd5,10000,nested_stratified_v1,44,0683231331de914156adefcb2239f8600e804117616580e4be80c7acff562587,5000,deterministic_evaluation,single,81888981caf8bf3e9cae0c2e32c58d8c1bd65fcfbc2b6c702cc9ec3ee3e93350,none,44,17e56ed8edf5d9a110857f236bcab283c614a750ad1e993b7c30a3efe9effa9a,7.607408770127222e-05,46589cf6bfcd1fa9ee8bf3ef4d53bdd80a9fb701649506d084ffd4cf895930da,0.7269,1.2266300662994385,,,,,,"{""batch_size"": 256, ""loss"": ""cross_entropy"", ""lr"": 0.001, ""optimizer"": ""AdamW"", ""protocol_version"": ""article1-v3"", ""proxy_labels_sha256"": ""893da95ead3c665215eb13a5f6050076ab9dcc0b168e2ac6517b8cd986f8bd30"", ""proxy_view"": ""deterministic_evaluation"", ""scheduler"": null, ""updates"": 1200, ""weight_decay"": 0.0001}",1200,0.0001,,/home/roi/PycharmProjects/KD_v5/OUTPUTS/article1_v3/results_proxy_size_expert_prob.csv,46,c643a33c5bd39dee413ca2ea296a3f85ec91d9f8,cross_entropy,2c264eb2b010463c5e733bb95ad9ab1809529bedec649fec20beca0919e18402,iid,,,,,,True
