dataset,regime,seed,client,class,expertise_count,expertise_accuracy,M,experts_for_class,classes_for_teacher,evidence,train_count,validation_count,A,A_minus_M,diagnostic
mnist,iid,42,0,0,99,0.9898989796638488,1,10,10,True,345,49,1,0,accredited
mnist,iid,42,0,1,115,0.9652174115180968,1,10,10,True,403,57,1,0,accredited
mnist,iid,42,0,2,99,0.9494949579238892,1,10,10,True,347,50,1,0,accredited
mnist,iid,42,0,3,103,0.9514563083648682,1,10,10,True,360,51,1,0,accredited
mnist,iid,42,0,4,97,0.9793814420700072,1,10,10,True,340,48,1,0,accredited
mnist,iid,42,0,5,89,0.9887640476226808,1,10,10,True,310,44,1,0,accredited
mnist,iid,42,0,6,98,0.9897959232330322,1,10,10,True,345,49,1,0,accredited
mnist,iid,42,0,7,105,0.9904761910438538,1,10,10,True,369,53,1,0,accredited
mnist,iid,42,0,8,97,0.969072163105011,1,10,10,True,340,49,1,0,accredited
mnist,iid,42,0,9,99,0.9898989796638488,1,10,10,True,347,49,1,0,accredited
mnist,iid,42,1,0,99,0.9898989796638488,1,10,10,True,345,49,1,0,accredited
mnist,iid,42,1,1,115,0.9652174115180968,1,10,10,True,403,57,1,0,accredited
mnist,iid,42,1,2,99,0.9595959782600404,1,10,10,True,347,50,1,0,accredited
mnist,iid,42,1,3,103,0.9902912378311156,1,10,10,True,359,51,1,0,accredited
mnist,iid,42,1,4,97,0.9896907210350036,1,10,10,True,340,48,1,0,accredited
mnist,iid,42,1,5,88,0.9545454382896424,1,10,10,True,310,44,1,0,accredited
mnist,iid,42,1,6,98,0.9897959232330322,1,10,10,True,345,49,1,0,accredited
mnist,iid,42,1,7,105,0.9714285731315612,1,10,10,True,369,53,1,0,accredited
mnist,iid,42,1,8,97,0.9896907210350036,1,10,10,True,340,48,1,0,accredited
mnist,iid,42,1,9,99,0.9797979593276978,1,10,10,True,347,49,1,0,accredited
mnist,iid,42,2,0,99,1.0,1,10,10,True,345,49,1,0,accredited
mnist,iid,42,2,1,115,1.0,1,10,10,True,402,57,1,0,accredited
mnist,iid,42,2,2,99,0.9797979593276978,1,10,10,True,347,50,1,0,accredited
mnist,iid,42,2,3,103,0.9902912378311156,1,10,10,True,359,51,1,0,accredited
mnist,iid,42,2,4,97,0.9896907210350036,1,10,10,True,339,48,1,0,accredited
mnist,iid,42,2,5,88,0.9772727489471436,1,10,10,True,310,44,1,0,accredited
mnist,iid,42,2,6,98,0.9795918464660645,1,10,10,True,345,49,1,0,accredited
mnist,iid,42,2,7,105,0.9809523820877076,1,10,10,True,369,53,1,0,accredited
mnist,iid,42,2,8,97,0.9175257682800292,1,10,10,True,340,48,1,0,accredited
mnist,iid,42,2,9,99,0.9898989796638488,1,10,10,True,347,49,1,0,accredited
mnist,iid,42,3,0,98,1.0,1,10,10,True,345,49,1,0,accredited
mnist,iid,42,3,1,115,0.9652174115180968,1,10,10,True,402,57,1,0,accredited
mnist,iid,42,3,2,99,1.0,1,10,10,True,347,50,1,0,accredited
mnist,iid,42,3,3,103,0.9805825352668762,1,10,10,True,359,51,1,0,accredited
mnist,iid,42,3,4,97,0.9793814420700072,1,10,10,True,339,48,1,0,accredited
mnist,iid,42,3,5,88,0.9772727489471436,1,10,10,True,310,44,1,0,accredited
mnist,iid,42,3,6,98,0.9897959232330322,1,10,10,True,345,49,1,0,accredited
mnist,iid,42,3,7,105,0.9904761910438538,1,10,10,True,369,53,1,0,accredited
mnist,iid,42,3,8,97,0.9484536051750184,1,10,10,True,340,48,1,0,accredited
mnist,iid,42,3,9,99,0.9494949579238892,1,10,10,True,347,49,1,0,accredited
mnist,iid,42,4,0,98,0.9591836929321288,1,10,10,True,345,49,1,0,accredited
mnist,iid,42,4,1,115,0.9739130139350892,1,10,10,True,402,57,1,0,accredited
mnist,iid,42,4,2,99,0.9494949579238892,1,10,10,True,347,50,1,0,accredited
mnist,iid,42,4,3,103,0.9902912378311156,1,10,10,True,359,51,1,0,accredited
mnist,iid,42,4,4,97,0.9896907210350036,1,10,10,True,339,48,1,0,accredited
mnist,iid,42,4,5,88,0.943181812763214,1,10,10,True,310,44,1,0,accredited
mnist,iid,42,4,6,98,0.9897959232330322,1,10,10,True,345,49,1,0,accredited
mnist,iid,42,4,7,105,1.0,1,10,10,True,369,53,1,0,accredited
mnist,iid,42,4,8,97,0.9793814420700072,1,10,10,True,340,48,1,0,accredited
mnist,iid,42,4,9,99,0.9595959782600404,1,10,10,True,347,49,1,0,accredited
mnist,iid,42,5,0,98,0.9795918464660645,1,10,10,True,345,49,1,0,accredited
mnist,iid,42,5,1,115,1.0,1,10,10,True,402,57,1,0,accredited
mnist,iid,42,5,2,99,0.9292929172515868,1,10,10,True,347,50,1,0,accredited
mnist,iid,42,5,3,103,0.970873773097992,1,10,10,True,359,51,1,0,accredited
mnist,iid,42,5,4,97,0.9896907210350036,1,10,10,True,339,48,1,0,accredited
mnist,iid,42,5,5,88,0.9772727489471436,1,10,10,True,310,44,1,0,accredited
mnist,iid,42,5,6,98,0.9795918464660645,1,10,10,True,345,49,1,0,accredited
mnist,iid,42,5,7,105,1.0,1,10,10,True,368,53,1,0,accredited
mnist,iid,42,5,8,97,0.9587628841400146,1,10,10,True,340,48,1,0,accredited
mnist,iid,42,5,9,99,0.9797979593276978,1,10,10,True,347,49,1,0,accredited
mnist,iid,42,6,0,98,1.0,1,10,10,True,345,49,1,0,accredited
mnist,iid,42,6,1,115,0.982608675956726,1,10,10,True,402,57,1,0,accredited
mnist,iid,42,6,2,99,0.939393937587738,1,10,10,True,347,50,1,0,accredited
mnist,iid,42,6,3,103,0.970873773097992,1,10,10,True,359,51,1,0,accredited
mnist,iid,42,6,4,97,0.9896907210350036,1,10,10,True,339,48,1,0,accredited
mnist,iid,42,6,5,88,0.9772727489471436,1,10,10,True,310,44,1,0,accredited
mnist,iid,42,6,6,98,0.9795918464660645,1,10,10,True,345,49,1,0,accredited
mnist,iid,42,6,7,105,0.9904761910438538,1,10,10,True,368,53,1,0,accredited
mnist,iid,42,6,8,97,0.969072163105011,1,10,10,True,340,48,1,0,accredited
mnist,iid,42,6,9,99,0.939393937587738,1,10,10,True,347,49,1,0,accredited
mnist,iid,42,7,0,98,0.9897959232330322,1,10,10,True,345,49,1,0,accredited
mnist,iid,42,7,1,115,0.991304337978363,1,10,10,True,402,57,1,0,accredited
mnist,iid,42,7,2,99,0.9898989796638488,1,10,10,True,347,50,1,0,accredited
mnist,iid,42,7,3,103,0.970873773097992,1,10,10,True,359,51,1,0,accredited
mnist,iid,42,7,4,97,0.9896907210350036,1,10,10,True,339,48,1,0,accredited
mnist,iid,42,7,5,88,0.9772727489471436,1,10,10,True,310,44,1,0,accredited
mnist,iid,42,7,6,98,0.9591836929321288,1,10,10,True,345,49,1,0,accredited
mnist,iid,42,7,7,105,0.9904761910438538,1,10,10,True,368,53,1,0,accredited
mnist,iid,42,7,8,97,0.9793814420700072,1,10,10,True,340,48,1,0,accredited
mnist,iid,42,7,9,99,1.0,1,10,10,True,347,49,1,0,accredited
mnist,iid,42,8,0,98,0.9795918464660645,1,10,10,True,345,49,1,0,accredited
mnist,iid,42,8,1,115,0.9739130139350892,1,10,10,True,402,57,1,0,accredited
mnist,iid,42,8,2,99,0.9898989796638488,1,10,10,True,347,49,1,0,accredited
mnist,iid,42,8,3,103,0.9902912378311156,1,10,10,True,359,51,1,0,accredited
mnist,iid,42,8,4,97,0.969072163105011,1,10,10,True,339,48,1,0,accredited
mnist,iid,42,8,5,88,0.9886363744735718,1,10,10,True,310,44,1,0,accredited
mnist,iid,42,8,6,98,0.9489796161651612,1,10,10,True,344,49,1,0,accredited
mnist,iid,42,8,7,105,1.0,1,10,10,True,368,53,1,0,accredited
mnist,iid,42,8,8,97,0.969072163105011,1,10,10,True,340,48,1,0,accredited
mnist,iid,42,8,9,99,0.9898989796638488,1,10,10,True,347,49,1,0,accredited
mnist,iid,42,9,0,98,0.9693877696990968,1,10,10,True,345,49,1,0,accredited
mnist,iid,42,9,1,115,1.0,1,10,10,True,402,57,1,0,accredited
mnist,iid,42,9,2,99,0.9696969985961914,1,10,10,True,347,49,1,0,accredited
mnist,iid,42,9,3,103,0.970873773097992,1,10,10,True,359,51,1,0,accredited
mnist,iid,42,9,4,97,0.9484536051750184,1,10,10,True,339,48,1,0,accredited
mnist,iid,42,9,5,88,0.9772727489471436,1,10,10,True,310,44,1,0,accredited
mnist,iid,42,9,6,98,0.9795918464660645,1,10,10,True,344,49,1,0,accredited
mnist,iid,42,9,7,105,0.9714285731315612,1,10,10,True,368,53,1,0,accredited
mnist,iid,42,9,8,97,0.9896907210350036,1,10,10,True,340,48,1,0,accredited
mnist,iid,42,9,9,99,0.939393937587738,1,10,10,True,346,49,1,0,accredited
mnist,iid,43,0,0,99,0.9898989796638488,1,10,10,True,345,49,1,0,accredited
mnist,iid,43,0,1,115,0.991304337978363,1,10,10,True,403,57,1,0,accredited
mnist,iid,43,0,2,99,0.9292929172515868,1,10,10,True,347,50,1,0,accredited
mnist,iid,43,0,3,103,0.9805825352668762,1,9,10,True,360,51,1,0,accredited
mnist,iid,43,0,4,97,0.9793814420700072,1,10,10,True,340,48,1,0,accredited
mnist,iid,43,0,5,89,0.9775280952453612,1,10,10,True,310,44,1,0,accredited
mnist,iid,43,0,6,98,1.0,1,10,10,True,345,49,1,0,accredited
mnist,iid,43,0,7,105,0.9904761910438538,1,10,10,True,369,53,1,0,accredited
mnist,iid,43,0,8,97,0.9484536051750184,1,9,10,True,340,49,1,0,accredited
mnist,iid,43,0,9,99,0.939393937587738,1,10,10,True,347,49,1,0,accredited
mnist,iid,43,1,0,99,1.0,1,10,10,True,345,49,1,0,accredited
mnist,iid,43,1,1,115,0.95652174949646,1,10,10,True,403,57,1,0,accredited
mnist,iid,43,1,2,99,0.9595959782600404,1,10,10,True,347,50,1,0,accredited
mnist,iid,43,1,3,103,0.970873773097992,1,9,10,True,359,51,1,0,accredited
mnist,iid,43,1,4,97,0.969072163105011,1,10,10,True,340,48,1,0,accredited
mnist,iid,43,1,5,88,0.943181812763214,1,10,10,True,310,44,1,0,accredited
mnist,iid,43,1,6,98,0.9795918464660645,1,10,10,True,345,49,1,0,accredited
mnist,iid,43,1,7,105,0.9333333373069764,1,10,10,True,369,53,1,0,accredited
mnist,iid,43,1,8,97,0.969072163105011,1,9,10,True,340,48,1,0,accredited
mnist,iid,43,1,9,99,0.9494949579238892,1,10,10,True,347,49,1,0,accredited
mnist,iid,43,2,0,99,0.9898989796638488,1,10,10,True,345,49,1,0,accredited
mnist,iid,43,2,1,115,1.0,1,10,10,True,402,57,1,0,accredited
mnist,iid,43,2,2,99,1.0,1,10,10,True,347,50,1,0,accredited
mnist,iid,43,2,3,103,0.941747546195984,1,9,10,True,359,51,1,0,accredited
mnist,iid,43,2,4,97,0.9484536051750184,1,10,10,True,339,48,1,0,accredited
mnist,iid,43,2,5,88,0.9545454382896424,1,10,10,True,310,44,1,0,accredited
mnist,iid,43,2,6,98,0.9693877696990968,1,10,10,True,345,49,1,0,accredited
mnist,iid,43,2,7,105,0.961904764175415,1,10,10,True,369,53,1,0,accredited
mnist,iid,43,2,8,97,0.907216489315033,1,9,10,True,340,48,1,0,accredited
mnist,iid,43,2,9,99,0.9494949579238892,1,10,10,True,347,49,1,0,accredited
mnist,iid,43,3,0,98,1.0,1,10,10,True,345,49,1,0,accredited
mnist,iid,43,3,1,115,0.982608675956726,1,10,10,True,402,57,1,0,accredited
mnist,iid,43,3,2,99,0.9494949579238892,1,10,10,True,347,50,1,0,accredited
mnist,iid,43,3,3,103,1.0,1,9,10,True,359,51,1,0,accredited
mnist,iid,43,3,4,97,0.9896907210350036,1,10,10,True,339,48,1,0,accredited
mnist,iid,43,3,5,88,0.9886363744735718,1,10,10,True,310,44,1,0,accredited
mnist,iid,43,3,6,98,0.9795918464660645,1,10,10,True,345,49,1,0,accredited
mnist,iid,43,3,7,105,0.9714285731315612,1,10,10,True,369,53,1,0,accredited
mnist,iid,43,3,8,97,0.9484536051750184,1,9,10,True,340,48,1,0,accredited
mnist,iid,43,3,9,99,0.939393937587738,1,10,10,True,347,49,1,0,accredited
mnist,iid,43,4,0,98,1.0,1,10,10,True,345,49,1,0,accredited
mnist,iid,43,4,1,115,0.991304337978363,1,10,10,True,402,57,1,0,accredited
mnist,iid,43,4,2,99,0.9696969985961914,1,10,10,True,347,50,1,0,accredited
mnist,iid,43,4,3,103,0.9611650705337524,1,9,10,True,359,51,1,0,accredited
mnist,iid,43,4,4,97,1.0,1,10,10,True,339,48,1,0,accredited
mnist,iid,43,4,5,88,0.9090909361839294,1,10,10,True,310,44,1,0,accredited
mnist,iid,43,4,6,98,0.9693877696990968,1,10,10,True,345,49,1,0,accredited
mnist,iid,43,4,7,105,0.9714285731315612,1,10,10,True,369,53,1,0,accredited
mnist,iid,43,4,8,97,0.9587628841400146,1,9,10,True,340,48,1,0,accredited
mnist,iid,43,4,9,99,0.9696969985961914,1,10,10,True,347,49,1,0,accredited
mnist,iid,43,5,0,98,1.0,1,10,10,True,345,49,1,0,accredited
mnist,iid,43,5,1,115,0.9652174115180968,1,10,10,True,402,57,1,0,accredited
mnist,iid,43,5,2,99,0.9595959782600404,1,10,10,True,347,50,1,0,accredited
mnist,iid,43,5,3,103,0.970873773097992,1,9,10,True,359,51,1,0,accredited
mnist,iid,43,5,4,97,0.9793814420700072,1,10,10,True,339,48,1,0,accredited
mnist,iid,43,5,5,88,1.0,1,10,10,True,310,44,1,0,accredited
mnist,iid,43,5,6,98,1.0,1,10,10,True,345,49,1,0,accredited
mnist,iid,43,5,7,105,0.961904764175415,1,10,10,True,368,53,1,0,accredited
mnist,iid,43,5,8,97,0.9793814420700072,1,9,10,True,340,48,1,0,accredited
mnist,iid,43,5,9,99,0.9696969985961914,1,10,10,True,347,49,1,0,accredited
mnist,iid,43,6,0,98,0.9489796161651612,1,10,9,True,345,49,1,0,accredited
mnist,iid,43,6,1,115,0.991304337978363,1,10,9,True,402,57,1,0,accredited
mnist,iid,43,6,2,99,1.0,1,10,9,True,347,50,1,0,accredited
mnist,iid,43,6,3,103,0.8834951519966125,0,9,9,True,359,51,1,1,below_threshold
mnist,iid,43,6,4,97,0.9793814420700072,1,10,9,True,339,48,1,0,accredited
mnist,iid,43,6,5,88,0.9204545617103576,1,10,9,True,310,44,1,0,accredited
mnist,iid,43,6,6,98,0.9897959232330322,1,10,9,True,345,49,1,0,accredited
mnist,iid,43,6,7,105,0.9142857193946838,1,10,9,True,368,53,1,0,accredited
mnist,iid,43,6,8,97,0.9587628841400146,1,9,9,True,340,48,1,0,accredited
mnist,iid,43,6,9,99,0.939393937587738,1,10,9,True,347,49,1,0,accredited
mnist,iid,43,7,0,98,1.0,1,10,10,True,345,49,1,0,accredited
mnist,iid,43,7,1,115,0.982608675956726,1,10,10,True,402,57,1,0,accredited
mnist,iid,43,7,2,99,0.9898989796638488,1,10,10,True,347,50,1,0,accredited
mnist,iid,43,7,3,103,0.970873773097992,1,9,10,True,359,51,1,0,accredited
mnist,iid,43,7,4,97,0.938144326210022,1,10,10,True,339,48,1,0,accredited
mnist,iid,43,7,5,88,0.9545454382896424,1,10,10,True,310,44,1,0,accredited
mnist,iid,43,7,6,98,0.9387755393981934,1,10,10,True,345,49,1,0,accredited
mnist,iid,43,7,7,105,0.961904764175415,1,10,10,True,368,53,1,0,accredited
mnist,iid,43,7,8,97,0.969072163105011,1,9,10,True,340,48,1,0,accredited
mnist,iid,43,7,9,99,0.9696969985961914,1,10,10,True,347,49,1,0,accredited
mnist,iid,43,8,0,98,0.9795918464660645,1,10,10,True,345,49,1,0,accredited
mnist,iid,43,8,1,115,0.982608675956726,1,10,10,True,402,57,1,0,accredited
mnist,iid,43,8,2,99,0.939393937587738,1,10,10,True,347,49,1,0,accredited
mnist,iid,43,8,3,103,0.9514563083648682,1,9,10,True,359,51,1,0,accredited
mnist,iid,43,8,4,97,1.0,1,10,10,True,339,48,1,0,accredited
mnist,iid,43,8,5,88,0.943181812763214,1,10,10,True,310,44,1,0,accredited
mnist,iid,43,8,6,98,0.9897959232330322,1,10,10,True,344,49,1,0,accredited
mnist,iid,43,8,7,105,0.9904761910438538,1,10,10,True,368,53,1,0,accredited
mnist,iid,43,8,8,97,0.9587628841400146,1,9,10,True,340,48,1,0,accredited
mnist,iid,43,8,9,99,0.9292929172515868,1,10,10,True,347,49,1,0,accredited
mnist,iid,43,9,0,98,1.0,1,10,9,True,345,49,1,0,accredited
mnist,iid,43,9,1,115,0.991304337978363,1,10,9,True,402,57,1,0,accredited
mnist,iid,43,9,2,99,0.9090909361839294,1,10,9,True,347,49,1,0,accredited
mnist,iid,43,9,3,103,1.0,1,9,9,True,359,51,1,0,accredited
mnist,iid,43,9,4,97,0.969072163105011,1,10,9,True,339,48,1,0,accredited
mnist,iid,43,9,5,88,0.9772727489471436,1,10,9,True,310,44,1,0,accredited
mnist,iid,43,9,6,98,0.9693877696990968,1,10,9,True,344,49,1,0,accredited
mnist,iid,43,9,7,105,0.9809523820877076,1,10,9,True,368,53,1,0,accredited
mnist,iid,43,9,8,97,0.8969072103500366,0,9,9,True,340,48,1,1,below_threshold
mnist,iid,43,9,9,99,0.9797979593276978,1,10,9,True,346,49,1,0,accredited
mnist,iid,44,0,0,99,1.0,1,10,10,True,345,49,1,0,accredited
mnist,iid,44,0,1,115,0.9652174115180968,1,10,10,True,403,57,1,0,accredited
mnist,iid,44,0,2,99,0.9595959782600404,1,10,10,True,347,50,1,0,accredited
mnist,iid,44,0,3,103,0.970873773097992,1,10,10,True,360,51,1,0,accredited
mnist,iid,44,0,4,97,0.9896907210350036,1,10,10,True,340,48,1,0,accredited
mnist,iid,44,0,5,89,0.9887640476226808,1,10,10,True,310,44,1,0,accredited
mnist,iid,44,0,6,98,0.9897959232330322,1,10,10,True,345,49,1,0,accredited
mnist,iid,44,0,7,105,0.9904761910438538,1,10,10,True,369,53,1,0,accredited
mnist,iid,44,0,8,97,0.9793814420700072,1,10,10,True,340,49,1,0,accredited
mnist,iid,44,0,9,99,0.9494949579238892,1,10,10,True,347,49,1,0,accredited
mnist,iid,44,1,0,99,0.9898989796638488,1,10,10,True,345,49,1,0,accredited
mnist,iid,44,1,1,115,0.9739130139350892,1,10,10,True,403,57,1,0,accredited
mnist,iid,44,1,2,99,0.9595959782600404,1,10,10,True,347,50,1,0,accredited
mnist,iid,44,1,3,103,0.970873773097992,1,10,10,True,359,51,1,0,accredited
mnist,iid,44,1,4,97,0.9587628841400146,1,10,10,True,340,48,1,0,accredited
mnist,iid,44,1,5,88,0.9886363744735718,1,10,10,True,310,44,1,0,accredited
mnist,iid,44,1,6,98,1.0,1,10,10,True,345,49,1,0,accredited
mnist,iid,44,1,7,105,0.9809523820877076,1,10,10,True,369,53,1,0,accredited
mnist,iid,44,1,8,97,0.9484536051750184,1,10,10,True,340,48,1,0,accredited
mnist,iid,44,1,9,99,0.9797979593276978,1,10,10,True,347,49,1,0,accredited
mnist,iid,44,2,0,99,0.9797979593276978,1,10,10,True,345,49,1,0,accredited
mnist,iid,44,2,1,115,0.9304347634315492,1,10,10,True,402,57,1,0,accredited
mnist,iid,44,2,2,99,0.9898989796638488,1,10,10,True,347,50,1,0,accredited
mnist,iid,44,2,3,103,0.970873773097992,1,10,10,True,359,51,1,0,accredited
mnist,iid,44,2,4,97,0.9793814420700072,1,10,10,True,339,48,1,0,accredited
mnist,iid,44,2,5,88,0.9886363744735718,1,10,10,True,310,44,1,0,accredited
mnist,iid,44,2,6,98,1.0,1,10,10,True,345,49,1,0,accredited
mnist,iid,44,2,7,105,0.9714285731315612,1,10,10,True,369,53,1,0,accredited
mnist,iid,44,2,8,97,0.969072163105011,1,10,10,True,340,48,1,0,accredited
mnist,iid,44,2,9,99,0.9595959782600404,1,10,10,True,347,49,1,0,accredited
mnist,iid,44,3,0,98,1.0,1,10,10,True,345,49,1,0,accredited
mnist,iid,44,3,1,115,0.982608675956726,1,10,10,True,402,57,1,0,accredited
mnist,iid,44,3,2,99,0.9595959782600404,1,10,10,True,347,50,1,0,accredited
mnist,iid,44,3,3,103,0.9611650705337524,1,10,10,True,359,51,1,0,accredited
mnist,iid,44,3,4,97,0.969072163105011,1,10,10,True,339,48,1,0,accredited
mnist,iid,44,3,5,88,0.9772727489471436,1,10,10,True,310,44,1,0,accredited
mnist,iid,44,3,6,98,0.9795918464660645,1,10,10,True,345,49,1,0,accredited
mnist,iid,44,3,7,105,1.0,1,10,10,True,369,53,1,0,accredited
mnist,iid,44,3,8,97,1.0,1,10,10,True,340,48,1,0,accredited
mnist,iid,44,3,9,99,0.9898989796638488,1,10,10,True,347,49,1,0,accredited
mnist,iid,44,4,0,98,1.0,1,10,10,True,345,49,1,0,accredited
mnist,iid,44,4,1,115,0.9739130139350892,1,10,10,True,402,57,1,0,accredited
mnist,iid,44,4,2,99,0.9494949579238892,1,10,10,True,347,50,1,0,accredited
mnist,iid,44,4,3,103,0.92233008146286,1,10,10,True,359,51,1,0,accredited
mnist,iid,44,4,4,97,0.9896907210350036,1,10,10,True,339,48,1,0,accredited
mnist,iid,44,4,5,88,1.0,1,10,10,True,310,44,1,0,accredited
mnist,iid,44,4,6,98,0.9591836929321288,1,10,10,True,345,49,1,0,accredited
mnist,iid,44,4,7,105,0.9523809552192688,1,10,10,True,369,53,1,0,accredited
mnist,iid,44,4,8,97,0.9484536051750184,1,10,10,True,340,48,1,0,accredited
mnist,iid,44,4,9,99,0.9595959782600404,1,10,10,True,347,49,1,0,accredited
mnist,iid,44,5,0,98,0.9795918464660645,1,10,10,True,345,49,1,0,accredited
mnist,iid,44,5,1,115,0.9739130139350892,1,10,10,True,402,57,1,0,accredited
mnist,iid,44,5,2,99,0.9595959782600404,1,10,10,True,347,50,1,0,accredited
mnist,iid,44,5,3,103,0.970873773097992,1,10,10,True,359,51,1,0,accredited
mnist,iid,44,5,4,97,0.9793814420700072,1,10,10,True,339,48,1,0,accredited
mnist,iid,44,5,5,88,0.9659090638160706,1,10,10,True,310,44,1,0,accredited
mnist,iid,44,5,6,98,0.9897959232330322,1,10,10,True,345,49,1,0,accredited
mnist,iid,44,5,7,105,0.961904764175415,1,10,10,True,368,53,1,0,accredited
mnist,iid,44,5,8,97,0.9896907210350036,1,10,10,True,340,48,1,0,accredited
mnist,iid,44,5,9,99,0.9090909361839294,1,10,10,True,347,49,1,0,accredited
mnist,iid,44,6,0,98,0.9897959232330322,1,10,10,True,345,49,1,0,accredited
mnist,iid,44,6,1,115,0.9739130139350892,1,10,10,True,402,57,1,0,accredited
mnist,iid,44,6,2,99,0.939393937587738,1,10,10,True,347,50,1,0,accredited
mnist,iid,44,6,3,103,0.9611650705337524,1,10,10,True,359,51,1,0,accredited
mnist,iid,44,6,4,97,0.9793814420700072,1,10,10,True,339,48,1,0,accredited
mnist,iid,44,6,5,88,0.9772727489471436,1,10,10,True,310,44,1,0,accredited
mnist,iid,44,6,6,98,0.9897959232330322,1,10,10,True,345,49,1,0,accredited
mnist,iid,44,6,7,105,1.0,1,10,10,True,368,53,1,0,accredited
mnist,iid,44,6,8,97,0.969072163105011,1,10,10,True,340,48,1,0,accredited
mnist,iid,44,6,9,99,0.9898989796638488,1,10,10,True,347,49,1,0,accredited
mnist,iid,44,7,0,98,1.0,1,10,10,True,345,49,1,0,accredited
mnist,iid,44,7,1,115,1.0,1,10,10,True,402,57,1,0,accredited
mnist,iid,44,7,2,99,0.9797979593276978,1,10,10,True,347,50,1,0,accredited
mnist,iid,44,7,3,103,1.0,1,10,10,True,359,51,1,0,accredited
mnist,iid,44,7,4,97,0.9793814420700072,1,10,10,True,339,48,1,0,accredited
mnist,iid,44,7,5,88,1.0,1,10,10,True,310,44,1,0,accredited
mnist,iid,44,7,6,98,0.9795918464660645,1,10,10,True,345,49,1,0,accredited
mnist,iid,44,7,7,105,0.9904761910438538,1,10,10,True,368,53,1,0,accredited
mnist,iid,44,7,8,97,0.9587628841400146,1,10,10,True,340,48,1,0,accredited
mnist,iid,44,7,9,99,0.9797979593276978,1,10,10,True,347,49,1,0,accredited
mnist,iid,44,8,0,98,0.9897959232330322,1,10,10,True,345,49,1,0,accredited
mnist,iid,44,8,1,115,0.9739130139350892,1,10,10,True,402,57,1,0,accredited
mnist,iid,44,8,2,99,1.0,1,10,10,True,347,49,1,0,accredited
mnist,iid,44,8,3,103,0.9514563083648682,1,10,10,True,359,51,1,0,accredited
mnist,iid,44,8,4,97,0.9793814420700072,1,10,10,True,339,48,1,0,accredited
mnist,iid,44,8,5,88,0.9886363744735718,1,10,10,True,310,44,1,0,accredited
mnist,iid,44,8,6,98,0.9693877696990968,1,10,10,True,344,49,1,0,accredited
mnist,iid,44,8,7,105,0.9904761910438538,1,10,10,True,368,53,1,0,accredited
mnist,iid,44,8,8,97,0.9896907210350036,1,10,10,True,340,48,1,0,accredited
mnist,iid,44,8,9,99,0.9898989796638488,1,10,10,True,347,49,1,0,accredited
mnist,iid,44,9,0,98,1.0,1,10,10,True,345,49,1,0,accredited
mnist,iid,44,9,1,115,0.991304337978363,1,10,10,True,402,57,1,0,accredited
mnist,iid,44,9,2,99,0.9696969985961914,1,10,10,True,347,49,1,0,accredited
mnist,iid,44,9,3,103,0.9514563083648682,1,10,10,True,359,51,1,0,accredited
mnist,iid,44,9,4,97,0.969072163105011,1,10,10,True,339,48,1,0,accredited
mnist,iid,44,9,5,88,1.0,1,10,10,True,310,44,1,0,accredited
mnist,iid,44,9,6,98,1.0,1,10,10,True,344,49,1,0,accredited
mnist,iid,44,9,7,105,0.9809523820877076,1,10,10,True,368,53,1,0,accredited
mnist,iid,44,9,8,97,0.9896907210350036,1,10,10,True,340,48,1,0,accredited
mnist,iid,44,9,9,99,0.9797979593276978,1,10,10,True,346,49,1,0,accredited
mnist,alpha1p0,42,0,0,72,0.9861111044883728,1,10,7,True,253,36,1,0,accredited
mnist,alpha1p0,42,0,1,219,0.9817351698875428,1,10,7,True,766,109,1,0,accredited
mnist,alpha1p0,42,0,2,276,1.0,1,8,7,True,968,138,1,0,accredited
mnist,alpha1p0,42,0,3,235,0.9659574627876282,1,9,7,True,821,117,1,0,accredited
mnist,alpha1p0,42,0,4,31,0.9677419066429138,1,10,7,True,107,15,1,0,accredited
mnist,alpha1p0,42,0,5,7,1.0,1,9,7,True,25,4,1,0,accredited
mnist,alpha1p0,42,0,6,19,0.8947368264198303,0,9,7,True,69,10,1,1,below_threshold
mnist,alpha1p0,42,0,7,317,0.9873816967010498,1,7,7,True,1109,158,1,0,accredited
mnist,alpha1p0,42,0,8,55,0.8909090757369995,0,7,7,True,192,27,1,1,below_threshold
mnist,alpha1p0,42,0,9,45,0.8666666746139526,0,6,7,True,157,22,1,1,below_threshold
mnist,alpha1p0,42,1,0,147,0.99319726228714,1,10,9,True,514,73,1,0,accredited
mnist,alpha1p0,42,1,1,139,0.9856114983558656,1,10,9,True,485,69,1,0,accredited
mnist,alpha1p0,42,1,2,178,0.9887640476226808,1,8,9,True,623,89,1,0,accredited
mnist,alpha1p0,42,1,3,33,0.9696969985961914,1,9,9,True,114,16,1,0,accredited
mnist,alpha1p0,42,1,4,59,0.98305082321167,1,10,9,True,209,30,1,0,accredited
mnist,alpha1p0,42,1,5,33,0.939393937587738,1,9,9,True,118,17,1,0,accredited
mnist,alpha1p0,42,1,6,15,0.9333333373069764,1,9,9,True,52,7,1,0,accredited
mnist,alpha1p0,42,1,7,186,0.9784946441650392,1,7,9,True,651,93,1,0,accredited
mnist,alpha1p0,42,1,8,21,1.0,1,7,9,True,76,11,1,0,accredited
mnist,alpha1p0,42,1,9,5,0.4000000059604645,0,6,9,True,19,3,1,1,below_threshold
mnist,alpha1p0,42,2,0,312,0.9903846383094788,1,10,9,True,1092,156,1,0,accredited
mnist,alpha1p0,42,2,1,5,1.0,1,10,9,True,20,3,1,0,accredited
mnist,alpha1p0,42,2,2,53,0.9811320900917052,1,8,9,True,186,26,1,0,accredited
mnist,alpha1p0,42,2,3,164,0.9817073345184326,1,9,9,True,574,82,1,0,accredited
mnist,alpha1p0,42,2,4,93,0.9784946441650392,1,10,9,True,325,46,1,0,accredited
mnist,alpha1p0,42,2,5,80,0.949999988079071,1,9,9,True,279,40,1,0,accredited
mnist,alpha1p0,42,2,6,147,0.99319726228714,1,9,9,True,516,74,1,0,accredited
mnist,alpha1p0,42,2,7,84,1.0,1,7,9,True,295,42,1,0,accredited
mnist,alpha1p0,42,2,8,403,0.9875930547714232,1,7,9,True,1410,201,1,0,accredited
mnist,alpha1p0,42,2,9,11,0.8181818127632141,0,6,9,True,37,5,1,1,below_threshold
mnist,alpha1p0,42,3,0,136,1.0,1,10,10,True,476,68,1,0,accredited
mnist,alpha1p0,42,3,1,8,1.0,1,10,10,True,28,4,1,0,accredited
mnist,alpha1p0,42,3,2,225,0.995555579662323,1,8,10,True,790,113,1,0,accredited
mnist,alpha1p0,42,3,3,34,0.970588207244873,1,9,10,True,121,17,1,0,accredited
mnist,alpha1p0,42,3,4,73,0.9452054500579834,1,10,10,True,254,36,1,0,accredited
mnist,alpha1p0,42,3,5,53,0.9811320900917052,1,9,10,True,187,27,1,0,accredited
mnist,alpha1p0,42,3,6,141,0.9929078221321106,1,9,10,True,494,70,1,0,accredited
mnist,alpha1p0,42,3,7,135,1.0,1,7,10,True,474,68,1,0,accredited
mnist,alpha1p0,42,3,8,93,0.9462365508079528,1,7,10,True,326,47,1,0,accredited
mnist,alpha1p0,42,3,9,52,0.942307710647583,1,6,10,True,183,26,1,0,accredited
mnist,alpha1p0,42,4,0,6,1.0,1,10,8,True,21,3,1,0,accredited
mnist,alpha1p0,42,4,1,117,1.0,1,10,8,True,411,59,1,0,accredited
mnist,alpha1p0,42,4,2,9,0.7777777910232544,0,8,8,True,30,4,1,1,below_threshold
mnist,alpha1p0,42,4,3,55,0.9636363387107848,1,9,8,True,194,28,1,0,accredited
mnist,alpha1p0,42,4,4,23,0.95652174949646,1,10,8,True,81,11,1,0,accredited
mnist,alpha1p0,42,4,5,24,1.0,1,9,8,True,83,12,1,0,accredited
mnist,alpha1p0,42,4,6,87,0.988505721092224,1,9,8,True,304,43,1,0,accredited
mnist,alpha1p0,42,4,7,9,0.7777777910232544,0,7,8,True,34,5,1,1,below_threshold
mnist,alpha1p0,42,4,8,68,0.970588207244873,1,7,8,True,237,34,1,0,accredited
mnist,alpha1p0,42,4,9,135,0.9777777791023254,1,6,8,True,474,68,1,0,accredited
mnist,alpha1p0,42,5,0,68,0.970588207244873,1,10,8,True,240,34,1,0,accredited
mnist,alpha1p0,42,5,1,45,0.9777777791023254,1,10,8,True,159,23,1,0,accredited
mnist,alpha1p0,42,5,2,8,0.875,0,8,8,True,27,4,1,1,below_threshold
mnist,alpha1p0,42,5,3,2,1.0,1,9,8,True,9,1,1,0,accredited
mnist,alpha1p0,42,5,4,97,0.9896907210350036,1,10,8,True,340,48,1,0,accredited
mnist,alpha1p0,42,5,5,23,0.95652174949646,1,9,8,True,79,11,1,0,accredited
mnist,alpha1p0,42,5,6,235,0.9872340559959412,1,9,8,True,823,117,1,0,accredited
mnist,alpha1p0,42,5,7,77,0.9740259647369384,1,7,8,True,271,39,1,0,accredited
mnist,alpha1p0,42,5,8,139,0.9784172773361206,1,7,8,True,486,69,1,0,accredited
mnist,alpha1p0,42,5,9,20,0.800000011920929,0,6,8,True,70,10,1,1,below_threshold
mnist,alpha1p0,42,6,0,99,1.0,1,10,8,True,348,50,1,0,accredited
mnist,alpha1p0,42,6,1,63,0.9841269850730896,1,10,8,True,219,31,1,0,accredited
mnist,alpha1p0,42,6,2,1,1.0,1,8,8,True,6,1,1,0,accredited
mnist,alpha1p0,42,6,3,91,0.9890109896659852,1,9,8,True,319,46,1,0,accredited
mnist,alpha1p0,42,6,4,431,0.9860788583755492,1,10,8,True,1509,216,1,0,accredited
mnist,alpha1p0,42,6,5,417,0.990407645702362,1,9,8,True,1462,209,1,0,accredited
mnist,alpha1p0,42,6,6,40,0.925000011920929,1,9,8,True,139,20,1,0,accredited
mnist,alpha1p0,42,6,7,11,0.6363636255264282,0,7,8,True,39,6,1,1,below_threshold
mnist,alpha1p0,42,6,8,10,0.6000000238418579,0,7,8,True,36,5,1,1,below_threshold
mnist,alpha1p0,42,6,9,265,0.9735848903656006,1,6,8,True,928,132,1,0,accredited
mnist,alpha1p0,42,7,0,15,0.9333333373069764,1,10,9,True,51,7,1,0,accredited
mnist,alpha1p0,42,7,1,245,0.9918367266654968,1,10,9,True,856,122,1,0,accredited
mnist,alpha1p0,42,7,2,16,1.0,1,8,9,True,56,8,1,0,accredited
mnist,alpha1p0,42,7,3,177,0.98305082321167,1,9,9,True,622,89,1,0,accredited
mnist,alpha1p0,42,7,4,87,0.954023003578186,1,10,9,True,305,44,1,0,accredited
mnist,alpha1p0,42,7,5,4,0.75,0,9,9,True,13,2,1,1,below_threshold
mnist,alpha1p0,42,7,6,32,1.0,1,9,9,True,112,16,1,0,accredited
mnist,alpha1p0,42,7,7,149,0.946308732032776,1,7,9,True,520,74,1,0,accredited
mnist,alpha1p0,42,7,8,42,0.9285714030265808,1,7,9,True,148,21,1,0,accredited
mnist,alpha1p0,42,7,9,109,0.9724770784378052,1,6,9,True,380,54,1,0,accredited
mnist,alpha1p0,42,8,0,26,1.0,1,10,8,True,93,13,1,0,accredited
mnist,alpha1p0,42,8,1,167,1.0,1,10,8,True,583,83,1,0,accredited
mnist,alpha1p0,42,8,2,101,0.9900990128517152,1,8,8,True,355,51,1,0,accredited
mnist,alpha1p0,42,8,3,157,0.9426751732826232,1,9,8,True,552,79,1,0,accredited
mnist,alpha1p0,42,8,4,23,0.91304349899292,1,10,8,True,82,12,1,0,accredited
mnist,alpha1p0,42,8,5,117,0.9572649598121644,1,9,8,True,411,59,1,0,accredited
mnist,alpha1p0,42,8,6,41,0.9756097793579102,1,9,8,True,144,20,1,0,accredited
mnist,alpha1p0,42,8,7,12,0.75,0,7,8,True,41,6,1,1,below_threshold
mnist,alpha1p0,42,8,8,47,0.8723404407501221,0,7,8,True,167,24,1,1,below_threshold
mnist,alpha1p0,42,8,9,224,0.9776785969734192,1,6,8,True,783,112,1,0,accredited
mnist,alpha1p0,42,9,0,103,0.9902912378311156,1,10,9,True,360,51,1,0,accredited
mnist,alpha1p0,42,9,1,141,0.9645389914512634,1,10,9,True,493,70,1,0,accredited
mnist,alpha1p0,42,9,2,123,0.9593495726585388,1,8,9,True,431,62,1,0,accredited
mnist,alpha1p0,42,9,3,76,0.8421052694320679,0,9,9,True,268,38,1,1,below_threshold
mnist,alpha1p0,42,9,4,51,0.9215686321258544,1,10,9,True,179,25,1,0,accredited
mnist,alpha1p0,42,9,5,125,0.9919999837875366,1,9,9,True,438,62,1,0,accredited
mnist,alpha1p0,42,9,6,226,0.9690265655517578,1,9,9,True,792,113,1,0,accredited
mnist,alpha1p0,42,9,7,72,0.9305555820465088,1,7,9,True,252,36,1,0,accredited
mnist,alpha1p0,42,9,8,91,0.9890109896659852,1,7,9,True,319,46,1,0,accredited
mnist,alpha1p0,42,9,9,124,0.9677419066429138,1,6,9,True,434,62,1,0,accredited
mnist,alpha1p0,43,0,0,82,0.9878048896789552,1,9,9,True,286,41,1,0,accredited
mnist,alpha1p0,43,0,1,155,0.9935483932495116,1,8,9,True,542,77,1,0,accredited
mnist,alpha1p0,43,0,2,207,0.9855072498321532,1,8,9,True,725,103,1,0,accredited
mnist,alpha1p0,43,0,3,176,0.9545454382896424,1,9,9,True,615,88,1,0,accredited
mnist,alpha1p0,43,0,4,163,0.9938650131225586,1,10,9,True,571,81,1,0,accredited
mnist,alpha1p0,43,0,5,81,0.9876543283462524,1,8,9,True,284,40,1,0,accredited
mnist,alpha1p0,43,0,6,137,1.0,1,9,9,True,479,68,1,0,accredited
mnist,alpha1p0,43,0,7,167,0.9520958065986632,1,9,9,True,586,84,1,0,accredited
mnist,alpha1p0,43,0,8,8,0.75,0,9,9,True,28,4,1,1,below_threshold
mnist,alpha1p0,43,0,9,54,0.9074074029922484,1,8,9,True,189,27,1,0,accredited
mnist,alpha1p0,43,1,0,35,1.0,1,9,9,True,124,18,1,0,accredited
mnist,alpha1p0,43,1,1,77,0.9610389471054076,1,8,9,True,270,39,1,0,accredited
mnist,alpha1p0,43,1,2,59,0.9661017060279846,1,8,9,True,209,30,1,0,accredited
mnist,alpha1p0,43,1,3,195,0.9948717951774596,1,9,9,True,683,98,1,0,accredited
mnist,alpha1p0,43,1,4,71,0.98591548204422,1,10,9,True,251,36,1,0,accredited
mnist,alpha1p0,43,1,5,33,0.9696969985961914,1,8,9,True,118,17,1,0,accredited
mnist,alpha1p0,43,1,6,67,0.9850746393203736,1,9,9,True,237,34,1,0,accredited
mnist,alpha1p0,43,1,7,69,0.9710144996643066,1,9,9,True,242,34,1,0,accredited
mnist,alpha1p0,43,1,8,69,0.9855072498321532,1,9,9,True,242,34,1,0,accredited
mnist,alpha1p0,43,1,9,2,0.5,0,8,9,True,7,1,1,1,below_threshold
mnist,alpha1p0,43,2,0,42,1.0,1,9,9,True,148,21,1,0,accredited
mnist,alpha1p0,43,2,1,239,0.991631805896759,1,8,9,True,837,119,1,0,accredited
mnist,alpha1p0,43,2,2,11,0.8181818127632141,0,8,9,True,41,6,1,1,below_threshold
mnist,alpha1p0,43,2,3,57,0.9824561476707458,1,9,9,True,199,28,1,0,accredited
mnist,alpha1p0,43,2,4,29,0.931034505367279,1,10,9,True,101,14,1,0,accredited
mnist,alpha1p0,43,2,5,229,0.9912663698196412,1,8,9,True,804,115,1,0,accredited
mnist,alpha1p0,43,2,6,167,0.9820359349250792,1,9,9,True,587,84,1,0,accredited
mnist,alpha1p0,43,2,7,93,0.9784946441650392,1,9,9,True,326,46,1,0,accredited
mnist,alpha1p0,43,2,8,220,0.9636363387107848,1,9,9,True,769,110,1,0,accredited
mnist,alpha1p0,43,2,9,67,0.9850746393203736,1,8,9,True,234,33,1,0,accredited
mnist,alpha1p0,43,3,0,165,0.9939393997192384,1,9,9,True,578,82,1,0,accredited
mnist,alpha1p0,43,3,1,32,0.9375,1,8,9,True,111,16,1,0,accredited
mnist,alpha1p0,43,3,2,347,0.9884726405143738,1,8,9,True,1215,174,1,0,accredited
mnist,alpha1p0,43,3,3,27,1.0,1,9,9,True,93,13,1,0,accredited
mnist,alpha1p0,43,3,4,45,1.0,1,10,9,True,157,22,1,0,accredited
mnist,alpha1p0,43,3,5,171,0.9941520690917968,1,8,9,True,601,86,1,0,accredited
mnist,alpha1p0,43,3,6,42,0.9523809552192688,1,9,9,True,146,21,1,0,accredited
mnist,alpha1p0,43,3,7,4,0.75,0,9,9,True,13,2,1,1,below_threshold
mnist,alpha1p0,43,3,8,95,0.9894737005233764,1,9,9,True,334,48,1,0,accredited
mnist,alpha1p0,43,3,9,45,0.9333333373069764,1,8,9,True,159,23,1,0,accredited
mnist,alpha1p0,43,4,0,89,1.0,1,9,8,True,312,44,1,0,accredited
mnist,alpha1p0,43,4,1,0,0.0,0,8,8,False,2,0,1,1,no_expertise_observations
mnist,alpha1p0,43,4,2,42,0.8571428656578064,0,8,8,True,147,21,1,1,below_threshold
mnist,alpha1p0,43,4,3,214,0.97663551568985,1,9,8,True,751,107,1,0,accredited
mnist,alpha1p0,43,4,4,51,0.9607843160629272,1,10,8,True,179,25,1,0,accredited
mnist,alpha1p0,43,4,5,169,0.9585798978805542,1,8,8,True,591,84,1,0,accredited
mnist,alpha1p0,43,4,6,127,0.9763779640197754,1,9,8,True,445,63,1,0,accredited
mnist,alpha1p0,43,4,7,235,0.9914893507957458,1,9,8,True,821,117,1,0,accredited
mnist,alpha1p0,43,4,8,17,0.9411764740943908,1,9,8,True,60,9,1,0,accredited
mnist,alpha1p0,43,4,9,123,0.9512194991111756,1,8,8,True,429,61,1,0,accredited
mnist,alpha1p0,43,5,0,5,0.800000011920929,0,9,6,True,19,3,1,1,below_threshold
mnist,alpha1p0,43,5,1,14,0.7857142686843872,0,8,6,True,49,7,1,1,below_threshold
mnist,alpha1p0,43,5,2,58,0.9655172228813172,1,8,6,True,204,29,1,0,accredited
mnist,alpha1p0,43,5,3,20,0.949999988079071,1,9,6,True,72,10,1,0,accredited
mnist,alpha1p0,43,5,4,294,0.99319726228714,1,10,6,True,1030,147,1,0,accredited
mnist,alpha1p0,43,5,5,0,0.0,0,8,6,False,0,0,0,0,absent_in_train
mnist,alpha1p0,43,5,6,15,0.8666666746139526,0,9,6,True,54,8,1,1,below_threshold
mnist,alpha1p0,43,5,7,160,0.981249988079071,1,9,6,True,562,80,1,0,accredited
mnist,alpha1p0,43,5,8,182,0.9670329689979552,1,9,6,True,637,91,1,0,accredited
mnist,alpha1p0,43,5,9,503,0.9662027955055236,1,8,6,True,1762,252,1,0,accredited
mnist,alpha1p0,43,6,0,356,0.9971910119056702,1,9,10,True,1246,178,1,0,accredited
mnist,alpha1p0,43,6,1,109,0.9908257126808168,1,8,10,True,384,55,1,0,accredited
mnist,alpha1p0,43,6,2,123,0.9918699264526368,1,8,10,True,430,61,1,0,accredited
mnist,alpha1p0,43,6,3,195,0.9794871807098388,1,9,10,True,685,98,1,0,accredited
mnist,alpha1p0,43,6,4,36,0.9166666865348816,1,10,10,True,127,18,1,0,accredited
mnist,alpha1p0,43,6,5,65,0.9538461565971376,1,8,10,True,230,33,1,0,accredited
mnist,alpha1p0,43,6,6,46,0.95652174949646,1,9,10,True,162,23,1,0,accredited
mnist,alpha1p0,43,6,7,66,0.9242424368858336,1,9,10,True,230,33,1,0,accredited
mnist,alpha1p0,43,6,8,21,0.9047619104385376,1,9,10,True,74,10,1,0,accredited
mnist,alpha1p0,43,6,9,70,0.9285714030265808,1,8,10,True,246,35,1,0,accredited
mnist,alpha1p0,43,7,0,163,0.9938650131225586,1,9,9,True,571,81,1,0,accredited
mnist,alpha1p0,43,7,1,150,0.993333339691162,1,8,9,True,524,75,1,0,accredited
mnist,alpha1p0,43,7,2,75,0.946666657924652,1,8,9,True,262,37,1,0,accredited
mnist,alpha1p0,43,7,3,1,0.0,0,9,9,True,4,0,1,1,below_threshold
mnist,alpha1p0,43,7,4,136,1.0,1,10,9,True,478,68,1,0,accredited
mnist,alpha1p0,43,7,5,70,1.0,1,8,9,True,245,35,1,0,accredited
mnist,alpha1p0,43,7,6,108,0.9722222089767456,1,9,9,True,377,54,1,0,accredited
mnist,alpha1p0,43,7,7,125,1.0,1,9,9,True,436,62,1,0,accredited
mnist,alpha1p0,43,7,8,111,0.9819819927215576,1,9,9,True,387,55,1,0,accredited
mnist,alpha1p0,43,7,9,84,0.9404761791229248,1,8,9,True,293,42,1,0,accredited
mnist,alpha1p0,43,8,0,14,0.9285714030265808,1,9,10,True,49,7,1,0,accredited
mnist,alpha1p0,43,8,1,66,1.0,1,8,10,True,233,33,1,0,accredited
mnist,alpha1p0,43,8,2,43,1.0,1,8,10,True,151,22,1,0,accredited
mnist,alpha1p0,43,8,3,46,1.0,1,9,10,True,160,23,1,0,accredited
mnist,alpha1p0,43,8,4,49,1.0,1,10,10,True,174,25,1,0,accredited
mnist,alpha1p0,43,8,5,34,0.970588207244873,1,8,10,True,118,17,1,0,accredited
mnist,alpha1p0,43,8,6,10,1.0,1,9,10,True,35,5,1,0,accredited
mnist,alpha1p0,43,8,7,105,0.9904761910438538,1,9,10,True,366,52,1,0,accredited
mnist,alpha1p0,43,8,8,71,0.97183096408844,1,9,10,True,249,35,1,0,accredited
mnist,alpha1p0,43,8,9,39,0.9230769276618958,1,8,10,True,135,19,1,0,accredited
mnist,alpha1p0,43,9,0,33,0.939393937587738,1,9,8,True,115,16,1,0,accredited
mnist,alpha1p0,43,9,1,305,0.9901639223098756,1,8,8,True,1069,153,1,0,accredited
mnist,alpha1p0,43,9,2,25,0.959999978542328,1,8,8,True,88,13,1,0,accredited
mnist,alpha1p0,43,9,3,95,0.9894737005233764,1,9,8,True,331,47,1,0,accredited
mnist,alpha1p0,43,9,4,93,0.9892473220825196,1,10,8,True,325,46,1,0,accredited
mnist,alpha1p0,43,9,5,30,0.8666666746139526,0,8,8,True,106,15,1,1,below_threshold
mnist,alpha1p0,43,9,6,263,0.9885931611061096,1,9,8,True,922,132,1,0,accredited
mnist,alpha1p0,43,9,7,30,1.0,1,9,8,True,104,15,1,0,accredited
mnist,alpha1p0,43,9,8,176,1.0,1,9,8,True,617,88,1,0,accredited
mnist,alpha1p0,43,9,9,3,0.0,0,8,8,True,11,1,1,1,below_threshold
mnist,alpha1p0,44,0,0,8,0.75,0,7,8,True,29,4,1,1,below_threshold
mnist,alpha1p0,44,0,1,227,0.9823788404464722,1,9,8,True,793,113,1,0,accredited
mnist,alpha1p0,44,0,2,56,0.875,0,9,8,True,195,28,1,1,below_threshold
mnist,alpha1p0,44,0,3,151,0.9668874144554138,1,8,8,True,531,76,1,0,accredited
mnist,alpha1p0,44,0,4,106,0.9622641801834106,1,8,8,True,371,53,1,0,accredited
mnist,alpha1p0,44,0,5,194,1.0,1,7,8,True,679,97,1,0,accredited
mnist,alpha1p0,44,0,6,190,0.9789473414421082,1,10,8,True,665,95,1,0,accredited
mnist,alpha1p0,44,0,7,60,0.9833333492279052,1,9,8,True,210,30,1,0,accredited
mnist,alpha1p0,44,0,8,109,0.9908257126808168,1,7,8,True,380,54,1,0,accredited
mnist,alpha1p0,44,0,9,235,0.978723406791687,1,9,8,True,821,117,1,0,accredited
mnist,alpha1p0,44,1,0,0,0.0,0,7,9,False,2,0,1,1,no_expertise_observations
mnist,alpha1p0,44,1,1,119,0.9663865566253662,1,9,9,True,419,60,1,0,accredited
mnist,alpha1p0,44,1,2,91,0.9780219793319702,1,9,9,True,317,45,1,0,accredited
mnist,alpha1p0,44,1,3,53,0.9433962106704712,1,8,9,True,186,27,1,0,accredited
mnist,alpha1p0,44,1,4,92,0.989130437374115,1,8,9,True,324,46,1,0,accredited
mnist,alpha1p0,44,1,5,35,0.9428571462631226,1,7,9,True,124,18,1,0,accredited
mnist,alpha1p0,44,1,6,36,0.9722222089767456,1,10,9,True,127,18,1,0,accredited
mnist,alpha1p0,44,1,7,43,0.930232584476471,1,9,9,True,152,22,1,0,accredited
mnist,alpha1p0,44,1,8,204,0.9754902124404908,1,7,9,True,716,102,1,0,accredited
mnist,alpha1p0,44,1,9,184,0.989130437374115,1,9,9,True,644,92,1,0,accredited
mnist,alpha1p0,44,2,0,2,0.5,0,7,6,True,9,1,1,1,below_threshold
mnist,alpha1p0,44,2,1,134,1.0,1,9,6,True,468,67,1,0,accredited
mnist,alpha1p0,44,2,2,13,0.9230769276618958,1,9,6,True,48,7,1,0,accredited
mnist,alpha1p0,44,2,3,15,0.8666666746139526,0,8,6,True,52,7,1,1,below_threshold
mnist,alpha1p0,44,2,4,35,0.9428571462631226,1,8,6,True,121,17,1,0,accredited
mnist,alpha1p0,44,2,5,24,0.875,0,7,6,True,84,12,1,1,below_threshold
mnist,alpha1p0,44,2,6,119,0.9747899174690248,1,10,6,True,418,60,1,0,accredited
mnist,alpha1p0,44,2,7,28,0.7857142686843872,0,9,6,True,99,14,1,1,below_threshold
mnist,alpha1p0,44,2,8,35,1.0,1,7,6,True,123,18,1,0,accredited
mnist,alpha1p0,44,2,9,156,0.9935897588729858,1,9,6,True,545,78,1,0,accredited
mnist,alpha1p0,44,3,0,94,1.0,1,7,8,True,329,47,1,0,accredited
mnist,alpha1p0,44,3,1,5,0.800000011920929,0,9,8,True,18,3,1,1,below_threshold
mnist,alpha1p0,44,3,2,207,0.990338146686554,1,9,8,True,725,104,1,0,accredited
mnist,alpha1p0,44,3,3,36,0.9722222089767456,1,8,8,True,126,18,1,0,accredited
mnist,alpha1p0,44,3,4,58,1.0,1,8,8,True,203,29,1,0,accredited
mnist,alpha1p0,44,3,5,205,0.995121955871582,1,7,8,True,720,103,1,0,accredited
mnist,alpha1p0,44,3,6,74,1.0,1,10,8,True,258,37,1,0,accredited
mnist,alpha1p0,44,3,7,162,1.0,1,9,8,True,567,81,1,0,accredited
mnist,alpha1p0,44,3,8,1,0.0,0,7,8,True,2,0,1,1,below_threshold
mnist,alpha1p0,44,3,9,5,1.0,1,9,8,True,16,2,1,0,accredited
mnist,alpha1p0,44,4,0,178,0.9887640476226808,1,7,7,True,623,89,1,0,accredited
mnist,alpha1p0,44,4,1,144,1.0,1,9,7,True,503,72,1,0,accredited
mnist,alpha1p0,44,4,2,60,0.9666666388511658,1,9,7,True,210,30,1,0,accredited
mnist,alpha1p0,44,4,3,45,0.8888888955116272,0,8,7,True,158,22,1,1,below_threshold
mnist,alpha1p0,44,4,4,72,0.9444444179534912,1,8,7,True,252,36,1,0,accredited
mnist,alpha1p0,44,4,5,56,0.8928571343421936,0,7,7,True,197,28,1,1,below_threshold
mnist,alpha1p0,44,4,6,116,0.9913793206214904,1,10,7,True,408,58,1,0,accredited
mnist,alpha1p0,44,4,7,118,0.9661017060279846,1,9,7,True,415,59,1,0,accredited
mnist,alpha1p0,44,4,8,250,0.9879999756813048,1,7,7,True,876,125,1,0,accredited
mnist,alpha1p0,44,4,9,4,0.75,0,9,7,True,16,2,1,1,below_threshold
mnist,alpha1p0,44,5,0,17,1.0,1,7,8,True,58,8,1,0,accredited
mnist,alpha1p0,44,5,1,119,1.0,1,9,8,True,418,60,1,0,accredited
mnist,alpha1p0,44,5,2,27,1.0,1,9,8,True,94,13,1,0,accredited
mnist,alpha1p0,44,5,3,173,0.9884393215179444,1,8,8,True,606,86,1,0,accredited
mnist,alpha1p0,44,5,4,3,0.6666666865348816,0,8,8,True,11,1,1,1,below_threshold
mnist,alpha1p0,44,5,5,131,0.9923664331436156,1,7,8,True,459,65,1,0,accredited
mnist,alpha1p0,44,5,6,83,1.0,1,10,8,True,291,41,1,0,accredited
mnist,alpha1p0,44,5,7,93,0.9892473220825196,1,9,8,True,325,46,1,0,accredited
mnist,alpha1p0,44,5,8,26,0.807692289352417,0,7,8,True,91,13,1,1,below_threshold
mnist,alpha1p0,44,5,9,40,1.0,1,9,8,True,140,20,1,0,accredited
mnist,alpha1p0,44,6,0,5,1.0,1,7,9,True,20,3,1,0,accredited
mnist,alpha1p0,44,6,1,177,0.994350254535675,1,9,9,True,620,88,1,0,accredited
mnist,alpha1p0,44,6,2,127,0.9685039520263672,1,9,9,True,447,64,1,0,accredited
mnist,alpha1p0,44,6,3,265,0.9886792302131652,1,8,9,True,930,133,1,0,accredited
mnist,alpha1p0,44,6,4,269,0.9814126491546632,1,8,9,True,940,134,1,0,accredited
mnist,alpha1p0,44,6,5,158,0.9936708807945251,1,7,9,True,555,79,1,0,accredited
mnist,alpha1p0,44,6,6,261,0.984674334526062,1,10,9,True,915,131,1,0,accredited
mnist,alpha1p0,44,6,7,207,0.9951691031455994,1,9,9,True,726,104,1,0,accredited
mnist,alpha1p0,44,6,8,94,0.8617021441459656,0,7,9,True,328,47,1,1,below_threshold
mnist,alpha1p0,44,6,9,65,0.9846153855323792,1,9,9,True,229,33,1,0,accredited
mnist,alpha1p0,44,7,0,181,1.0,1,7,8,True,635,91,1,0,accredited
mnist,alpha1p0,44,7,1,169,1.0,1,9,8,True,591,84,1,0,accredited
mnist,alpha1p0,44,7,2,160,0.975000023841858,1,9,8,True,560,80,1,0,accredited
mnist,alpha1p0,44,7,3,230,0.982608675956726,1,8,8,True,806,115,1,0,accredited
mnist,alpha1p0,44,7,4,10,0.8999999761581421,0,8,8,True,34,5,1,1,below_threshold
mnist,alpha1p0,44,7,5,1,0.0,0,7,8,True,5,1,1,1,below_threshold
mnist,alpha1p0,44,7,6,71,1.0,1,10,8,True,248,35,1,0,accredited
mnist,alpha1p0,44,7,7,187,1.0,1,9,8,True,655,94,1,0,accredited
mnist,alpha1p0,44,7,8,137,0.9416058659553528,1,7,8,True,482,69,1,0,accredited
mnist,alpha1p0,44,7,9,143,0.9790209531784058,1,9,8,True,502,72,1,0,accredited
mnist,alpha1p0,44,8,0,30,1.0,1,7,10,True,106,15,1,0,accredited
mnist,alpha1p0,44,8,1,17,1.0,1,9,10,True,61,9,1,0,accredited
mnist,alpha1p0,44,8,2,76,0.9736841917037964,1,9,10,True,268,38,1,0,accredited
mnist,alpha1p0,44,8,3,14,0.9285714030265808,1,8,10,True,50,7,1,0,accredited
mnist,alpha1p0,44,8,4,174,0.988505721092224,1,8,10,True,609,87,1,0,accredited
mnist,alpha1p0,44,8,5,64,0.96875,1,7,10,True,223,32,1,0,accredited
mnist,alpha1p0,44,8,6,10,1.0,1,10,10,True,34,5,1,0,accredited
mnist,alpha1p0,44,8,7,94,0.9680851101875304,1,9,10,True,331,47,1,0,accredited
mnist,alpha1p0,44,8,8,46,1.0,1,7,10,True,160,23,1,0,accredited
mnist,alpha1p0,44,8,9,47,0.914893627166748,1,9,10,True,165,24,1,0,accredited
mnist,alpha1p0,44,9,0,468,0.997863233089447,1,7,10,True,1637,234,1,0,accredited
mnist,alpha1p0,44,9,1,37,0.9729729890823364,1,9,10,True,129,18,1,0,accredited
mnist,alpha1p0,44,9,2,173,1.0,1,9,10,True,608,87,1,0,accredited
mnist,alpha1p0,44,9,3,43,0.9767441749572754,1,8,10,True,149,21,1,0,accredited
mnist,alpha1p0,44,9,4,150,0.9866666793823242,1,8,10,True,525,75,1,0,accredited
mnist,alpha1p0,44,9,5,14,1.0,1,7,10,True,51,7,1,0,accredited
mnist,alpha1p0,44,9,6,23,1.0,1,10,10,True,80,11,1,0,accredited
mnist,alpha1p0,44,9,7,59,0.98305082321167,1,9,10,True,207,30,1,0,accredited
mnist,alpha1p0,44,9,8,68,0.9852941036224364,1,7,10,True,238,34,1,0,accredited
mnist,alpha1p0,44,9,9,110,0.9636363387107848,1,9,10,True,387,55,1,0,accredited
mnist,alpha0p5,42,0,0,201,0.9800994992256165,1,9,9,True,704,101,1,0,accredited
mnist,alpha0p5,42,0,1,34,0.970588207244873,1,9,9,True,118,17,1,0,accredited
mnist,alpha0p5,42,0,2,41,0.9024389982223512,1,6,9,True,144,20,1,0,accredited
mnist,alpha0p5,42,0,3,5,0.6000000238418579,0,3,9,True,19,3,1,1,below_threshold
mnist,alpha0p5,42,0,4,37,1.0,1,7,9,True,130,18,1,0,accredited
mnist,alpha0p5,42,0,5,119,0.9159663915634156,1,9,9,True,418,60,1,0,accredited
mnist,alpha0p5,42,0,6,99,0.9898989796638488,1,9,9,True,347,50,1,0,accredited
mnist,alpha0p5,42,0,7,546,0.9871794581413268,1,8,9,True,1912,273,1,0,accredited
mnist,alpha0p5,42,0,8,130,0.9538461565971376,1,4,9,True,457,65,1,0,accredited
mnist,alpha0p5,42,0,9,12,0.9166666865348816,1,9,9,True,42,6,1,0,accredited
mnist,alpha0p5,42,1,0,71,0.9295774698257446,1,9,8,True,248,35,1,0,accredited
mnist,alpha0p5,42,1,1,23,0.91304349899292,1,9,8,True,79,11,1,0,accredited
mnist,alpha0p5,42,1,2,33,0.9090909361839294,1,6,8,True,118,17,1,0,accredited
mnist,alpha0p5,42,1,3,9,0.7777777910232544,0,3,8,True,31,4,1,1,below_threshold
mnist,alpha0p5,42,1,4,316,0.9810126423835754,1,7,8,True,1106,158,1,0,accredited
mnist,alpha0p5,42,1,5,199,0.984924614429474,1,9,8,True,697,100,1,0,accredited
mnist,alpha0p5,42,1,6,6,1.0,1,9,8,True,22,3,1,0,accredited
mnist,alpha0p5,42,1,7,59,0.98305082321167,1,8,8,True,205,29,1,0,accredited
mnist,alpha0p5,42,1,8,41,0.8536585569381714,0,4,8,True,144,21,1,1,below_threshold
mnist,alpha0p5,42,1,9,124,0.9435483813285828,1,9,8,True,436,62,1,0,accredited
mnist,alpha0p5,42,2,0,3,1.0,1,9,7,True,11,2,1,0,accredited
mnist,alpha0p5,42,2,1,11,1.0,1,9,7,True,39,6,1,0,accredited
mnist,alpha0p5,42,2,2,233,0.9828326106071472,1,6,7,True,818,117,1,0,accredited
mnist,alpha0p5,42,2,3,22,0.9545454382896424,1,3,7,True,76,11,1,0,accredited
mnist,alpha0p5,42,2,4,2,0.5,0,7,7,True,6,1,1,1,below_threshold
mnist,alpha0p5,42,2,5,25,0.8799999952316284,0,9,7,True,88,12,1,1,below_threshold
mnist,alpha0p5,42,2,6,75,1.0,1,9,7,True,263,37,1,0,accredited
mnist,alpha0p5,42,2,7,37,0.9729729890823364,1,8,7,True,130,18,1,0,accredited
mnist,alpha0p5,42,2,8,0,0.0,0,4,7,False,0,0,0,0,absent_in_train
mnist,alpha0p5,42,2,9,3,1.0,1,9,7,True,12,2,1,0,accredited
mnist,alpha0p5,42,3,0,9,1.0,1,9,8,True,34,5,1,0,accredited
mnist,alpha0p5,42,3,1,18,0.9444444179534912,1,9,8,True,64,9,1,0,accredited
mnist,alpha0p5,42,3,2,197,0.9847715497016908,1,6,8,True,689,98,1,0,accredited
mnist,alpha0p5,42,3,3,2,0.0,0,3,8,True,6,1,1,1,below_threshold
mnist,alpha0p5,42,3,4,40,0.8999999761581421,0,7,8,True,141,20,1,1,below_threshold
mnist,alpha0p5,42,3,5,52,0.9807692170143129,1,9,8,True,183,26,1,0,accredited
mnist,alpha0p5,42,3,6,175,0.9714285731315612,1,9,8,True,613,87,1,0,accredited
mnist,alpha0p5,42,3,7,33,0.939393937587738,1,8,8,True,116,16,1,0,accredited
mnist,alpha0p5,42,3,8,27,0.9629629850387572,1,4,8,True,95,13,1,0,accredited
mnist,alpha0p5,42,3,9,371,0.9838274717330932,1,9,8,True,1299,185,1,0,accredited
mnist,alpha0p5,42,4,0,141,1.0,1,9,8,True,496,71,1,0,accredited
mnist,alpha0p5,42,4,1,284,1.0,1,9,8,True,996,142,1,0,accredited
mnist,alpha0p5,42,4,2,11,0.8181818127632141,0,6,8,True,39,6,1,1,below_threshold
mnist,alpha0p5,42,4,3,13,0.692307710647583,0,3,8,True,46,6,1,1,below_threshold
mnist,alpha0p5,42,4,4,109,0.9724770784378052,1,7,8,True,380,54,1,0,accredited
mnist,alpha0p5,42,4,5,30,0.9666666388511658,1,9,8,True,106,15,1,0,accredited
mnist,alpha0p5,42,4,6,92,1.0,1,9,8,True,324,46,1,0,accredited
mnist,alpha0p5,42,4,7,64,0.96875,1,8,8,True,223,32,1,0,accredited
mnist,alpha0p5,42,4,8,126,0.9603174328804016,1,4,8,True,442,63,1,0,accredited
mnist,alpha0p5,42,4,9,167,0.9820359349250792,1,9,8,True,587,84,1,0,accredited
mnist,alpha0p5,42,5,0,40,1.0,1,9,7,True,142,20,1,0,accredited
mnist,alpha0p5,42,5,1,293,1.0,1,9,7,True,1027,147,1,0,accredited
mnist,alpha0p5,42,5,2,11,0.7272727489471436,0,6,7,True,37,5,1,1,below_threshold
mnist,alpha0p5,42,5,3,11,0.8181818127632141,0,3,7,True,38,5,1,1,below_threshold
mnist,alpha0p5,42,5,4,46,1.0,1,7,7,True,162,23,1,0,accredited
mnist,alpha0p5,42,5,5,22,1.0,1,9,7,True,78,11,1,0,accredited
mnist,alpha0p5,42,5,6,281,1.0,1,9,7,True,985,141,1,0,accredited
mnist,alpha0p5,42,5,7,231,1.0,1,8,7,True,809,116,1,0,accredited
mnist,alpha0p5,42,5,8,10,0.800000011920929,0,4,7,True,36,5,1,1,below_threshold
mnist,alpha0p5,42,5,9,41,1.0,1,9,7,True,143,20,1,0,accredited
mnist,alpha0p5,42,6,0,64,0.984375,1,9,7,True,225,32,1,0,accredited
mnist,alpha0p5,42,6,1,60,0.9666666388511658,1,9,7,True,211,30,1,0,accredited
mnist,alpha0p5,42,6,2,8,0.375,0,6,7,True,28,4,1,1,below_threshold
mnist,alpha0p5,42,6,3,935,1.0,1,3,7,True,3273,467,1,0,accredited
mnist,alpha0p5,42,6,4,176,0.994318187236786,1,7,7,True,616,88,1,0,accredited
mnist,alpha0p5,42,6,5,174,0.982758641242981,1,9,7,True,611,87,1,0,accredited
mnist,alpha0p5,42,6,6,31,1.0,1,9,7,True,109,16,1,0,accredited
mnist,alpha0p5,42,6,7,21,0.9047619104385376,1,8,7,True,75,11,1,0,accredited
mnist,alpha0p5,42,6,8,8,0.875,0,4,7,True,27,4,1,1,below_threshold
mnist,alpha0p5,42,6,9,7,0.7142857313156128,0,9,7,True,23,3,1,1,below_threshold
mnist,alpha0p5,42,7,0,4,0.75,0,9,5,True,16,2,1,1,below_threshold
mnist,alpha0p5,42,7,1,330,0.9909090995788574,1,9,5,True,1154,165,1,0,accredited
mnist,alpha0p5,42,7,2,198,1.0,1,6,5,True,694,99,1,0,accredited
mnist,alpha0p5,42,7,3,25,0.800000011920929,0,3,5,True,90,13,1,1,below_threshold
mnist,alpha0p5,42,7,4,3,0.3333333432674408,0,7,5,True,13,2,1,1,below_threshold
mnist,alpha0p5,42,7,5,16,1.0,1,9,5,True,56,8,1,0,accredited
mnist,alpha0p5,42,7,6,189,0.9894179701805116,1,9,5,True,661,94,1,0,accredited
mnist,alpha0p5,42,7,7,13,0.8461538553237915,0,8,5,True,44,6,1,1,below_threshold
mnist,alpha0p5,42,7,8,5,0.800000011920929,0,4,5,True,20,3,1,1,below_threshold
mnist,alpha0p5,42,7,9,106,0.9811320900917052,1,9,5,True,372,53,1,0,accredited
mnist,alpha0p5,42,8,0,427,1.0,1,9,6,True,1496,214,1,0,accredited
mnist,alpha0p5,42,8,1,57,0.9649122953414916,1,9,6,True,198,28,1,0,accredited
mnist,alpha0p5,42,8,2,258,0.9922480583190918,1,6,6,True,902,129,1,0,accredited
mnist,alpha0p5,42,8,3,0,0.0,0,3,6,False,0,0,0,0,absent_in_train
mnist,alpha0p5,42,8,4,236,0.9872881174087524,1,7,6,True,826,118,1,0,accredited
mnist,alpha0p5,42,8,5,101,1.0,1,9,6,True,353,50,1,0,accredited
mnist,alpha0p5,42,8,6,0,0.0,0,9,6,False,0,0,0,0,absent_in_train
mnist,alpha0p5,42,8,7,15,0.800000011920929,0,8,6,True,51,7,1,1,below_threshold
mnist,alpha0p5,42,8,8,0,0.0,0,4,6,False,0,0,0,0,absent_in_train
mnist,alpha0p5,42,8,9,65,0.9538461565971376,1,9,6,True,227,32,1,0,accredited
mnist,alpha0p5,42,9,0,22,1.0,1,9,8,True,76,11,1,0,accredited
mnist,alpha0p5,42,9,1,38,0.8947368264198303,0,9,8,True,134,19,1,1,below_threshold
mnist,alpha0p5,42,9,2,1,0.0,0,6,8,True,3,0,1,1,below_threshold
mnist,alpha0p5,42,9,3,4,1.0,1,3,8,True,14,2,1,0,accredited
mnist,alpha0p5,42,9,4,3,1.0,1,7,8,True,11,1,1,0,accredited
mnist,alpha0p5,42,9,5,145,0.9241379499435424,1,9,8,True,507,72,1,0,accredited
mnist,alpha0p5,42,9,6,34,0.970588207244873,1,9,8,True,121,17,1,0,accredited
mnist,alpha0p5,42,9,7,35,1.0,1,8,8,True,121,17,1,0,accredited
mnist,alpha0p5,42,9,8,622,0.9967845678329468,1,4,8,True,2176,311,1,0,accredited
mnist,alpha0p5,42,9,9,93,0.9569892287254332,1,9,8,True,326,46,1,0,accredited
mnist,alpha0p5,43,0,0,311,1.0,1,8,8,True,1088,155,1,0,accredited
mnist,alpha0p5,43,0,1,111,0.9819819927215576,1,9,8,True,389,55,1,0,accredited
mnist,alpha0p5,43,0,2,16,0.9375,1,8,8,True,55,8,1,0,accredited
mnist,alpha0p5,43,0,3,41,0.9756097793579102,1,7,8,True,146,21,1,0,accredited
mnist,alpha0p5,43,0,4,70,0.9714285731315612,1,9,8,True,246,35,1,0,accredited
mnist,alpha0p5,43,0,5,3,0.3333333432674408,0,6,8,True,9,1,1,1,below_threshold
mnist,alpha0p5,43,0,6,3,1.0,1,6,8,True,12,2,1,0,accredited
mnist,alpha0p5,43,0,7,298,0.973154366016388,1,7,8,True,1043,149,1,0,accredited
mnist,alpha0p5,43,0,8,433,0.9953810572624208,1,7,8,True,1514,216,1,0,accredited
mnist,alpha0p5,43,0,9,114,0.859649121761322,0,6,8,True,399,57,1,1,below_threshold
mnist,alpha0p5,43,1,0,11,0.9090909361839294,1,8,8,True,41,6,1,0,accredited
mnist,alpha0p5,43,1,1,74,1.0,1,9,8,True,258,37,1,0,accredited
mnist,alpha0p5,43,1,2,1,0.0,0,8,8,True,3,0,1,1,below_threshold
mnist,alpha0p5,43,1,3,139,0.9856114983558656,1,7,8,True,486,69,1,0,accredited
mnist,alpha0p5,43,1,4,129,0.9844961166381836,1,9,8,True,453,65,1,0,accredited
mnist,alpha0p5,43,1,5,597,0.9932998418807985,1,6,8,True,2091,299,1,0,accredited
mnist,alpha0p5,43,1,6,511,0.9980430603027344,1,6,8,True,1788,255,1,0,accredited
mnist,alpha0p5,43,1,7,86,0.9651162624359132,1,7,8,True,300,43,1,0,accredited
mnist,alpha0p5,43,1,8,45,0.9333333373069764,1,7,8,True,160,23,1,0,accredited
mnist,alpha0p5,43,1,9,6,0.6666666865348816,0,6,8,True,20,3,1,1,below_threshold
mnist,alpha0p5,43,2,0,65,1.0,1,8,7,True,228,33,1,0,accredited
mnist,alpha0p5,43,2,1,197,0.989847719669342,1,9,7,True,688,98,1,0,accredited
mnist,alpha0p5,43,2,2,57,0.9824561476707458,1,8,7,True,202,29,1,0,accredited
mnist,alpha0p5,43,2,3,0,0.0,0,7,7,False,0,0,0,0,absent_in_train
mnist,alpha0p5,43,2,4,107,1.0,1,9,7,True,373,53,1,0,accredited
mnist,alpha0p5,43,2,5,83,1.0,1,6,7,True,291,41,1,0,accredited
mnist,alpha0p5,43,2,6,1,0.0,0,6,7,True,5,1,1,1,below_threshold
mnist,alpha0p5,43,2,7,0,0.0,0,7,7,False,1,0,1,1,no_expertise_observations
mnist,alpha0p5,43,2,8,9,1.0,1,7,7,True,31,4,1,0,accredited
mnist,alpha0p5,43,2,9,210,0.9666666388511658,1,6,7,True,735,105,1,0,accredited
mnist,alpha0p5,43,3,0,0,0.0,0,8,5,False,0,0,0,0,absent_in_train
mnist,alpha0p5,43,3,1,45,0.9333333373069764,1,9,5,True,160,23,1,0,accredited
mnist,alpha0p5,43,3,2,74,0.945945918560028,1,8,5,True,261,37,1,0,accredited
mnist,alpha0p5,43,3,3,118,0.98305082321167,1,7,5,True,414,59,1,0,accredited
mnist,alpha0p5,43,3,4,191,0.9842932224273682,1,9,5,True,667,95,1,0,accredited
mnist,alpha0p5,43,3,5,1,0.0,0,6,5,True,4,0,1,1,below_threshold
mnist,alpha0p5,43,3,6,0,0.0,0,6,5,False,0,0,0,0,absent_in_train
mnist,alpha0p5,43,3,7,19,0.8421052694320679,0,7,5,True,67,9,1,1,below_threshold
mnist,alpha0p5,43,3,8,31,0.8709677457809448,0,7,5,True,110,16,1,1,below_threshold
mnist,alpha0p5,43,3,9,46,0.91304349899292,1,6,5,True,163,23,1,0,accredited
mnist,alpha0p5,43,4,0,14,0.7857142686843872,0,8,6,True,51,7,1,1,below_threshold
mnist,alpha0p5,43,4,1,51,0.9607843160629272,1,9,6,True,180,26,1,0,accredited
mnist,alpha0p5,43,4,2,85,0.9764705896377563,1,8,6,True,296,42,1,0,accredited
mnist,alpha0p5,43,4,3,169,0.9881656765937804,1,7,6,True,592,85,1,0,accredited
mnist,alpha0p5,43,4,4,13,0.9230769276618958,1,9,6,True,44,6,1,0,accredited
mnist,alpha0p5,43,4,5,4,0.5,0,6,6,True,15,2,1,1,below_threshold
mnist,alpha0p5,43,4,6,273,1.0,1,6,6,True,956,136,1,0,accredited
mnist,alpha0p5,43,4,7,13,0.8461538553237915,0,7,6,True,45,6,1,1,below_threshold
mnist,alpha0p5,43,4,8,116,0.982758641242981,1,7,6,True,407,58,1,0,accredited
mnist,alpha0p5,43,4,9,25,0.8799999952316284,0,6,6,True,88,12,1,1,below_threshold
mnist,alpha0p5,43,5,0,44,1.0,1,8,9,True,154,22,1,0,accredited
mnist,alpha0p5,43,5,1,0,0.0,0,9,9,False,0,0,0,0,absent_in_train
mnist,alpha0p5,43,5,2,22,0.9090909361839294,1,8,9,True,79,11,1,0,accredited
mnist,alpha0p5,43,5,3,472,0.9957627058029176,1,7,9,True,1652,236,1,0,accredited
mnist,alpha0p5,43,5,4,22,0.9090909361839294,1,9,9,True,76,11,1,0,accredited
mnist,alpha0p5,43,5,5,88,0.9545454382896424,1,6,9,True,308,44,1,0,accredited
mnist,alpha0p5,43,5,6,5,1.0,1,6,9,True,18,2,1,0,accredited
mnist,alpha0p5,43,5,7,33,0.9090909361839294,1,7,9,True,116,17,1,0,accredited
mnist,alpha0p5,43,5,8,66,0.9848484992980956,1,7,9,True,233,33,1,0,accredited
mnist,alpha0p5,43,5,9,34,0.911764681339264,1,6,9,True,121,17,1,0,accredited
mnist,alpha0p5,43,6,0,46,0.97826087474823,1,8,7,True,162,23,1,0,accredited
mnist,alpha0p5,43,6,1,212,0.9952830076217652,1,9,7,True,744,106,1,0,accredited
mnist,alpha0p5,43,6,2,45,0.9333333373069764,1,8,7,True,160,23,1,0,accredited
mnist,alpha0p5,43,6,3,30,0.8666666746139526,0,7,7,True,107,15,1,1,below_threshold
mnist,alpha0p5,43,6,4,1,0.0,0,9,7,True,4,0,1,1,below_threshold
mnist,alpha0p5,43,6,5,27,0.92592591047287,1,6,7,True,96,14,1,0,accredited
mnist,alpha0p5,43,6,6,8,0.75,0,6,7,True,27,4,1,1,below_threshold
mnist,alpha0p5,43,6,7,191,0.9947643876075744,1,7,7,True,669,96,1,0,accredited
mnist,alpha0p5,43,6,8,79,0.9620253443717957,1,7,7,True,277,39,1,0,accredited
mnist,alpha0p5,43,6,9,511,0.9882583022117616,1,6,7,True,1788,255,1,0,accredited
mnist,alpha0p5,43,7,0,94,0.9893617033958436,1,8,7,True,328,47,1,0,accredited
mnist,alpha0p5,43,7,1,5,1.0,1,9,7,True,19,3,1,0,accredited
mnist,alpha0p5,43,7,2,1,0.0,0,8,7,True,3,0,1,1,below_threshold
mnist,alpha0p5,43,7,3,5,1.0,1,7,7,True,19,3,1,0,accredited
mnist,alpha0p5,43,7,4,256,0.98828125,1,9,7,True,898,128,1,0,accredited
mnist,alpha0p5,43,7,5,3,0.3333333432674408,0,6,7,True,11,2,1,1,below_threshold
mnist,alpha0p5,43,7,6,69,0.9710144996643066,1,6,7,True,242,35,1,0,accredited
mnist,alpha0p5,43,7,7,39,1.0,1,7,7,True,135,19,1,0,accredited
mnist,alpha0p5,43,7,8,6,0.6666666865348816,0,7,7,True,20,3,1,1,below_threshold
mnist,alpha0p5,43,7,9,43,0.9534883499145508,1,6,7,True,150,21,1,0,accredited
mnist,alpha0p5,43,8,0,139,1.0,1,8,9,True,486,69,1,0,accredited
mnist,alpha0p5,43,8,1,445,0.9910112619400024,1,9,9,True,1560,223,1,0,accredited
mnist,alpha0p5,43,8,2,99,0.9494949579238892,1,8,9,True,349,50,1,0,accredited
mnist,alpha0p5,43,8,3,7,0.8571428656578064,0,7,9,True,26,4,1,1,below_threshold
mnist,alpha0p5,43,8,4,111,0.9819819927215576,1,9,9,True,389,55,1,0,accredited
mnist,alpha0p5,43,8,5,43,0.930232584476471,1,6,9,True,153,22,1,0,accredited
mnist,alpha0p5,43,8,6,113,0.991150438785553,1,6,9,True,396,56,1,0,accredited
mnist,alpha0p5,43,8,7,336,0.9791666865348816,1,7,9,True,1176,168,1,0,accredited
mnist,alpha0p5,43,8,8,145,0.9586206674575806,1,7,9,True,506,72,1,0,accredited
mnist,alpha0p5,43,8,9,1,1.0,1,6,9,True,2,0,1,0,accredited
mnist,alpha0p5,43,9,0,260,1.0,1,8,7,True,909,130,1,0,accredited
mnist,alpha0p5,43,9,1,7,1.0,1,9,7,True,23,3,1,0,accredited
mnist,alpha0p5,43,9,2,590,0.994915246963501,1,8,7,True,2065,295,1,0,accredited
mnist,alpha0p5,43,9,3,43,0.9767441749572754,1,7,7,True,151,22,1,0,accredited
mnist,alpha0p5,43,9,4,69,0.9855072498321532,1,9,7,True,241,34,1,0,accredited
mnist,alpha0p5,43,9,5,34,1.0,1,6,7,True,118,17,1,0,accredited
mnist,alpha0p5,43,9,6,0,0.0,0,6,7,False,0,0,0,0,absent_in_train
mnist,alpha0p5,43,9,7,38,0.9473684430122375,1,7,7,True,134,19,1,0,accredited
mnist,alpha0p5,43,9,8,40,0.824999988079071,0,7,7,True,139,20,1,1,below_threshold
mnist,alpha0p5,43,9,9,0,0.0,0,6,7,False,0,0,0,0,absent_in_train
mnist,alpha0p5,44,0,0,1,0.0,0,7,8,True,5,1,1,1,below_threshold
mnist,alpha0p5,44,0,1,203,0.9802955389022828,1,9,8,True,711,102,1,0,accredited
mnist,alpha0p5,44,0,2,11,1.0,1,7,8,True,39,6,1,0,accredited
mnist,alpha0p5,44,0,3,159,0.9937106966972352,1,8,8,True,559,80,1,0,accredited
mnist,alpha0p5,44,0,4,114,0.9824561476707458,1,7,8,True,401,57,1,0,accredited
mnist,alpha0p5,44,0,5,17,1.0,1,7,8,True,60,8,1,0,accredited
mnist,alpha0p5,44,0,6,47,0.978723406791687,1,5,8,True,164,23,1,0,accredited
mnist,alpha0p5,44,0,7,89,0.9775280952453612,1,9,8,True,313,45,1,0,accredited
mnist,alpha0p5,44,0,8,168,0.9821428656578064,1,10,8,True,589,84,1,0,accredited
mnist,alpha0p5,44,0,9,0,0.0,0,7,8,False,0,0,0,0,absent_in_train
mnist,alpha0p5,44,1,0,0,0.0,0,7,6,False,0,0,0,0,absent_in_train
mnist,alpha0p5,44,1,1,189,0.994709014892578,1,9,6,True,663,95,1,0,accredited
mnist,alpha0p5,44,1,2,26,0.9230769276618958,1,7,6,True,93,13,1,0,accredited
mnist,alpha0p5,44,1,3,39,0.9743589758872986,1,8,6,True,137,20,1,0,accredited
mnist,alpha0p5,44,1,4,1,0.0,0,7,6,True,2,0,1,1,below_threshold
mnist,alpha0p5,44,1,5,0,0.0,0,7,6,False,1,0,1,1,no_expertise_observations
mnist,alpha0p5,44,1,6,7,0.8571428656578064,0,5,6,True,24,3,1,1,below_threshold
mnist,alpha0p5,44,1,7,1,1.0,1,9,6,True,6,1,1,0,accredited
mnist,alpha0p5,44,1,8,59,0.9661017060279846,1,10,6,True,205,29,1,0,accredited
mnist,alpha0p5,44,1,9,2,1.0,1,7,6,True,9,1,1,0,accredited
mnist,alpha0p5,44,2,0,417,0.9952038526535034,1,7,9,True,1459,208,1,0,accredited
mnist,alpha0p5,44,2,1,419,0.9976133704185486,1,9,9,True,1469,210,1,0,accredited
mnist,alpha0p5,44,2,2,33,0.9090909361839294,1,7,9,True,118,17,1,0,accredited
mnist,alpha0p5,44,2,3,26,0.9615384340286256,1,8,9,True,90,13,1,0,accredited
mnist,alpha0p5,44,2,4,1,1.0,1,7,9,True,4,0,1,0,accredited
mnist,alpha0p5,44,2,5,18,0.8888888955116272,0,7,9,True,65,9,1,1,below_threshold
mnist,alpha0p5,44,2,6,179,0.9776536226272584,1,5,9,True,627,90,1,0,accredited
mnist,alpha0p5,44,2,7,60,0.9833333492279052,1,9,9,True,212,30,1,0,accredited
mnist,alpha0p5,44,2,8,150,0.993333339691162,1,10,9,True,526,75,1,0,accredited
mnist,alpha0p5,44,2,9,343,0.967930018901825,1,7,9,True,1203,172,1,0,accredited
mnist,alpha0p5,44,3,0,4,1.0,1,7,9,True,15,2,1,0,accredited
mnist,alpha0p5,44,3,1,109,0.9908257126808168,1,9,9,True,382,55,1,0,accredited
mnist,alpha0p5,44,3,2,4,0.75,0,7,9,True,15,2,1,1,below_threshold
mnist,alpha0p5,44,3,3,85,1.0,1,8,9,True,297,42,1,0,accredited
mnist,alpha0p5,44,3,4,133,0.9924812316894532,1,7,9,True,467,67,1,0,accredited
mnist,alpha0p5,44,3,5,279,0.9964157938957214,1,7,9,True,978,140,1,0,accredited
mnist,alpha0p5,44,3,6,205,1.0,1,5,9,True,717,102,1,0,accredited
mnist,alpha0p5,44,3,7,163,0.987730085849762,1,9,9,True,572,82,1,0,accredited
mnist,alpha0p5,44,3,8,3,1.0,1,10,9,True,13,2,1,0,accredited
mnist,alpha0p5,44,3,9,266,0.981203019618988,1,7,9,True,930,133,1,0,accredited
mnist,alpha0p5,44,4,0,365,0.9890410900115968,1,7,7,True,1277,182,1,0,accredited
mnist,alpha0p5,44,4,1,13,0.9230769276618958,1,9,7,True,46,6,1,0,accredited
mnist,alpha0p5,44,4,2,363,0.997245192527771,1,7,7,True,1271,182,1,0,accredited
mnist,alpha0p5,44,4,3,36,0.8888888955116272,0,8,7,True,125,18,1,1,below_threshold
mnist,alpha0p5,44,4,4,507,0.9921104311943054,1,7,7,True,1777,254,1,0,accredited
mnist,alpha0p5,44,4,5,11,0.9090909361839294,1,7,7,True,38,5,1,0,accredited
mnist,alpha0p5,44,4,6,12,0.75,0,5,7,True,41,6,1,1,below_threshold
mnist,alpha0p5,44,4,7,36,0.9444444179534912,1,9,7,True,125,18,1,0,accredited
mnist,alpha0p5,44,4,8,212,0.9858490824699402,1,10,7,True,743,106,1,0,accredited
mnist,alpha0p5,44,4,9,1,0.0,0,7,7,True,4,1,1,1,below_threshold
mnist,alpha0p5,44,5,0,86,0.9767441749572754,1,7,7,True,303,43,1,0,accredited
mnist,alpha0p5,44,5,1,7,1.0,1,9,7,True,25,4,1,0,accredited
mnist,alpha0p5,44,5,2,10,0.8999999761581421,0,7,7,True,37,5,1,1,below_threshold
mnist,alpha0p5,44,5,3,3,0.3333333432674408,0,8,7,True,10,1,1,1,below_threshold
mnist,alpha0p5,44,5,4,37,0.9729729890823364,1,7,7,True,132,19,1,0,accredited
mnist,alpha0p5,44,5,5,8,0.875,0,7,7,True,28,4,1,1,below_threshold
mnist,alpha0p5,44,5,6,252,1.0,1,5,7,True,882,126,1,0,accredited
mnist,alpha0p5,44,5,7,64,0.953125,1,9,7,True,223,32,1,0,accredited
mnist,alpha0p5,44,5,8,26,0.9615384340286256,1,10,7,True,90,13,1,0,accredited
mnist,alpha0p5,44,5,9,84,0.988095223903656,1,7,7,True,296,42,1,0,accredited
mnist,alpha0p5,44,6,0,33,0.9696969985961914,1,7,7,True,118,17,1,0,accredited
mnist,alpha0p5,44,6,1,91,0.9890109896659852,1,9,7,True,321,46,1,0,accredited
mnist,alpha0p5,44,6,2,0,0.0,0,7,7,False,0,0,0,0,absent_in_train
mnist,alpha0p5,44,6,3,161,0.9937888383865356,1,8,7,True,564,80,1,0,accredited
mnist,alpha0p5,44,6,4,1,0.0,0,7,7,True,2,0,1,1,below_threshold
mnist,alpha0p5,44,6,5,25,0.959999978542328,1,7,7,True,89,13,1,0,accredited
mnist,alpha0p5,44,6,6,265,1.0,1,5,7,True,926,132,1,0,accredited
mnist,alpha0p5,44,6,7,141,0.9929078221321106,1,9,7,True,494,70,1,0,accredited
mnist,alpha0p5,44,6,8,14,0.9285714030265808,1,10,7,True,48,7,1,0,accredited
mnist,alpha0p5,44,6,9,4,0.25,0,7,7,True,14,2,1,1,below_threshold
mnist,alpha0p5,44,7,0,46,1.0,1,7,9,True,160,23,1,0,accredited
mnist,alpha0p5,44,7,1,1,1.0,1,9,9,True,2,0,1,0,accredited
mnist,alpha0p5,44,7,2,437,0.9885583519935608,1,7,9,True,1530,218,1,0,accredited
mnist,alpha0p5,44,7,3,21,1.0,1,8,9,True,72,10,1,0,accredited
mnist,alpha0p5,44,7,4,5,1.0,1,7,9,True,16,2,1,0,accredited
mnist,alpha0p5,44,7,5,67,0.9701492786407472,1,7,9,True,233,33,1,0,accredited
mnist,alpha0p5,44,7,6,3,0.6666666865348816,0,5,9,True,13,2,1,1,below_threshold
mnist,alpha0p5,44,7,7,141,0.957446813583374,1,9,9,True,495,71,1,0,accredited
mnist,alpha0p5,44,7,8,17,1.0,1,10,9,True,58,8,1,0,accredited
mnist,alpha0p5,44,7,9,49,0.9387755393981934,1,7,9,True,171,24,1,0,accredited
mnist,alpha0p5,44,8,0,20,0.8500000238418579,0,7,8,True,71,10,1,1,below_threshold
mnist,alpha0p5,44,8,1,115,0.991304337978363,1,9,8,True,401,57,1,0,accredited
mnist,alpha0p5,44,8,2,42,0.9047619104385376,1,7,8,True,149,21,1,0,accredited
mnist,alpha0p5,44,8,3,44,1.0,1,8,8,True,155,22,1,0,accredited
mnist,alpha0p5,44,8,4,155,0.9677419066429138,1,7,8,True,543,77,1,0,accredited
mnist,alpha0p5,44,8,5,143,0.9930070042610168,1,7,8,True,499,71,1,0,accredited
mnist,alpha0p5,44,8,6,5,0.800000011920929,0,5,8,True,18,2,1,1,below_threshold
mnist,alpha0p5,44,8,7,341,0.985337257385254,1,9,8,True,1193,170,1,0,accredited
mnist,alpha0p5,44,8,8,137,0.948905110359192,1,10,8,True,482,69,1,0,accredited
mnist,alpha0p5,44,8,9,130,0.9615384340286256,1,7,8,True,455,65,1,0,accredited
mnist,alpha0p5,44,9,0,11,1.0,1,7,6,True,40,6,1,0,accredited
mnist,alpha0p5,44,9,1,0,0.0,0,9,6,False,0,0,0,0,absent_in_train
mnist,alpha0p5,44,9,2,63,0.9841269850730896,1,7,6,True,221,32,1,0,accredited
mnist,alpha0p5,44,9,3,452,0.9845132827758788,1,8,6,True,1584,226,1,0,accredited
mnist,alpha0p5,44,9,4,13,0.7692307829856873,0,7,6,True,48,7,1,1,below_threshold
mnist,alpha0p5,44,9,5,316,0.9841772317886353,1,7,6,True,1105,158,1,0,accredited
mnist,alpha0p5,44,9,6,9,0.8888888955116272,0,5,6,True,32,4,1,1,below_threshold
mnist,alpha0p5,44,9,7,15,0.8666666746139526,0,9,6,True,54,8,1,1,below_threshold
mnist,alpha0p5,44,9,8,183,0.989071011543274,1,10,6,True,643,92,1,0,accredited
mnist,alpha0p5,44,9,9,109,0.9449541568756104,1,7,6,True,384,55,1,0,accredited
mnist,alpha0p1,42,0,0,118,0.98305082321167,1,6,5,True,412,59,1,0,accredited
mnist,alpha0p1,42,0,1,259,0.9961389899253844,1,5,5,True,907,129,1,0,accredited
mnist,alpha0p1,42,0,2,4,1.0,1,3,5,True,15,2,1,0,accredited
mnist,alpha0p1,42,0,3,0,0.0,0,6,5,False,0,0,0,0,absent_in_train
mnist,alpha0p1,42,0,4,4,0.5,0,4,5,True,14,2,1,1,below_threshold
mnist,alpha0p1,42,0,5,12,0.8333333134651184,0,5,5,True,44,6,1,1,below_threshold
mnist,alpha0p1,42,0,6,0,0.0,0,5,5,False,0,0,0,0,absent_in_train
mnist,alpha0p1,42,0,7,892,0.9955157041549684,1,4,5,True,3123,446,1,0,accredited
mnist,alpha0p1,42,0,8,8,0.875,0,4,5,True,28,4,1,1,below_threshold
mnist,alpha0p1,42,0,9,270,0.9888888597488404,1,6,5,True,944,135,1,0,accredited
mnist,alpha0p1,42,1,0,10,1.0,1,6,5,True,34,5,1,0,accredited
mnist,alpha0p1,42,1,1,6,1.0,1,5,5,True,23,3,1,0,accredited
mnist,alpha0p1,42,1,2,9,0.6666666865348816,0,3,5,True,34,5,1,1,below_threshold
mnist,alpha0p1,42,1,3,423,0.9905437231063844,1,6,5,True,1479,211,1,0,accredited
mnist,alpha0p1,42,1,4,99,0.9898989796638488,1,4,5,True,349,50,1,0,accredited
mnist,alpha0p1,42,1,5,0,0.0,0,5,5,False,0,0,0,0,absent_in_train
mnist,alpha0p1,42,1,6,0,0.0,0,5,5,False,0,0,0,0,absent_in_train
mnist,alpha0p1,42,1,7,2,0.5,0,4,5,True,8,1,1,1,below_threshold
mnist,alpha0p1,42,1,8,127,0.9921259880065918,1,4,5,True,447,64,1,0,accredited
mnist,alpha0p1,42,1,9,0,0.0,0,6,5,False,0,0,0,0,absent_in_train
mnist,alpha0p1,42,2,0,0,0.0,0,6,5,False,0,0,0,0,absent_in_train
mnist,alpha0p1,42,2,1,69,0.95652174949646,1,5,5,True,243,35,1,0,accredited
mnist,alpha0p1,42,2,2,157,0.993630588054657,1,3,5,True,550,79,1,0,accredited
mnist,alpha0p1,42,2,3,158,0.9746835231781006,1,6,5,True,552,79,1,0,accredited
mnist,alpha0p1,42,2,4,3,0.3333333432674408,0,4,5,True,12,2,1,1,below_threshold
mnist,alpha0p1,42,2,5,0,0.0,0,5,5,False,0,0,0,0,absent_in_train
mnist,alpha0p1,42,2,6,13,1.0,1,5,5,True,48,7,1,0,accredited
mnist,alpha0p1,42,2,7,0,0.0,0,4,5,False,0,0,0,0,absent_in_train
mnist,alpha0p1,42,2,8,1,0.0,0,4,5,True,5,1,1,1,below_threshold
mnist,alpha0p1,42,2,9,56,0.9464285969734192,1,6,5,True,197,28,1,0,accredited
mnist,alpha0p1,42,3,0,388,0.9896907210350036,1,6,6,True,1359,194,1,0,accredited
mnist,alpha0p1,42,3,1,0,0.0,0,5,6,False,0,0,0,0,absent_in_train
mnist,alpha0p1,42,3,2,816,0.9975489974021912,1,3,6,True,2857,408,1,0,accredited
mnist,alpha0p1,42,3,3,6,1.0,1,6,6,True,20,3,1,0,accredited
mnist,alpha0p1,42,3,4,4,1.0,1,4,6,True,15,2,1,0,accredited
mnist,alpha0p1,42,3,5,119,0.9915966391563416,1,5,6,True,416,59,1,0,accredited
mnist,alpha0p1,42,3,6,348,0.9971264600753784,1,5,6,True,1220,174,1,0,accredited
mnist,alpha0p1,42,3,7,0,0.0,0,4,6,False,0,0,0,0,absent_in_train
mnist,alpha0p1,42,3,8,14,0.6428571343421936,0,4,6,True,49,7,1,1,below_threshold
mnist,alpha0p1,42,3,9,1,0.0,0,6,6,True,3,0,1,1,below_threshold
mnist,alpha0p1,42,4,0,0,0.0,0,6,5,False,0,0,0,0,absent_in_train
mnist,alpha0p1,42,4,1,0,0.0,0,5,5,False,0,0,0,0,absent_in_train
mnist,alpha0p1,42,4,2,1,0.0,0,3,5,True,2,0,1,1,below_threshold
mnist,alpha0p1,42,4,3,79,0.9367088675498962,1,6,5,True,276,39,1,0,accredited
mnist,alpha0p1,42,4,4,0,0.0,0,4,5,False,2,0,1,1,no_expertise_observations
mnist,alpha0p1,42,4,5,0,0.0,0,5,5,False,0,0,0,0,absent_in_train
mnist,alpha0p1,42,4,6,190,0.9947368502616882,1,5,5,True,665,95,1,0,accredited
mnist,alpha0p1,42,4,7,40,0.949999988079071,1,4,5,True,140,20,1,0,accredited
mnist,alpha0p1,42,4,8,140,0.949999988079071,1,4,5,True,491,70,1,0,accredited
mnist,alpha0p1,42,4,9,218,1.0,1,6,5,True,762,109,1,0,accredited
mnist,alpha0p1,42,5,0,62,0.9677419066429138,1,6,4,True,219,31,1,0,accredited
mnist,alpha0p1,42,5,1,0,0.0,0,5,4,False,0,0,0,0,absent_in_train
mnist,alpha0p1,42,5,2,0,0.0,0,3,4,False,0,0,0,0,absent_in_train
mnist,alpha0p1,42,5,3,317,0.9968454241752625,1,6,4,True,1111,159,1,0,accredited
mnist,alpha0p1,42,5,4,0,0.0,0,4,4,False,0,0,0,0,absent_in_train
mnist,alpha0p1,42,5,5,532,0.9868420958518982,1,5,4,True,1864,266,1,0,accredited
mnist,alpha0p1,42,5,6,414,0.9951691031455994,1,5,4,True,1451,207,1,0,accredited
mnist,alpha0p1,42,5,7,0,0.0,0,4,4,False,0,0,0,0,absent_in_train
mnist,alpha0p1,42,5,8,0,0.0,0,4,4,False,0,0,0,0,absent_in_train
mnist,alpha0p1,42,5,9,0,0.0,0,6,4,False,0,0,0,0,absent_in_train
mnist,alpha0p1,42,6,0,1,1.0,1,6,3,True,4,0,1,0,accredited
mnist,alpha0p1,42,6,1,0,0.0,0,5,3,False,0,0,0,0,absent_in_train
mnist,alpha0p1,42,6,2,1,0.0,0,3,3,True,2,0,1,1,below_threshold
mnist,alpha0p1,42,6,3,0,0.0,0,6,3,False,0,0,0,0,absent_in_train
mnist,alpha0p1,42,6,4,1,0.0,0,4,3,True,2,0,1,1,below_threshold
mnist,alpha0p1,42,6,5,14,1.0,1,5,3,True,49,7,1,0,accredited
mnist,alpha0p1,42,6,6,1,0.0,0,5,3,True,4,0,1,1,below_threshold
mnist,alpha0p1,42,6,7,0,0.0,0,4,3,False,0,0,0,0,absent_in_train
mnist,alpha0p1,42,6,8,0,0.0,0,4,3,False,0,0,0,0,absent_in_train
mnist,alpha0p1,42,6,9,347,0.9913544654846193,1,6,3,True,1216,174,1,0,accredited
mnist,alpha0p1,42,7,0,7,0.8571428656578064,0,6,6,True,25,3,1,1,below_threshold
mnist,alpha0p1,42,7,1,385,0.9896103739738464,1,5,6,True,1348,193,1,0,accredited
mnist,alpha0p1,42,7,2,0,0.0,0,3,6,False,0,0,0,0,absent_in_train
mnist,alpha0p1,42,7,3,44,1.0,1,6,6,True,153,22,1,0,accredited
mnist,alpha0p1,42,7,4,855,0.9988304376602172,1,4,6,True,2993,428,1,0,accredited
mnist,alpha0p1,42,7,5,0,0.0,0,5,6,False,0,0,0,0,absent_in_train
mnist,alpha0p1,42,7,6,3,0.6666666865348816,0,5,6,True,10,1,1,1,below_threshold
mnist,alpha0p1,42,7,7,118,0.9745762944221495,1,4,6,True,413,59,1,0,accredited
mnist,alpha0p1,42,7,8,649,0.9969183206558228,1,4,6,True,2273,325,1,0,accredited
mnist,alpha0p1,42,7,9,94,0.9680851101875304,1,6,6,True,328,47,1,0,accredited
mnist,alpha0p1,42,8,0,0,0.0,0,6,3,False,0,0,0,0,absent_in_train
mnist,alpha0p1,42,8,1,428,0.9976635575294496,1,5,3,True,1499,214,1,0,accredited
mnist,alpha0p1,42,8,2,3,0.3333333432674408,0,3,3,True,11,2,1,1,below_threshold
mnist,alpha0p1,42,8,3,0,0.0,0,6,3,False,0,0,0,0,absent_in_train
mnist,alpha0p1,42,8,4,0,0.0,0,4,3,False,0,0,0,0,absent_in_train
mnist,alpha0p1,42,8,5,107,0.990654230117798,1,5,3,True,375,53,1,0,accredited
mnist,alpha0p1,42,8,6,10,0.8999999761581421,0,5,3,True,36,5,1,1,below_threshold
mnist,alpha0p1,42,8,7,0,0.0,0,4,3,False,0,0,0,0,absent_in_train
mnist,alpha0p1,42,8,8,29,0.931034505367279,1,4,3,True,103,15,1,0,accredited
mnist,alpha0p1,42,8,9,0,0.0,0,6,3,False,0,0,0,0,absent_in_train
mnist,alpha0p1,42,9,0,398,0.9974874258041382,1,6,6,True,1395,199,1,0,accredited
mnist,alpha0p1,42,9,1,0,0.0,0,5,6,False,1,0,1,1,no_expertise_observations
mnist,alpha0p1,42,9,2,0,0.0,0,3,6,False,0,0,0,0,absent_in_train
mnist,alpha0p1,42,9,3,0,0.0,0,6,6,False,0,0,0,0,absent_in_train
mnist,alpha0p1,42,9,4,1,1.0,1,4,6,True,4,0,1,0,accredited
mnist,alpha0p1,42,9,5,99,1.0,1,5,6,True,349,50,1,0,accredited
mnist,alpha0p1,42,9,6,3,1.0,1,5,6,True,11,2,1,0,accredited
mnist,alpha0p1,42,9,7,1,1.0,1,4,6,True,2,0,1,0,accredited
mnist,alpha0p1,42,9,8,0,0.0,0,4,6,False,1,0,1,1,no_expertise_observations
mnist,alpha0p1,42,9,9,4,1.0,1,6,6,True,14,2,1,0,accredited
mnist,alpha0p1,43,0,0,753,0.993359923362732,1,4,5,True,2638,377,1,0,accredited
mnist,alpha0p1,43,0,1,2,1.0,1,3,5,True,6,1,1,0,accredited
mnist,alpha0p1,43,0,2,0,0.0,0,2,5,False,0,0,0,0,absent_in_train
mnist,alpha0p1,43,0,3,127,0.9842519760131836,1,4,5,True,444,63,1,0,accredited
mnist,alpha0p1,43,0,4,0,0.0,0,4,5,False,0,0,0,0,absent_in_train
mnist,alpha0p1,43,0,5,0,0.0,0,2,5,False,0,0,0,0,absent_in_train
mnist,alpha0p1,43,0,6,0,0.0,0,4,5,False,0,0,0,0,absent_in_train
mnist,alpha0p1,43,0,7,822,1.0,1,2,5,True,2879,411,1,0,accredited
mnist,alpha0p1,43,0,8,744,0.9892473220825196,1,4,5,True,2606,372,1,0,accredited
mnist,alpha0p1,43,0,9,55,0.8909090757369995,0,4,5,True,191,27,1,1,below_threshold
mnist,alpha0p1,43,1,0,0,0.0,0,4,1,False,0,0,0,0,absent_in_train
mnist,alpha0p1,43,1,1,0,0.0,0,3,1,False,1,0,1,1,no_expertise_observations
mnist,alpha0p1,43,1,2,2,0.5,0,2,1,True,8,1,1,1,below_threshold
mnist,alpha0p1,43,1,3,0,0.0,0,4,1,False,0,0,0,0,absent_in_train
mnist,alpha0p1,43,1,4,0,0.0,0,4,1,False,0,0,0,0,absent_in_train
mnist,alpha0p1,43,1,5,0,0.0,0,2,1,False,0,0,0,0,absent_in_train
mnist,alpha0p1,43,1,6,760,1.0,1,4,1,True,2659,380,1,0,accredited
mnist,alpha0p1,43,1,7,8,0.875,0,2,1,True,27,4,1,1,below_threshold
mnist,alpha0p1,43,1,8,3,0.6666666865348816,0,4,1,True,10,1,1,1,below_threshold
mnist,alpha0p1,43,1,9,0,0.0,0,4,1,False,0,0,0,0,absent_in_train
mnist,alpha0p1,43,2,0,0,0.0,0,4,4,False,0,0,0,0,absent_in_train
mnist,alpha0p1,43,2,1,19,0.8947368264198303,0,3,4,True,67,10,1,1,below_threshold
mnist,alpha0p1,43,2,2,985,0.9939086437225342,1,2,4,True,3448,493,1,0,accredited
mnist,alpha0p1,43,2,3,92,0.9239130616188048,1,4,4,True,322,46,1,0,accredited
mnist,alpha0p1,43,2,4,0,0.0,0,4,4,False,0,0,0,0,absent_in_train
mnist,alpha0p1,43,2,5,879,0.998862326145172,1,2,4,True,3075,439,1,0,accredited
mnist,alpha0p1,43,2,6,0,0.0,0,4,4,False,0,0,0,0,absent_in_train
mnist,alpha0p1,43,2,7,0,0.0,0,2,4,False,0,0,0,0,absent_in_train
mnist,alpha0p1,43,2,8,0,0.0,0,4,4,False,0,0,0,0,absent_in_train
mnist,alpha0p1,43,2,9,143,0.9930070042610168,1,4,4,True,501,71,1,0,accredited
mnist,alpha0p1,43,3,0,14,0.9285714030265808,1,4,3,True,48,7,1,0,accredited
mnist,alpha0p1,43,3,1,0,0.0,0,3,3,False,0,0,0,0,absent_in_train
mnist,alpha0p1,43,3,2,0,0.0,0,2,3,False,0,0,0,0,absent_in_train
mnist,alpha0p1,43,3,3,803,0.9987546801567078,1,4,3,True,2811,402,1,0,accredited
mnist,alpha0p1,43,3,4,780,0.9961538314819336,1,4,3,True,2730,390,1,0,accredited
mnist,alpha0p1,43,3,5,2,0.5,0,2,3,True,9,1,1,1,below_threshold
mnist,alpha0p1,43,3,6,0,0.0,0,4,3,False,0,0,0,0,absent_in_train
mnist,alpha0p1,43,3,7,0,0.0,0,2,3,False,0,0,0,0,absent_in_train
mnist,alpha0p1,43,3,8,0,0.0,0,4,3,False,2,0,1,1,no_expertise_observations
mnist,alpha0p1,43,3,9,5,0.6000000238418579,0,4,3,True,20,3,1,1,below_threshold
mnist,alpha0p1,43,4,0,0,0.0,0,4,2,False,0,0,0,0,absent_in_train
mnist,alpha0p1,43,4,1,0,0.0,0,3,2,False,0,0,0,0,absent_in_train
mnist,alpha0p1,43,4,2,0,0.0,0,2,2,False,1,0,1,1,no_expertise_observations
mnist,alpha0p1,43,4,3,0,0.0,0,4,2,False,0,0,0,0,absent_in_train
mnist,alpha0p1,43,4,4,2,0.0,0,4,2,True,6,1,1,1,below_threshold
mnist,alpha0p1,43,4,5,0,0.0,0,2,2,False,0,0,0,0,absent_in_train
mnist,alpha0p1,43,4,6,212,0.9905660152435304,1,4,2,True,742,106,1,0,accredited
mnist,alpha0p1,43,4,7,0,0.0,0,2,2,False,0,0,0,0,absent_in_train
mnist,alpha0p1,43,4,8,70,0.9857142567634584,1,4,2,True,245,35,1,0,accredited
mnist,alpha0p1,43,4,9,0,0.0,0,4,2,False,2,0,1,1,no_expertise_observations
mnist,alpha0p1,43,5,0,0,0.0,0,4,3,False,0,0,0,0,absent_in_train
mnist,alpha0p1,43,5,1,1102,0.9972776770591736,1,3,3,True,3859,551,1,0,accredited
mnist,alpha0p1,43,5,2,1,0.0,0,2,3,True,5,1,1,1,below_threshold
mnist,alpha0p1,43,5,3,0,0.0,0,4,3,False,0,0,0,0,absent_in_train
mnist,alpha0p1,43,5,4,1,0.0,0,4,3,True,2,0,1,1,below_threshold
mnist,alpha0p1,43,5,5,0,0.0,0,2,3,False,0,0,0,0,absent_in_train
mnist,alpha0p1,43,5,6,0,0.0,0,4,3,False,0,0,0,0,absent_in_train
mnist,alpha0p1,43,5,7,0,0.0,0,2,3,False,0,0,0,0,absent_in_train
mnist,alpha0p1,43,5,8,13,1.0,1,4,3,True,45,6,1,0,accredited
mnist,alpha0p1,43,5,9,2,1.0,1,4,3,True,6,1,1,0,accredited
mnist,alpha0p1,43,6,0,2,0.5,0,4,4,True,9,1,1,1,below_threshold
mnist,alpha0p1,43,6,1,0,0.0,0,3,4,False,0,0,0,0,absent_in_train
mnist,alpha0p1,43,6,2,3,1.0,1,2,4,True,9,1,1,0,accredited
mnist,alpha0p1,43,6,3,0,0.0,0,4,4,False,0,0,0,0,absent_in_train
mnist,alpha0p1,43,6,4,33,0.9696969985961914,1,4,4,True,118,17,1,0,accredited
mnist,alpha0p1,43,6,5,3,1.0,1,2,4,True,11,2,1,0,accredited
mnist,alpha0p1,43,6,6,0,0.0,0,4,4,False,0,0,0,0,absent_in_train
mnist,alpha0p1,43,6,7,0,0.0,0,2,4,False,0,0,0,0,absent_in_train
mnist,alpha0p1,43,6,8,23,0.8695651888847351,0,4,4,True,81,12,1,1,below_threshold
mnist,alpha0p1,43,6,9,780,0.9948717951774596,1,4,4,True,2731,390,1,0,accredited
mnist,alpha0p1,43,7,0,3,0.6666666865348816,0,4,5,True,11,1,1,1,below_threshold
mnist,alpha0p1,43,7,1,25,1.0,1,3,5,True,87,12,1,0,accredited
mnist,alpha0p1,43,7,2,0,0.0,0,2,5,False,0,0,0,0,absent_in_train
mnist,alpha0p1,43,7,3,0,0.0,0,4,5,False,0,0,0,0,absent_in_train
mnist,alpha0p1,43,7,4,15,1.0,1,4,5,True,52,7,1,0,accredited
mnist,alpha0p1,43,7,5,0,0.0,0,2,5,False,0,0,0,0,absent_in_train
mnist,alpha0p1,43,7,6,1,1.0,1,4,5,True,4,0,1,0,accredited
mnist,alpha0p1,43,7,7,223,1.0,1,2,5,True,780,111,1,0,accredited
mnist,alpha0p1,43,7,8,0,0.0,0,4,5,False,0,0,0,0,absent_in_train
mnist,alpha0p1,43,7,9,4,1.0,1,4,5,True,15,2,1,0,accredited
mnist,alpha0p1,43,8,0,51,0.9607843160629272,1,4,5,True,180,26,1,0,accredited
mnist,alpha0p1,43,8,1,0,0.0,0,3,5,False,0,0,0,0,absent_in_train
mnist,alpha0p1,43,8,2,0,0.0,0,2,5,False,0,0,0,0,absent_in_train
mnist,alpha0p1,43,8,3,4,1.0,1,4,5,True,15,2,1,0,accredited
mnist,alpha0p1,43,8,4,137,0.985401451587677,1,4,5,True,482,69,1,0,accredited
mnist,alpha0p1,43,8,5,0,0.0,0,2,5,False,0,0,0,0,absent_in_train
mnist,alpha0p1,43,8,6,11,1.0,1,4,5,True,38,5,1,0,accredited
mnist,alpha0p1,43,8,7,0,0.0,0,2,5,False,0,0,0,0,absent_in_train
mnist,alpha0p1,43,8,8,117,0.9914529919624328,1,4,5,True,408,58,1,0,accredited
mnist,alpha0p1,43,8,9,0,0.0,0,4,5,False,0,0,0,0,absent_in_train
mnist,alpha0p1,43,9,0,160,1.0,1,4,1,True,562,80,1,0,accredited
mnist,alpha0p1,43,9,1,0,0.0,0,3,1,False,0,0,0,0,absent_in_train
mnist,alpha0p1,43,9,2,0,0.0,0,2,1,False,0,0,0,0,absent_in_train
mnist,alpha0p1,43,9,3,0,0.0,0,4,1,False,0,0,0,0,absent_in_train
mnist,alpha0p1,43,9,4,0,0.0,0,4,1,False,0,0,0,0,absent_in_train
mnist,alpha0p1,43,9,5,0,0.0,0,2,1,False,0,0,0,0,absent_in_train
mnist,alpha0p1,43,9,6,0,0.0,0,4,1,False,0,0,0,0,absent_in_train
mnist,alpha0p1,43,9,7,0,0.0,0,2,1,False,0,0,0,0,absent_in_train
mnist,alpha0p1,43,9,8,0,0.0,0,4,1,False,0,0,0,0,absent_in_train
mnist,alpha0p1,43,9,9,0,0.0,0,4,1,False,0,0,0,0,absent_in_train
mnist,alpha0p1,44,0,0,0,0.0,0,2,3,False,0,0,0,0,absent_in_train
mnist,alpha0p1,44,0,1,100,0.949999988079071,1,5,3,True,350,50,1,0,accredited
mnist,alpha0p1,44,0,2,0,0.0,0,2,3,False,0,0,0,0,absent_in_train
mnist,alpha0p1,44,0,3,0,0.0,0,4,3,False,0,0,0,0,absent_in_train
mnist,alpha0p1,44,0,4,781,0.9974392056465148,1,4,3,True,2732,390,1,0,accredited
mnist,alpha0p1,44,0,5,0,0.0,0,3,3,False,0,0,0,0,absent_in_train
mnist,alpha0p1,44,0,6,0,0.0,0,6,3,False,0,0,0,0,absent_in_train
mnist,alpha0p1,44,0,7,10,0.800000011920929,0,5,3,True,34,5,1,1,below_threshold
mnist,alpha0p1,44,0,8,358,0.9888268113136292,1,5,3,True,1252,179,1,0,accredited
mnist,alpha0p1,44,0,9,0,0.0,0,5,3,False,0,0,0,0,absent_in_train
mnist,alpha0p1,44,1,0,0,0.0,0,2,5,False,0,0,0,0,absent_in_train
mnist,alpha0p1,44,1,1,84,0.976190447807312,1,5,5,True,293,42,1,0,accredited
mnist,alpha0p1,44,1,2,622,0.9967845678329468,1,2,5,True,2178,311,1,0,accredited
mnist,alpha0p1,44,1,3,524,0.9866412281990052,1,4,5,True,1833,262,1,0,accredited
mnist,alpha0p1,44,1,4,0,0.0,0,4,5,False,0,0,0,0,absent_in_train
mnist,alpha0p1,44,1,5,0,0.0,0,3,5,False,0,0,0,0,absent_in_train
mnist,alpha0p1,44,1,6,1,1.0,1,6,5,True,3,0,1,0,accredited
mnist,alpha0p1,44,1,7,0,0.0,0,5,5,False,0,0,0,0,absent_in_train
mnist,alpha0p1,44,1,8,389,1.0,1,5,5,True,1361,194,1,0,accredited
mnist,alpha0p1,44,1,9,0,0.0,0,5,5,False,0,0,0,0,absent_in_train
mnist,alpha0p1,44,2,0,568,0.9964788556098938,1,2,4,True,1990,284,1,0,accredited
mnist,alpha0p1,44,2,1,395,1.0,1,5,4,True,1383,197,1,0,accredited
mnist,alpha0p1,44,2,2,0,0.0,0,2,4,False,0,0,0,0,absent_in_train
mnist,alpha0p1,44,2,3,0,0.0,0,4,4,False,0,0,0,0,absent_in_train
mnist,alpha0p1,44,2,4,12,1.0,1,4,4,True,43,6,1,0,accredited
mnist,alpha0p1,44,2,5,0,0.0,0,3,4,False,0,0,0,0,absent_in_train
mnist,alpha0p1,44,2,6,0,0.0,0,6,4,False,0,0,0,0,absent_in_train
mnist,alpha0p1,44,2,7,1,0.0,0,5,4,True,5,1,1,1,below_threshold
mnist,alpha0p1,44,2,8,0,0.0,0,5,4,False,0,0,0,0,absent_in_train
mnist,alpha0p1,44,2,9,515,0.9902912378311156,1,5,4,True,1804,258,1,0,accredited
mnist,alpha0p1,44,3,0,0,0.0,0,2,6,False,0,0,0,0,absent_in_train
mnist,alpha0p1,44,3,1,15,1.0,1,5,6,True,53,8,1,0,accredited
mnist,alpha0p1,44,3,2,0,0.0,0,2,6,False,2,0,1,1,no_expertise_observations
mnist,alpha0p1,44,3,3,3,0.6666666865348816,0,4,6,True,13,2,1,1,below_threshold
mnist,alpha0p1,44,3,4,0,0.0,0,4,6,False,0,0,0,0,absent_in_train
mnist,alpha0p1,44,3,5,357,0.9915966391563416,1,3,6,True,1252,179,1,0,accredited
mnist,alpha0p1,44,3,6,67,0.9402984976768494,1,6,6,True,234,33,1,0,accredited
mnist,alpha0p1,44,3,7,106,0.9716981053352356,1,5,6,True,372,53,1,0,accredited
mnist,alpha0p1,44,3,8,67,0.9402984976768494,1,5,6,True,236,34,1,0,accredited
mnist,alpha0p1,44,3,9,347,0.9769452214241028,1,5,6,True,1217,174,1,0,accredited
mnist,alpha0p1,44,4,0,415,0.9951807260513306,1,2,3,True,1452,207,1,0,accredited
mnist,alpha0p1,44,4,1,0,0.0,0,5,3,False,0,0,0,0,absent_in_train
mnist,alpha0p1,44,4,2,0,0.0,0,2,3,False,0,0,0,0,absent_in_train
mnist,alpha0p1,44,4,3,218,1.0,1,4,3,True,764,109,1,0,accredited
mnist,alpha0p1,44,4,4,0,0.0,0,4,3,False,0,0,0,0,absent_in_train
mnist,alpha0p1,44,4,5,0,0.0,0,3,3,False,0,0,0,0,absent_in_train
mnist,alpha0p1,44,4,6,1,1.0,1,6,3,True,4,1,1,0,accredited
mnist,alpha0p1,44,4,7,0,0.0,0,5,3,False,0,0,0,0,absent_in_train
mnist,alpha0p1,44,4,8,4,0.25,0,5,3,True,13,2,1,1,below_threshold
mnist,alpha0p1,44,4,9,0,0.0,0,5,3,False,0,0,0,0,absent_in_train
mnist,alpha0p1,44,5,0,1,0.0,0,2,3,True,5,1,1,1,below_threshold
mnist,alpha0p1,44,5,1,0,0.0,0,5,3,False,0,0,0,0,absent_in_train
mnist,alpha0p1,44,5,2,0,0.0,0,2,3,False,0,0,0,0,absent_in_train
mnist,alpha0p1,44,5,3,0,0.0,0,4,3,False,2,0,1,1,no_expertise_observations
mnist,alpha0p1,44,5,4,0,0.0,0,4,3,False,0,0,0,0,absent_in_train
mnist,alpha0p1,44,5,5,0,0.0,0,3,3,False,0,0,0,0,absent_in_train
mnist,alpha0p1,44,5,6,87,1.0,1,6,3,True,304,43,1,0,accredited
mnist,alpha0p1,44,5,7,2,0.0,0,5,3,True,6,1,1,1,below_threshold
mnist,alpha0p1,44,5,8,54,0.9629629850387572,1,5,3,True,190,27,1,0,accredited
mnist,alpha0p1,44,5,9,16,0.9375,1,5,3,True,58,8,1,0,accredited
mnist,alpha0p1,44,6,0,0,0.0,0,2,2,False,0,0,0,0,absent_in_train
mnist,alpha0p1,44,6,1,547,0.998171865940094,1,5,2,True,1913,273,1,0,accredited
mnist,alpha0p1,44,6,2,0,0.0,0,2,2,False,0,0,0,0,absent_in_train
mnist,alpha0p1,44,6,3,2,0.5,0,4,2,True,7,1,1,1,below_threshold
mnist,alpha0p1,44,6,4,8,0.5,0,4,2,True,28,4,1,1,below_threshold
mnist,alpha0p1,44,6,5,0,0.0,0,3,2,False,0,0,0,0,absent_in_train
mnist,alpha0p1,44,6,6,0,0.0,0,6,2,False,0,0,0,0,absent_in_train
mnist,alpha0p1,44,6,7,64,1.0,1,5,2,True,223,32,1,0,accredited
mnist,alpha0p1,44,6,8,0,0.0,0,5,2,False,0,0,0,0,absent_in_train
mnist,alpha0p1,44,6,9,0,0.0,0,5,2,False,0,0,0,0,absent_in_train
mnist,alpha0p1,44,7,0,0,0.0,0,2,6,False,0,0,0,0,absent_in_train
mnist,alpha0p1,44,7,1,8,0.5,0,5,6,True,27,4,1,1,below_threshold
mnist,alpha0p1,44,7,2,369,0.9945799708366394,1,2,6,True,1292,184,1,0,accredited
mnist,alpha0p1,44,7,3,45,0.9111111164093018,1,4,6,True,158,23,1,0,accredited
mnist,alpha0p1,44,7,4,11,0.9090909361839294,1,4,6,True,37,5,1,0,accredited
mnist,alpha0p1,44,7,5,1,0.0,0,3,6,True,4,0,1,1,below_threshold
mnist,alpha0p1,44,7,6,132,1.0,1,6,6,True,462,66,1,0,accredited
mnist,alpha0p1,44,7,7,51,0.9607843160629272,1,5,6,True,181,26,1,0,accredited
mnist,alpha0p1,44,7,8,98,0.9795918464660645,1,5,6,True,344,49,1,0,accredited
mnist,alpha0p1,44,7,9,1,0.0,0,5,6,True,6,1,1,1,below_threshold
mnist,alpha0p1,44,8,0,0,0.0,0,2,4,False,0,0,0,0,absent_in_train
mnist,alpha0p1,44,8,1,0,0.0,0,5,4,False,0,0,0,0,absent_in_train
mnist,alpha0p1,44,8,2,0,0.0,0,2,4,False,0,0,0,0,absent_in_train
mnist,alpha0p1,44,8,3,231,0.9826839566230774,1,4,4,True,809,116,1,0,accredited
mnist,alpha0p1,44,8,4,0,0.0,0,4,4,False,0,0,0,0,absent_in_train
mnist,alpha0p1,44,8,5,39,1.0,1,3,4,True,136,19,1,0,accredited
mnist,alpha0p1,44,8,6,0,0.0,0,6,4,False,0,0,0,0,absent_in_train
mnist,alpha0p1,44,8,7,65,1.0,1,5,4,True,226,32,1,0,accredited
mnist,alpha0p1,44,8,8,0,0.0,0,5,4,False,0,0,0,0,absent_in_train
mnist,alpha0p1,44,8,9,68,0.9852941036224364,1,5,4,True,239,34,1,0,accredited
mnist,alpha0p1,44,9,0,0,0.0,0,2,5,False,0,0,0,0,absent_in_train
mnist,alpha0p1,44,9,1,0,0.0,0,5,5,False,0,0,0,0,absent_in_train
mnist,alpha0p1,44,9,2,0,0.0,0,2,5,False,0,0,0,0,absent_in_train
mnist,alpha0p1,44,9,3,2,0.5,0,4,5,True,6,1,1,1,below_threshold
mnist,alpha0p1,44,9,4,157,0.9808917045593262,1,4,5,True,550,78,1,0,accredited
mnist,alpha0p1,44,9,5,487,0.987679660320282,1,3,5,True,1704,243,1,0,accredited
mnist,alpha0p1,44,9,6,696,1.0,1,6,5,True,2436,348,1,0,accredited
mnist,alpha0p1,44,9,7,754,0.9986737370491028,1,5,5,True,2638,377,1,0,accredited
mnist,alpha0p1,44,9,8,0,0.0,0,5,5,False,0,0,0,0,absent_in_train
mnist,alpha0p1,44,9,9,41,0.9756097793579102,1,5,5,True,142,20,1,0,accredited
mnist,multi,42,0,0,492,1.0,1,2,2,True,1724,246,1,0,accredited
mnist,multi,42,0,1,574,0.99825781583786,1,2,2,True,2010,287,1,0,accredited
mnist,multi,42,0,2,0,0.0,0,2,2,False,0,0,0,0,absent_in_train
mnist,multi,42,0,3,0,0.0,0,2,2,False,0,0,0,0,absent_in_train
mnist,multi,42,0,4,0,0.0,0,2,2,False,0,0,0,0,absent_in_train
mnist,multi,42,0,5,0,0.0,0,2,2,False,0,0,0,0,absent_in_train
mnist,multi,42,0,6,0,0.0,0,2,2,False,0,0,0,0,absent_in_train
mnist,multi,42,0,7,0,0.0,0,2,2,False,0,0,0,0,absent_in_train
mnist,multi,42,0,8,0,0.0,0,2,2,False,0,0,0,0,absent_in_train
mnist,multi,42,0,9,0,0.0,0,2,2,False,0,0,0,0,absent_in_train
mnist,multi,42,1,0,0,0.0,0,2,2,False,0,0,0,0,absent_in_train
mnist,multi,42,1,1,0,0.0,0,2,2,False,0,0,0,0,absent_in_train
mnist,multi,42,1,2,496,0.9959677457809448,1,2,2,True,1735,248,1,0,accredited
mnist,multi,42,1,3,513,0.9980506896972656,1,2,2,True,1796,257,1,0,accredited
mnist,multi,42,1,4,0,0.0,0,2,2,False,0,0,0,0,absent_in_train
mnist,multi,42,1,5,0,0.0,0,2,2,False,0,0,0,0,absent_in_train
mnist,multi,42,1,6,0,0.0,0,2,2,False,0,0,0,0,absent_in_train
mnist,multi,42,1,7,0,0.0,0,2,2,False,0,0,0,0,absent_in_train
mnist,multi,42,1,8,0,0.0,0,2,2,False,0,0,0,0,absent_in_train
mnist,multi,42,1,9,0,0.0,0,2,2,False,0,0,0,0,absent_in_train
mnist,multi,42,2,0,0,0.0,0,2,2,False,0,0,0,0,absent_in_train
mnist,multi,42,2,1,0,0.0,0,2,2,False,0,0,0,0,absent_in_train
mnist,multi,42,2,2,0,0.0,0,2,2,False,0,0,0,0,absent_in_train
mnist,multi,42,2,3,0,0.0,0,2,2,False,0,0,0,0,absent_in_train
mnist,multi,42,2,4,484,0.997933864593506,1,2,2,True,1695,242,1,0,accredited
mnist,multi,42,2,5,442,0.9954751133918762,1,2,2,True,1548,221,1,0,accredited
mnist,multi,42,2,6,0,0.0,0,2,2,False,0,0,0,0,absent_in_train
mnist,multi,42,2,7,0,0.0,0,2,2,False,0,0,0,0,absent_in_train
mnist,multi,42,2,8,0,0.0,0,2,2,False,0,0,0,0,absent_in_train
mnist,multi,42,2,9,0,0.0,0,2,2,False,0,0,0,0,absent_in_train
mnist,multi,42,3,0,0,0.0,0,2,2,False,0,0,0,0,absent_in_train
mnist,multi,42,3,1,0,0.0,0,2,2,False,0,0,0,0,absent_in_train
mnist,multi,42,3,2,0,0.0,0,2,2,False,0,0,0,0,absent_in_train
mnist,multi,42,3,3,0,0.0,0,2,2,False,0,0,0,0,absent_in_train
mnist,multi,42,3,4,0,0.0,0,2,2,False,0,0,0,0,absent_in_train
mnist,multi,42,3,5,0,0.0,0,2,2,False,0,0,0,0,absent_in_train
mnist,multi,42,3,6,492,0.9979674816131592,1,2,2,True,1721,246,1,0,accredited
mnist,multi,42,3,7,527,1.0,1,2,2,True,1843,263,1,0,accredited
mnist,multi,42,3,8,0,0.0,0,2,2,False,0,0,0,0,absent_in_train
mnist,multi,42,3,9,0,0.0,0,2,2,False,0,0,0,0,absent_in_train
mnist,multi,42,4,0,0,0.0,0,2,2,False,0,0,0,0,absent_in_train
mnist,multi,42,4,1,0,0.0,0,2,2,False,0,0,0,0,absent_in_train
mnist,multi,42,4,2,0,0.0,0,2,2,False,0,0,0,0,absent_in_train
mnist,multi,42,4,3,0,0.0,0,2,2,False,0,0,0,0,absent_in_train
mnist,multi,42,4,4,0,0.0,0,2,2,False,0,0,0,0,absent_in_train
mnist,multi,42,4,5,0,0.0,0,2,2,False,0,0,0,0,absent_in_train
mnist,multi,42,4,6,0,0.0,0,2,2,False,0,0,0,0,absent_in_train
mnist,multi,42,4,7,0,0.0,0,2,2,False,0,0,0,0,absent_in_train
mnist,multi,42,4,8,485,0.985567033290863,1,2,2,True,1698,243,1,0,accredited
mnist,multi,42,4,9,495,0.9939393997192384,1,2,2,True,1733,247,1,0,accredited
mnist,multi,42,5,0,492,1.0,1,2,2,True,1723,246,1,0,accredited
mnist,multi,42,5,1,574,0.99825781583786,1,2,2,True,2010,287,1,0,accredited
mnist,multi,42,5,2,0,0.0,0,2,2,False,0,0,0,0,absent_in_train
mnist,multi,42,5,3,0,0.0,0,2,2,False,0,0,0,0,absent_in_train
mnist,multi,42,5,4,0,0.0,0,2,2,False,0,0,0,0,absent_in_train
mnist,multi,42,5,5,0,0.0,0,2,2,False,0,0,0,0,absent_in_train
mnist,multi,42,5,6,0,0.0,0,2,2,False,0,0,0,0,absent_in_train
mnist,multi,42,5,7,0,0.0,0,2,2,False,0,0,0,0,absent_in_train
mnist,multi,42,5,8,0,0.0,0,2,2,False,0,0,0,0,absent_in_train
mnist,multi,42,5,9,0,0.0,0,2,2,False,0,0,0,0,absent_in_train
mnist,multi,42,6,0,0,0.0,0,2,2,False,0,0,0,0,absent_in_train
mnist,multi,42,6,1,0,0.0,0,2,2,False,0,0,0,0,absent_in_train
mnist,multi,42,6,2,496,0.9979838728904724,1,2,2,True,1735,248,1,0,accredited
mnist,multi,42,6,3,513,0.9941520690917968,1,2,2,True,1796,256,1,0,accredited
mnist,multi,42,6,4,0,0.0,0,2,2,False,0,0,0,0,absent_in_train
mnist,multi,42,6,5,0,0.0,0,2,2,False,0,0,0,0,absent_in_train
mnist,multi,42,6,6,0,0.0,0,2,2,False,0,0,0,0,absent_in_train
mnist,multi,42,6,7,0,0.0,0,2,2,False,0,0,0,0,absent_in_train
mnist,multi,42,6,8,0,0.0,0,2,2,False,0,0,0,0,absent_in_train
mnist,multi,42,6,9,0,0.0,0,2,2,False,0,0,0,0,absent_in_train
mnist,multi,42,7,0,0,0.0,0,2,2,False,0,0,0,0,absent_in_train
mnist,multi,42,7,1,0,0.0,0,2,2,False,0,0,0,0,absent_in_train
mnist,multi,42,7,2,0,0.0,0,2,2,False,0,0,0,0,absent_in_train
mnist,multi,42,7,3,0,0.0,0,2,2,False,0,0,0,0,absent_in_train
mnist,multi,42,7,4,484,0.997933864593506,1,2,2,True,1695,242,1,0,accredited
mnist,multi,42,7,5,442,0.9886877536773682,1,2,2,True,1547,221,1,0,accredited
mnist,multi,42,7,6,0,0.0,0,2,2,False,0,0,0,0,absent_in_train
mnist,multi,42,7,7,0,0.0,0,2,2,False,0,0,0,0,absent_in_train
mnist,multi,42,7,8,0,0.0,0,2,2,False,0,0,0,0,absent_in_train
mnist,multi,42,7,9,0,0.0,0,2,2,False,0,0,0,0,absent_in_train
mnist,multi,42,8,0,0,0.0,0,2,2,False,0,0,0,0,absent_in_train
mnist,multi,42,8,1,0,0.0,0,2,2,False,0,0,0,0,absent_in_train
mnist,multi,42,8,2,0,0.0,0,2,2,False,0,0,0,0,absent_in_train
mnist,multi,42,8,3,0,0.0,0,2,2,False,0,0,0,0,absent_in_train
mnist,multi,42,8,4,0,0.0,0,2,2,False,0,0,0,0,absent_in_train
mnist,multi,42,8,5,0,0.0,0,2,2,False,0,0,0,0,absent_in_train
mnist,multi,42,8,6,492,1.0,1,2,2,True,1721,246,1,0,accredited
mnist,multi,42,8,7,526,1.0,1,2,2,True,1843,263,1,0,accredited
mnist,multi,42,8,8,0,0.0,0,2,2,False,0,0,0,0,absent_in_train
mnist,multi,42,8,9,0,0.0,0,2,2,False,0,0,0,0,absent_in_train
mnist,multi,42,9,0,0,0.0,0,2,2,False,0,0,0,0,absent_in_train
mnist,multi,42,9,1,0,0.0,0,2,2,False,0,0,0,0,absent_in_train
mnist,multi,42,9,2,0,0.0,0,2,2,False,0,0,0,0,absent_in_train
mnist,multi,42,9,3,0,0.0,0,2,2,False,0,0,0,0,absent_in_train
mnist,multi,42,9,4,0,0.0,0,2,2,False,0,0,0,0,absent_in_train
mnist,multi,42,9,5,0,0.0,0,2,2,False,0,0,0,0,absent_in_train
mnist,multi,42,9,6,0,0.0,0,2,2,False,0,0,0,0,absent_in_train
mnist,multi,42,9,7,0,0.0,0,2,2,False,0,0,0,0,absent_in_train
mnist,multi,42,9,8,485,0.9979381561279296,1,2,2,True,1698,242,1,0,accredited
mnist,multi,42,9,9,495,0.991919219493866,1,2,2,True,1732,247,1,0,accredited
mnist,multi,43,0,0,492,0.9979674816131592,1,2,2,True,1724,246,1,0,accredited
mnist,multi,43,0,1,574,0.99825781583786,1,2,2,True,2010,287,1,0,accredited
mnist,multi,43,0,2,0,0.0,0,2,2,False,0,0,0,0,absent_in_train
mnist,multi,43,0,3,0,0.0,0,2,2,False,0,0,0,0,absent_in_train
mnist,multi,43,0,4,0,0.0,0,2,2,False,0,0,0,0,absent_in_train
mnist,multi,43,0,5,0,0.0,0,2,2,False,0,0,0,0,absent_in_train
mnist,multi,43,0,6,0,0.0,0,2,2,False,0,0,0,0,absent_in_train
mnist,multi,43,0,7,0,0.0,0,2,2,False,0,0,0,0,absent_in_train
mnist,multi,43,0,8,0,0.0,0,2,2,False,0,0,0,0,absent_in_train
mnist,multi,43,0,9,0,0.0,0,2,2,False,0,0,0,0,absent_in_train
mnist,multi,43,1,0,0,0.0,0,2,2,False,0,0,0,0,absent_in_train
mnist,multi,43,1,1,0,0.0,0,2,2,False,0,0,0,0,absent_in_train
mnist,multi,43,1,2,496,0.9858871102333068,1,2,2,True,1735,248,1,0,accredited
mnist,multi,43,1,3,513,0.9941520690917968,1,2,2,True,1796,257,1,0,accredited
mnist,multi,43,1,4,0,0.0,0,2,2,False,0,0,0,0,absent_in_train
mnist,multi,43,1,5,0,0.0,0,2,2,False,0,0,0,0,absent_in_train
mnist,multi,43,1,6,0,0.0,0,2,2,False,0,0,0,0,absent_in_train
mnist,multi,43,1,7,0,0.0,0,2,2,False,0,0,0,0,absent_in_train
mnist,multi,43,1,8,0,0.0,0,2,2,False,0,0,0,0,absent_in_train
mnist,multi,43,1,9,0,0.0,0,2,2,False,0,0,0,0,absent_in_train
mnist,multi,43,2,0,0,0.0,0,2,2,False,0,0,0,0,absent_in_train
mnist,multi,43,2,1,0,0.0,0,2,2,False,0,0,0,0,absent_in_train
mnist,multi,43,2,2,0,0.0,0,2,2,False,0,0,0,0,absent_in_train
mnist,multi,43,2,3,0,0.0,0,2,2,False,0,0,0,0,absent_in_train
mnist,multi,43,2,4,484,1.0,1,2,2,True,1695,242,1,0,accredited
mnist,multi,43,2,5,442,0.993212640285492,1,2,2,True,1548,221,1,0,accredited
mnist,multi,43,2,6,0,0.0,0,2,2,False,0,0,0,0,absent_in_train
mnist,multi,43,2,7,0,0.0,0,2,2,False,0,0,0,0,absent_in_train
mnist,multi,43,2,8,0,0.0,0,2,2,False,0,0,0,0,absent_in_train
mnist,multi,43,2,9,0,0.0,0,2,2,False,0,0,0,0,absent_in_train
mnist,multi,43,3,0,0,0.0,0,2,2,False,0,0,0,0,absent_in_train
mnist,multi,43,3,1,0,0.0,0,2,2,False,0,0,0,0,absent_in_train
mnist,multi,43,3,2,0,0.0,0,2,2,False,0,0,0,0,absent_in_train
mnist,multi,43,3,3,0,0.0,0,2,2,False,0,0,0,0,absent_in_train
mnist,multi,43,3,4,0,0.0,0,2,2,False,0,0,0,0,absent_in_train
mnist,multi,43,3,5,0,0.0,0,2,2,False,0,0,0,0,absent_in_train
mnist,multi,43,3,6,492,0.9959349632263184,1,2,2,True,1721,246,1,0,accredited
mnist,multi,43,3,7,527,1.0,1,2,2,True,1843,263,1,0,accredited
mnist,multi,43,3,8,0,0.0,0,2,2,False,0,0,0,0,absent_in_train
mnist,multi,43,3,9,0,0.0,0,2,2,False,0,0,0,0,absent_in_train
mnist,multi,43,4,0,0,0.0,0,2,2,False,0,0,0,0,absent_in_train
mnist,multi,43,4,1,0,0.0,0,2,2,False,0,0,0,0,absent_in_train
mnist,multi,43,4,2,0,0.0,0,2,2,False,0,0,0,0,absent_in_train
mnist,multi,43,4,3,0,0.0,0,2,2,False,0,0,0,0,absent_in_train
mnist,multi,43,4,4,0,0.0,0,2,2,False,0,0,0,0,absent_in_train
mnist,multi,43,4,5,0,0.0,0,2,2,False,0,0,0,0,absent_in_train
mnist,multi,43,4,6,0,0.0,0,2,2,False,0,0,0,0,absent_in_train
mnist,multi,43,4,7,0,0.0,0,2,2,False,0,0,0,0,absent_in_train
mnist,multi,43,4,8,485,0.9979381561279296,1,2,2,True,1698,243,1,0,accredited
mnist,multi,43,4,9,495,0.991919219493866,1,2,2,True,1733,247,1,0,accredited
mnist,multi,43,5,0,492,1.0,1,2,2,True,1723,246,1,0,accredited
mnist,multi,43,5,1,574,1.0,1,2,2,True,2010,287,1,0,accredited
mnist,multi,43,5,2,0,0.0,0,2,2,False,0,0,0,0,absent_in_train
mnist,multi,43,5,3,0,0.0,0,2,2,False,0,0,0,0,absent_in_train
mnist,multi,43,5,4,0,0.0,0,2,2,False,0,0,0,0,absent_in_train
mnist,multi,43,5,5,0,0.0,0,2,2,False,0,0,0,0,absent_in_train
mnist,multi,43,5,6,0,0.0,0,2,2,False,0,0,0,0,absent_in_train
mnist,multi,43,5,7,0,0.0,0,2,2,False,0,0,0,0,absent_in_train
mnist,multi,43,5,8,0,0.0,0,2,2,False,0,0,0,0,absent_in_train
mnist,multi,43,5,9,0,0.0,0,2,2,False,0,0,0,0,absent_in_train
mnist,multi,43,6,0,0,0.0,0,2,2,False,0,0,0,0,absent_in_train
mnist,multi,43,6,1,0,0.0,0,2,2,False,0,0,0,0,absent_in_train
mnist,multi,43,6,2,496,0.9979838728904724,1,2,2,True,1735,248,1,0,accredited
mnist,multi,43,6,3,513,1.0,1,2,2,True,1796,256,1,0,accredited
mnist,multi,43,6,4,0,0.0,0,2,2,False,0,0,0,0,absent_in_train
mnist,multi,43,6,5,0,0.0,0,2,2,False,0,0,0,0,absent_in_train
mnist,multi,43,6,6,0,0.0,0,2,2,False,0,0,0,0,absent_in_train
mnist,multi,43,6,7,0,0.0,0,2,2,False,0,0,0,0,absent_in_train
mnist,multi,43,6,8,0,0.0,0,2,2,False,0,0,0,0,absent_in_train
mnist,multi,43,6,9,0,0.0,0,2,2,False,0,0,0,0,absent_in_train
mnist,multi,43,7,0,0,0.0,0,2,2,False,0,0,0,0,absent_in_train
mnist,multi,43,7,1,0,0.0,0,2,2,False,0,0,0,0,absent_in_train
mnist,multi,43,7,2,0,0.0,0,2,2,False,0,0,0,0,absent_in_train
mnist,multi,43,7,3,0,0.0,0,2,2,False,0,0,0,0,absent_in_train
mnist,multi,43,7,4,484,1.0,1,2,2,True,1695,242,1,0,accredited
mnist,multi,43,7,5,442,0.9954751133918762,1,2,2,True,1547,221,1,0,accredited
mnist,multi,43,7,6,0,0.0,0,2,2,False,0,0,0,0,absent_in_train
mnist,multi,43,7,7,0,0.0,0,2,2,False,0,0,0,0,absent_in_train
mnist,multi,43,7,8,0,0.0,0,2,2,False,0,0,0,0,absent_in_train
mnist,multi,43,7,9,0,0.0,0,2,2,False,0,0,0,0,absent_in_train
mnist,multi,43,8,0,0,0.0,0,2,2,False,0,0,0,0,absent_in_train
mnist,multi,43,8,1,0,0.0,0,2,2,False,0,0,0,0,absent_in_train
mnist,multi,43,8,2,0,0.0,0,2,2,False,0,0,0,0,absent_in_train
mnist,multi,43,8,3,0,0.0,0,2,2,False,0,0,0,0,absent_in_train
mnist,multi,43,8,4,0,0.0,0,2,2,False,0,0,0,0,absent_in_train
mnist,multi,43,8,5,0,0.0,0,2,2,False,0,0,0,0,absent_in_train
mnist,multi,43,8,6,492,1.0,1,2,2,True,1721,246,1,0,accredited
mnist,multi,43,8,7,526,1.0,1,2,2,True,1843,263,1,0,accredited
mnist,multi,43,8,8,0,0.0,0,2,2,False,0,0,0,0,absent_in_train
mnist,multi,43,8,9,0,0.0,0,2,2,False,0,0,0,0,absent_in_train
mnist,multi,43,9,0,0,0.0,0,2,2,False,0,0,0,0,absent_in_train
mnist,multi,43,9,1,0,0.0,0,2,2,False,0,0,0,0,absent_in_train
mnist,multi,43,9,2,0,0.0,0,2,2,False,0,0,0,0,absent_in_train
mnist,multi,43,9,3,0,0.0,0,2,2,False,0,0,0,0,absent_in_train
mnist,multi,43,9,4,0,0.0,0,2,2,False,0,0,0,0,absent_in_train
mnist,multi,43,9,5,0,0.0,0,2,2,False,0,0,0,0,absent_in_train
mnist,multi,43,9,6,0,0.0,0,2,2,False,0,0,0,0,absent_in_train
mnist,multi,43,9,7,0,0.0,0,2,2,False,0,0,0,0,absent_in_train
mnist,multi,43,9,8,485,0.9876288771629332,1,2,2,True,1698,242,1,0,accredited
mnist,multi,43,9,9,495,0.991919219493866,1,2,2,True,1732,247,1,0,accredited
mnist,multi,44,0,0,492,0.9939024448394777,1,2,2,True,1724,246,1,0,accredited
mnist,multi,44,0,1,574,1.0,1,2,2,True,2010,287,1,0,accredited
mnist,multi,44,0,2,0,0.0,0,2,2,False,0,0,0,0,absent_in_train
mnist,multi,44,0,3,0,0.0,0,2,2,False,0,0,0,0,absent_in_train
mnist,multi,44,0,4,0,0.0,0,2,2,False,0,0,0,0,absent_in_train
mnist,multi,44,0,5,0,0.0,0,2,2,False,0,0,0,0,absent_in_train
mnist,multi,44,0,6,0,0.0,0,2,2,False,0,0,0,0,absent_in_train
mnist,multi,44,0,7,0,0.0,0,2,2,False,0,0,0,0,absent_in_train
mnist,multi,44,0,8,0,0.0,0,2,2,False,0,0,0,0,absent_in_train
mnist,multi,44,0,9,0,0.0,0,2,2,False,0,0,0,0,absent_in_train
mnist,multi,44,1,0,0,0.0,0,2,2,False,0,0,0,0,absent_in_train
mnist,multi,44,1,1,0,0.0,0,2,2,False,0,0,0,0,absent_in_train
mnist,multi,44,1,2,496,0.9959677457809448,1,2,2,True,1735,248,1,0,accredited
mnist,multi,44,1,3,513,0.9941520690917968,1,2,2,True,1796,257,1,0,accredited
mnist,multi,44,1,4,0,0.0,0,2,2,False,0,0,0,0,absent_in_train
mnist,multi,44,1,5,0,0.0,0,2,2,False,0,0,0,0,absent_in_train
mnist,multi,44,1,6,0,0.0,0,2,2,False,0,0,0,0,absent_in_train
mnist,multi,44,1,7,0,0.0,0,2,2,False,0,0,0,0,absent_in_train
mnist,multi,44,1,8,0,0.0,0,2,2,False,0,0,0,0,absent_in_train
mnist,multi,44,1,9,0,0.0,0,2,2,False,0,0,0,0,absent_in_train
mnist,multi,44,2,0,0,0.0,0,2,2,False,0,0,0,0,absent_in_train
mnist,multi,44,2,1,0,0.0,0,2,2,False,0,0,0,0,absent_in_train
mnist,multi,44,2,2,0,0.0,0,2,2,False,0,0,0,0,absent_in_train
mnist,multi,44,2,3,0,0.0,0,2,2,False,0,0,0,0,absent_in_train
mnist,multi,44,2,4,484,1.0,1,2,2,True,1695,242,1,0,accredited
mnist,multi,44,2,5,442,1.0,1,2,2,True,1548,221,1,0,accredited
mnist,multi,44,2,6,0,0.0,0,2,2,False,0,0,0,0,absent_in_train
mnist,multi,44,2,7,0,0.0,0,2,2,False,0,0,0,0,absent_in_train
mnist,multi,44,2,8,0,0.0,0,2,2,False,0,0,0,0,absent_in_train
mnist,multi,44,2,9,0,0.0,0,2,2,False,0,0,0,0,absent_in_train
mnist,multi,44,3,0,0,0.0,0,2,2,False,0,0,0,0,absent_in_train
mnist,multi,44,3,1,0,0.0,0,2,2,False,0,0,0,0,absent_in_train
mnist,multi,44,3,2,0,0.0,0,2,2,False,0,0,0,0,absent_in_train
mnist,multi,44,3,3,0,0.0,0,2,2,False,0,0,0,0,absent_in_train
mnist,multi,44,3,4,0,0.0,0,2,2,False,0,0,0,0,absent_in_train
mnist,multi,44,3,5,0,0.0,0,2,2,False,0,0,0,0,absent_in_train
mnist,multi,44,3,6,492,1.0,1,2,2,True,1721,246,1,0,accredited
mnist,multi,44,3,7,527,1.0,1,2,2,True,1843,263,1,0,accredited
mnist,multi,44,3,8,0,0.0,0,2,2,False,0,0,0,0,absent_in_train
mnist,multi,44,3,9,0,0.0,0,2,2,False,0,0,0,0,absent_in_train
mnist,multi,44,4,0,0,0.0,0,2,2,False,0,0,0,0,absent_in_train
mnist,multi,44,4,1,0,0.0,0,2,2,False,0,0,0,0,absent_in_train
mnist,multi,44,4,2,0,0.0,0,2,2,False,0,0,0,0,absent_in_train
mnist,multi,44,4,3,0,0.0,0,2,2,False,0,0,0,0,absent_in_train
mnist,multi,44,4,4,0,0.0,0,2,2,False,0,0,0,0,absent_in_train
mnist,multi,44,4,5,0,0.0,0,2,2,False,0,0,0,0,absent_in_train
mnist,multi,44,4,6,0,0.0,0,2,2,False,0,0,0,0,absent_in_train
mnist,multi,44,4,7,0,0.0,0,2,2,False,0,0,0,0,absent_in_train
mnist,multi,44,4,8,485,0.991752564907074,1,2,2,True,1698,243,1,0,accredited
mnist,multi,44,4,9,495,0.9898989796638488,1,2,2,True,1733,247,1,0,accredited
mnist,multi,44,5,0,492,1.0,1,2,2,True,1723,246,1,0,accredited
mnist,multi,44,5,1,574,1.0,1,2,2,True,2010,287,1,0,accredited
mnist,multi,44,5,2,0,0.0,0,2,2,False,0,0,0,0,absent_in_train
mnist,multi,44,5,3,0,0.0,0,2,2,False,0,0,0,0,absent_in_train
mnist,multi,44,5,4,0,0.0,0,2,2,False,0,0,0,0,absent_in_train
mnist,multi,44,5,5,0,0.0,0,2,2,False,0,0,0,0,absent_in_train
mnist,multi,44,5,6,0,0.0,0,2,2,False,0,0,0,0,absent_in_train
mnist,multi,44,5,7,0,0.0,0,2,2,False,0,0,0,0,absent_in_train
mnist,multi,44,5,8,0,0.0,0,2,2,False,0,0,0,0,absent_in_train
mnist,multi,44,5,9,0,0.0,0,2,2,False,0,0,0,0,absent_in_train
mnist,multi,44,6,0,0,0.0,0,2,2,False,0,0,0,0,absent_in_train
mnist,multi,44,6,1,0,0.0,0,2,2,False,0,0,0,0,absent_in_train
mnist,multi,44,6,2,496,0.9838709831237792,1,2,2,True,1735,248,1,0,accredited
mnist,multi,44,6,3,513,1.0,1,2,2,True,1796,256,1,0,accredited
mnist,multi,44,6,4,0,0.0,0,2,2,False,0,0,0,0,absent_in_train
mnist,multi,44,6,5,0,0.0,0,2,2,False,0,0,0,0,absent_in_train
mnist,multi,44,6,6,0,0.0,0,2,2,False,0,0,0,0,absent_in_train
mnist,multi,44,6,7,0,0.0,0,2,2,False,0,0,0,0,absent_in_train
mnist,multi,44,6,8,0,0.0,0,2,2,False,0,0,0,0,absent_in_train
mnist,multi,44,6,9,0,0.0,0,2,2,False,0,0,0,0,absent_in_train
mnist,multi,44,7,0,0,0.0,0,2,2,False,0,0,0,0,absent_in_train
mnist,multi,44,7,1,0,0.0,0,2,2,False,0,0,0,0,absent_in_train
mnist,multi,44,7,2,0,0.0,0,2,2,False,0,0,0,0,absent_in_train
mnist,multi,44,7,3,0,0.0,0,2,2,False,0,0,0,0,absent_in_train
mnist,multi,44,7,4,484,1.0,1,2,2,True,1695,242,1,0,accredited
mnist,multi,44,7,5,442,0.9977375268936156,1,2,2,True,1547,221,1,0,accredited
mnist,multi,44,7,6,0,0.0,0,2,2,False,0,0,0,0,absent_in_train
mnist,multi,44,7,7,0,0.0,0,2,2,False,0,0,0,0,absent_in_train
mnist,multi,44,7,8,0,0.0,0,2,2,False,0,0,0,0,absent_in_train
mnist,multi,44,7,9,0,0.0,0,2,2,False,0,0,0,0,absent_in_train
mnist,multi,44,8,0,0,0.0,0,2,2,False,0,0,0,0,absent_in_train
mnist,multi,44,8,1,0,0.0,0,2,2,False,0,0,0,0,absent_in_train
mnist,multi,44,8,2,0,0.0,0,2,2,False,0,0,0,0,absent_in_train
mnist,multi,44,8,3,0,0.0,0,2,2,False,0,0,0,0,absent_in_train
mnist,multi,44,8,4,0,0.0,0,2,2,False,0,0,0,0,absent_in_train
mnist,multi,44,8,5,0,0.0,0,2,2,False,0,0,0,0,absent_in_train
mnist,multi,44,8,6,492,0.9959349632263184,1,2,2,True,1721,246,1,0,accredited
mnist,multi,44,8,7,526,1.0,1,2,2,True,1843,263,1,0,accredited
mnist,multi,44,8,8,0,0.0,0,2,2,False,0,0,0,0,absent_in_train
mnist,multi,44,8,9,0,0.0,0,2,2,False,0,0,0,0,absent_in_train
mnist,multi,44,9,0,0,0.0,0,2,2,False,0,0,0,0,absent_in_train
mnist,multi,44,9,1,0,0.0,0,2,2,False,0,0,0,0,absent_in_train
mnist,multi,44,9,2,0,0.0,0,2,2,False,0,0,0,0,absent_in_train
mnist,multi,44,9,3,0,0.0,0,2,2,False,0,0,0,0,absent_in_train
mnist,multi,44,9,4,0,0.0,0,2,2,False,0,0,0,0,absent_in_train
mnist,multi,44,9,5,0,0.0,0,2,2,False,0,0,0,0,absent_in_train
mnist,multi,44,9,6,0,0.0,0,2,2,False,0,0,0,0,absent_in_train
mnist,multi,44,9,7,0,0.0,0,2,2,False,0,0,0,0,absent_in_train
mnist,multi,44,9,8,485,0.9979381561279296,1,2,2,True,1698,242,1,0,accredited
mnist,multi,44,9,9,495,0.9979798197746276,1,2,2,True,1732,247,1,0,accredited
mnist,single,42,0,0,985,1.0,1,1,1,True,3446,492,1,0,accredited
mnist,single,42,0,1,0,0.0,0,1,1,False,0,0,0,0,absent_in_train
mnist,single,42,0,2,0,0.0,0,1,1,False,0,0,0,0,absent_in_train
mnist,single,42,0,3,0,0.0,0,1,1,False,0,0,0,0,absent_in_train
mnist,single,42,0,4,0,0.0,0,1,1,False,0,0,0,0,absent_in_train
mnist,single,42,0,5,0,0.0,0,1,1,False,0,0,0,0,absent_in_train
mnist,single,42,0,6,0,0.0,0,1,1,False,0,0,0,0,absent_in_train
mnist,single,42,0,7,0,0.0,0,1,1,False,0,0,0,0,absent_in_train
mnist,single,42,0,8,0,0.0,0,1,1,False,0,0,0,0,absent_in_train
mnist,single,42,0,9,0,0.0,0,1,1,False,0,0,0,0,absent_in_train
mnist,single,42,1,0,0,0.0,0,1,1,False,0,0,0,0,absent_in_train
mnist,single,42,1,1,1148,1.0,1,1,1,True,4020,574,1,0,accredited
mnist,single,42,1,2,0,0.0,0,1,1,False,0,0,0,0,absent_in_train
mnist,single,42,1,3,0,0.0,0,1,1,False,0,0,0,0,absent_in_train
mnist,single,42,1,4,0,0.0,0,1,1,False,0,0,0,0,absent_in_train
mnist,single,42,1,5,0,0.0,0,1,1,False,0,0,0,0,absent_in_train
mnist,single,42,1,6,0,0.0,0,1,1,False,0,0,0,0,absent_in_train
mnist,single,42,1,7,0,0.0,0,1,1,False,0,0,0,0,absent_in_train
mnist,single,42,1,8,0,0.0,0,1,1,False,0,0,0,0,absent_in_train
mnist,single,42,1,9,0,0.0,0,1,1,False,0,0,0,0,absent_in_train
mnist,single,42,2,0,0,0.0,0,1,1,False,0,0,0,0,absent_in_train
mnist,single,42,2,1,0,0.0,0,1,1,False,0,0,0,0,absent_in_train
mnist,single,42,2,2,991,1.0,1,1,1,True,3471,496,1,0,accredited
mnist,single,42,2,3,0,0.0,0,1,1,False,0,0,0,0,absent_in_train
mnist,single,42,2,4,0,0.0,0,1,1,False,0,0,0,0,absent_in_train
mnist,single,42,2,5,0,0.0,0,1,1,False,0,0,0,0,absent_in_train
mnist,single,42,2,6,0,0.0,0,1,1,False,0,0,0,0,absent_in_train
mnist,single,42,2,7,0,0.0,0,1,1,False,0,0,0,0,absent_in_train
mnist,single,42,2,8,0,0.0,0,1,1,False,0,0,0,0,absent_in_train
mnist,single,42,2,9,0,0.0,0,1,1,False,0,0,0,0,absent_in_train
mnist,single,42,3,0,0,0.0,0,1,1,False,0,0,0,0,absent_in_train
mnist,single,42,3,1,0,0.0,0,1,1,False,0,0,0,0,absent_in_train
mnist,single,42,3,2,0,0.0,0,1,1,False,0,0,0,0,absent_in_train
mnist,single,42,3,3,1026,1.0,1,1,1,True,3592,513,1,0,accredited
mnist,single,42,3,4,0,0.0,0,1,1,False,0,0,0,0,absent_in_train
mnist,single,42,3,5,0,0.0,0,1,1,False,0,0,0,0,absent_in_train
mnist,single,42,3,6,0,0.0,0,1,1,False,0,0,0,0,absent_in_train
mnist,single,42,3,7,0,0.0,0,1,1,False,0,0,0,0,absent_in_train
mnist,single,42,3,8,0,0.0,0,1,1,False,0,0,0,0,absent_in_train
mnist,single,42,3,9,0,0.0,0,1,1,False,0,0,0,0,absent_in_train
mnist,single,42,4,0,0,0.0,0,1,1,False,0,0,0,0,absent_in_train
mnist,single,42,4,1,0,0.0,0,1,1,False,0,0,0,0,absent_in_train
mnist,single,42,4,2,0,0.0,0,1,1,False,0,0,0,0,absent_in_train
mnist,single,42,4,3,0,0.0,0,1,1,False,0,0,0,0,absent_in_train
mnist,single,42,4,4,968,1.0,1,1,1,True,3390,484,1,0,accredited
mnist,single,42,4,5,0,0.0,0,1,1,False,0,0,0,0,absent_in_train
mnist,single,42,4,6,0,0.0,0,1,1,False,0,0,0,0,absent_in_train
mnist,single,42,4,7,0,0.0,0,1,1,False,0,0,0,0,absent_in_train
mnist,single,42,4,8,0,0.0,0,1,1,False,0,0,0,0,absent_in_train
mnist,single,42,4,9,0,0.0,0,1,1,False,0,0,0,0,absent_in_train
mnist,single,42,5,0,0,0.0,0,1,1,False,0,0,0,0,absent_in_train
mnist,single,42,5,1,0,0.0,0,1,1,False,0,0,0,0,absent_in_train
mnist,single,42,5,2,0,0.0,0,1,1,False,0,0,0,0,absent_in_train
mnist,single,42,5,3,0,0.0,0,1,1,False,0,0,0,0,absent_in_train
mnist,single,42,5,4,0,0.0,0,1,1,False,0,0,0,0,absent_in_train
mnist,single,42,5,5,884,1.0,1,1,1,True,3095,442,1,0,accredited
mnist,single,42,5,6,0,0.0,0,1,1,False,0,0,0,0,absent_in_train
mnist,single,42,5,7,0,0.0,0,1,1,False,0,0,0,0,absent_in_train
mnist,single,42,5,8,0,0.0,0,1,1,False,0,0,0,0,absent_in_train
mnist,single,42,5,9,0,0.0,0,1,1,False,0,0,0,0,absent_in_train
mnist,single,42,6,0,0,0.0,0,1,1,False,0,0,0,0,absent_in_train
mnist,single,42,6,1,0,0.0,0,1,1,False,0,0,0,0,absent_in_train
mnist,single,42,6,2,0,0.0,0,1,1,False,0,0,0,0,absent_in_train
mnist,single,42,6,3,0,0.0,0,1,1,False,0,0,0,0,absent_in_train
mnist,single,42,6,4,0,0.0,0,1,1,False,0,0,0,0,absent_in_train
mnist,single,42,6,5,0,0.0,0,1,1,False,0,0,0,0,absent_in_train
mnist,single,42,6,6,983,1.0,1,1,1,True,3443,492,1,0,accredited
mnist,single,42,6,7,0,0.0,0,1,1,False,0,0,0,0,absent_in_train
mnist,single,42,6,8,0,0.0,0,1,1,False,0,0,0,0,absent_in_train
mnist,single,42,6,9,0,0.0,0,1,1,False,0,0,0,0,absent_in_train
mnist,single,42,7,0,0,0.0,0,1,1,False,0,0,0,0,absent_in_train
mnist,single,42,7,1,0,0.0,0,1,1,False,0,0,0,0,absent_in_train
mnist,single,42,7,2,0,0.0,0,1,1,False,0,0,0,0,absent_in_train
mnist,single,42,7,3,0,0.0,0,1,1,False,0,0,0,0,absent_in_train
mnist,single,42,7,4,0,0.0,0,1,1,False,0,0,0,0,absent_in_train
mnist,single,42,7,5,0,0.0,0,1,1,False,0,0,0,0,absent_in_train
mnist,single,42,7,6,0,0.0,0,1,1,False,0,0,0,0,absent_in_train
mnist,single,42,7,7,1053,1.0,1,1,1,True,3686,526,1,0,accredited
mnist,single,42,7,8,0,0.0,0,1,1,False,0,0,0,0,absent_in_train
mnist,single,42,7,9,0,0.0,0,1,1,False,0,0,0,0,absent_in_train
mnist,single,42,8,0,0,0.0,0,1,1,False,0,0,0,0,absent_in_train
mnist,single,42,8,1,0,0.0,0,1,1,False,0,0,0,0,absent_in_train
mnist,single,42,8,2,0,0.0,0,1,1,False,0,0,0,0,absent_in_train
mnist,single,42,8,3,0,0.0,0,1,1,False,0,0,0,0,absent_in_train
mnist,single,42,8,4,0,0.0,0,1,1,False,0,0,0,0,absent_in_train
mnist,single,42,8,5,0,0.0,0,1,1,False,0,0,0,0,absent_in_train
mnist,single,42,8,6,0,0.0,0,1,1,False,0,0,0,0,absent_in_train
mnist,single,42,8,7,0,0.0,0,1,1,False,0,0,0,0,absent_in_train
mnist,single,42,8,8,970,1.0,1,1,1,True,3396,485,1,0,accredited
mnist,single,42,8,9,0,0.0,0,1,1,False,0,0,0,0,absent_in_train
mnist,single,42,9,0,0,0.0,0,1,1,False,0,0,0,0,absent_in_train
mnist,single,42,9,1,0,0.0,0,1,1,False,0,0,0,0,absent_in_train
mnist,single,42,9,2,0,0.0,0,1,1,False,0,0,0,0,absent_in_train
mnist,single,42,9,3,0,0.0,0,1,1,False,0,0,0,0,absent_in_train
mnist,single,42,9,4,0,0.0,0,1,1,False,0,0,0,0,absent_in_train
mnist,single,42,9,5,0,0.0,0,1,1,False,0,0,0,0,absent_in_train
mnist,single,42,9,6,0,0.0,0,1,1,False,0,0,0,0,absent_in_train
mnist,single,42,9,7,0,0.0,0,1,1,False,0,0,0,0,absent_in_train
mnist,single,42,9,8,0,0.0,0,1,1,False,0,0,0,0,absent_in_train
mnist,single,42,9,9,990,1.0,1,1,1,True,3464,495,1,0,accredited
mnist,single,43,0,0,985,1.0,1,1,1,True,3446,492,1,0,accredited
mnist,single,43,0,1,0,0.0,0,1,1,False,0,0,0,0,absent_in_train
mnist,single,43,0,2,0,0.0,0,1,1,False,0,0,0,0,absent_in_train
mnist,single,43,0,3,0,0.0,0,1,1,False,0,0,0,0,absent_in_train
mnist,single,43,0,4,0,0.0,0,1,1,False,0,0,0,0,absent_in_train
mnist,single,43,0,5,0,0.0,0,1,1,False,0,0,0,0,absent_in_train
mnist,single,43,0,6,0,0.0,0,1,1,False,0,0,0,0,absent_in_train
mnist,single,43,0,7,0,0.0,0,1,1,False,0,0,0,0,absent_in_train
mnist,single,43,0,8,0,0.0,0,1,1,False,0,0,0,0,absent_in_train
mnist,single,43,0,9,0,0.0,0,1,1,False,0,0,0,0,absent_in_train
mnist,single,43,1,0,0,0.0,0,1,1,False,0,0,0,0,absent_in_train
mnist,single,43,1,1,1148,1.0,1,1,1,True,4020,574,1,0,accredited
mnist,single,43,1,2,0,0.0,0,1,1,False,0,0,0,0,absent_in_train
mnist,single,43,1,3,0,0.0,0,1,1,False,0,0,0,0,absent_in_train
mnist,single,43,1,4,0,0.0,0,1,1,False,0,0,0,0,absent_in_train
mnist,single,43,1,5,0,0.0,0,1,1,False,0,0,0,0,absent_in_train
mnist,single,43,1,6,0,0.0,0,1,1,False,0,0,0,0,absent_in_train
mnist,single,43,1,7,0,0.0,0,1,1,False,0,0,0,0,absent_in_train
mnist,single,43,1,8,0,0.0,0,1,1,False,0,0,0,0,absent_in_train
mnist,single,43,1,9,0,0.0,0,1,1,False,0,0,0,0,absent_in_train
mnist,single,43,2,0,0,0.0,0,1,1,False,0,0,0,0,absent_in_train
mnist,single,43,2,1,0,0.0,0,1,1,False,0,0,0,0,absent_in_train
mnist,single,43,2,2,991,1.0,1,1,1,True,3471,496,1,0,accredited
mnist,single,43,2,3,0,0.0,0,1,1,False,0,0,0,0,absent_in_train
mnist,single,43,2,4,0,0.0,0,1,1,False,0,0,0,0,absent_in_train
mnist,single,43,2,5,0,0.0,0,1,1,False,0,0,0,0,absent_in_train
mnist,single,43,2,6,0,0.0,0,1,1,False,0,0,0,0,absent_in_train
mnist,single,43,2,7,0,0.0,0,1,1,False,0,0,0,0,absent_in_train
mnist,single,43,2,8,0,0.0,0,1,1,False,0,0,0,0,absent_in_train
mnist,single,43,2,9,0,0.0,0,1,1,False,0,0,0,0,absent_in_train
mnist,single,43,3,0,0,0.0,0,1,1,False,0,0,0,0,absent_in_train
mnist,single,43,3,1,0,0.0,0,1,1,False,0,0,0,0,absent_in_train
mnist,single,43,3,2,0,0.0,0,1,1,False,0,0,0,0,absent_in_train
mnist,single,43,3,3,1026,1.0,1,1,1,True,3592,513,1,0,accredited
mnist,single,43,3,4,0,0.0,0,1,1,False,0,0,0,0,absent_in_train
mnist,single,43,3,5,0,0.0,0,1,1,False,0,0,0,0,absent_in_train
mnist,single,43,3,6,0,0.0,0,1,1,False,0,0,0,0,absent_in_train
mnist,single,43,3,7,0,0.0,0,1,1,False,0,0,0,0,absent_in_train
mnist,single,43,3,8,0,0.0,0,1,1,False,0,0,0,0,absent_in_train
mnist,single,43,3,9,0,0.0,0,1,1,False,0,0,0,0,absent_in_train
mnist,single,43,4,0,0,0.0,0,1,1,False,0,0,0,0,absent_in_train
mnist,single,43,4,1,0,0.0,0,1,1,False,0,0,0,0,absent_in_train
mnist,single,43,4,2,0,0.0,0,1,1,False,0,0,0,0,absent_in_train
mnist,single,43,4,3,0,0.0,0,1,1,False,0,0,0,0,absent_in_train
mnist,single,43,4,4,968,1.0,1,1,1,True,3390,484,1,0,accredited
mnist,single,43,4,5,0,0.0,0,1,1,False,0,0,0,0,absent_in_train
mnist,single,43,4,6,0,0.0,0,1,1,False,0,0,0,0,absent_in_train
mnist,single,43,4,7,0,0.0,0,1,1,False,0,0,0,0,absent_in_train
mnist,single,43,4,8,0,0.0,0,1,1,False,0,0,0,0,absent_in_train
mnist,single,43,4,9,0,0.0,0,1,1,False,0,0,0,0,absent_in_train
mnist,single,43,5,0,0,0.0,0,1,1,False,0,0,0,0,absent_in_train
mnist,single,43,5,1,0,0.0,0,1,1,False,0,0,0,0,absent_in_train
mnist,single,43,5,2,0,0.0,0,1,1,False,0,0,0,0,absent_in_train
mnist,single,43,5,3,0,0.0,0,1,1,False,0,0,0,0,absent_in_train
mnist,single,43,5,4,0,0.0,0,1,1,False,0,0,0,0,absent_in_train
mnist,single,43,5,5,884,1.0,1,1,1,True,3095,442,1,0,accredited
mnist,single,43,5,6,0,0.0,0,1,1,False,0,0,0,0,absent_in_train
mnist,single,43,5,7,0,0.0,0,1,1,False,0,0,0,0,absent_in_train
mnist,single,43,5,8,0,0.0,0,1,1,False,0,0,0,0,absent_in_train
mnist,single,43,5,9,0,0.0,0,1,1,False,0,0,0,0,absent_in_train
mnist,single,43,6,0,0,0.0,0,1,1,False,0,0,0,0,absent_in_train
mnist,single,43,6,1,0,0.0,0,1,1,False,0,0,0,0,absent_in_train
mnist,single,43,6,2,0,0.0,0,1,1,False,0,0,0,0,absent_in_train
mnist,single,43,6,3,0,0.0,0,1,1,False,0,0,0,0,absent_in_train
mnist,single,43,6,4,0,0.0,0,1,1,False,0,0,0,0,absent_in_train
mnist,single,43,6,5,0,0.0,0,1,1,False,0,0,0,0,absent_in_train
mnist,single,43,6,6,983,1.0,1,1,1,True,3443,492,1,0,accredited
mnist,single,43,6,7,0,0.0,0,1,1,False,0,0,0,0,absent_in_train
mnist,single,43,6,8,0,0.0,0,1,1,False,0,0,0,0,absent_in_train
mnist,single,43,6,9,0,0.0,0,1,1,False,0,0,0,0,absent_in_train
mnist,single,43,7,0,0,0.0,0,1,1,False,0,0,0,0,absent_in_train
mnist,single,43,7,1,0,0.0,0,1,1,False,0,0,0,0,absent_in_train
mnist,single,43,7,2,0,0.0,0,1,1,False,0,0,0,0,absent_in_train
mnist,single,43,7,3,0,0.0,0,1,1,False,0,0,0,0,absent_in_train
mnist,single,43,7,4,0,0.0,0,1,1,False,0,0,0,0,absent_in_train
mnist,single,43,7,5,0,0.0,0,1,1,False,0,0,0,0,absent_in_train
mnist,single,43,7,6,0,0.0,0,1,1,False,0,0,0,0,absent_in_train
mnist,single,43,7,7,1053,1.0,1,1,1,True,3686,526,1,0,accredited
mnist,single,43,7,8,0,0.0,0,1,1,False,0,0,0,0,absent_in_train
mnist,single,43,7,9,0,0.0,0,1,1,False,0,0,0,0,absent_in_train
mnist,single,43,8,0,0,0.0,0,1,1,False,0,0,0,0,absent_in_train
mnist,single,43,8,1,0,0.0,0,1,1,False,0,0,0,0,absent_in_train
mnist,single,43,8,2,0,0.0,0,1,1,False,0,0,0,0,absent_in_train
mnist,single,43,8,3,0,0.0,0,1,1,False,0,0,0,0,absent_in_train
mnist,single,43,8,4,0,0.0,0,1,1,False,0,0,0,0,absent_in_train
mnist,single,43,8,5,0,0.0,0,1,1,False,0,0,0,0,absent_in_train
mnist,single,43,8,6,0,0.0,0,1,1,False,0,0,0,0,absent_in_train
mnist,single,43,8,7,0,0.0,0,1,1,False,0,0,0,0,absent_in_train
mnist,single,43,8,8,970,1.0,1,1,1,True,3396,485,1,0,accredited
mnist,single,43,8,9,0,0.0,0,1,1,False,0,0,0,0,absent_in_train
mnist,single,43,9,0,0,0.0,0,1,1,False,0,0,0,0,absent_in_train
mnist,single,43,9,1,0,0.0,0,1,1,False,0,0,0,0,absent_in_train
mnist,single,43,9,2,0,0.0,0,1,1,False,0,0,0,0,absent_in_train
mnist,single,43,9,3,0,0.0,0,1,1,False,0,0,0,0,absent_in_train
mnist,single,43,9,4,0,0.0,0,1,1,False,0,0,0,0,absent_in_train
mnist,single,43,9,5,0,0.0,0,1,1,False,0,0,0,0,absent_in_train
mnist,single,43,9,6,0,0.0,0,1,1,False,0,0,0,0,absent_in_train
mnist,single,43,9,7,0,0.0,0,1,1,False,0,0,0,0,absent_in_train
mnist,single,43,9,8,0,0.0,0,1,1,False,0,0,0,0,absent_in_train
mnist,single,43,9,9,990,1.0,1,1,1,True,3464,495,1,0,accredited
mnist,single,44,0,0,985,1.0,1,1,1,True,3446,492,1,0,accredited
mnist,single,44,0,1,0,0.0,0,1,1,False,0,0,0,0,absent_in_train
mnist,single,44,0,2,0,0.0,0,1,1,False,0,0,0,0,absent_in_train
mnist,single,44,0,3,0,0.0,0,1,1,False,0,0,0,0,absent_in_train
mnist,single,44,0,4,0,0.0,0,1,1,False,0,0,0,0,absent_in_train
mnist,single,44,0,5,0,0.0,0,1,1,False,0,0,0,0,absent_in_train
mnist,single,44,0,6,0,0.0,0,1,1,False,0,0,0,0,absent_in_train
mnist,single,44,0,7,0,0.0,0,1,1,False,0,0,0,0,absent_in_train
mnist,single,44,0,8,0,0.0,0,1,1,False,0,0,0,0,absent_in_train
mnist,single,44,0,9,0,0.0,0,1,1,False,0,0,0,0,absent_in_train
mnist,single,44,1,0,0,0.0,0,1,1,False,0,0,0,0,absent_in_train
mnist,single,44,1,1,1148,1.0,1,1,1,True,4020,574,1,0,accredited
mnist,single,44,1,2,0,0.0,0,1,1,False,0,0,0,0,absent_in_train
mnist,single,44,1,3,0,0.0,0,1,1,False,0,0,0,0,absent_in_train
mnist,single,44,1,4,0,0.0,0,1,1,False,0,0,0,0,absent_in_train
mnist,single,44,1,5,0,0.0,0,1,1,False,0,0,0,0,absent_in_train
mnist,single,44,1,6,0,0.0,0,1,1,False,0,0,0,0,absent_in_train
mnist,single,44,1,7,0,0.0,0,1,1,False,0,0,0,0,absent_in_train
mnist,single,44,1,8,0,0.0,0,1,1,False,0,0,0,0,absent_in_train
mnist,single,44,1,9,0,0.0,0,1,1,False,0,0,0,0,absent_in_train
mnist,single,44,2,0,0,0.0,0,1,1,False,0,0,0,0,absent_in_train
mnist,single,44,2,1,0,0.0,0,1,1,False,0,0,0,0,absent_in_train
mnist,single,44,2,2,991,1.0,1,1,1,True,3471,496,1,0,accredited
mnist,single,44,2,3,0,0.0,0,1,1,False,0,0,0,0,absent_in_train
mnist,single,44,2,4,0,0.0,0,1,1,False,0,0,0,0,absent_in_train
mnist,single,44,2,5,0,0.0,0,1,1,False,0,0,0,0,absent_in_train
mnist,single,44,2,6,0,0.0,0,1,1,False,0,0,0,0,absent_in_train
mnist,single,44,2,7,0,0.0,0,1,1,False,0,0,0,0,absent_in_train
mnist,single,44,2,8,0,0.0,0,1,1,False,0,0,0,0,absent_in_train
mnist,single,44,2,9,0,0.0,0,1,1,False,0,0,0,0,absent_in_train
mnist,single,44,3,0,0,0.0,0,1,1,False,0,0,0,0,absent_in_train
mnist,single,44,3,1,0,0.0,0,1,1,False,0,0,0,0,absent_in_train
mnist,single,44,3,2,0,0.0,0,1,1,False,0,0,0,0,absent_in_train
mnist,single,44,3,3,1026,1.0,1,1,1,True,3592,513,1,0,accredited
mnist,single,44,3,4,0,0.0,0,1,1,False,0,0,0,0,absent_in_train
mnist,single,44,3,5,0,0.0,0,1,1,False,0,0,0,0,absent_in_train
mnist,single,44,3,6,0,0.0,0,1,1,False,0,0,0,0,absent_in_train
mnist,single,44,3,7,0,0.0,0,1,1,False,0,0,0,0,absent_in_train
mnist,single,44,3,8,0,0.0,0,1,1,False,0,0,0,0,absent_in_train
mnist,single,44,3,9,0,0.0,0,1,1,False,0,0,0,0,absent_in_train
mnist,single,44,4,0,0,0.0,0,1,1,False,0,0,0,0,absent_in_train
mnist,single,44,4,1,0,0.0,0,1,1,False,0,0,0,0,absent_in_train
mnist,single,44,4,2,0,0.0,0,1,1,False,0,0,0,0,absent_in_train
mnist,single,44,4,3,0,0.0,0,1,1,False,0,0,0,0,absent_in_train
mnist,single,44,4,4,968,1.0,1,1,1,True,3390,484,1,0,accredited
mnist,single,44,4,5,0,0.0,0,1,1,False,0,0,0,0,absent_in_train
mnist,single,44,4,6,0,0.0,0,1,1,False,0,0,0,0,absent_in_train
mnist,single,44,4,7,0,0.0,0,1,1,False,0,0,0,0,absent_in_train
mnist,single,44,4,8,0,0.0,0,1,1,False,0,0,0,0,absent_in_train
mnist,single,44,4,9,0,0.0,0,1,1,False,0,0,0,0,absent_in_train
mnist,single,44,5,0,0,0.0,0,1,1,False,0,0,0,0,absent_in_train
mnist,single,44,5,1,0,0.0,0,1,1,False,0,0,0,0,absent_in_train
mnist,single,44,5,2,0,0.0,0,1,1,False,0,0,0,0,absent_in_train
mnist,single,44,5,3,0,0.0,0,1,1,False,0,0,0,0,absent_in_train
mnist,single,44,5,4,0,0.0,0,1,1,False,0,0,0,0,absent_in_train
mnist,single,44,5,5,884,1.0,1,1,1,True,3095,442,1,0,accredited
mnist,single,44,5,6,0,0.0,0,1,1,False,0,0,0,0,absent_in_train
mnist,single,44,5,7,0,0.0,0,1,1,False,0,0,0,0,absent_in_train
mnist,single,44,5,8,0,0.0,0,1,1,False,0,0,0,0,absent_in_train
mnist,single,44,5,9,0,0.0,0,1,1,False,0,0,0,0,absent_in_train
mnist,single,44,6,0,0,0.0,0,1,1,False,0,0,0,0,absent_in_train
mnist,single,44,6,1,0,0.0,0,1,1,False,0,0,0,0,absent_in_train
mnist,single,44,6,2,0,0.0,0,1,1,False,0,0,0,0,absent_in_train
mnist,single,44,6,3,0,0.0,0,1,1,False,0,0,0,0,absent_in_train
mnist,single,44,6,4,0,0.0,0,1,1,False,0,0,0,0,absent_in_train
mnist,single,44,6,5,0,0.0,0,1,1,False,0,0,0,0,absent_in_train
mnist,single,44,6,6,983,1.0,1,1,1,True,3443,492,1,0,accredited
mnist,single,44,6,7,0,0.0,0,1,1,False,0,0,0,0,absent_in_train
mnist,single,44,6,8,0,0.0,0,1,1,False,0,0,0,0,absent_in_train
mnist,single,44,6,9,0,0.0,0,1,1,False,0,0,0,0,absent_in_train
mnist,single,44,7,0,0,0.0,0,1,1,False,0,0,0,0,absent_in_train
mnist,single,44,7,1,0,0.0,0,1,1,False,0,0,0,0,absent_in_train
mnist,single,44,7,2,0,0.0,0,1,1,False,0,0,0,0,absent_in_train
mnist,single,44,7,3,0,0.0,0,1,1,False,0,0,0,0,absent_in_train
mnist,single,44,7,4,0,0.0,0,1,1,False,0,0,0,0,absent_in_train
mnist,single,44,7,5,0,0.0,0,1,1,False,0,0,0,0,absent_in_train
mnist,single,44,7,6,0,0.0,0,1,1,False,0,0,0,0,absent_in_train
mnist,single,44,7,7,1053,1.0,1,1,1,True,3686,526,1,0,accredited
mnist,single,44,7,8,0,0.0,0,1,1,False,0,0,0,0,absent_in_train
mnist,single,44,7,9,0,0.0,0,1,1,False,0,0,0,0,absent_in_train
mnist,single,44,8,0,0,0.0,0,1,1,False,0,0,0,0,absent_in_train
mnist,single,44,8,1,0,0.0,0,1,1,False,0,0,0,0,absent_in_train
mnist,single,44,8,2,0,0.0,0,1,1,False,0,0,0,0,absent_in_train
mnist,single,44,8,3,0,0.0,0,1,1,False,0,0,0,0,absent_in_train
mnist,single,44,8,4,0,0.0,0,1,1,False,0,0,0,0,absent_in_train
mnist,single,44,8,5,0,0.0,0,1,1,False,0,0,0,0,absent_in_train
mnist,single,44,8,6,0,0.0,0,1,1,False,0,0,0,0,absent_in_train
mnist,single,44,8,7,0,0.0,0,1,1,False,0,0,0,0,absent_in_train
mnist,single,44,8,8,970,1.0,1,1,1,True,3396,485,1,0,accredited
mnist,single,44,8,9,0,0.0,0,1,1,False,0,0,0,0,absent_in_train
mnist,single,44,9,0,0,0.0,0,1,1,False,0,0,0,0,absent_in_train
mnist,single,44,9,1,0,0.0,0,1,1,False,0,0,0,0,absent_in_train
mnist,single,44,9,2,0,0.0,0,1,1,False,0,0,0,0,absent_in_train
mnist,single,44,9,3,0,0.0,0,1,1,False,0,0,0,0,absent_in_train
mnist,single,44,9,4,0,0.0,0,1,1,False,0,0,0,0,absent_in_train
mnist,single,44,9,5,0,0.0,0,1,1,False,0,0,0,0,absent_in_train
mnist,single,44,9,6,0,0.0,0,1,1,False,0,0,0,0,absent_in_train
mnist,single,44,9,7,0,0.0,0,1,1,False,0,0,0,0,absent_in_train
mnist,single,44,9,8,0,0.0,0,1,1,False,0,0,0,0,absent_in_train
mnist,single,44,9,9,990,1.0,1,1,1,True,3464,495,1,0,accredited
fmnist,iid,42,0,0,100,0.8899999856948853,1,10,8,True,350,50,1,0,accredited
fmnist,iid,42,0,1,100,0.9700000286102296,1,10,8,True,350,50,1,0,accredited
fmnist,iid,42,0,2,100,0.8199999928474426,1,6,8,True,350,50,1,0,accredited
fmnist,iid,42,0,3,100,0.8999999761581421,1,10,8,True,350,50,1,0,accredited
fmnist,iid,42,0,4,100,0.699999988079071,0,8,8,True,350,50,1,1,below_threshold
fmnist,iid,42,0,5,100,0.9700000286102296,1,10,8,True,350,50,1,0,accredited
fmnist,iid,42,0,6,100,0.5699999928474426,0,0,8,True,350,50,1,1,below_threshold
fmnist,iid,42,0,7,100,0.8399999737739563,1,10,8,True,350,50,1,0,accredited
fmnist,iid,42,0,8,100,0.959999978542328,1,10,8,True,350,50,1,0,accredited
fmnist,iid,42,0,9,100,0.9700000286102296,1,10,8,True,350,50,1,0,accredited
fmnist,iid,42,1,0,100,0.8799999952316284,1,10,8,True,350,50,1,0,accredited
fmnist,iid,42,1,1,100,0.9900000095367432,1,10,8,True,350,50,1,0,accredited
fmnist,iid,42,1,2,100,0.7900000214576721,0,6,8,True,350,50,1,1,below_threshold
fmnist,iid,42,1,3,100,0.8799999952316284,1,10,8,True,350,50,1,0,accredited
fmnist,iid,42,1,4,100,0.8899999856948853,1,8,8,True,350,50,1,0,accredited
fmnist,iid,42,1,5,100,0.949999988079071,1,10,8,True,350,50,1,0,accredited
fmnist,iid,42,1,6,100,0.5400000214576721,0,0,8,True,350,50,1,1,below_threshold
fmnist,iid,42,1,7,100,0.8899999856948853,1,10,8,True,350,50,1,0,accredited
fmnist,iid,42,1,8,100,0.949999988079071,1,10,8,True,350,50,1,0,accredited
fmnist,iid,42,1,9,100,0.9800000190734864,1,10,8,True,350,50,1,0,accredited
fmnist,iid,42,2,0,100,0.8600000143051147,1,10,9,True,350,50,1,0,accredited
fmnist,iid,42,2,1,100,0.9900000095367432,1,10,9,True,350,50,1,0,accredited
fmnist,iid,42,2,2,100,0.8100000023841858,1,6,9,True,350,50,1,0,accredited
fmnist,iid,42,2,3,100,0.9300000071525574,1,10,9,True,350,50,1,0,accredited
fmnist,iid,42,2,4,100,0.8199999928474426,1,8,9,True,350,50,1,0,accredited
fmnist,iid,42,2,5,100,0.9700000286102296,1,10,9,True,350,50,1,0,accredited
fmnist,iid,42,2,6,100,0.550000011920929,0,0,9,True,350,50,1,1,below_threshold
fmnist,iid,42,2,7,100,0.9800000190734864,1,10,9,True,350,50,1,0,accredited
fmnist,iid,42,2,8,100,0.9300000071525574,1,10,9,True,350,50,1,0,accredited
fmnist,iid,42,2,9,100,0.949999988079071,1,10,9,True,350,50,1,0,accredited
fmnist,iid,42,3,0,100,0.8100000023841858,1,10,9,True,350,50,1,0,accredited
fmnist,iid,42,3,1,100,0.9900000095367432,1,10,9,True,350,50,1,0,accredited
fmnist,iid,42,3,2,100,0.8399999737739563,1,6,9,True,350,50,1,0,accredited
fmnist,iid,42,3,3,100,0.9800000190734864,1,10,9,True,350,50,1,0,accredited
fmnist,iid,42,3,4,100,0.8500000238418579,1,8,9,True,350,50,1,0,accredited
fmnist,iid,42,3,5,100,0.8700000047683716,1,10,9,True,350,50,1,0,accredited
fmnist,iid,42,3,6,100,0.550000011920929,0,0,9,True,350,50,1,1,below_threshold
fmnist,iid,42,3,7,100,0.9700000286102296,1,10,9,True,350,50,1,0,accredited
fmnist,iid,42,3,8,100,0.9200000166893004,1,10,9,True,350,50,1,0,accredited
fmnist,iid,42,3,9,100,0.959999978542328,1,10,9,True,350,50,1,0,accredited
fmnist,iid,42,4,0,100,0.9399999976158142,1,10,9,True,350,50,1,0,accredited
fmnist,iid,42,4,1,100,1.0,1,10,9,True,350,50,1,0,accredited
fmnist,iid,42,4,2,100,0.8899999856948853,1,6,9,True,350,50,1,0,accredited
fmnist,iid,42,4,3,100,0.8399999737739563,1,10,9,True,350,50,1,0,accredited
fmnist,iid,42,4,4,100,0.8799999952316284,1,8,9,True,350,50,1,0,accredited
fmnist,iid,42,4,5,100,0.9800000190734864,1,10,9,True,350,50,1,0,accredited
fmnist,iid,42,4,6,100,0.5899999737739563,0,0,9,True,350,50,1,1,below_threshold
fmnist,iid,42,4,7,100,0.9800000190734864,1,10,9,True,350,50,1,0,accredited
fmnist,iid,42,4,8,100,0.9399999976158142,1,10,9,True,350,50,1,0,accredited
fmnist,iid,42,4,9,100,0.9399999976158142,1,10,9,True,350,50,1,0,accredited
fmnist,iid,42,5,0,100,0.8100000023841858,1,10,7,True,350,50,1,0,accredited
fmnist,iid,42,5,1,100,0.9200000166893004,1,10,7,True,350,50,1,0,accredited
fmnist,iid,42,5,2,100,0.7400000095367432,0,6,7,True,350,50,1,1,below_threshold
fmnist,iid,42,5,3,100,0.9399999976158142,1,10,7,True,350,50,1,0,accredited
fmnist,iid,42,5,4,100,0.7200000286102295,0,8,7,True,350,50,1,1,below_threshold
fmnist,iid,42,5,5,100,0.9900000095367432,1,10,7,True,350,50,1,0,accredited
fmnist,iid,42,5,6,100,0.6700000166893005,0,0,7,True,350,50,1,1,below_threshold
fmnist,iid,42,5,7,100,0.949999988079071,1,10,7,True,350,50,1,0,accredited
fmnist,iid,42,5,8,100,1.0,1,10,7,True,350,50,1,0,accredited
fmnist,iid,42,5,9,100,0.8899999856948853,1,10,7,True,350,50,1,0,accredited
fmnist,iid,42,6,0,100,0.8600000143051147,1,10,8,True,350,50,1,0,accredited
fmnist,iid,42,6,1,100,0.9900000095367432,1,10,8,True,350,50,1,0,accredited
fmnist,iid,42,6,2,100,0.7599999904632568,0,6,8,True,350,50,1,1,below_threshold
fmnist,iid,42,6,3,100,0.9300000071525574,1,10,8,True,350,50,1,0,accredited
fmnist,iid,42,6,4,100,0.9300000071525574,1,8,8,True,350,50,1,0,accredited
fmnist,iid,42,6,5,100,0.9800000190734864,1,10,8,True,350,50,1,0,accredited
fmnist,iid,42,6,6,100,0.5400000214576721,0,0,8,True,350,50,1,1,below_threshold
fmnist,iid,42,6,7,100,0.9300000071525574,1,10,8,True,350,50,1,0,accredited
fmnist,iid,42,6,8,100,0.9800000190734864,1,10,8,True,350,50,1,0,accredited
fmnist,iid,42,6,9,100,0.9700000286102296,1,10,8,True,350,50,1,0,accredited
fmnist,iid,42,7,0,100,0.8199999928474426,1,10,8,True,350,50,1,0,accredited
fmnist,iid,42,7,1,100,0.9399999976158142,1,10,8,True,350,50,1,0,accredited
fmnist,iid,42,7,2,100,0.7699999809265137,0,6,8,True,350,50,1,1,below_threshold
fmnist,iid,42,7,3,100,0.8700000047683716,1,10,8,True,350,50,1,0,accredited
fmnist,iid,42,7,4,100,0.800000011920929,1,8,8,True,350,50,1,0,accredited
fmnist,iid,42,7,5,100,0.9900000095367432,1,10,8,True,350,50,1,0,accredited
fmnist,iid,42,7,6,100,0.7900000214576721,0,0,8,True,350,50,1,1,below_threshold
fmnist,iid,42,7,7,100,0.9700000286102296,1,10,8,True,350,50,1,0,accredited
fmnist,iid,42,7,8,100,0.9700000286102296,1,10,8,True,350,50,1,0,accredited
fmnist,iid,42,7,9,100,0.8500000238418579,1,10,8,True,350,50,1,0,accredited
fmnist,iid,42,8,0,100,0.8600000143051147,1,10,9,True,350,50,1,0,accredited
fmnist,iid,42,8,1,100,0.9900000095367432,1,10,9,True,350,50,1,0,accredited
fmnist,iid,42,8,2,100,0.8600000143051147,1,6,9,True,350,50,1,0,accredited
fmnist,iid,42,8,3,100,0.9100000262260436,1,10,9,True,350,50,1,0,accredited
fmnist,iid,42,8,4,100,0.8600000143051147,1,8,9,True,350,50,1,0,accredited
fmnist,iid,42,8,5,100,0.9700000286102296,1,10,9,True,350,50,1,0,accredited
fmnist,iid,42,8,6,100,0.6899999976158142,0,0,9,True,350,50,1,1,below_threshold
fmnist,iid,42,8,7,100,1.0,1,10,9,True,350,50,1,0,accredited
fmnist,iid,42,8,8,100,0.9200000166893004,1,10,9,True,350,50,1,0,accredited
fmnist,iid,42,8,9,100,0.8100000023841858,1,10,9,True,350,50,1,0,accredited
fmnist,iid,42,9,0,100,0.8600000143051147,1,10,9,True,350,50,1,0,accredited
fmnist,iid,42,9,1,100,0.959999978542328,1,10,9,True,350,50,1,0,accredited
fmnist,iid,42,9,2,100,0.8999999761581421,1,6,9,True,350,50,1,0,accredited
fmnist,iid,42,9,3,100,0.9300000071525574,1,10,9,True,350,50,1,0,accredited
fmnist,iid,42,9,4,100,0.8500000238418579,1,8,9,True,350,50,1,0,accredited
fmnist,iid,42,9,5,100,0.9700000286102296,1,10,9,True,350,50,1,0,accredited
fmnist,iid,42,9,6,100,0.699999988079071,0,0,9,True,350,50,1,1,below_threshold
fmnist,iid,42,9,7,100,0.9900000095367432,1,10,9,True,350,50,1,0,accredited
fmnist,iid,42,9,8,100,0.9700000286102296,1,10,9,True,350,50,1,0,accredited
fmnist,iid,42,9,9,100,0.9200000166893004,1,10,9,True,350,50,1,0,accredited
fmnist,iid,43,0,0,100,0.75,0,6,7,True,350,50,1,1,below_threshold
fmnist,iid,43,0,1,100,0.9800000190734864,1,10,7,True,350,50,1,0,accredited
fmnist,iid,43,0,2,100,0.8700000047683716,1,5,7,True,350,50,1,0,accredited
fmnist,iid,43,0,3,100,0.949999988079071,1,10,7,True,350,50,1,0,accredited
fmnist,iid,43,0,4,100,0.7900000214576721,0,5,7,True,350,50,1,1,below_threshold
fmnist,iid,43,0,5,100,0.9800000190734864,1,10,7,True,350,50,1,0,accredited
fmnist,iid,43,0,6,100,0.7200000286102295,0,0,7,True,350,50,1,1,below_threshold
fmnist,iid,43,0,7,100,0.9200000166893004,1,10,7,True,350,50,1,0,accredited
fmnist,iid,43,0,8,100,0.9300000071525574,1,10,7,True,350,50,1,0,accredited
fmnist,iid,43,0,9,100,0.9700000286102296,1,10,7,True,350,50,1,0,accredited
fmnist,iid,43,1,0,100,0.8899999856948853,1,6,8,True,350,50,1,0,accredited
fmnist,iid,43,1,1,100,0.959999978542328,1,10,8,True,350,50,1,0,accredited
fmnist,iid,43,1,2,100,0.6600000262260437,0,5,8,True,350,50,1,1,below_threshold
fmnist,iid,43,1,3,100,0.8299999833106995,1,10,8,True,350,50,1,0,accredited
fmnist,iid,43,1,4,100,0.8500000238418579,1,5,8,True,350,50,1,0,accredited
fmnist,iid,43,1,5,100,0.9700000286102296,1,10,8,True,350,50,1,0,accredited
fmnist,iid,43,1,6,100,0.550000011920929,0,0,8,True,350,50,1,1,below_threshold
fmnist,iid,43,1,7,100,0.9100000262260436,1,10,8,True,350,50,1,0,accredited
fmnist,iid,43,1,8,100,0.9800000190734864,1,10,8,True,350,50,1,0,accredited
fmnist,iid,43,1,9,100,0.9800000190734864,1,10,8,True,350,50,1,0,accredited
fmnist,iid,43,2,0,100,0.7599999904632568,0,6,7,True,350,50,1,1,below_threshold
fmnist,iid,43,2,1,100,0.9800000190734864,1,10,7,True,350,50,1,0,accredited
fmnist,iid,43,2,2,100,0.8600000143051147,1,5,7,True,350,50,1,0,accredited
fmnist,iid,43,2,3,100,0.9100000262260436,1,10,7,True,350,50,1,0,accredited
fmnist,iid,43,2,4,100,0.699999988079071,0,5,7,True,350,50,1,1,below_threshold
fmnist,iid,43,2,5,100,0.9300000071525574,1,10,7,True,350,50,1,0,accredited
fmnist,iid,43,2,6,100,0.699999988079071,0,0,7,True,350,50,1,1,below_threshold
fmnist,iid,43,2,7,100,0.9300000071525574,1,10,7,True,350,50,1,0,accredited
fmnist,iid,43,2,8,100,0.949999988079071,1,10,7,True,350,50,1,0,accredited
fmnist,iid,43,2,9,100,0.9700000286102296,1,10,7,True,350,50,1,0,accredited
fmnist,iid,43,3,0,100,0.8899999856948853,1,6,9,True,350,50,1,0,accredited
fmnist,iid,43,3,1,100,0.9800000190734864,1,10,9,True,350,50,1,0,accredited
fmnist,iid,43,3,2,100,0.8600000143051147,1,5,9,True,350,50,1,0,accredited
fmnist,iid,43,3,3,100,0.8799999952316284,1,10,9,True,350,50,1,0,accredited
fmnist,iid,43,3,4,100,0.8299999833106995,1,5,9,True,350,50,1,0,accredited
fmnist,iid,43,3,5,100,0.949999988079071,1,10,9,True,350,50,1,0,accredited
fmnist,iid,43,3,6,100,0.6000000238418579,0,0,9,True,350,50,1,1,below_threshold
fmnist,iid,43,3,7,100,0.9100000262260436,1,10,9,True,350,50,1,0,accredited
fmnist,iid,43,3,8,100,0.959999978542328,1,10,9,True,350,50,1,0,accredited
fmnist,iid,43,3,9,100,0.959999978542328,1,10,9,True,350,50,1,0,accredited
fmnist,iid,43,4,0,100,0.699999988079071,0,6,8,True,350,50,1,1,below_threshold
fmnist,iid,43,4,1,100,0.9900000095367432,1,10,8,True,350,50,1,0,accredited
fmnist,iid,43,4,2,100,0.8100000023841858,1,5,8,True,350,50,1,0,accredited
fmnist,iid,43,4,3,100,0.8500000238418579,1,10,8,True,350,50,1,0,accredited
fmnist,iid,43,4,4,100,0.8899999856948853,1,5,8,True,350,50,1,0,accredited
fmnist,iid,43,4,5,100,0.9700000286102296,1,10,8,True,350,50,1,0,accredited
fmnist,iid,43,4,6,100,0.6600000262260437,0,0,8,True,350,50,1,1,below_threshold
fmnist,iid,43,4,7,100,0.9399999976158142,1,10,8,True,350,50,1,0,accredited
fmnist,iid,43,4,8,100,0.9800000190734864,1,10,8,True,350,50,1,0,accredited
fmnist,iid,43,4,9,100,0.9300000071525574,1,10,8,True,350,50,1,0,accredited
fmnist,iid,43,5,0,100,0.800000011920929,1,6,7,True,350,50,1,0,accredited
fmnist,iid,43,5,1,100,0.959999978542328,1,10,7,True,350,50,1,0,accredited
fmnist,iid,43,5,2,100,0.7099999785423279,0,5,7,True,350,50,1,1,below_threshold
fmnist,iid,43,5,3,100,0.9200000166893004,1,10,7,True,350,50,1,0,accredited
fmnist,iid,43,5,4,100,0.7799999713897705,0,5,7,True,350,50,1,1,below_threshold
fmnist,iid,43,5,5,100,0.9300000071525574,1,10,7,True,350,50,1,0,accredited
fmnist,iid,43,5,6,100,0.7699999809265137,0,0,7,True,350,50,1,1,below_threshold
fmnist,iid,43,5,7,100,0.959999978542328,1,10,7,True,350,50,1,0,accredited
fmnist,iid,43,5,8,100,0.9900000095367432,1,10,7,True,350,50,1,0,accredited
fmnist,iid,43,5,9,100,0.949999988079071,1,10,7,True,350,50,1,0,accredited
fmnist,iid,43,6,0,100,0.8899999856948853,1,6,7,True,350,50,1,0,accredited
fmnist,iid,43,6,1,100,0.9300000071525574,1,10,7,True,350,50,1,0,accredited
fmnist,iid,43,6,2,100,0.7900000214576721,0,5,7,True,350,50,1,1,below_threshold
fmnist,iid,43,6,3,100,0.8600000143051147,1,10,7,True,350,50,1,0,accredited
fmnist,iid,43,6,4,100,0.7900000214576721,0,5,7,True,350,50,1,1,below_threshold
fmnist,iid,43,6,5,100,0.959999978542328,1,10,7,True,350,50,1,0,accredited
fmnist,iid,43,6,6,100,0.6499999761581421,0,0,7,True,350,50,1,1,below_threshold
fmnist,iid,43,6,7,100,0.9300000071525574,1,10,7,True,350,50,1,0,accredited
fmnist,iid,43,6,8,100,0.949999988079071,1,10,7,True,350,50,1,0,accredited
fmnist,iid,43,6,9,100,0.9399999976158142,1,10,7,True,350,50,1,0,accredited
fmnist,iid,43,7,0,100,0.75,0,6,7,True,350,50,1,1,below_threshold
fmnist,iid,43,7,1,100,0.9700000286102296,1,10,7,True,350,50,1,0,accredited
fmnist,iid,43,7,2,100,0.7699999809265137,0,5,7,True,350,50,1,1,below_threshold
fmnist,iid,43,7,3,100,0.8399999737739563,1,10,7,True,350,50,1,0,accredited
fmnist,iid,43,7,4,100,0.8199999928474426,1,5,7,True,350,50,1,0,accredited
fmnist,iid,43,7,5,100,0.9100000262260436,1,10,7,True,350,50,1,0,accredited
fmnist,iid,43,7,6,100,0.7799999713897705,0,0,7,True,350,50,1,1,below_threshold
fmnist,iid,43,7,7,100,0.949999988079071,1,10,7,True,350,50,1,0,accredited
fmnist,iid,43,7,8,100,0.959999978542328,1,10,7,True,350,50,1,0,accredited
fmnist,iid,43,7,9,100,0.949999988079071,1,10,7,True,350,50,1,0,accredited
fmnist,iid,43,8,0,100,0.8100000023841858,1,6,9,True,350,50,1,0,accredited
fmnist,iid,43,8,1,100,0.9700000286102296,1,10,9,True,350,50,1,0,accredited
fmnist,iid,43,8,2,100,0.8199999928474426,1,5,9,True,350,50,1,0,accredited
fmnist,iid,43,8,3,100,0.8899999856948853,1,10,9,True,350,50,1,0,accredited
fmnist,iid,43,8,4,100,0.8799999952316284,1,5,9,True,350,50,1,0,accredited
fmnist,iid,43,8,5,100,0.959999978542328,1,10,9,True,350,50,1,0,accredited
fmnist,iid,43,8,6,100,0.7799999713897705,0,0,9,True,350,50,1,1,below_threshold
fmnist,iid,43,8,7,100,0.9900000095367432,1,10,9,True,350,50,1,0,accredited
fmnist,iid,43,8,8,100,1.0,1,10,9,True,350,50,1,0,accredited
fmnist,iid,43,8,9,100,0.949999988079071,1,10,9,True,350,50,1,0,accredited
fmnist,iid,43,9,0,100,0.8600000143051147,1,6,7,True,350,50,1,0,accredited
fmnist,iid,43,9,1,100,0.9700000286102296,1,10,7,True,350,50,1,0,accredited
fmnist,iid,43,9,2,100,0.75,0,5,7,True,350,50,1,1,below_threshold
fmnist,iid,43,9,3,100,0.8500000238418579,1,10,7,True,350,50,1,0,accredited
fmnist,iid,43,9,4,100,0.699999988079071,0,5,7,True,350,50,1,1,below_threshold
fmnist,iid,43,9,5,100,0.9399999976158142,1,10,7,True,350,50,1,0,accredited
fmnist,iid,43,9,6,100,0.5699999928474426,0,0,7,True,350,50,1,1,below_threshold
fmnist,iid,43,9,7,100,0.9200000166893004,1,10,7,True,350,50,1,0,accredited
fmnist,iid,43,9,8,100,0.959999978542328,1,10,7,True,350,50,1,0,accredited
fmnist,iid,43,9,9,100,0.9300000071525574,1,10,7,True,350,50,1,0,accredited
fmnist,iid,44,0,0,100,0.8500000238418579,1,9,8,True,350,50,1,0,accredited
fmnist,iid,44,0,1,100,0.9800000190734864,1,10,8,True,350,50,1,0,accredited
fmnist,iid,44,0,2,100,0.9200000166893004,1,7,8,True,350,50,1,0,accredited
fmnist,iid,44,0,3,100,0.9100000262260436,1,10,8,True,350,50,1,0,accredited
fmnist,iid,44,0,4,100,0.7599999904632568,0,4,8,True,350,50,1,1,below_threshold
fmnist,iid,44,0,5,100,0.9700000286102296,1,10,8,True,350,50,1,0,accredited
fmnist,iid,44,0,6,100,0.6499999761581421,0,0,8,True,350,50,1,1,below_threshold
fmnist,iid,44,0,7,100,0.949999988079071,1,10,8,True,350,50,1,0,accredited
fmnist,iid,44,0,8,100,0.9700000286102296,1,10,8,True,350,50,1,0,accredited
fmnist,iid,44,0,9,100,0.9300000071525574,1,10,8,True,350,50,1,0,accredited
fmnist,iid,44,1,0,100,0.8100000023841858,1,9,8,True,350,50,1,0,accredited
fmnist,iid,44,1,1,100,0.959999978542328,1,10,8,True,350,50,1,0,accredited
fmnist,iid,44,1,2,100,0.8600000143051147,1,7,8,True,350,50,1,0,accredited
fmnist,iid,44,1,3,100,0.8799999952316284,1,10,8,True,350,50,1,0,accredited
fmnist,iid,44,1,4,100,0.75,0,4,8,True,350,50,1,1,below_threshold
fmnist,iid,44,1,5,100,0.9100000262260436,1,10,8,True,350,50,1,0,accredited
fmnist,iid,44,1,6,100,0.7799999713897705,0,0,8,True,350,50,1,1,below_threshold
fmnist,iid,44,1,7,100,0.8999999761581421,1,10,8,True,350,50,1,0,accredited
fmnist,iid,44,1,8,100,0.9399999976158142,1,10,8,True,350,50,1,0,accredited
fmnist,iid,44,1,9,100,0.9900000095367432,1,10,8,True,350,50,1,0,accredited
fmnist,iid,44,2,0,100,0.8399999737739563,1,9,8,True,350,50,1,0,accredited
fmnist,iid,44,2,1,100,0.949999988079071,1,10,8,True,350,50,1,0,accredited
fmnist,iid,44,2,2,100,0.8500000238418579,1,7,8,True,350,50,1,0,accredited
fmnist,iid,44,2,3,100,0.8399999737739563,1,10,8,True,350,50,1,0,accredited
fmnist,iid,44,2,4,100,0.7799999713897705,0,4,8,True,350,50,1,1,below_threshold
fmnist,iid,44,2,5,100,0.949999988079071,1,10,8,True,350,50,1,0,accredited
fmnist,iid,44,2,6,100,0.6200000047683716,0,0,8,True,350,50,1,1,below_threshold
fmnist,iid,44,2,7,100,0.9700000286102296,1,10,8,True,350,50,1,0,accredited
fmnist,iid,44,2,8,100,0.9700000286102296,1,10,8,True,350,50,1,0,accredited
fmnist,iid,44,2,9,100,0.9800000190734864,1,10,8,True,350,50,1,0,accredited
fmnist,iid,44,3,0,100,0.8199999928474426,1,9,7,True,350,50,1,0,accredited
fmnist,iid,44,3,1,100,0.9900000095367432,1,10,7,True,350,50,1,0,accredited
fmnist,iid,44,3,2,100,0.7300000190734863,0,7,7,True,350,50,1,1,below_threshold
fmnist,iid,44,3,3,100,0.9200000166893004,1,10,7,True,350,50,1,0,accredited
fmnist,iid,44,3,4,100,0.7400000095367432,0,4,7,True,350,50,1,1,below_threshold
fmnist,iid,44,3,5,100,0.8799999952316284,1,10,7,True,350,50,1,0,accredited
fmnist,iid,44,3,6,100,0.7400000095367432,0,0,7,True,350,50,1,1,below_threshold
fmnist,iid,44,3,7,100,0.9700000286102296,1,10,7,True,350,50,1,0,accredited
fmnist,iid,44,3,8,100,0.9399999976158142,1,10,7,True,350,50,1,0,accredited
fmnist,iid,44,3,9,100,0.959999978542328,1,10,7,True,350,50,1,0,accredited
fmnist,iid,44,4,0,100,0.8999999761581421,1,9,8,True,350,50,1,0,accredited
fmnist,iid,44,4,1,100,0.9900000095367432,1,10,8,True,350,50,1,0,accredited
fmnist,iid,44,4,2,100,0.7699999809265137,0,7,8,True,350,50,1,1,below_threshold
fmnist,iid,44,4,3,100,0.8100000023841858,1,10,8,True,350,50,1,0,accredited
fmnist,iid,44,4,4,100,0.8600000143051147,1,4,8,True,350,50,1,0,accredited
fmnist,iid,44,4,5,100,0.9200000166893004,1,10,8,True,350,50,1,0,accredited
fmnist,iid,44,4,6,100,0.7300000190734863,0,0,8,True,350,50,1,1,below_threshold
fmnist,iid,44,4,7,100,0.9800000190734864,1,10,8,True,350,50,1,0,accredited
fmnist,iid,44,4,8,100,0.959999978542328,1,10,8,True,350,50,1,0,accredited
fmnist,iid,44,4,9,100,0.9399999976158142,1,10,8,True,350,50,1,0,accredited
fmnist,iid,44,5,0,100,0.800000011920929,1,9,9,True,350,50,1,0,accredited
fmnist,iid,44,5,1,100,0.9900000095367432,1,10,9,True,350,50,1,0,accredited
fmnist,iid,44,5,2,100,0.8799999952316284,1,7,9,True,350,50,1,0,accredited
fmnist,iid,44,5,3,100,0.8899999856948853,1,10,9,True,350,50,1,0,accredited
fmnist,iid,44,5,4,100,0.8199999928474426,1,4,9,True,350,50,1,0,accredited
fmnist,iid,44,5,5,100,0.9700000286102296,1,10,9,True,350,50,1,0,accredited
fmnist,iid,44,5,6,100,0.6200000047683716,0,0,9,True,350,50,1,1,below_threshold
fmnist,iid,44,5,7,100,0.9100000262260436,1,10,9,True,350,50,1,0,accredited
fmnist,iid,44,5,8,100,0.9800000190734864,1,10,9,True,350,50,1,0,accredited
fmnist,iid,44,5,9,100,0.9700000286102296,1,10,9,True,350,50,1,0,accredited
fmnist,iid,44,6,0,100,0.7699999809265137,0,9,8,True,350,50,1,1,below_threshold
fmnist,iid,44,6,1,100,0.9700000286102296,1,10,8,True,350,50,1,0,accredited
fmnist,iid,44,6,2,100,0.8600000143051147,1,7,8,True,350,50,1,0,accredited
fmnist,iid,44,6,3,100,0.8899999856948853,1,10,8,True,350,50,1,0,accredited
fmnist,iid,44,6,4,100,0.8700000047683716,1,4,8,True,350,50,1,0,accredited
fmnist,iid,44,6,5,100,0.959999978542328,1,10,8,True,350,50,1,0,accredited
fmnist,iid,44,6,6,100,0.6899999976158142,0,0,8,True,350,50,1,1,below_threshold
fmnist,iid,44,6,7,100,0.8700000047683716,1,10,8,True,350,50,1,0,accredited
fmnist,iid,44,6,8,100,0.9700000286102296,1,10,8,True,350,50,1,0,accredited
fmnist,iid,44,6,9,100,0.949999988079071,1,10,8,True,350,50,1,0,accredited
fmnist,iid,44,7,0,100,0.8899999856948853,1,9,8,True,350,50,1,0,accredited
fmnist,iid,44,7,1,100,0.9300000071525574,1,10,8,True,350,50,1,0,accredited
fmnist,iid,44,7,2,100,0.8500000238418579,1,7,8,True,350,50,1,0,accredited
fmnist,iid,44,7,3,100,0.9200000166893004,1,10,8,True,350,50,1,0,accredited
fmnist,iid,44,7,4,100,0.7400000095367432,0,4,8,True,350,50,1,1,below_threshold
fmnist,iid,44,7,5,100,0.9700000286102296,1,10,8,True,350,50,1,0,accredited
fmnist,iid,44,7,6,100,0.699999988079071,0,0,8,True,350,50,1,1,below_threshold
fmnist,iid,44,7,7,100,0.8999999761581421,1,10,8,True,350,50,1,0,accredited
fmnist,iid,44,7,8,100,0.9800000190734864,1,10,8,True,350,50,1,0,accredited
fmnist,iid,44,7,9,100,0.9800000190734864,1,10,8,True,350,50,1,0,accredited
fmnist,iid,44,8,0,100,0.8999999761581421,1,9,9,True,350,50,1,0,accredited
fmnist,iid,44,8,1,100,0.949999988079071,1,10,9,True,350,50,1,0,accredited
fmnist,iid,44,8,2,100,0.8700000047683716,1,7,9,True,350,50,1,0,accredited
fmnist,iid,44,8,3,100,0.8299999833106995,1,10,9,True,350,50,1,0,accredited
fmnist,iid,44,8,4,100,0.800000011920929,1,4,9,True,350,50,1,0,accredited
fmnist,iid,44,8,5,100,0.959999978542328,1,10,9,True,350,50,1,0,accredited
fmnist,iid,44,8,6,100,0.6899999976158142,0,0,9,True,350,50,1,1,below_threshold
fmnist,iid,44,8,7,100,0.8999999761581421,1,10,9,True,350,50,1,0,accredited
fmnist,iid,44,8,8,100,0.9700000286102296,1,10,9,True,350,50,1,0,accredited
fmnist,iid,44,8,9,100,0.9800000190734864,1,10,9,True,350,50,1,0,accredited
fmnist,iid,44,9,0,100,0.8700000047683716,1,9,7,True,350,50,1,0,accredited
fmnist,iid,44,9,1,100,0.9700000286102296,1,10,7,True,350,50,1,0,accredited
fmnist,iid,44,9,2,100,0.7400000095367432,0,7,7,True,350,50,1,1,below_threshold
fmnist,iid,44,9,3,100,0.9300000071525574,1,10,7,True,350,50,1,0,accredited
fmnist,iid,44,9,4,100,0.7300000190734863,0,4,7,True,350,50,1,1,below_threshold
fmnist,iid,44,9,5,100,0.959999978542328,1,10,7,True,350,50,1,0,accredited
fmnist,iid,44,9,6,100,0.6899999976158142,0,0,7,True,350,50,1,1,below_threshold
fmnist,iid,44,9,7,100,0.9300000071525574,1,10,7,True,350,50,1,0,accredited
fmnist,iid,44,9,8,100,0.9800000190734864,1,10,7,True,350,50,1,0,accredited
fmnist,iid,44,9,9,100,0.949999988079071,1,10,7,True,350,50,1,0,accredited
fmnist,alpha1p0,42,0,0,88,0.7045454382896423,0,4,7,True,309,44,1,1,below_threshold
fmnist,alpha1p0,42,0,1,58,0.9655172228813172,1,8,7,True,204,29,1,0,accredited
fmnist,alpha1p0,42,0,2,38,0.5263158082962036,0,4,7,True,134,19,1,1,below_threshold
fmnist,alpha1p0,42,0,3,123,0.8780487775802612,1,6,7,True,431,62,1,0,accredited
fmnist,alpha1p0,42,0,4,93,0.7419354915618896,0,3,7,True,325,46,1,1,below_threshold
fmnist,alpha1p0,42,0,5,273,0.9780219793319702,1,9,7,True,954,136,1,0,accredited
fmnist,alpha1p0,42,0,6,207,0.8502415418624878,1,3,7,True,727,104,1,0,accredited
fmnist,alpha1p0,42,0,7,125,0.9919999837875366,1,9,7,True,437,62,1,0,accredited
fmnist,alpha1p0,42,0,8,179,0.983240246772766,1,9,7,True,625,89,1,0,accredited
fmnist,alpha1p0,42,0,9,59,0.98305082321167,1,8,7,True,208,30,1,0,accredited
fmnist,alpha1p0,42,1,0,23,0.5652173757553101,0,4,6,True,81,12,1,1,below_threshold
fmnist,alpha1p0,42,1,1,3,0.6666666865348816,0,8,6,True,12,2,1,1,below_threshold
fmnist,alpha1p0,42,1,2,18,0.2222222238779068,0,4,6,True,65,9,1,1,below_threshold
fmnist,alpha1p0,42,1,3,123,0.9268292784690856,1,6,6,True,430,61,1,0,accredited
fmnist,alpha1p0,42,1,4,19,0.7894737124443054,0,3,6,True,68,10,1,1,below_threshold
fmnist,alpha1p0,42,1,5,37,0.9189189076423644,1,9,6,True,132,19,1,0,accredited
fmnist,alpha1p0,42,1,6,145,0.8068965673446655,1,3,6,True,506,72,1,0,accredited
fmnist,alpha1p0,42,1,7,121,0.942148745059967,1,9,6,True,425,61,1,0,accredited
fmnist,alpha1p0,42,1,8,65,0.9076923131942748,1,9,6,True,227,32,1,0,accredited
fmnist,alpha1p0,42,1,9,127,0.9763779640197754,1,8,6,True,446,64,1,0,accredited
fmnist,alpha1p0,42,2,0,61,0.7868852615356445,0,4,4,True,212,30,1,1,below_threshold
fmnist,alpha1p0,42,2,1,99,0.9797979593276978,1,8,4,True,345,49,1,0,accredited
fmnist,alpha1p0,42,2,2,204,0.9215686321258544,1,4,4,True,714,102,1,0,accredited
fmnist,alpha1p0,42,2,3,3,0.6666666865348816,0,6,4,True,12,2,1,1,below_threshold
fmnist,alpha1p0,42,2,4,52,0.557692289352417,0,3,4,True,183,26,1,1,below_threshold
fmnist,alpha1p0,42,2,5,260,0.9846153855323792,1,9,4,True,912,130,1,0,accredited
fmnist,alpha1p0,42,2,6,10,0.0,0,3,4,True,34,5,1,1,below_threshold
fmnist,alpha1p0,42,2,7,55,0.9818181991577148,1,9,4,True,193,28,1,0,accredited
fmnist,alpha1p0,42,2,8,4,0.75,0,9,4,True,14,2,1,1,below_threshold
fmnist,alpha1p0,42,2,9,9,0.7777777910232544,0,8,4,True,32,4,1,1,below_threshold
fmnist,alpha1p0,42,3,0,206,0.8980582356452942,1,4,8,True,721,103,1,0,accredited
fmnist,alpha1p0,42,3,1,111,0.9909909963607788,1,8,8,True,387,55,1,0,accredited
fmnist,alpha1p0,42,3,2,95,0.7052631378173828,0,4,8,True,333,48,1,1,below_threshold
fmnist,alpha1p0,42,3,3,165,0.9454545378684998,1,6,8,True,576,82,1,0,accredited
fmnist,alpha1p0,42,3,4,211,0.900473952293396,1,3,8,True,739,105,1,0,accredited
fmnist,alpha1p0,42,3,5,95,0.9894737005233764,1,9,8,True,335,48,1,0,accredited
fmnist,alpha1p0,42,3,6,42,0.3095238208770752,0,3,8,True,146,21,1,1,below_threshold
fmnist,alpha1p0,42,3,7,67,0.9104477763175964,1,9,8,True,234,33,1,0,accredited
fmnist,alpha1p0,42,3,8,41,0.9268292784690856,1,9,8,True,145,21,1,0,accredited
fmnist,alpha1p0,42,3,9,56,0.9464285969734192,1,8,8,True,195,28,1,0,accredited
fmnist,alpha1p0,42,4,0,258,0.9844961166381836,1,4,7,True,903,129,1,0,accredited
fmnist,alpha1p0,42,4,1,11,1.0,1,8,7,True,39,6,1,0,accredited
fmnist,alpha1p0,42,4,2,49,0.8163265585899353,1,4,7,True,172,24,1,0,accredited
fmnist,alpha1p0,42,4,3,35,0.7142857313156128,0,6,7,True,123,17,1,1,below_threshold
fmnist,alpha1p0,42,4,4,373,0.9678283929824828,1,3,7,True,1306,186,1,0,accredited
fmnist,alpha1p0,42,4,5,13,0.7692307829856873,0,9,7,True,47,7,1,1,below_threshold
fmnist,alpha1p0,42,4,6,23,0.1304347813129425,0,3,7,True,81,12,1,1,below_threshold
fmnist,alpha1p0,42,4,7,51,0.9215686321258544,1,9,7,True,180,26,1,0,accredited
fmnist,alpha1p0,42,4,8,86,0.9651162624359132,1,9,7,True,302,43,1,0,accredited
fmnist,alpha1p0,42,4,9,86,0.9767441749572754,1,8,7,True,301,43,1,0,accredited
fmnist,alpha1p0,42,5,0,17,0.8235294222831726,1,4,7,True,58,8,1,0,accredited
fmnist,alpha1p0,42,5,1,3,0.6666666865348816,0,8,7,True,9,1,1,1,below_threshold
fmnist,alpha1p0,42,5,2,301,0.95016610622406,1,4,7,True,1055,151,1,0,accredited
fmnist,alpha1p0,42,5,3,132,0.9469696879386902,1,6,7,True,462,66,1,0,accredited
fmnist,alpha1p0,42,5,4,90,0.6888889074325562,0,3,7,True,315,45,1,1,below_threshold
fmnist,alpha1p0,42,5,5,31,0.8709677457809448,1,9,7,True,111,16,1,0,accredited
fmnist,alpha1p0,42,5,6,3,0.0,0,3,7,True,11,2,1,1,below_threshold
fmnist,alpha1p0,42,5,7,335,0.9552238583564758,1,9,7,True,1173,167,1,0,accredited
fmnist,alpha1p0,42,5,8,251,0.980079710483551,1,9,7,True,880,126,1,0,accredited
fmnist,alpha1p0,42,5,9,254,0.9685039520263672,1,8,7,True,890,127,1,0,accredited
fmnist,alpha1p0,42,6,0,11,0.4545454680919647,0,4,5,True,38,5,1,1,below_threshold
fmnist,alpha1p0,42,6,1,40,0.975000023841858,1,8,5,True,139,20,1,0,accredited
fmnist,alpha1p0,42,6,2,25,0.7599999904632568,0,4,5,True,86,12,1,1,below_threshold
fmnist,alpha1p0,42,6,3,153,0.9738562107086182,1,6,5,True,534,76,1,0,accredited
fmnist,alpha1p0,42,6,4,8,0.0,0,3,5,True,29,4,1,1,below_threshold
fmnist,alpha1p0,42,6,5,31,0.9677419066429138,1,9,5,True,110,16,1,0,accredited
fmnist,alpha1p0,42,6,6,37,0.3243243098258972,0,3,5,True,130,18,1,1,below_threshold
fmnist,alpha1p0,42,6,7,22,0.7727272510528564,0,9,5,True,77,11,1,1,below_threshold
fmnist,alpha1p0,42,6,8,35,0.9714285731315612,1,9,5,True,121,17,1,0,accredited
fmnist,alpha1p0,42,6,9,112,0.9732142686843872,1,8,5,True,394,56,1,0,accredited
fmnist,alpha1p0,42,7,0,70,0.5142857432365417,0,4,6,True,246,35,1,1,below_threshold
fmnist,alpha1p0,42,7,1,338,0.9852070808410645,1,8,6,True,1185,169,1,0,accredited
fmnist,alpha1p0,42,7,2,44,0.6818181872367859,0,4,6,True,154,22,1,1,below_threshold
fmnist,alpha1p0,42,7,3,9,0.6666666865348816,0,6,6,True,34,5,1,1,below_threshold
fmnist,alpha1p0,42,7,4,26,0.4230769276618957,0,3,6,True,91,13,1,1,below_threshold
fmnist,alpha1p0,42,7,5,8,0.875,1,9,6,True,28,4,1,0,accredited
fmnist,alpha1p0,42,7,6,429,0.9440559148788452,1,3,6,True,1501,214,1,0,accredited
fmnist,alpha1p0,42,7,7,63,0.9841269850730896,1,9,6,True,221,32,1,0,accredited
fmnist,alpha1p0,42,7,8,139,0.9568345546722412,1,9,6,True,489,70,1,0,accredited
fmnist,alpha1p0,42,7,9,149,0.9060402512550354,1,8,6,True,520,74,1,0,accredited
fmnist,alpha1p0,42,8,0,15,0.6000000238418579,0,4,7,True,52,7,1,1,below_threshold
fmnist,alpha1p0,42,8,1,201,0.9751243591308594,1,8,7,True,706,101,1,0,accredited
fmnist,alpha1p0,42,8,2,214,0.8738317489624023,1,4,7,True,750,107,1,0,accredited
fmnist,alpha1p0,42,8,3,228,0.9649122953414916,1,6,7,True,797,114,1,0,accredited
fmnist,alpha1p0,42,8,4,10,0.3000000119209289,0,3,7,True,36,5,1,1,below_threshold
fmnist,alpha1p0,42,8,5,80,0.962499976158142,1,9,7,True,281,40,1,0,accredited
fmnist,alpha1p0,42,8,6,69,0.6376811861991882,0,3,7,True,241,34,1,1,below_threshold
fmnist,alpha1p0,42,8,7,134,0.9626865386962892,1,9,7,True,471,67,1,0,accredited
fmnist,alpha1p0,42,8,8,183,0.9562841653823853,1,9,7,True,641,92,1,0,accredited
fmnist,alpha1p0,42,8,9,146,0.9726027250289916,1,8,7,True,510,73,1,0,accredited
fmnist,alpha1p0,42,9,0,251,0.9920318722724916,1,4,6,True,881,126,1,0,accredited
fmnist,alpha1p0,42,9,1,135,0.985185205936432,1,8,6,True,475,68,1,0,accredited
fmnist,alpha1p0,42,9,2,11,0.2727272808551788,0,4,6,True,39,5,1,1,below_threshold
fmnist,alpha1p0,42,9,3,29,0.7931034564971924,0,6,6,True,102,14,1,1,below_threshold
fmnist,alpha1p0,42,9,4,117,0.9743589758872986,1,3,6,True,410,59,1,0,accredited
fmnist,alpha1p0,42,9,5,169,0.9822485446929932,1,9,6,True,592,85,1,0,accredited
fmnist,alpha1p0,42,9,6,35,0.3142857253551483,0,3,6,True,123,18,1,1,below_threshold
fmnist,alpha1p0,42,9,7,26,0.8461538553237915,1,9,6,True,90,13,1,0,accredited
fmnist,alpha1p0,42,9,8,16,0.8125,1,9,6,True,57,8,1,0,accredited
fmnist,alpha1p0,42,9,9,1,0.0,0,8,6,True,5,1,1,1,below_threshold
fmnist,alpha1p0,43,0,0,139,0.971222996711731,1,5,7,True,485,69,1,0,accredited
fmnist,alpha1p0,43,0,1,35,0.9428571462631226,1,10,7,True,123,17,1,0,accredited
fmnist,alpha1p0,43,0,2,85,0.6941176652908325,0,5,7,True,299,43,1,1,below_threshold
fmnist,alpha1p0,43,0,3,306,0.9313725233078004,1,6,7,True,1071,153,1,0,accredited
fmnist,alpha1p0,43,0,4,191,0.926701545715332,1,6,7,True,668,95,1,0,accredited
fmnist,alpha1p0,43,0,5,5,1.0,1,9,7,True,20,3,1,0,accredited
fmnist,alpha1p0,43,0,6,11,0.0,0,2,7,True,41,6,1,1,below_threshold
fmnist,alpha1p0,43,0,7,49,0.918367326259613,1,9,7,True,174,25,1,0,accredited
fmnist,alpha1p0,43,0,8,3,0.3333333432674408,0,9,7,True,10,1,1,1,below_threshold
fmnist,alpha1p0,43,0,9,77,0.9870129823684692,1,10,7,True,272,39,1,0,accredited
fmnist,alpha1p0,43,1,0,44,0.7954545617103577,0,5,7,True,155,22,1,1,below_threshold
fmnist,alpha1p0,43,1,1,12,1.0,1,10,7,True,41,6,1,0,accredited
fmnist,alpha1p0,43,1,2,39,0.8205128312110901,1,5,7,True,137,19,1,0,accredited
fmnist,alpha1p0,43,1,3,23,0.8695651888847351,1,6,7,True,81,12,1,0,accredited
fmnist,alpha1p0,43,1,4,19,0.6315789222717285,0,6,7,True,69,10,1,1,below_threshold
fmnist,alpha1p0,43,1,5,101,0.9504950642585754,1,9,7,True,356,51,1,0,accredited
fmnist,alpha1p0,43,1,6,11,0.0,0,2,7,True,39,6,1,1,below_threshold
fmnist,alpha1p0,43,1,7,154,0.9155844449996948,1,9,7,True,539,77,1,0,accredited
fmnist,alpha1p0,43,1,8,111,0.9729729890823364,1,9,7,True,388,55,1,0,accredited
fmnist,alpha1p0,43,1,9,35,0.8571428656578064,1,10,7,True,123,17,1,0,accredited
fmnist,alpha1p0,43,2,0,55,0.6909090876579285,0,5,6,True,191,27,1,1,below_threshold
fmnist,alpha1p0,43,2,1,171,0.988304078578949,1,10,6,True,598,85,1,0,accredited
fmnist,alpha1p0,43,2,2,71,0.6760563254356384,0,5,6,True,248,35,1,1,below_threshold
fmnist,alpha1p0,43,2,3,0,0.0,0,6,6,False,1,0,1,1,no_expertise_observations
fmnist,alpha1p0,43,2,4,7,0.2857142984867096,0,6,6,True,23,3,1,1,below_threshold
fmnist,alpha1p0,43,2,5,23,0.8260869383811951,1,9,6,True,83,12,1,0,accredited
fmnist,alpha1p0,43,2,6,222,0.9279279112815856,1,2,6,True,779,111,1,0,accredited
fmnist,alpha1p0,43,2,7,129,0.9379844665527344,1,9,6,True,450,64,1,0,accredited
fmnist,alpha1p0,43,2,8,91,0.9560439586639404,1,9,6,True,318,45,1,0,accredited
fmnist,alpha1p0,43,2,9,185,0.9621621370315552,1,10,6,True,648,92,1,0,accredited
fmnist,alpha1p0,43,3,0,96,0.7916666865348816,0,5,8,True,335,48,1,1,below_threshold
fmnist,alpha1p0,43,3,1,286,0.9720279574394226,1,10,8,True,1003,143,1,0,accredited
fmnist,alpha1p0,43,3,2,150,0.8066666722297668,1,5,8,True,526,75,1,0,accredited
fmnist,alpha1p0,43,3,3,159,0.949685513973236,1,6,8,True,557,79,1,0,accredited
fmnist,alpha1p0,43,3,4,0,0.0,0,6,8,False,0,0,0,0,absent_in_train
fmnist,alpha1p0,43,3,5,33,0.9090909361839294,1,9,8,True,115,16,1,0,accredited
fmnist,alpha1p0,43,3,6,230,0.821739137172699,1,2,8,True,805,115,1,0,accredited
fmnist,alpha1p0,43,3,7,291,0.9725086092948914,1,9,8,True,1020,146,1,0,accredited
fmnist,alpha1p0,43,3,8,54,0.8518518805503845,1,9,8,True,191,27,1,0,accredited
fmnist,alpha1p0,43,3,9,190,0.9263157844543456,1,10,8,True,666,95,1,0,accredited
fmnist,alpha1p0,43,4,0,22,0.6818181872367859,0,5,8,True,76,11,1,1,below_threshold
fmnist,alpha1p0,43,4,1,157,0.9745222926139832,1,10,8,True,550,79,1,0,accredited
fmnist,alpha1p0,43,4,2,146,0.835616409778595,1,5,8,True,510,73,1,0,accredited
fmnist,alpha1p0,43,4,3,31,0.9032257795333862,1,6,8,True,109,16,1,0,accredited
fmnist,alpha1p0,43,4,4,127,0.874015748500824,1,6,8,True,445,64,1,0,accredited
fmnist,alpha1p0,43,4,5,64,0.953125,1,9,8,True,223,32,1,0,accredited
fmnist,alpha1p0,43,4,6,97,0.7010309100151062,0,2,8,True,342,49,1,1,below_threshold
fmnist,alpha1p0,43,4,7,40,0.925000011920929,1,9,8,True,140,20,1,0,accredited
fmnist,alpha1p0,43,4,8,9,0.8888888955116272,1,9,8,True,31,4,1,0,accredited
fmnist,alpha1p0,43,4,9,41,0.9512194991111756,1,10,8,True,144,20,1,0,accredited
fmnist,alpha1p0,43,5,0,279,0.9139785170555116,1,5,7,True,977,139,1,0,accredited
fmnist,alpha1p0,43,5,1,57,0.9473684430122375,1,10,7,True,198,28,1,0,accredited
fmnist,alpha1p0,43,5,2,93,0.7526881694793701,0,5,7,True,326,47,1,1,below_threshold
fmnist,alpha1p0,43,5,3,33,0.7272727489471436,0,6,7,True,116,16,1,1,below_threshold
fmnist,alpha1p0,43,5,4,111,0.8558558821678162,1,6,7,True,389,56,1,0,accredited
fmnist,alpha1p0,43,5,5,247,0.9919028282165528,1,9,7,True,867,124,1,0,accredited
fmnist,alpha1p0,43,5,6,151,0.6688741445541382,0,2,7,True,529,76,1,1,below_threshold
fmnist,alpha1p0,43,5,7,160,0.931249976158142,1,9,7,True,559,80,1,0,accredited
fmnist,alpha1p0,43,5,8,151,0.9867549538612366,1,9,7,True,527,75,1,0,accredited
fmnist,alpha1p0,43,5,9,265,0.9735848903656006,1,10,7,True,930,133,1,0,accredited
fmnist,alpha1p0,43,6,0,68,0.8529411554336548,1,5,6,True,237,34,1,0,accredited
fmnist,alpha1p0,43,6,1,19,0.9473684430122375,1,10,6,True,67,9,1,0,accredited
fmnist,alpha1p0,43,6,2,15,0.4666666686534881,0,5,6,True,51,7,1,1,below_threshold
fmnist,alpha1p0,43,6,3,4,0.25,0,6,6,True,14,2,1,1,below_threshold
fmnist,alpha1p0,43,6,4,90,0.9333333373069764,1,6,6,True,315,45,1,0,accredited
fmnist,alpha1p0,43,6,5,19,0.6842105388641357,0,9,6,True,67,9,1,1,below_threshold
fmnist,alpha1p0,43,6,6,114,0.6491228342056274,0,2,6,True,401,57,1,1,below_threshold
fmnist,alpha1p0,43,6,7,38,0.921052634716034,1,9,6,True,133,19,1,0,accredited
fmnist,alpha1p0,43,6,8,4,1.0,1,9,6,True,14,2,1,0,accredited
fmnist,alpha1p0,43,6,9,68,1.0,1,10,6,True,240,34,1,0,accredited
fmnist,alpha1p0,43,7,0,30,0.4666666686534881,0,5,7,True,104,15,1,1,below_threshold
fmnist,alpha1p0,43,7,1,25,0.959999978542328,1,10,7,True,86,12,1,0,accredited
fmnist,alpha1p0,43,7,2,155,0.8774193525314331,1,5,7,True,542,77,1,0,accredited
fmnist,alpha1p0,43,7,3,243,0.9629629850387572,1,6,7,True,849,121,1,0,accredited
fmnist,alpha1p0,43,7,4,79,0.7341772317886353,0,6,7,True,275,39,1,1,below_threshold
fmnist,alpha1p0,43,7,5,151,0.9668874144554138,1,9,7,True,529,75,1,0,accredited
fmnist,alpha1p0,43,7,6,69,0.739130437374115,0,2,7,True,240,34,1,1,below_threshold
fmnist,alpha1p0,43,7,7,49,0.918367326259613,1,9,7,True,173,25,1,0,accredited
fmnist,alpha1p0,43,7,8,28,0.9642857313156128,1,9,7,True,100,14,1,0,accredited
fmnist,alpha1p0,43,7,9,55,0.9454545378684998,1,10,7,True,193,28,1,0,accredited
fmnist,alpha1p0,43,8,0,87,0.931034505367279,1,5,8,True,303,43,1,0,accredited
fmnist,alpha1p0,43,8,1,64,0.96875,1,10,8,True,223,32,1,0,accredited
fmnist,alpha1p0,43,8,2,35,0.7428571581840515,0,5,8,True,123,17,1,1,below_threshold
fmnist,alpha1p0,43,8,3,157,0.9235668778419496,1,6,8,True,550,78,1,0,accredited
fmnist,alpha1p0,43,8,4,178,0.932584285736084,1,6,8,True,622,89,1,0,accredited
fmnist,alpha1p0,43,8,5,240,0.9833333492279052,1,9,8,True,842,120,1,0,accredited
fmnist,alpha1p0,43,8,6,3,0.0,0,2,8,True,13,2,1,1,below_threshold
fmnist,alpha1p0,43,8,7,73,0.8767123222351074,1,9,8,True,256,36,1,0,accredited
fmnist,alpha1p0,43,8,8,439,0.9931662678718568,1,9,8,True,1536,219,1,0,accredited
fmnist,alpha1p0,43,8,9,29,0.8620689511299133,1,10,8,True,101,14,1,0,accredited
fmnist,alpha1p0,43,9,0,182,0.917582392692566,1,5,7,True,636,91,1,0,accredited
fmnist,alpha1p0,43,9,1,175,0.9657142758369446,1,10,7,True,612,87,1,0,accredited
fmnist,alpha1p0,43,9,2,211,0.9241706132888794,1,5,7,True,739,106,1,0,accredited
fmnist,alpha1p0,43,9,3,44,0.7954545617103577,0,6,7,True,153,22,1,1,below_threshold
fmnist,alpha1p0,43,9,4,198,0.8383838534355164,1,6,7,True,694,99,1,0,accredited
fmnist,alpha1p0,43,9,5,115,0.991304337978363,1,9,7,True,401,57,1,0,accredited
fmnist,alpha1p0,43,9,6,89,0.4719101190567016,0,2,7,True,313,45,1,1,below_threshold
fmnist,alpha1p0,43,9,7,16,0.6875,0,9,7,True,57,8,1,1,below_threshold
fmnist,alpha1p0,43,9,8,111,0.954954981803894,1,9,7,True,387,55,1,0,accredited
fmnist,alpha1p0,43,9,9,53,0.9622641801834106,1,10,7,True,186,27,1,0,accredited
fmnist,alpha1p0,44,0,0,133,0.9548872113227844,1,7,7,True,466,67,1,0,accredited
fmnist,alpha1p0,44,0,1,30,0.9666666388511658,1,10,7,True,105,15,1,0,accredited
fmnist,alpha1p0,44,0,2,36,0.8333333134651184,1,6,7,True,126,18,1,0,accredited
fmnist,alpha1p0,44,0,3,16,0.75,0,7,7,True,57,8,1,1,below_threshold
fmnist,alpha1p0,44,0,4,27,0.7407407164573669,0,5,7,True,95,14,1,1,below_threshold
fmnist,alpha1p0,44,0,5,79,0.9240506291389464,1,10,7,True,276,39,1,0,accredited
fmnist,alpha1p0,44,0,6,43,0.5581395626068115,0,1,7,True,149,21,1,1,below_threshold
fmnist,alpha1p0,44,0,7,142,1.0,1,9,7,True,497,71,1,0,accredited
fmnist,alpha1p0,44,0,8,13,1.0,1,10,7,True,44,6,1,0,accredited
fmnist,alpha1p0,44,0,9,133,0.9248120188713074,1,9,7,True,468,67,1,0,accredited
fmnist,alpha1p0,44,1,0,6,0.1666666716337204,0,7,7,True,21,3,1,1,below_threshold
fmnist,alpha1p0,44,1,1,374,0.9866310358047484,1,10,7,True,1311,187,1,0,accredited
fmnist,alpha1p0,44,1,2,32,0.53125,0,6,7,True,113,16,1,1,below_threshold
fmnist,alpha1p0,44,1,3,59,0.8135592937469482,1,7,7,True,207,30,1,0,accredited
fmnist,alpha1p0,44,1,4,152,0.9342105388641356,1,5,7,True,531,76,1,0,accredited
fmnist,alpha1p0,44,1,5,62,0.9677419066429138,1,10,7,True,217,31,1,0,accredited
fmnist,alpha1p0,44,1,6,93,0.7956989407539368,0,1,7,True,326,47,1,1,below_threshold
fmnist,alpha1p0,44,1,7,119,0.9663865566253662,1,9,7,True,416,59,1,0,accredited
fmnist,alpha1p0,44,1,8,206,0.9611650705337524,1,10,7,True,720,103,1,0,accredited
fmnist,alpha1p0,44,1,9,191,0.9685863852500916,1,9,7,True,671,96,1,0,accredited
fmnist,alpha1p0,44,2,0,149,0.9060402512550354,1,7,7,True,520,74,1,0,accredited
fmnist,alpha1p0,44,2,1,26,1.0,1,10,7,True,91,13,1,0,accredited
fmnist,alpha1p0,44,2,2,158,0.797468364238739,0,6,7,True,552,79,1,1,below_threshold
fmnist,alpha1p0,44,2,3,182,0.9285714030265808,1,7,7,True,638,91,1,0,accredited
fmnist,alpha1p0,44,2,4,212,0.9292452931404114,1,5,7,True,741,106,1,0,accredited
fmnist,alpha1p0,44,2,5,39,0.9487179517745972,1,10,7,True,136,19,1,0,accredited
fmnist,alpha1p0,44,2,6,42,0.2857142984867096,0,1,7,True,149,21,1,1,below_threshold
fmnist,alpha1p0,44,2,7,42,0.7857142686843872,0,9,7,True,149,21,1,1,below_threshold
fmnist,alpha1p0,44,2,8,38,0.9473684430122375,1,10,7,True,134,19,1,0,accredited
fmnist,alpha1p0,44,2,9,107,0.9813084006309508,1,9,7,True,374,53,1,0,accredited
fmnist,alpha1p0,44,3,0,187,0.930481255054474,1,7,7,True,653,93,1,0,accredited
fmnist,alpha1p0,44,3,1,79,0.949367105960846,1,10,7,True,277,39,1,0,accredited
fmnist,alpha1p0,44,3,2,45,0.644444465637207,0,6,7,True,160,23,1,1,below_threshold
fmnist,alpha1p0,44,3,3,201,0.9502487778663636,1,7,7,True,704,100,1,0,accredited
fmnist,alpha1p0,44,3,4,26,0.4230769276618957,0,5,7,True,91,13,1,1,below_threshold
fmnist,alpha1p0,44,3,5,89,0.9550561904907228,1,10,7,True,313,45,1,0,accredited
fmnist,alpha1p0,44,3,6,96,0.65625,0,1,7,True,338,48,1,1,below_threshold
fmnist,alpha1p0,44,3,7,51,0.8823529481887817,1,9,7,True,178,25,1,0,accredited
fmnist,alpha1p0,44,3,8,81,0.9629629850387572,1,10,7,True,284,40,1,0,accredited
fmnist,alpha1p0,44,3,9,60,0.949999988079071,1,9,7,True,209,30,1,0,accredited
fmnist,alpha1p0,44,4,0,53,0.8867924809455872,1,7,7,True,186,27,1,0,accredited
fmnist,alpha1p0,44,4,1,229,0.9781659245491028,1,10,7,True,800,114,1,0,accredited
fmnist,alpha1p0,44,4,2,17,0.8235294222831726,1,6,7,True,60,9,1,0,accredited
fmnist,alpha1p0,44,4,3,5,0.6000000238418579,0,7,7,True,18,2,1,1,below_threshold
fmnist,alpha1p0,44,4,4,109,0.9541284441947936,1,5,7,True,380,54,1,0,accredited
fmnist,alpha1p0,44,4,5,215,0.9860464930534364,1,10,7,True,752,107,1,0,accredited
fmnist,alpha1p0,44,4,6,27,0.4074074029922485,0,1,7,True,93,13,1,1,below_threshold
fmnist,alpha1p0,44,4,7,101,0.9801980257034302,1,9,7,True,352,50,1,0,accredited
fmnist,alpha1p0,44,4,8,5,0.800000011920929,1,10,7,True,18,2,1,0,accredited
fmnist,alpha1p0,44,4,9,28,0.7857142686843872,0,9,7,True,99,14,1,1,below_threshold
fmnist,alpha1p0,44,5,0,129,0.8759689927101135,1,7,8,True,451,64,1,0,accredited
fmnist,alpha1p0,44,5,1,15,0.8666666746139526,1,10,8,True,53,7,1,0,accredited
fmnist,alpha1p0,44,5,2,34,0.3823529481887817,0,6,8,True,119,17,1,1,below_threshold
fmnist,alpha1p0,44,5,3,173,0.913294792175293,1,7,8,True,606,86,1,0,accredited
fmnist,alpha1p0,44,5,4,60,0.800000011920929,1,5,8,True,209,30,1,0,accredited
fmnist,alpha1p0,44,5,5,30,0.9333333373069764,1,10,8,True,105,15,1,0,accredited
fmnist,alpha1p0,44,5,6,148,0.6148648858070374,0,1,8,True,517,74,1,1,below_threshold
fmnist,alpha1p0,44,5,7,69,0.95652174949646,1,9,8,True,240,34,1,0,accredited
fmnist,alpha1p0,44,5,8,64,0.9375,1,10,8,True,226,32,1,0,accredited
fmnist,alpha1p0,44,5,9,181,0.9723756909370422,1,9,8,True,634,90,1,0,accredited
fmnist,alpha1p0,44,6,0,23,0.695652186870575,0,7,7,True,81,11,1,1,below_threshold
fmnist,alpha1p0,44,6,1,1,1.0,1,10,7,True,4,0,1,0,accredited
fmnist,alpha1p0,44,6,2,179,0.8882681727409363,1,6,7,True,625,89,1,0,accredited
fmnist,alpha1p0,44,6,3,52,0.9615384340286256,1,7,7,True,182,26,1,0,accredited
fmnist,alpha1p0,44,6,4,31,0.5161290168762207,0,5,7,True,107,15,1,1,below_threshold
fmnist,alpha1p0,44,6,5,197,0.979695439338684,1,10,7,True,690,99,1,0,accredited
fmnist,alpha1p0,44,6,6,18,0.5555555820465088,0,1,7,True,64,9,1,1,below_threshold
fmnist,alpha1p0,44,6,7,70,0.8999999761581421,1,9,7,True,246,35,1,0,accredited
fmnist,alpha1p0,44,6,8,127,0.960629940032959,1,10,7,True,447,64,1,0,accredited
fmnist,alpha1p0,44,6,9,41,0.9268292784690856,1,9,7,True,145,21,1,0,accredited
fmnist,alpha1p0,44,7,0,92,0.8695651888847351,1,7,8,True,323,46,1,0,accredited
fmnist,alpha1p0,44,7,1,64,0.984375,1,10,8,True,224,32,1,0,accredited
fmnist,alpha1p0,44,7,2,47,0.8936170339584351,1,6,8,True,163,23,1,0,accredited
fmnist,alpha1p0,44,7,3,211,0.914691925048828,1,7,8,True,741,106,1,0,accredited
fmnist,alpha1p0,44,7,4,6,0.0,0,5,8,True,20,3,1,1,below_threshold
fmnist,alpha1p0,44,7,5,83,0.9518072009086608,1,10,8,True,293,42,1,0,accredited
fmnist,alpha1p0,44,7,6,17,0.3529411852359772,0,1,8,True,61,9,1,1,below_threshold
fmnist,alpha1p0,44,7,7,55,0.9090909361839294,1,9,8,True,191,27,1,0,accredited
fmnist,alpha1p0,44,7,8,293,0.9965870380401612,1,10,8,True,1024,146,1,0,accredited
fmnist,alpha1p0,44,7,9,47,0.8936170339584351,1,9,8,True,165,24,1,0,accredited
fmnist,alpha1p0,44,8,0,53,0.5660377144813538,0,7,7,True,188,27,1,1,below_threshold
fmnist,alpha1p0,44,8,1,104,0.9903846383094788,1,10,7,True,363,52,1,0,accredited
fmnist,alpha1p0,44,8,2,319,0.8119122385978699,1,6,7,True,1118,160,1,0,accredited
fmnist,alpha1p0,44,8,3,11,0.1818181872367859,0,7,7,True,39,6,1,1,below_threshold
fmnist,alpha1p0,44,8,4,305,0.7803278565406799,0,5,7,True,1067,152,1,1,below_threshold
fmnist,alpha1p0,44,8,5,36,0.8888888955116272,1,10,7,True,128,18,1,0,accredited
fmnist,alpha1p0,44,8,6,494,0.9068825840950012,1,1,7,True,1729,247,1,0,accredited
fmnist,alpha1p0,44,8,7,341,0.9941349029541016,1,9,7,True,1196,171,1,0,accredited
fmnist,alpha1p0,44,8,8,123,0.9756097793579102,1,10,7,True,431,62,1,0,accredited
fmnist,alpha1p0,44,8,9,183,0.9726775884628296,1,9,7,True,641,91,1,0,accredited
fmnist,alpha1p0,44,9,0,175,0.9657142758369446,1,7,9,True,612,87,1,0,accredited
fmnist,alpha1p0,44,9,1,78,0.9743589758872986,1,10,9,True,274,39,1,0,accredited
fmnist,alpha1p0,44,9,2,133,0.8421052694320679,1,6,9,True,464,66,1,0,accredited
fmnist,alpha1p0,44,9,3,89,0.8089887499809265,1,7,9,True,310,44,1,0,accredited
fmnist,alpha1p0,44,9,4,73,0.8219178318977356,1,5,9,True,258,37,1,0,accredited
fmnist,alpha1p0,44,9,5,169,0.9585798978805542,1,10,9,True,592,84,1,0,accredited
fmnist,alpha1p0,44,9,6,21,0.3333333432674408,0,1,9,True,75,11,1,1,below_threshold
fmnist,alpha1p0,44,9,7,10,0.8999999761581421,1,9,9,True,37,5,1,0,accredited
fmnist,alpha1p0,44,9,8,49,0.9591836929321288,1,10,9,True,174,25,1,0,accredited
fmnist,alpha1p0,44,9,9,27,0.8888888955116272,1,9,9,True,96,14,1,0,accredited
fmnist,alpha0p5,42,0,0,12,0.5833333134651184,0,4,3,True,42,6,1,1,below_threshold
fmnist,alpha0p5,42,0,1,113,0.964601755142212,1,9,3,True,398,57,1,0,accredited
fmnist,alpha0p5,42,0,2,2,0.0,0,4,3,True,9,1,1,1,below_threshold
fmnist,alpha0p5,42,0,3,37,0.7567567825317383,0,5,3,True,130,19,1,1,below_threshold
fmnist,alpha0p5,42,0,4,29,0.7241379022598267,0,2,3,True,102,14,1,1,below_threshold
fmnist,alpha0p5,42,0,5,0,0.0,0,6,3,False,1,0,1,1,no_expertise_observations
fmnist,alpha0p5,42,0,6,54,0.7592592835426331,0,3,3,True,191,27,1,1,below_threshold
fmnist,alpha0p5,42,0,7,52,1.0,1,10,3,True,181,26,1,0,accredited
fmnist,alpha0p5,42,0,8,0,0.0,0,7,3,False,2,0,1,1,no_expertise_observations
fmnist,alpha0p5,42,0,9,1,1.0,1,10,3,True,4,0,1,0,accredited
fmnist,alpha0p5,42,1,0,43,0.604651153087616,0,4,5,True,150,21,1,1,below_threshold
fmnist,alpha0p5,42,1,1,15,0.7333333492279053,0,9,5,True,51,7,1,1,below_threshold
fmnist,alpha0p5,42,1,2,18,0.0555555559694767,0,4,5,True,64,9,1,1,below_threshold
fmnist,alpha0p5,42,1,3,604,0.970198690891266,1,5,5,True,2113,302,1,0,accredited
fmnist,alpha0p5,42,1,4,112,0.7946428656578064,0,2,5,True,394,56,1,1,below_threshold
fmnist,alpha0p5,42,1,5,178,0.915730357170105,1,6,5,True,622,89,1,0,accredited
fmnist,alpha0p5,42,1,6,119,0.6554622054100037,0,3,5,True,417,60,1,1,below_threshold
fmnist,alpha0p5,42,1,7,100,0.9100000262260436,1,10,5,True,352,50,1,0,accredited
fmnist,alpha0p5,42,1,8,137,0.9270073175430298,1,7,5,True,482,69,1,0,accredited
fmnist,alpha0p5,42,1,9,106,0.9339622855186462,1,10,5,True,371,53,1,0,accredited
fmnist,alpha0p5,42,2,0,0,0.0,0,4,6,False,2,0,1,1,no_expertise_observations
fmnist,alpha0p5,42,2,1,44,0.9545454382896424,1,9,6,True,154,22,1,0,accredited
fmnist,alpha0p5,42,2,2,166,0.9759036302566528,1,4,6,True,583,83,1,0,accredited
fmnist,alpha0p5,42,2,3,21,0.8095238208770752,1,5,6,True,74,11,1,0,accredited
fmnist,alpha0p5,42,2,4,26,0.4230769276618957,0,2,6,True,91,13,1,1,below_threshold
fmnist,alpha0p5,42,2,5,6,0.6666666865348816,0,6,6,True,20,3,1,1,below_threshold
fmnist,alpha0p5,42,2,6,0,0.0,0,3,6,False,1,0,1,1,no_expertise_observations
fmnist,alpha0p5,42,2,7,364,0.953296720981598,1,10,6,True,1273,182,1,0,accredited
fmnist,alpha0p5,42,2,8,38,0.9736841917037964,1,7,6,True,133,19,1,0,accredited
fmnist,alpha0p5,42,2,9,35,0.9428571462631226,1,10,6,True,123,18,1,0,accredited
fmnist,alpha0p5,42,3,0,3,0.3333333432674408,0,4,6,True,11,1,1,1,below_threshold
fmnist,alpha0p5,42,3,1,319,0.9937304258346558,1,9,6,True,1119,160,1,0,accredited
fmnist,alpha0p5,42,3,2,13,0.6153846383094788,0,4,6,True,46,6,1,1,below_threshold
fmnist,alpha0p5,42,3,3,0,0.0,0,5,6,False,1,0,1,1,no_expertise_observations
fmnist,alpha0p5,42,3,4,10,0.6000000238418579,0,2,6,True,36,5,1,1,below_threshold
fmnist,alpha0p5,42,3,5,568,0.9929577708244324,1,6,6,True,1989,284,1,0,accredited
fmnist,alpha0p5,42,3,6,129,0.930232584476471,1,3,6,True,453,65,1,0,accredited
fmnist,alpha0p5,42,3,7,33,0.8484848737716675,1,10,6,True,118,17,1,0,accredited
fmnist,alpha0p5,42,3,8,9,1.0,1,7,6,True,32,4,1,0,accredited
fmnist,alpha0p5,42,3,9,31,0.9354838728904724,1,10,6,True,110,16,1,0,accredited
fmnist,alpha0p5,42,4,0,256,0.98046875,1,4,8,True,895,128,1,0,accredited
fmnist,alpha0p5,42,4,1,6,1.0,1,9,8,True,23,3,1,0,accredited
fmnist,alpha0p5,42,4,2,34,0.970588207244873,1,4,8,True,118,17,1,0,accredited
fmnist,alpha0p5,42,4,3,40,0.800000011920929,1,5,8,True,140,20,1,0,accredited
fmnist,alpha0p5,42,4,4,5,0.0,0,2,8,True,17,2,1,1,below_threshold
fmnist,alpha0p5,42,4,5,125,0.9919999837875366,1,6,8,True,438,62,1,0,accredited
fmnist,alpha0p5,42,4,6,16,0.25,0,3,8,True,56,8,1,1,below_threshold
fmnist,alpha0p5,42,4,7,20,0.800000011920929,1,10,8,True,70,10,1,0,accredited
fmnist,alpha0p5,42,4,8,70,0.9714285731315612,1,7,8,True,246,35,1,0,accredited
fmnist,alpha0p5,42,4,9,61,0.9836065769195556,1,10,8,True,214,30,1,0,accredited
fmnist,alpha0p5,42,5,0,31,0.9032257795333862,1,4,9,True,111,16,1,0,accredited
fmnist,alpha0p5,42,5,1,5,0.800000011920929,1,9,9,True,19,3,1,0,accredited
fmnist,alpha0p5,42,5,2,475,0.9263157844543456,1,4,9,True,1662,237,1,0,accredited
fmnist,alpha0p5,42,5,3,89,0.8764045238494873,1,5,9,True,313,45,1,0,accredited
fmnist,alpha0p5,42,5,4,412,0.9320388436317444,1,2,9,True,1442,206,1,0,accredited
fmnist,alpha0p5,42,5,5,15,0.800000011920929,1,6,9,True,53,7,1,0,accredited
fmnist,alpha0p5,42,5,6,2,0.0,0,3,9,True,6,1,1,1,below_threshold
fmnist,alpha0p5,42,5,7,23,0.8695651888847351,1,10,9,True,81,12,1,0,accredited
fmnist,alpha0p5,42,5,8,263,0.9961977005004884,1,7,9,True,921,132,1,0,accredited
fmnist,alpha0p5,42,5,9,146,0.9931507110595704,1,10,9,True,512,73,1,0,accredited
fmnist,alpha0p5,42,6,0,0,0.0,0,4,5,False,1,0,1,1,no_expertise_observations
fmnist,alpha0p5,42,6,1,366,0.9808743000030518,1,9,5,True,1280,183,1,0,accredited
fmnist,alpha0p5,42,6,2,108,0.75,0,4,5,True,379,54,1,1,below_threshold
fmnist,alpha0p5,42,6,3,11,0.5454545617103577,0,5,5,True,41,6,1,1,below_threshold
fmnist,alpha0p5,42,6,4,119,0.7226890921592712,0,2,5,True,417,60,1,1,below_threshold
fmnist,alpha0p5,42,6,5,9,1.0,1,6,5,True,34,5,1,0,accredited
fmnist,alpha0p5,42,6,6,284,0.9154929518699646,1,3,5,True,995,142,1,0,accredited
fmnist,alpha0p5,42,6,7,54,0.92592591047287,1,10,5,True,191,27,1,0,accredited
fmnist,alpha0p5,42,6,8,3,0.6666666865348816,0,7,5,True,9,1,1,1,below_threshold
fmnist,alpha0p5,42,6,9,219,0.9771689772605896,1,10,5,True,767,109,1,0,accredited
fmnist,alpha0p5,42,7,0,534,0.8857678174972534,1,4,8,True,1869,267,1,0,accredited
fmnist,alpha0p5,42,7,1,17,0.9411764740943908,1,9,8,True,60,8,1,0,accredited
fmnist,alpha0p5,42,7,2,182,0.8186812996864319,1,4,8,True,636,91,1,0,accredited
fmnist,alpha0p5,42,7,3,1,0.0,0,5,8,True,6,1,1,1,below_threshold
fmnist,alpha0p5,42,7,4,94,0.7234042286872864,0,2,8,True,331,47,1,1,below_threshold
fmnist,alpha0p5,42,7,5,98,0.9795918464660645,1,6,8,True,345,49,1,0,accredited
fmnist,alpha0p5,42,7,6,290,0.800000011920929,1,3,8,True,1017,145,1,0,accredited
fmnist,alpha0p5,42,7,7,299,0.9431437849998474,1,10,8,True,1045,149,1,0,accredited
fmnist,alpha0p5,42,7,8,341,0.985337257385254,1,7,8,True,1193,170,1,0,accredited
fmnist,alpha0p5,42,7,9,320,0.96875,1,10,8,True,1122,160,1,0,accredited
fmnist,alpha0p5,42,8,0,119,0.8655462265014648,1,4,6,True,417,59,1,0,accredited
fmnist,alpha0p5,42,8,1,55,0.9818181991577148,1,9,6,True,194,28,1,0,accredited
fmnist,alpha0p5,42,8,2,1,0.0,0,4,6,True,2,0,1,1,below_threshold
fmnist,alpha0p5,42,8,3,29,0.6206896305084229,0,5,6,True,100,14,1,1,below_threshold
fmnist,alpha0p5,42,8,4,189,0.9417989253997804,1,2,6,True,662,95,1,0,accredited
fmnist,alpha0p5,42,8,5,0,0.0,0,6,6,False,0,0,0,0,absent_in_train
fmnist,alpha0p5,42,8,6,90,0.5333333611488342,0,3,6,True,314,45,1,1,below_threshold
fmnist,alpha0p5,42,8,7,7,0.8571428656578064,1,10,6,True,23,3,1,0,accredited
fmnist,alpha0p5,42,8,8,133,0.969924807548523,1,7,6,True,466,67,1,0,accredited
fmnist,alpha0p5,42,8,9,40,0.949999988079071,1,10,6,True,142,20,1,0,accredited
fmnist,alpha0p5,42,9,0,1,0.0,0,4,4,True,4,1,1,1,below_threshold
fmnist,alpha0p5,42,9,1,58,0.982758641242981,1,9,4,True,204,29,1,0,accredited
fmnist,alpha0p5,42,9,2,1,0.0,0,4,4,True,3,0,1,1,below_threshold
fmnist,alpha0p5,42,9,3,166,0.9457831382751464,1,5,4,True,583,83,1,0,accredited
fmnist,alpha0p5,42,9,4,3,0.3333333432674408,0,2,4,True,10,1,1,1,below_threshold
fmnist,alpha0p5,42,9,5,0,0.0,0,6,4,False,0,0,0,0,absent_in_train
fmnist,alpha0p5,42,9,6,15,0.6000000238418579,0,3,4,True,51,7,1,1,below_threshold
fmnist,alpha0p5,42,9,7,47,1.0,1,10,4,True,167,24,1,0,accredited
fmnist,alpha0p5,42,9,8,5,0.6000000238418579,0,7,4,True,18,2,1,1,below_threshold
fmnist,alpha0p5,42,9,9,39,0.8461538553237915,1,10,4,True,138,20,1,0,accredited
fmnist,alpha0p5,43,0,0,23,0.5652173757553101,0,4,5,True,82,12,1,1,below_threshold
fmnist,alpha0p5,43,0,1,42,0.8333333134651184,1,9,5,True,149,21,1,0,accredited
fmnist,alpha0p5,43,0,2,101,0.8316831588745117,1,4,5,True,354,50,1,0,accredited
fmnist,alpha0p5,43,0,3,153,0.9803921580314636,1,7,5,True,536,77,1,0,accredited
fmnist,alpha0p5,43,0,4,9,0.1111111119389534,0,3,5,True,34,5,1,1,below_threshold
fmnist,alpha0p5,43,0,5,0,0.0,0,7,5,False,2,0,1,1,no_expertise_observations
fmnist,alpha0p5,43,0,6,68,0.5588235259056091,0,1,5,True,238,34,1,1,below_threshold
fmnist,alpha0p5,43,0,7,0,0.0,0,6,5,False,0,0,0,0,absent_in_train
fmnist,alpha0p5,43,0,8,21,0.9523809552192688,1,9,5,True,72,10,1,0,accredited
fmnist,alpha0p5,43,0,9,4,1.0,1,7,5,True,13,2,1,0,accredited
fmnist,alpha0p5,43,1,0,7,0.1428571492433548,0,4,6,True,25,4,1,1,below_threshold
fmnist,alpha0p5,43,1,1,177,0.9717513918876648,1,9,6,True,619,88,1,0,accredited
fmnist,alpha0p5,43,1,2,184,0.8097826242446899,1,4,6,True,645,92,1,0,accredited
fmnist,alpha0p5,43,1,3,231,0.9826839566230774,1,7,6,True,810,116,1,0,accredited
fmnist,alpha0p5,43,1,4,132,0.7954545617103577,0,3,6,True,461,66,1,1,below_threshold
fmnist,alpha0p5,43,1,5,54,0.9629629850387572,1,7,6,True,191,27,1,0,accredited
fmnist,alpha0p5,43,1,6,161,0.7701863646507263,0,1,6,True,564,80,1,1,below_threshold
fmnist,alpha0p5,43,1,7,165,0.9939393997192384,1,6,6,True,579,83,1,0,accredited
fmnist,alpha0p5,43,1,8,15,0.8666666746139526,1,9,6,True,51,7,1,0,accredited
fmnist,alpha0p5,43,1,9,12,0.6666666865348816,0,7,6,True,43,6,1,1,below_threshold
fmnist,alpha0p5,43,2,0,4,0.5,0,4,6,True,15,2,1,1,below_threshold
fmnist,alpha0p5,43,2,1,97,0.9896907210350036,1,9,6,True,342,49,1,0,accredited
fmnist,alpha0p5,43,2,2,149,0.7852349281311035,0,4,6,True,522,74,1,1,below_threshold
fmnist,alpha0p5,43,2,3,0,0.0,0,7,6,False,0,0,0,0,absent_in_train
fmnist,alpha0p5,43,2,4,189,0.8783068656921387,1,3,6,True,661,94,1,0,accredited
fmnist,alpha0p5,43,2,5,3,1.0,1,7,6,True,11,1,1,0,accredited
fmnist,alpha0p5,43,2,6,230,0.8695651888847351,1,1,6,True,805,115,1,0,accredited
fmnist,alpha0p5,43,2,7,0,0.0,0,6,6,False,2,0,1,1,no_expertise_observations
fmnist,alpha0p5,43,2,8,233,0.9871244430541992,1,9,6,True,814,116,1,0,accredited
fmnist,alpha0p5,43,2,9,36,0.9444444179534912,1,7,6,True,125,18,1,0,accredited
fmnist,alpha0p5,43,3,0,46,0.760869562625885,0,4,6,True,162,23,1,1,below_threshold
fmnist,alpha0p5,43,3,1,72,0.9722222089767456,1,9,6,True,254,36,1,0,accredited
fmnist,alpha0p5,43,3,2,174,0.9195402264595032,1,4,6,True,611,87,1,0,accredited
fmnist,alpha0p5,43,3,3,107,0.8317757248878479,1,7,6,True,377,54,1,0,accredited
fmnist,alpha0p5,43,3,4,58,0.7586206793785095,0,3,6,True,203,29,1,1,below_threshold
fmnist,alpha0p5,43,3,5,71,0.97183096408844,1,7,6,True,249,35,1,0,accredited
fmnist,alpha0p5,43,3,6,54,0.5185185074806213,0,1,6,True,191,27,1,1,below_threshold
fmnist,alpha0p5,43,3,7,0,0.0,0,6,6,False,1,0,1,1,no_expertise_observations
fmnist,alpha0p5,43,3,8,79,0.9746835231781006,1,9,6,True,276,39,1,0,accredited
fmnist,alpha0p5,43,3,9,189,1.0,1,7,6,True,664,95,1,0,accredited
fmnist,alpha0p5,43,4,0,5,0.2000000029802322,0,4,4,True,17,2,1,1,below_threshold
fmnist,alpha0p5,43,4,1,1,0.0,0,9,4,True,4,0,1,1,below_threshold
fmnist,alpha0p5,43,4,2,25,0.3199999928474426,0,4,4,True,87,12,1,1,below_threshold
fmnist,alpha0p5,43,4,3,0,0.0,0,7,4,False,2,0,1,1,no_expertise_observations
fmnist,alpha0p5,43,4,4,285,0.9964912533760072,1,3,4,True,998,142,1,0,accredited
fmnist,alpha0p5,43,4,5,29,0.9655172228813172,1,7,4,True,104,15,1,0,accredited
fmnist,alpha0p5,43,4,6,6,0.0,0,1,4,True,21,3,1,1,below_threshold
fmnist,alpha0p5,43,4,7,1,0.0,0,6,4,True,3,0,1,1,below_threshold
fmnist,alpha0p5,43,4,8,13,0.9230769276618958,1,9,4,True,45,6,1,0,accredited
fmnist,alpha0p5,43,4,9,102,0.9901960492134094,1,7,4,True,358,51,1,0,accredited
fmnist,alpha0p5,43,5,0,390,0.8871794939041138,1,4,4,True,1367,195,1,0,accredited
fmnist,alpha0p5,43,5,1,132,0.9848484992980956,1,9,4,True,463,66,1,0,accredited
fmnist,alpha0p5,43,5,2,23,0.3478260934352875,0,4,4,True,81,12,1,1,below_threshold
fmnist,alpha0p5,43,5,3,242,0.9297520518302916,1,7,4,True,849,121,1,0,accredited
fmnist,alpha0p5,43,5,4,23,0.3913043439388275,0,3,4,True,82,12,1,1,below_threshold
fmnist,alpha0p5,43,5,5,3,0.6666666865348816,0,7,4,True,10,1,1,1,below_threshold
fmnist,alpha0p5,43,5,6,223,0.7847533822059631,0,1,4,True,783,112,1,1,below_threshold
fmnist,alpha0p5,43,5,7,42,0.976190447807312,1,6,4,True,146,21,1,0,accredited
fmnist,alpha0p5,43,5,8,11,0.3636363744735718,0,9,4,True,38,5,1,1,below_threshold
fmnist,alpha0p5,43,5,9,4,0.75,0,7,4,True,15,2,1,1,below_threshold
fmnist,alpha0p5,43,6,0,105,0.8666666746139526,1,4,8,True,368,52,1,0,accredited
fmnist,alpha0p5,43,6,1,81,0.9753086566925048,1,9,8,True,283,40,1,0,accredited
fmnist,alpha0p5,43,6,2,92,0.8804348111152649,1,4,8,True,323,46,1,0,accredited
fmnist,alpha0p5,43,6,3,57,0.859649121761322,1,7,8,True,201,29,1,0,accredited
fmnist,alpha0p5,43,6,4,20,0.3499999940395355,0,3,8,True,70,10,1,1,below_threshold
fmnist,alpha0p5,43,6,5,761,0.9921156167984008,1,7,8,True,2663,380,1,0,accredited
fmnist,alpha0p5,43,6,6,44,0.6136363744735718,0,1,8,True,156,22,1,1,below_threshold
fmnist,alpha0p5,43,6,7,121,0.8925619721412659,1,6,8,True,424,61,1,0,accredited
fmnist,alpha0p5,43,6,8,249,0.9839357137680054,1,9,8,True,871,124,1,0,accredited
fmnist,alpha0p5,43,6,9,313,0.9488818049430848,1,7,8,True,1094,156,1,0,accredited
fmnist,alpha0p5,43,7,0,125,0.9039999842643738,1,4,8,True,437,62,1,0,accredited
fmnist,alpha0p5,43,7,1,31,0.9677419066429138,1,9,8,True,110,16,1,0,accredited
fmnist,alpha0p5,43,7,2,101,0.7920792102813721,0,4,8,True,353,50,1,1,below_threshold
fmnist,alpha0p5,43,7,3,87,0.8850574493408203,1,7,8,True,305,43,1,0,accredited
fmnist,alpha0p5,43,7,4,160,0.943750023841858,1,3,8,True,560,80,1,0,accredited
fmnist,alpha0p5,43,7,5,41,0.9268292784690856,1,7,8,True,146,21,1,0,accredited
fmnist,alpha0p5,43,7,6,15,0.2000000029802322,0,1,8,True,53,7,1,1,below_threshold
fmnist,alpha0p5,43,7,7,167,0.9820359349250792,1,6,8,True,585,84,1,0,accredited
fmnist,alpha0p5,43,7,8,229,0.9868995547294616,1,9,8,True,800,114,1,0,accredited
fmnist,alpha0p5,43,7,9,333,0.966966986656189,1,7,8,True,1166,166,1,0,accredited
fmnist,alpha0p5,43,8,0,274,0.8759124279022217,1,4,6,True,959,137,1,0,accredited
fmnist,alpha0p5,43,8,1,289,0.979238748550415,1,9,6,True,1012,145,1,0,accredited
fmnist,alpha0p5,43,8,2,123,0.7967479825019836,0,4,6,True,429,61,1,1,below_threshold
fmnist,alpha0p5,43,8,3,105,0.8666666746139526,1,7,6,True,366,52,1,0,accredited
fmnist,alpha0p5,43,8,4,77,0.7792207598686218,0,3,6,True,270,39,1,1,below_threshold
fmnist,alpha0p5,43,8,5,36,0.9722222089767456,1,7,6,True,127,18,1,0,accredited
fmnist,alpha0p5,43,8,6,183,0.5792349576950073,0,1,6,True,642,92,1,1,below_threshold
fmnist,alpha0p5,43,8,7,489,0.9979550242424012,1,6,6,True,1714,245,1,0,accredited
fmnist,alpha0p5,43,8,8,93,0.9462365508079528,1,9,6,True,327,47,1,0,accredited
fmnist,alpha0p5,43,8,9,0,0.0,0,7,6,False,2,0,1,1,no_expertise_observations
fmnist,alpha0p5,43,9,0,20,0.699999988079071,0,4,4,True,70,10,1,1,below_threshold
fmnist,alpha0p5,43,9,1,76,0.9868420958518982,1,9,4,True,267,38,1,0,accredited
fmnist,alpha0p5,43,9,2,28,0.6785714030265808,0,4,4,True,97,14,1,1,below_threshold
fmnist,alpha0p5,43,9,3,16,0.6875,0,7,4,True,56,8,1,1,below_threshold
fmnist,alpha0p5,43,9,4,46,0.6739130616188049,0,3,4,True,162,23,1,1,below_threshold
fmnist,alpha0p5,43,9,5,0,0.0,0,7,4,False,1,0,1,1,no_expertise_observations
fmnist,alpha0p5,43,9,6,14,0.2142857164144516,0,1,4,True,50,7,1,1,below_threshold
fmnist,alpha0p5,43,9,7,13,1.0,1,6,4,True,47,7,1,0,accredited
fmnist,alpha0p5,43,9,8,59,0.98305082321167,1,9,4,True,207,29,1,0,accredited
fmnist,alpha0p5,43,9,9,6,0.8333333134651184,1,7,4,True,22,3,1,0,accredited
fmnist,alpha0p5,44,0,0,148,0.9324324131011964,1,6,5,True,517,74,1,0,accredited
fmnist,alpha0p5,44,0,1,157,0.9617834687232972,1,10,5,True,549,78,1,0,accredited
fmnist,alpha0p5,44,0,2,0,0.0,0,4,5,False,0,0,0,0,absent_in_train
fmnist,alpha0p5,44,0,3,10,0.4000000059604645,0,6,5,True,35,5,1,1,below_threshold
fmnist,alpha0p5,44,0,4,123,0.9105691313743592,1,6,5,True,431,61,1,0,accredited
fmnist,alpha0p5,44,0,5,97,0.9793814420700072,1,8,5,True,340,49,1,0,accredited
fmnist,alpha0p5,44,0,6,97,0.5876288414001465,0,2,5,True,342,49,1,1,below_threshold
fmnist,alpha0p5,44,0,7,37,0.945945918560028,1,7,5,True,129,18,1,0,accredited
fmnist,alpha0p5,44,0,8,7,0.7142857313156128,0,8,5,True,25,4,1,1,below_threshold
fmnist,alpha0p5,44,0,9,0,0.0,0,9,5,False,2,0,1,1,no_expertise_observations
fmnist,alpha0p5,44,1,0,154,0.9610389471054076,1,6,8,True,540,77,1,0,accredited
fmnist,alpha0p5,44,1,1,46,0.95652174949646,1,10,8,True,162,23,1,0,accredited
fmnist,alpha0p5,44,1,2,7,0.0,0,4,8,True,23,3,1,1,below_threshold
fmnist,alpha0p5,44,1,3,38,0.8684210777282715,1,6,8,True,134,19,1,0,accredited
fmnist,alpha0p5,44,1,4,95,0.9368420839309692,1,6,8,True,333,47,1,0,accredited
fmnist,alpha0p5,44,1,5,32,1.0,1,8,8,True,113,16,1,0,accredited
fmnist,alpha0p5,44,1,6,51,0.4901960790157318,0,2,8,True,178,25,1,1,below_threshold
fmnist,alpha0p5,44,1,7,6,1.0,1,7,8,True,23,3,1,0,accredited
fmnist,alpha0p5,44,1,8,21,0.9523809552192688,1,8,8,True,74,11,1,0,accredited
fmnist,alpha0p5,44,1,9,11,0.8181818127632141,1,9,8,True,37,5,1,0,accredited
fmnist,alpha0p5,44,2,0,4,0.0,0,6,6,True,16,2,1,1,below_threshold
fmnist,alpha0p5,44,2,1,79,0.9873417615890504,1,10,6,True,278,40,1,0,accredited
fmnist,alpha0p5,44,2,2,9,0.2222222238779068,0,4,6,True,32,4,1,1,below_threshold
fmnist,alpha0p5,44,2,3,1,0.0,0,6,6,True,3,0,1,1,below_threshold
fmnist,alpha0p5,44,2,4,153,0.915032684803009,1,6,6,True,536,76,1,0,accredited
fmnist,alpha0p5,44,2,5,113,0.982300877571106,1,8,6,True,394,56,1,0,accredited
fmnist,alpha0p5,44,2,6,136,0.8823529481887817,1,2,6,True,477,68,1,0,accredited
fmnist,alpha0p5,44,2,7,21,0.5714285969734192,0,7,6,True,75,11,1,1,below_threshold
fmnist,alpha0p5,44,2,8,18,0.9444444179534912,1,8,6,True,65,9,1,0,accredited
fmnist,alpha0p5,44,2,9,50,0.959999978542328,1,9,6,True,177,25,1,0,accredited
fmnist,alpha0p5,44,3,0,17,0.4705882370471954,0,6,7,True,58,8,1,1,below_threshold
fmnist,alpha0p5,44,3,1,55,0.9818181991577148,1,10,7,True,194,28,1,0,accredited
fmnist,alpha0p5,44,3,2,45,0.2666666805744171,0,4,7,True,160,23,1,1,below_threshold
fmnist,alpha0p5,44,3,3,76,0.921052634716034,1,6,7,True,267,38,1,0,accredited
fmnist,alpha0p5,44,3,4,295,0.9491525292396544,1,6,7,True,1032,147,1,0,accredited
fmnist,alpha0p5,44,3,5,2,0.5,0,8,7,True,8,1,1,1,below_threshold
fmnist,alpha0p5,44,3,6,241,0.8381742835044861,1,2,7,True,842,120,1,0,accredited
fmnist,alpha0p5,44,3,7,20,0.800000011920929,1,7,7,True,69,10,1,0,accredited
fmnist,alpha0p5,44,3,8,375,0.981333315372467,1,8,7,True,1311,187,1,0,accredited
fmnist,alpha0p5,44,3,9,33,1.0,1,9,7,True,114,16,1,0,accredited
fmnist,alpha0p5,44,4,0,130,0.7615384459495544,0,6,5,True,456,65,1,1,below_threshold
fmnist,alpha0p5,44,4,1,306,0.9869281053543092,1,10,5,True,1072,153,1,0,accredited
fmnist,alpha0p5,44,4,2,53,0.7358490824699402,0,4,5,True,186,27,1,1,below_threshold
fmnist,alpha0p5,44,4,3,147,0.8775510191917419,1,6,5,True,517,74,1,0,accredited
fmnist,alpha0p5,44,4,4,30,0.6666666865348816,0,6,5,True,105,15,1,1,below_threshold
fmnist,alpha0p5,44,4,5,59,0.9491525292396544,1,8,5,True,205,29,1,0,accredited
fmnist,alpha0p5,44,4,6,213,0.7793427109718323,0,2,5,True,747,107,1,1,below_threshold
fmnist,alpha0p5,44,4,7,0,0.0,0,7,5,False,1,0,1,1,no_expertise_observations
fmnist,alpha0p5,44,4,8,151,0.940397322177887,1,8,5,True,530,76,1,0,accredited
fmnist,alpha0p5,44,4,9,149,0.9865771532058716,1,9,5,True,523,75,1,0,accredited
fmnist,alpha0p5,44,5,0,21,0.8095238208770752,1,6,9,True,72,10,1,0,accredited
fmnist,alpha0p5,44,5,1,83,0.9518072009086608,1,10,9,True,290,41,1,0,accredited
fmnist,alpha0p5,44,5,2,38,0.8157894611358643,1,4,9,True,135,19,1,0,accredited
fmnist,alpha0p5,44,5,3,283,0.9681978821754456,1,6,9,True,991,141,1,0,accredited
fmnist,alpha0p5,44,5,4,49,0.8775510191917419,1,6,9,True,172,25,1,0,accredited
fmnist,alpha0p5,44,5,5,78,0.8974359035491943,1,8,9,True,273,39,1,0,accredited
fmnist,alpha0p5,44,5,6,8,0.0,0,2,9,True,29,4,1,1,below_threshold
fmnist,alpha0p5,44,5,7,493,0.9797160029411316,1,7,9,True,1725,246,1,0,accredited
fmnist,alpha0p5,44,5,8,10,0.8999999761581421,1,8,9,True,34,5,1,0,accredited
fmnist,alpha0p5,44,5,9,457,0.9671772718429564,1,9,9,True,1602,229,1,0,accredited
fmnist,alpha0p5,44,6,0,245,0.7795918583869934,0,6,5,True,858,122,1,1,below_threshold
fmnist,alpha0p5,44,6,1,34,0.9411764740943908,1,10,5,True,118,17,1,0,accredited
fmnist,alpha0p5,44,6,2,236,0.7881355881690979,0,4,5,True,828,118,1,1,below_threshold
fmnist,alpha0p5,44,6,3,6,0.0,0,6,5,True,20,3,1,1,below_threshold
fmnist,alpha0p5,44,6,4,243,0.9506173133850098,1,6,5,True,852,122,1,0,accredited
fmnist,alpha0p5,44,6,5,332,1.0,1,8,5,True,1163,166,1,0,accredited
fmnist,alpha0p5,44,6,6,222,0.7027027010917664,0,2,5,True,776,111,1,1,below_threshold
fmnist,alpha0p5,44,6,7,11,0.3636363744735718,0,7,5,True,40,6,1,1,below_threshold
fmnist,alpha0p5,44,6,8,29,0.931034505367279,1,8,5,True,104,15,1,0,accredited
fmnist,alpha0p5,44,6,9,1,1.0,1,9,5,True,6,1,1,0,accredited
fmnist,alpha0p5,44,7,0,74,0.8918918967247009,1,6,8,True,260,37,1,0,accredited
fmnist,alpha0p5,44,7,1,116,0.9568965435028076,1,10,8,True,408,58,1,0,accredited
fmnist,alpha0p5,44,7,2,601,0.961730420589447,1,4,8,True,2103,300,1,0,accredited
fmnist,alpha0p5,44,7,3,253,0.9249011874198914,1,6,8,True,884,126,1,0,accredited
fmnist,alpha0p5,44,7,4,5,0.0,0,6,8,True,16,2,1,1,below_threshold
fmnist,alpha0p5,44,7,5,101,0.8811880946159363,1,8,8,True,356,51,1,0,accredited
fmnist,alpha0p5,44,7,6,23,0.0,0,2,8,True,80,11,1,1,below_threshold
fmnist,alpha0p5,44,7,7,124,0.975806474685669,1,7,8,True,433,62,1,0,accredited
fmnist,alpha0p5,44,7,8,157,0.96815288066864,1,8,8,True,549,78,1,0,accredited
fmnist,alpha0p5,44,7,9,145,0.9241379499435424,1,9,8,True,507,72,1,0,accredited
fmnist,alpha0p5,44,8,0,173,0.9479768872261048,1,6,7,True,607,87,1,0,accredited
fmnist,alpha0p5,44,8,1,122,0.9754098653793336,1,10,7,True,429,61,1,0,accredited
fmnist,alpha0p5,44,8,2,1,1.0,1,4,7,True,3,0,1,0,accredited
fmnist,alpha0p5,44,8,3,183,0.9836065769195556,1,6,7,True,639,91,1,0,accredited
fmnist,alpha0p5,44,8,4,0,0.0,0,6,7,False,2,0,1,1,no_expertise_observations
fmnist,alpha0p5,44,8,5,171,0.988304078578949,1,8,7,True,599,85,1,0,accredited
fmnist,alpha0p5,44,8,6,1,0.0,0,2,7,True,3,0,1,1,below_threshold
fmnist,alpha0p5,44,8,7,280,0.9642857313156128,1,7,7,True,979,140,1,0,accredited
fmnist,alpha0p5,44,8,8,0,0.0,0,8,7,False,0,0,0,0,absent_in_train
fmnist,alpha0p5,44,8,9,143,0.9650349617004396,1,9,7,True,500,71,1,0,accredited
fmnist,alpha0p5,44,9,0,33,0.9696969985961914,1,6,6,True,118,17,1,0,accredited
fmnist,alpha0p5,44,9,1,1,1.0,1,10,6,True,2,0,1,0,accredited
fmnist,alpha0p5,44,9,2,9,1.0,1,4,6,True,32,5,1,0,accredited
fmnist,alpha0p5,44,9,3,3,0.6666666865348816,0,6,6,True,11,2,1,1,below_threshold
fmnist,alpha0p5,44,9,4,7,0.5714285969734192,0,6,6,True,23,3,1,1,below_threshold
fmnist,alpha0p5,44,9,5,14,0.6428571343421936,0,8,6,True,51,7,1,1,below_threshold
fmnist,alpha0p5,44,9,6,8,0.25,0,2,6,True,27,4,1,1,below_threshold
fmnist,alpha0p5,44,9,7,7,1.0,1,7,6,True,27,4,1,0,accredited
fmnist,alpha0p5,44,9,8,231,0.9956709742546082,1,8,6,True,809,115,1,0,accredited
fmnist,alpha0p5,44,9,9,10,1.0,1,9,6,True,34,5,1,0,accredited
fmnist,alpha0p1,42,0,0,0,0.0,0,4,2,False,0,0,0,0,absent_in_train
fmnist,alpha0p1,42,0,1,0,0.0,0,7,2,False,0,0,0,0,absent_in_train
fmnist,alpha0p1,42,0,2,752,1.0,1,4,2,True,2634,376,1,0,accredited
fmnist,alpha0p1,42,0,3,0,0.0,0,2,2,False,0,0,0,0,absent_in_train
fmnist,alpha0p1,42,0,4,0,0.0,0,2,2,False,0,0,0,0,absent_in_train
fmnist,alpha0p1,42,0,5,1,0.0,0,3,2,True,4,0,1,1,below_threshold
fmnist,alpha0p1,42,0,6,0,0.0,0,2,2,False,0,0,0,0,absent_in_train
fmnist,alpha0p1,42,0,7,462,1.0,1,4,2,True,1619,231,1,0,accredited
fmnist,alpha0p1,42,0,8,0,0.0,0,3,2,False,0,0,0,0,absent_in_train
fmnist,alpha0p1,42,0,9,0,0.0,0,4,2,False,0,0,0,0,absent_in_train
fmnist,alpha0p1,42,1,0,0,0.0,0,4,5,False,0,0,0,0,absent_in_train
fmnist,alpha0p1,42,1,1,0,0.0,0,7,5,False,0,0,0,0,absent_in_train
fmnist,alpha0p1,42,1,2,0,0.0,0,4,5,False,0,0,0,0,absent_in_train
fmnist,alpha0p1,42,1,3,934,0.9817987084388732,1,2,5,True,3271,467,1,0,accredited
fmnist,alpha0p1,42,1,4,37,0.3783783912658691,0,2,5,True,131,19,1,1,below_threshold
fmnist,alpha0p1,42,1,5,254,0.996062994003296,1,3,5,True,890,127,1,0,accredited
fmnist,alpha0p1,42,1,6,795,0.9320755004882812,1,2,5,True,2782,397,1,0,accredited
fmnist,alpha0p1,42,1,7,2,0.5,0,4,5,True,8,1,1,1,below_threshold
fmnist,alpha0p1,42,1,8,918,0.9934640526771544,1,3,5,True,3212,459,1,0,accredited
fmnist,alpha0p1,42,1,9,757,0.9947159886360168,1,4,5,True,2652,379,1,0,accredited
fmnist,alpha0p1,42,2,0,21,1.0,1,4,2,True,76,11,1,0,accredited
fmnist,alpha0p1,42,2,1,13,1.0,1,7,2,True,46,6,1,0,accredited
fmnist,alpha0p1,42,2,2,0,0.0,0,4,2,False,0,0,0,0,absent_in_train
fmnist,alpha0p1,42,2,3,0,0.0,0,2,2,False,0,0,0,0,absent_in_train
fmnist,alpha0p1,42,2,4,0,0.0,0,2,2,False,0,0,0,0,absent_in_train
fmnist,alpha0p1,42,2,5,0,0.0,0,3,2,False,0,0,0,0,absent_in_train
fmnist,alpha0p1,42,2,6,0,0.0,0,2,2,False,0,0,0,0,absent_in_train
fmnist,alpha0p1,42,2,7,0,0.0,0,4,2,False,1,0,1,1,no_expertise_observations
fmnist,alpha0p1,42,2,8,0,0.0,0,3,2,False,0,0,0,0,absent_in_train
fmnist,alpha0p1,42,2,9,0,0.0,0,4,2,False,0,0,0,0,absent_in_train
fmnist,alpha0p1,42,3,0,0,0.0,0,4,3,False,0,0,0,0,absent_in_train
fmnist,alpha0p1,42,3,1,65,0.9230769276618958,1,7,3,True,230,33,1,0,accredited
fmnist,alpha0p1,42,3,2,13,0.9230769276618958,1,4,3,True,47,7,1,0,accredited
fmnist,alpha0p1,42,3,3,0,0.0,0,2,3,False,0,0,0,0,absent_in_train
fmnist,alpha0p1,42,3,4,0,0.0,0,2,3,False,0,0,0,0,absent_in_train
fmnist,alpha0p1,42,3,5,0,0.0,0,3,3,False,0,0,0,0,absent_in_train
fmnist,alpha0p1,42,3,6,0,0.0,0,2,3,False,0,0,0,0,absent_in_train
fmnist,alpha0p1,42,3,7,0,0.0,0,4,3,False,0,0,0,0,absent_in_train
fmnist,alpha0p1,42,3,8,0,0.0,0,3,3,False,0,0,0,0,absent_in_train
fmnist,alpha0p1,42,3,9,13,1.0,1,4,3,True,47,7,1,0,accredited
fmnist,alpha0p1,42,4,0,0,0.0,0,4,2,False,0,0,0,0,absent_in_train
fmnist,alpha0p1,42,4,1,128,0.9453125,1,7,2,True,448,64,1,0,accredited
fmnist,alpha0p1,42,4,2,0,0.0,0,4,2,False,0,0,0,0,absent_in_train
fmnist,alpha0p1,42,4,3,0,0.0,0,2,2,False,0,0,0,0,absent_in_train
fmnist,alpha0p1,42,4,4,0,0.0,0,2,2,False,0,0,0,0,absent_in_train
fmnist,alpha0p1,42,4,5,0,0.0,0,3,2,False,0,0,0,0,absent_in_train
fmnist,alpha0p1,42,4,6,7,0.4285714328289032,0,2,2,True,25,3,1,1,below_threshold
fmnist,alpha0p1,42,4,7,417,1.0,1,4,2,True,1459,208,1,0,accredited
fmnist,alpha0p1,42,4,8,0,0.0,0,3,2,False,0,0,0,0,absent_in_train
fmnist,alpha0p1,42,4,9,0,0.0,0,4,2,False,0,0,0,0,absent_in_train
fmnist,alpha0p1,42,5,0,161,0.9316770434379578,1,4,4,True,564,80,1,0,accredited
fmnist,alpha0p1,42,5,1,0,0.0,0,7,4,False,0,0,0,0,absent_in_train
fmnist,alpha0p1,42,5,2,0,0.0,0,4,4,False,0,0,0,0,absent_in_train
fmnist,alpha0p1,42,5,3,5,0.2000000029802322,0,2,4,True,20,3,1,1,below_threshold
fmnist,alpha0p1,42,5,4,722,0.9709141254425048,1,2,4,True,2529,361,1,0,accredited
fmnist,alpha0p1,42,5,5,162,0.9938271641731262,1,3,4,True,567,81,1,0,accredited
fmnist,alpha0p1,42,5,6,89,0.4044943749904632,0,2,4,True,312,45,1,1,below_threshold
fmnist,alpha0p1,42,5,7,0,0.0,0,4,4,False,2,0,1,1,no_expertise_observations
fmnist,alpha0p1,42,5,8,8,1.0,1,3,4,True,29,4,1,0,accredited
fmnist,alpha0p1,42,5,9,0,0.0,0,4,4,False,0,0,0,0,absent_in_train
fmnist,alpha0p1,42,6,0,0,0.0,0,4,3,False,0,0,0,0,absent_in_train
fmnist,alpha0p1,42,6,1,78,1.0,1,7,3,True,273,39,1,0,accredited
fmnist,alpha0p1,42,6,2,214,0.9018691778182985,1,4,3,True,748,107,1,0,accredited
fmnist,alpha0p1,42,6,3,0,0.0,0,2,3,False,0,0,0,0,absent_in_train
fmnist,alpha0p1,42,6,4,45,0.7777777910232544,0,2,3,True,160,23,1,1,below_threshold
fmnist,alpha0p1,42,6,5,0,0.0,0,3,3,False,0,0,0,0,absent_in_train
fmnist,alpha0p1,42,6,6,0,0.0,0,2,3,False,0,0,0,0,absent_in_train
fmnist,alpha0p1,42,6,7,3,1.0,1,4,3,True,11,2,1,0,accredited
fmnist,alpha0p1,42,6,8,0,0.0,0,3,3,False,0,0,0,0,absent_in_train
fmnist,alpha0p1,42,6,9,0,0.0,0,4,3,False,0,0,0,0,absent_in_train
fmnist,alpha0p1,42,7,0,0,0.0,0,4,4,False,0,0,0,0,absent_in_train
fmnist,alpha0p1,42,7,1,431,0.9953595995903016,1,7,4,True,1509,215,1,0,accredited
fmnist,alpha0p1,42,7,2,2,0.0,0,4,4,True,8,1,1,1,below_threshold
fmnist,alpha0p1,42,7,3,0,0.0,0,2,4,False,0,0,0,0,absent_in_train
fmnist,alpha0p1,42,7,4,20,0.4000000059604645,0,2,4,True,70,10,1,1,below_threshold
fmnist,alpha0p1,42,7,5,0,0.0,0,3,4,False,0,0,0,0,absent_in_train
fmnist,alpha0p1,42,7,6,109,0.9541284441947936,1,2,4,True,382,54,1,0,accredited
fmnist,alpha0p1,42,7,7,115,0.991304337978363,1,4,4,True,402,57,1,0,accredited
fmnist,alpha0p1,42,7,8,1,0.0,0,3,4,True,2,0,1,1,below_threshold
fmnist,alpha0p1,42,7,9,5,0.800000011920929,1,4,4,True,16,2,1,0,accredited
fmnist,alpha0p1,42,8,0,807,0.995043396949768,1,4,5,True,2823,403,1,0,accredited
fmnist,alpha0p1,42,8,1,157,1.0,1,7,5,True,550,79,1,0,accredited
fmnist,alpha0p1,42,8,2,18,0.9444444179534912,1,4,5,True,64,9,1,0,accredited
fmnist,alpha0p1,42,8,3,0,0.0,0,2,5,False,0,0,0,0,absent_in_train
fmnist,alpha0p1,42,8,4,5,0.0,0,2,5,True,16,2,1,1,below_threshold
fmnist,alpha0p1,42,8,5,13,0.7692307829856873,0,3,5,True,44,6,1,1,below_threshold
fmnist,alpha0p1,42,8,6,0,0.0,0,2,5,False,0,0,0,0,absent_in_train
fmnist,alpha0p1,42,8,7,0,0.0,0,4,5,False,0,0,0,0,absent_in_train
fmnist,alpha0p1,42,8,8,73,1.0,1,3,5,True,257,37,1,0,accredited
fmnist,alpha0p1,42,8,9,224,0.9955357313156128,1,4,5,True,786,112,1,0,accredited
fmnist,alpha0p1,42,9,0,11,0.8181818127632141,1,4,5,True,38,5,1,0,accredited
fmnist,alpha0p1,42,9,1,127,0.9842519760131836,1,7,5,True,445,64,1,0,accredited
fmnist,alpha0p1,42,9,2,0,0.0,0,4,5,False,0,0,0,0,absent_in_train
fmnist,alpha0p1,42,9,3,60,0.9666666388511658,1,2,5,True,210,30,1,0,accredited
fmnist,alpha0p1,42,9,4,170,0.9411764740943908,1,2,5,True,595,85,1,0,accredited
fmnist,alpha0p1,42,9,5,570,1.0,1,3,5,True,1996,285,1,0,accredited
fmnist,alpha0p1,42,9,6,0,0.0,0,2,5,False,0,0,0,0,absent_in_train
fmnist,alpha0p1,42,9,7,0,0.0,0,4,5,False,0,0,0,0,absent_in_train
fmnist,alpha0p1,42,9,8,0,0.0,0,3,5,False,0,0,0,0,absent_in_train
fmnist,alpha0p1,42,9,9,0,0.0,0,4,5,False,0,0,0,0,absent_in_train
fmnist,alpha0p1,43,0,0,0,0.0,0,4,3,False,0,0,0,0,absent_in_train
fmnist,alpha0p1,43,0,1,1,0.0,0,6,3,True,2,0,1,1,below_threshold
fmnist,alpha0p1,43,0,2,0,0.0,0,3,3,False,0,0,0,0,absent_in_train
fmnist,alpha0p1,43,0,3,0,0.0,0,2,3,False,0,0,0,0,absent_in_train
fmnist,alpha0p1,43,0,4,0,0.0,0,2,3,False,0,0,0,0,absent_in_train
fmnist,alpha0p1,43,0,5,443,0.9977426528930664,1,3,3,True,1552,222,1,0,accredited
fmnist,alpha0p1,43,0,6,8,1.0,1,4,3,True,27,4,1,0,accredited
fmnist,alpha0p1,43,0,7,0,0.0,0,3,3,False,0,0,0,0,absent_in_train
fmnist,alpha0p1,43,0,8,0,0.0,0,6,3,False,0,0,0,0,absent_in_train
fmnist,alpha0p1,43,0,9,79,0.949367105960846,1,5,3,True,278,40,1,0,accredited
fmnist,alpha0p1,43,1,0,0,0.0,0,4,3,False,0,0,0,0,absent_in_train
fmnist,alpha0p1,43,1,1,94,0.9680851101875304,1,6,3,True,331,47,1,0,accredited
fmnist,alpha0p1,43,1,2,0,0.0,0,3,3,False,0,0,0,0,absent_in_train
fmnist,alpha0p1,43,1,3,964,0.9875518679618835,1,2,3,True,3375,482,1,0,accredited
fmnist,alpha0p1,43,1,4,0,0.0,0,2,3,False,0,0,0,0,absent_in_train
fmnist,alpha0p1,43,1,5,0,0.0,0,3,3,False,0,0,0,0,absent_in_train
fmnist,alpha0p1,43,1,6,146,0.8424657583236694,1,4,3,True,510,73,1,0,accredited
fmnist,alpha0p1,43,1,7,0,0.0,0,3,3,False,0,0,0,0,absent_in_train
fmnist,alpha0p1,43,1,8,0,0.0,0,6,3,False,0,0,0,0,absent_in_train
fmnist,alpha0p1,43,1,9,0,0.0,0,5,3,False,1,0,1,1,no_expertise_observations
fmnist,alpha0p1,43,2,0,0,0.0,0,4,5,False,0,0,0,0,absent_in_train
fmnist,alpha0p1,43,2,1,19,0.9473684430122375,1,6,5,True,67,10,1,0,accredited
fmnist,alpha0p1,43,2,2,0,0.0,0,3,5,False,0,0,0,0,absent_in_train
fmnist,alpha0p1,43,2,3,0,0.0,0,2,5,False,0,0,0,0,absent_in_train
fmnist,alpha0p1,43,2,4,3,0.3333333432674408,0,2,5,True,12,2,1,1,below_threshold
fmnist,alpha0p1,43,2,5,15,0.9333333373069764,1,3,5,True,53,7,1,0,accredited
fmnist,alpha0p1,43,2,6,328,0.9725610017776488,1,4,5,True,1149,164,1,0,accredited
fmnist,alpha0p1,43,2,7,0,0.0,0,3,5,False,0,0,0,0,absent_in_train
fmnist,alpha0p1,43,2,8,307,0.9837133288383484,1,6,5,True,1077,154,1,0,accredited
fmnist,alpha0p1,43,2,9,7,0.8571428656578064,1,5,5,True,25,4,1,0,accredited
fmnist,alpha0p1,43,3,0,0,0.0,0,4,3,False,1,0,1,1,no_expertise_observations
fmnist,alpha0p1,43,3,1,822,0.9987834692001344,1,6,3,True,2877,411,1,0,accredited
fmnist,alpha0p1,43,3,2,6,0.3333333432674408,0,3,3,True,21,3,1,1,below_threshold
fmnist,alpha0p1,43,3,3,0,0.0,0,2,3,False,0,0,0,0,absent_in_train
fmnist,alpha0p1,43,3,4,13,1.0,1,2,3,True,46,7,1,0,accredited
fmnist,alpha0p1,43,3,5,0,0.0,0,3,3,False,2,0,1,1,no_expertise_observations
fmnist,alpha0p1,43,3,6,3,0.0,0,4,3,True,10,1,1,1,below_threshold
fmnist,alpha0p1,43,3,7,0,0.0,0,3,3,False,0,0,0,0,absent_in_train
fmnist,alpha0p1,43,3,8,2,1.0,1,6,3,True,8,1,1,0,accredited
fmnist,alpha0p1,43,3,9,0,0.0,0,5,3,False,0,0,0,0,absent_in_train
fmnist,alpha0p1,43,4,0,0,0.0,0,4,4,False,0,0,0,0,absent_in_train
fmnist,alpha0p1,43,4,1,7,1.0,1,6,4,True,24,3,1,0,accredited
fmnist,alpha0p1,43,4,2,120,0.9916666746139526,1,3,4,True,420,60,1,0,accredited
fmnist,alpha0p1,43,4,3,29,0.8965517282485962,1,2,4,True,100,14,1,0,accredited
fmnist,alpha0p1,43,4,4,0,0.0,0,2,4,False,0,0,0,0,absent_in_train
fmnist,alpha0p1,43,4,5,0,0.0,0,3,4,False,0,0,0,0,absent_in_train
fmnist,alpha0p1,43,4,6,0,0.0,0,4,4,False,0,0,0,0,absent_in_train
fmnist,alpha0p1,43,4,7,0,0.0,0,3,4,False,0,0,0,0,absent_in_train
fmnist,alpha0p1,43,4,8,11,0.9090909361839294,1,6,4,True,41,6,1,0,accredited
fmnist,alpha0p1,43,4,9,0,0.0,0,5,4,False,0,0,0,0,absent_in_train
fmnist,alpha0p1,43,5,0,637,0.9340659379959106,1,4,3,True,2230,319,1,0,accredited
fmnist,alpha0p1,43,5,1,0,0.0,0,6,3,False,0,0,0,0,absent_in_train
fmnist,alpha0p1,43,5,2,2,0.0,0,3,3,True,9,1,1,1,below_threshold
fmnist,alpha0p1,43,5,3,0,0.0,0,2,3,False,0,0,0,0,absent_in_train
fmnist,alpha0p1,43,5,4,45,0.6222222447395325,0,2,3,True,159,23,1,1,below_threshold
fmnist,alpha0p1,43,5,5,0,0.0,0,3,3,False,1,0,1,1,no_expertise_observations
fmnist,alpha0p1,43,5,6,313,0.8274760246276855,1,4,3,True,1095,156,1,0,accredited
fmnist,alpha0p1,43,5,7,0,0.0,0,3,3,False,0,0,0,0,absent_in_train
fmnist,alpha0p1,43,5,8,0,0.0,0,6,3,False,0,0,0,0,absent_in_train
fmnist,alpha0p1,43,5,9,1,1.0,1,5,3,True,3,0,1,0,accredited
fmnist,alpha0p1,43,6,0,16,0.9375,1,4,4,True,55,8,1,0,accredited
fmnist,alpha0p1,43,6,1,47,0.978723406791687,1,6,4,True,164,23,1,0,accredited
fmnist,alpha0p1,43,6,2,793,0.992433786392212,1,3,4,True,2778,397,1,0,accredited
fmnist,alpha0p1,43,6,3,7,0.5714285969734192,0,2,4,True,25,4,1,1,below_threshold
fmnist,alpha0p1,43,6,4,0,0.0,0,2,4,False,0,0,0,0,absent_in_train
fmnist,alpha0p1,43,6,5,0,0.0,0,3,4,False,0,0,0,0,absent_in_train
fmnist,alpha0p1,43,6,6,1,0.0,0,4,4,True,4,0,1,1,below_threshold
fmnist,alpha0p1,43,6,7,3,0.3333333432674408,0,3,4,True,11,2,1,1,below_threshold
fmnist,alpha0p1,43,6,8,0,0.0,0,6,4,False,0,0,0,0,absent_in_train
fmnist,alpha0p1,43,6,9,795,0.9987421631813048,1,5,4,True,2784,398,1,0,accredited
fmnist,alpha0p1,43,7,0,31,0.8709677457809448,1,4,4,True,108,15,1,0,accredited
fmnist,alpha0p1,43,7,1,0,0.0,0,6,4,False,0,0,0,0,absent_in_train
fmnist,alpha0p1,43,7,2,0,0.0,0,3,4,False,0,0,0,0,absent_in_train
fmnist,alpha0p1,43,7,3,0,0.0,0,2,4,False,0,0,0,0,absent_in_train
fmnist,alpha0p1,43,7,4,0,0.0,0,2,4,False,0,0,0,0,absent_in_train
fmnist,alpha0p1,43,7,5,0,0.0,0,3,4,False,0,0,0,0,absent_in_train
fmnist,alpha0p1,43,7,6,0,0.0,0,4,4,False,0,0,0,0,absent_in_train
fmnist,alpha0p1,43,7,7,72,0.9166666865348816,1,3,4,True,252,36,1,0,accredited
fmnist,alpha0p1,43,7,8,383,0.9947780966758728,1,6,4,True,1341,191,1,0,accredited
fmnist,alpha0p1,43,7,9,108,0.9814814925193788,1,5,4,True,380,54,1,0,accredited
fmnist,alpha0p1,43,8,0,316,0.8702531456947327,1,4,6,True,1106,158,1,0,accredited
fmnist,alpha0p1,43,8,1,10,1.0,1,6,6,True,36,5,1,0,accredited
fmnist,alpha0p1,43,8,2,49,0.5102040767669678,0,3,6,True,172,24,1,1,below_threshold
fmnist,alpha0p1,43,8,3,0,0.0,0,2,6,False,0,0,0,0,absent_in_train
fmnist,alpha0p1,43,8,4,931,0.9871106147766112,1,2,6,True,3258,465,1,0,accredited
fmnist,alpha0p1,43,8,5,541,0.9944547414779664,1,3,6,True,1894,270,1,0,accredited
fmnist,alpha0p1,43,8,6,201,0.5870646834373474,0,4,6,True,706,101,1,1,below_threshold
fmnist,alpha0p1,43,8,7,126,0.9603174328804016,1,3,6,True,443,63,1,0,accredited
fmnist,alpha0p1,43,8,8,290,0.9758620858192444,1,6,6,True,1016,145,1,0,accredited
fmnist,alpha0p1,43,8,9,0,0.0,0,5,6,False,0,0,0,0,absent_in_train
fmnist,alpha0p1,43,9,0,0,0.0,0,4,3,False,0,0,0,0,absent_in_train
fmnist,alpha0p1,43,9,1,0,0.0,0,6,3,False,0,0,0,0,absent_in_train
fmnist,alpha0p1,43,9,2,29,0.8275862336158752,1,3,3,True,102,14,1,0,accredited
fmnist,alpha0p1,43,9,3,0,0.0,0,2,3,False,0,0,0,0,absent_in_train
fmnist,alpha0p1,43,9,4,7,0.2857142984867096,0,2,3,True,25,4,1,1,below_threshold
fmnist,alpha0p1,43,9,5,0,0.0,0,3,3,False,0,0,0,0,absent_in_train
fmnist,alpha0p1,43,9,6,0,0.0,0,4,3,False,0,0,0,0,absent_in_train
fmnist,alpha0p1,43,9,7,798,0.9987468719482422,1,3,3,True,2795,399,1,0,accredited
fmnist,alpha0p1,43,9,8,5,1.0,1,6,3,True,19,3,1,0,accredited
fmnist,alpha0p1,43,9,9,9,0.1111111119389534,0,5,3,True,30,4,1,1,below_threshold
fmnist,alpha0p1,44,0,0,26,0.692307710647583,0,3,2,True,92,13,1,1,below_threshold
fmnist,alpha0p1,44,0,1,57,0.9649122953414916,1,7,2,True,200,28,1,0,accredited
fmnist,alpha0p1,44,0,2,0,0.0,0,3,2,False,0,0,0,0,absent_in_train
fmnist,alpha0p1,44,0,3,14,0.8571428656578064,1,6,2,True,49,7,1,0,accredited
fmnist,alpha0p1,44,0,4,0,0.0,0,3,2,False,0,0,0,0,absent_in_train
fmnist,alpha0p1,44,0,5,0,0.0,0,4,2,False,0,0,0,0,absent_in_train
fmnist,alpha0p1,44,0,6,0,0.0,0,2,2,False,2,0,1,1,no_expertise_observations
fmnist,alpha0p1,44,0,7,0,0.0,0,4,2,False,0,0,0,0,absent_in_train
fmnist,alpha0p1,44,0,8,0,0.0,0,5,2,False,0,0,0,0,absent_in_train
fmnist,alpha0p1,44,0,9,0,0.0,0,5,2,False,1,0,1,1,no_expertise_observations
fmnist,alpha0p1,44,1,0,121,0.9504132270812988,1,3,4,True,426,61,1,0,accredited
fmnist,alpha0p1,44,1,1,0,0.0,0,7,4,False,2,0,1,1,no_expertise_observations
fmnist,alpha0p1,44,1,2,64,0.96875,1,3,4,True,224,32,1,0,accredited
fmnist,alpha0p1,44,1,3,0,0.0,0,6,4,False,0,0,0,0,absent_in_train
fmnist,alpha0p1,44,1,4,0,0.0,0,3,4,False,0,0,0,0,absent_in_train
fmnist,alpha0p1,44,1,5,875,0.9954285621643066,1,4,4,True,3062,437,1,0,accredited
fmnist,alpha0p1,44,1,6,0,0.0,0,2,4,False,0,0,0,0,absent_in_train
fmnist,alpha0p1,44,1,7,0,0.0,0,4,4,False,0,0,0,0,absent_in_train
fmnist,alpha0p1,44,1,8,497,0.9939637780189514,1,5,4,True,1738,248,1,0,accredited
fmnist,alpha0p1,44,1,9,0,0.0,0,5,4,False,0,0,0,0,absent_in_train
fmnist,alpha0p1,44,2,0,142,0.6549295783042908,0,3,6,True,497,71,1,1,below_threshold
fmnist,alpha0p1,44,2,1,5,0.800000011920929,1,7,6,True,20,3,1,0,accredited
fmnist,alpha0p1,44,2,2,0,0.0,0,3,6,False,0,0,0,0,absent_in_train
fmnist,alpha0p1,44,2,3,91,0.8791208863258362,1,6,6,True,319,45,1,0,accredited
fmnist,alpha0p1,44,2,4,0,0.0,0,3,6,False,0,0,0,0,absent_in_train
fmnist,alpha0p1,44,2,5,85,0.9647058844566344,1,4,6,True,297,42,1,0,accredited
fmnist,alpha0p1,44,2,6,533,0.9380863308906556,1,2,6,True,1868,267,1,0,accredited
fmnist,alpha0p1,44,2,7,2,0.0,0,4,6,True,9,1,1,1,below_threshold
fmnist,alpha0p1,44,2,8,26,0.9230769276618958,1,5,6,True,90,13,1,0,accredited
fmnist,alpha0p1,44,2,9,43,0.9767441749572754,1,5,6,True,149,21,1,0,accredited
fmnist,alpha0p1,44,3,0,0,0.0,0,3,3,False,0,0,0,0,absent_in_train
fmnist,alpha0p1,44,3,1,1,0.0,0,7,3,True,4,0,1,1,below_threshold
fmnist,alpha0p1,44,3,2,0,0.0,0,3,3,False,0,0,0,0,absent_in_train
fmnist,alpha0p1,44,3,3,472,0.9936440587043762,1,6,3,True,1654,236,1,0,accredited
fmnist,alpha0p1,44,3,4,0,0.0,0,3,3,False,0,0,0,0,absent_in_train
fmnist,alpha0p1,44,3,5,0,0.0,0,4,3,False,0,0,0,0,absent_in_train
fmnist,alpha0p1,44,3,6,10,0.6000000238418579,0,2,3,True,34,5,1,1,below_threshold
fmnist,alpha0p1,44,3,7,638,1.0,1,4,3,True,2233,319,1,0,accredited
fmnist,alpha0p1,44,3,8,29,0.8965517282485962,1,5,3,True,102,15,1,0,accredited
fmnist,alpha0p1,44,3,9,0,0.0,0,5,3,False,0,0,0,0,absent_in_train
fmnist,alpha0p1,44,4,0,0,0.0,0,3,5,False,0,0,0,0,absent_in_train
fmnist,alpha0p1,44,4,1,247,0.9635627269744872,1,7,5,True,863,123,1,0,accredited
fmnist,alpha0p1,44,4,2,0,0.0,0,3,5,False,0,0,0,0,absent_in_train
fmnist,alpha0p1,44,4,3,186,0.9677419066429138,1,6,5,True,652,93,1,0,accredited
fmnist,alpha0p1,44,4,4,0,0.0,0,3,5,False,0,0,0,0,absent_in_train
fmnist,alpha0p1,44,4,5,0,0.0,0,4,5,False,0,0,0,0,absent_in_train
fmnist,alpha0p1,44,4,6,0,0.0,0,2,5,False,0,0,0,0,absent_in_train
fmnist,alpha0p1,44,4,7,2,1.0,1,4,5,True,8,1,1,0,accredited
fmnist,alpha0p1,44,4,8,427,0.99765807390213,1,5,5,True,1495,213,1,0,accredited
fmnist,alpha0p1,44,4,9,4,1.0,1,5,5,True,13,2,1,0,accredited
fmnist,alpha0p1,44,5,0,74,0.9189189076423644,1,3,4,True,259,37,1,0,accredited
fmnist,alpha0p1,44,5,1,7,0.8571428656578064,1,7,4,True,23,3,1,0,accredited
fmnist,alpha0p1,44,5,2,1,0.0,0,3,4,True,4,0,1,1,below_threshold
fmnist,alpha0p1,44,5,3,30,0.7333333492279053,0,6,4,True,107,15,1,1,below_threshold
fmnist,alpha0p1,44,5,4,108,0.9907407164573668,1,3,4,True,380,54,1,0,accredited
fmnist,alpha0p1,44,5,5,7,1.0,1,4,4,True,26,4,1,0,accredited
fmnist,alpha0p1,44,5,6,0,0.0,0,2,4,False,0,0,0,0,absent_in_train
fmnist,alpha0p1,44,5,7,0,0.0,0,4,4,False,0,0,0,0,absent_in_train
fmnist,alpha0p1,44,5,8,0,0.0,0,5,4,False,0,0,0,0,absent_in_train
fmnist,alpha0p1,44,5,9,0,0.0,0,5,4,False,0,0,0,0,absent_in_train
fmnist,alpha0p1,44,6,0,0,0.0,0,3,1,False,1,0,1,1,no_expertise_observations
fmnist,alpha0p1,44,6,1,0,0.0,0,7,1,False,0,0,0,0,absent_in_train
fmnist,alpha0p1,44,6,2,2,0.0,0,3,1,True,7,1,1,1,below_threshold
fmnist,alpha0p1,44,6,3,0,0.0,0,6,1,False,0,0,0,0,absent_in_train
fmnist,alpha0p1,44,6,4,0,0.0,0,3,1,False,0,0,0,0,absent_in_train
fmnist,alpha0p1,44,6,5,0,0.0,0,4,1,False,0,0,0,0,absent_in_train
fmnist,alpha0p1,44,6,6,1,0.0,0,2,1,True,3,0,1,1,below_threshold
fmnist,alpha0p1,44,6,7,1,0.0,0,4,1,True,4,1,1,1,below_threshold
fmnist,alpha0p1,44,6,8,0,0.0,0,5,1,False,0,0,0,0,absent_in_train
fmnist,alpha0p1,44,6,9,123,1.0,1,5,1,True,431,61,1,0,accredited
fmnist,alpha0p1,44,7,0,0,0.0,0,3,5,False,0,0,0,0,absent_in_train
fmnist,alpha0p1,44,7,1,23,1.0,1,7,5,True,81,11,1,0,accredited
fmnist,alpha0p1,44,7,2,0,0.0,0,3,5,False,2,0,1,1,no_expertise_observations
fmnist,alpha0p1,44,7,3,11,0.9090909361839294,1,6,5,True,37,5,1,0,accredited
fmnist,alpha0p1,44,7,4,50,0.6600000262260437,0,3,5,True,174,25,1,1,below_threshold
fmnist,alpha0p1,44,7,5,13,0.7692307829856873,0,4,5,True,46,6,1,1,below_threshold
fmnist,alpha0p1,44,7,6,451,0.9645232558250428,1,2,5,True,1581,226,1,0,accredited
fmnist,alpha0p1,44,7,7,237,0.8649789094924927,1,4,5,True,829,118,1,0,accredited
fmnist,alpha0p1,44,7,8,0,0.0,0,5,5,False,0,0,0,0,absent_in_train
fmnist,alpha0p1,44,7,9,749,0.9879840016365052,1,5,5,True,2624,375,1,0,accredited
fmnist,alpha0p1,44,8,0,11,0.6363636255264282,0,3,6,True,41,6,1,1,below_threshold
fmnist,alpha0p1,44,8,1,633,0.9905213117599488,1,7,6,True,2214,316,1,0,accredited
fmnist,alpha0p1,44,8,2,166,0.8855421543121338,1,3,6,True,583,83,1,0,accredited
fmnist,alpha0p1,44,8,3,195,0.9743589758872986,1,6,6,True,684,98,1,0,accredited
fmnist,alpha0p1,44,8,4,190,0.8368421196937561,1,3,6,True,667,95,1,0,accredited
fmnist,alpha0p1,44,8,5,0,0.0,0,4,6,False,0,0,0,0,absent_in_train
fmnist,alpha0p1,44,8,6,4,0.25,0,2,6,True,13,2,1,1,below_threshold
fmnist,alpha0p1,44,8,7,0,0.0,0,4,6,False,0,0,0,0,absent_in_train
fmnist,alpha0p1,44,8,8,21,0.9523809552192688,1,5,6,True,75,11,1,0,accredited
fmnist,alpha0p1,44,8,9,77,1.0,1,5,6,True,270,38,1,0,accredited
fmnist,alpha0p1,44,9,0,624,0.9583333134651184,1,3,6,True,2186,312,1,0,accredited
fmnist,alpha0p1,44,9,1,27,0.9629629850387572,1,7,6,True,95,14,1,0,accredited
fmnist,alpha0p1,44,9,2,766,0.9543080925941468,1,3,6,True,2682,383,1,0,accredited
fmnist,alpha0p1,44,9,3,0,0.0,0,6,6,False,0,0,0,0,absent_in_train
fmnist,alpha0p1,44,9,4,651,0.8970814347267151,1,3,6,True,2280,326,1,0,accredited
fmnist,alpha0p1,44,9,5,20,0.8500000238418579,1,4,6,True,70,10,1,0,accredited
fmnist,alpha0p1,44,9,6,0,0.0,0,2,6,False,0,0,0,0,absent_in_train
fmnist,alpha0p1,44,9,7,119,1.0,1,4,6,True,418,60,1,0,accredited
fmnist,alpha0p1,44,9,8,0,0.0,0,5,6,False,0,0,0,0,absent_in_train
fmnist,alpha0p1,44,9,9,4,0.75,0,5,6,True,13,2,1,1,below_threshold
fmnist,multi,42,0,0,500,0.9860000014305116,1,2,2,True,1750,250,1,0,accredited
fmnist,multi,42,0,1,500,0.9919999837875366,1,2,2,True,1750,250,1,0,accredited
fmnist,multi,42,0,2,0,0.0,0,2,2,False,0,0,0,0,absent_in_train
fmnist,multi,42,0,3,0,0.0,0,2,2,False,0,0,0,0,absent_in_train
fmnist,multi,42,0,4,0,0.0,0,2,2,False,0,0,0,0,absent_in_train
fmnist,multi,42,0,5,0,0.0,0,2,2,False,0,0,0,0,absent_in_train
fmnist,multi,42,0,6,0,0.0,0,2,2,False,0,0,0,0,absent_in_train
fmnist,multi,42,0,7,0,0.0,0,2,2,False,0,0,0,0,absent_in_train
fmnist,multi,42,0,8,0,0.0,0,2,2,False,0,0,0,0,absent_in_train
fmnist,multi,42,0,9,0,0.0,0,2,2,False,0,0,0,0,absent_in_train
fmnist,multi,42,1,0,0,0.0,0,2,2,False,0,0,0,0,absent_in_train
fmnist,multi,42,1,1,0,0.0,0,2,2,False,0,0,0,0,absent_in_train
fmnist,multi,42,1,2,500,0.9800000190734864,1,2,2,True,1750,250,1,0,accredited
fmnist,multi,42,1,3,500,0.984000027179718,1,2,2,True,1750,250,1,0,accredited
fmnist,multi,42,1,4,0,0.0,0,2,2,False,0,0,0,0,absent_in_train
fmnist,multi,42,1,5,0,0.0,0,2,2,False,0,0,0,0,absent_in_train
fmnist,multi,42,1,6,0,0.0,0,2,2,False,0,0,0,0,absent_in_train
fmnist,multi,42,1,7,0,0.0,0,2,2,False,0,0,0,0,absent_in_train
fmnist,multi,42,1,8,0,0.0,0,2,2,False,0,0,0,0,absent_in_train
fmnist,multi,42,1,9,0,0.0,0,2,2,False,0,0,0,0,absent_in_train
fmnist,multi,42,2,0,0,0.0,0,2,2,False,0,0,0,0,absent_in_train
fmnist,multi,42,2,1,0,0.0,0,2,2,False,0,0,0,0,absent_in_train
fmnist,multi,42,2,2,0,0.0,0,2,2,False,0,0,0,0,absent_in_train
fmnist,multi,42,2,3,0,0.0,0,2,2,False,0,0,0,0,absent_in_train
fmnist,multi,42,2,4,500,1.0,1,2,2,True,1750,250,1,0,accredited
fmnist,multi,42,2,5,500,1.0,1,2,2,True,1750,250,1,0,accredited
fmnist,multi,42,2,6,0,0.0,0,2,2,False,0,0,0,0,absent_in_train
fmnist,multi,42,2,7,0,0.0,0,2,2,False,0,0,0,0,absent_in_train
fmnist,multi,42,2,8,0,0.0,0,2,2,False,0,0,0,0,absent_in_train
fmnist,multi,42,2,9,0,0.0,0,2,2,False,0,0,0,0,absent_in_train
fmnist,multi,42,3,0,0,0.0,0,2,2,False,0,0,0,0,absent_in_train
fmnist,multi,42,3,1,0,0.0,0,2,2,False,0,0,0,0,absent_in_train
fmnist,multi,42,3,2,0,0.0,0,2,2,False,0,0,0,0,absent_in_train
fmnist,multi,42,3,3,0,0.0,0,2,2,False,0,0,0,0,absent_in_train
fmnist,multi,42,3,4,0,0.0,0,2,2,False,0,0,0,0,absent_in_train
fmnist,multi,42,3,5,0,0.0,0,2,2,False,0,0,0,0,absent_in_train
fmnist,multi,42,3,6,500,1.0,1,2,2,True,1750,250,1,0,accredited
fmnist,multi,42,3,7,500,0.9959999918937684,1,2,2,True,1750,250,1,0,accredited
fmnist,multi,42,3,8,0,0.0,0,2,2,False,0,0,0,0,absent_in_train
fmnist,multi,42,3,9,0,0.0,0,2,2,False,0,0,0,0,absent_in_train
fmnist,multi,42,4,0,0,0.0,0,2,2,False,0,0,0,0,absent_in_train
fmnist,multi,42,4,1,0,0.0,0,2,2,False,0,0,0,0,absent_in_train
fmnist,multi,42,4,2,0,0.0,0,2,2,False,0,0,0,0,absent_in_train
fmnist,multi,42,4,3,0,0.0,0,2,2,False,0,0,0,0,absent_in_train
fmnist,multi,42,4,4,0,0.0,0,2,2,False,0,0,0,0,absent_in_train
fmnist,multi,42,4,5,0,0.0,0,2,2,False,0,0,0,0,absent_in_train
fmnist,multi,42,4,6,0,0.0,0,2,2,False,0,0,0,0,absent_in_train
fmnist,multi,42,4,7,0,0.0,0,2,2,False,0,0,0,0,absent_in_train
fmnist,multi,42,4,8,500,0.9919999837875366,1,2,2,True,1750,250,1,0,accredited
fmnist,multi,42,4,9,500,1.0,1,2,2,True,1750,250,1,0,accredited
fmnist,multi,42,5,0,500,1.0,1,2,2,True,1750,250,1,0,accredited
fmnist,multi,42,5,1,500,0.984000027179718,1,2,2,True,1750,250,1,0,accredited
fmnist,multi,42,5,2,0,0.0,0,2,2,False,0,0,0,0,absent_in_train
fmnist,multi,42,5,3,0,0.0,0,2,2,False,0,0,0,0,absent_in_train
fmnist,multi,42,5,4,0,0.0,0,2,2,False,0,0,0,0,absent_in_train
fmnist,multi,42,5,5,0,0.0,0,2,2,False,0,0,0,0,absent_in_train
fmnist,multi,42,5,6,0,0.0,0,2,2,False,0,0,0,0,absent_in_train
fmnist,multi,42,5,7,0,0.0,0,2,2,False,0,0,0,0,absent_in_train
fmnist,multi,42,5,8,0,0.0,0,2,2,False,0,0,0,0,absent_in_train
fmnist,multi,42,5,9,0,0.0,0,2,2,False,0,0,0,0,absent_in_train
fmnist,multi,42,6,0,0,0.0,0,2,2,False,0,0,0,0,absent_in_train
fmnist,multi,42,6,1,0,0.0,0,2,2,False,0,0,0,0,absent_in_train
fmnist,multi,42,6,2,500,0.9679999947547911,1,2,2,True,1750,250,1,0,accredited
fmnist,multi,42,6,3,500,0.9879999756813048,1,2,2,True,1750,250,1,0,accredited
fmnist,multi,42,6,4,0,0.0,0,2,2,False,0,0,0,0,absent_in_train
fmnist,multi,42,6,5,0,0.0,0,2,2,False,0,0,0,0,absent_in_train
fmnist,multi,42,6,6,0,0.0,0,2,2,False,0,0,0,0,absent_in_train
fmnist,multi,42,6,7,0,0.0,0,2,2,False,0,0,0,0,absent_in_train
fmnist,multi,42,6,8,0,0.0,0,2,2,False,0,0,0,0,absent_in_train
fmnist,multi,42,6,9,0,0.0,0,2,2,False,0,0,0,0,absent_in_train
fmnist,multi,42,7,0,0,0.0,0,2,2,False,0,0,0,0,absent_in_train
fmnist,multi,42,7,1,0,0.0,0,2,2,False,0,0,0,0,absent_in_train
fmnist,multi,42,7,2,0,0.0,0,2,2,False,0,0,0,0,absent_in_train
fmnist,multi,42,7,3,0,0.0,0,2,2,False,0,0,0,0,absent_in_train
fmnist,multi,42,7,4,500,1.0,1,2,2,True,1750,250,1,0,accredited
fmnist,multi,42,7,5,500,1.0,1,2,2,True,1750,250,1,0,accredited
fmnist,multi,42,7,6,0,0.0,0,2,2,False,0,0,0,0,absent_in_train
fmnist,multi,42,7,7,0,0.0,0,2,2,False,0,0,0,0,absent_in_train
fmnist,multi,42,7,8,0,0.0,0,2,2,False,0,0,0,0,absent_in_train
fmnist,multi,42,7,9,0,0.0,0,2,2,False,0,0,0,0,absent_in_train
fmnist,multi,42,8,0,0,0.0,0,2,2,False,0,0,0,0,absent_in_train
fmnist,multi,42,8,1,0,0.0,0,2,2,False,0,0,0,0,absent_in_train
fmnist,multi,42,8,2,0,0.0,0,2,2,False,0,0,0,0,absent_in_train
fmnist,multi,42,8,3,0,0.0,0,2,2,False,0,0,0,0,absent_in_train
fmnist,multi,42,8,4,0,0.0,0,2,2,False,0,0,0,0,absent_in_train
fmnist,multi,42,8,5,0,0.0,0,2,2,False,0,0,0,0,absent_in_train
fmnist,multi,42,8,6,500,0.9980000257492064,1,2,2,True,1750,250,1,0,accredited
fmnist,multi,42,8,7,500,1.0,1,2,2,True,1750,250,1,0,accredited
fmnist,multi,42,8,8,0,0.0,0,2,2,False,0,0,0,0,absent_in_train
fmnist,multi,42,8,9,0,0.0,0,2,2,False,0,0,0,0,absent_in_train
fmnist,multi,42,9,0,0,0.0,0,2,2,False,0,0,0,0,absent_in_train
fmnist,multi,42,9,1,0,0.0,0,2,2,False,0,0,0,0,absent_in_train
fmnist,multi,42,9,2,0,0.0,0,2,2,False,0,0,0,0,absent_in_train
fmnist,multi,42,9,3,0,0.0,0,2,2,False,0,0,0,0,absent_in_train
fmnist,multi,42,9,4,0,0.0,0,2,2,False,0,0,0,0,absent_in_train
fmnist,multi,42,9,5,0,0.0,0,2,2,False,0,0,0,0,absent_in_train
fmnist,multi,42,9,6,0,0.0,0,2,2,False,0,0,0,0,absent_in_train
fmnist,multi,42,9,7,0,0.0,0,2,2,False,0,0,0,0,absent_in_train
fmnist,multi,42,9,8,500,0.9919999837875366,1,2,2,True,1750,250,1,0,accredited
fmnist,multi,42,9,9,500,0.9980000257492064,1,2,2,True,1750,250,1,0,accredited
fmnist,multi,43,0,0,500,1.0,1,2,2,True,1750,250,1,0,accredited
fmnist,multi,43,0,1,500,0.9879999756813048,1,2,2,True,1750,250,1,0,accredited
fmnist,multi,43,0,2,0,0.0,0,2,2,False,0,0,0,0,absent_in_train
fmnist,multi,43,0,3,0,0.0,0,2,2,False,0,0,0,0,absent_in_train
fmnist,multi,43,0,4,0,0.0,0,2,2,False,0,0,0,0,absent_in_train
fmnist,multi,43,0,5,0,0.0,0,2,2,False,0,0,0,0,absent_in_train
fmnist,multi,43,0,6,0,0.0,0,2,2,False,0,0,0,0,absent_in_train
fmnist,multi,43,0,7,0,0.0,0,2,2,False,0,0,0,0,absent_in_train
fmnist,multi,43,0,8,0,0.0,0,2,2,False,0,0,0,0,absent_in_train
fmnist,multi,43,0,9,0,0.0,0,2,2,False,0,0,0,0,absent_in_train
fmnist,multi,43,1,0,0,0.0,0,2,2,False,0,0,0,0,absent_in_train
fmnist,multi,43,1,1,0,0.0,0,2,2,False,0,0,0,0,absent_in_train
fmnist,multi,43,1,2,500,0.9559999704360962,1,2,2,True,1750,250,1,0,accredited
fmnist,multi,43,1,3,500,0.9959999918937684,1,2,2,True,1750,250,1,0,accredited
fmnist,multi,43,1,4,0,0.0,0,2,2,False,0,0,0,0,absent_in_train
fmnist,multi,43,1,5,0,0.0,0,2,2,False,0,0,0,0,absent_in_train
fmnist,multi,43,1,6,0,0.0,0,2,2,False,0,0,0,0,absent_in_train
fmnist,multi,43,1,7,0,0.0,0,2,2,False,0,0,0,0,absent_in_train
fmnist,multi,43,1,8,0,0.0,0,2,2,False,0,0,0,0,absent_in_train
fmnist,multi,43,1,9,0,0.0,0,2,2,False,0,0,0,0,absent_in_train
fmnist,multi,43,2,0,0,0.0,0,2,2,False,0,0,0,0,absent_in_train
fmnist,multi,43,2,1,0,0.0,0,2,2,False,0,0,0,0,absent_in_train
fmnist,multi,43,2,2,0,0.0,0,2,2,False,0,0,0,0,absent_in_train
fmnist,multi,43,2,3,0,0.0,0,2,2,False,0,0,0,0,absent_in_train
fmnist,multi,43,2,4,500,0.9940000176429749,1,2,2,True,1750,250,1,0,accredited
fmnist,multi,43,2,5,500,0.9980000257492064,1,2,2,True,1750,250,1,0,accredited
fmnist,multi,43,2,6,0,0.0,0,2,2,False,0,0,0,0,absent_in_train
fmnist,multi,43,2,7,0,0.0,0,2,2,False,0,0,0,0,absent_in_train
fmnist,multi,43,2,8,0,0.0,0,2,2,False,0,0,0,0,absent_in_train
fmnist,multi,43,2,9,0,0.0,0,2,2,False,0,0,0,0,absent_in_train
fmnist,multi,43,3,0,0,0.0,0,2,2,False,0,0,0,0,absent_in_train
fmnist,multi,43,3,1,0,0.0,0,2,2,False,0,0,0,0,absent_in_train
fmnist,multi,43,3,2,0,0.0,0,2,2,False,0,0,0,0,absent_in_train
fmnist,multi,43,3,3,0,0.0,0,2,2,False,0,0,0,0,absent_in_train
fmnist,multi,43,3,4,0,0.0,0,2,2,False,0,0,0,0,absent_in_train
fmnist,multi,43,3,5,0,0.0,0,2,2,False,0,0,0,0,absent_in_train
fmnist,multi,43,3,6,500,1.0,1,2,2,True,1750,250,1,0,accredited
fmnist,multi,43,3,7,500,1.0,1,2,2,True,1750,250,1,0,accredited
fmnist,multi,43,3,8,0,0.0,0,2,2,False,0,0,0,0,absent_in_train
fmnist,multi,43,3,9,0,0.0,0,2,2,False,0,0,0,0,absent_in_train
fmnist,multi,43,4,0,0,0.0,0,2,2,False,0,0,0,0,absent_in_train
fmnist,multi,43,4,1,0,0.0,0,2,2,False,0,0,0,0,absent_in_train
fmnist,multi,43,4,2,0,0.0,0,2,2,False,0,0,0,0,absent_in_train
fmnist,multi,43,4,3,0,0.0,0,2,2,False,0,0,0,0,absent_in_train
fmnist,multi,43,4,4,0,0.0,0,2,2,False,0,0,0,0,absent_in_train
fmnist,multi,43,4,5,0,0.0,0,2,2,False,0,0,0,0,absent_in_train
fmnist,multi,43,4,6,0,0.0,0,2,2,False,0,0,0,0,absent_in_train
fmnist,multi,43,4,7,0,0.0,0,2,2,False,0,0,0,0,absent_in_train
fmnist,multi,43,4,8,500,0.9959999918937684,1,2,2,True,1750,250,1,0,accredited
fmnist,multi,43,4,9,500,1.0,1,2,2,True,1750,250,1,0,accredited
fmnist,multi,43,5,0,500,0.9919999837875366,1,2,2,True,1750,250,1,0,accredited
fmnist,multi,43,5,1,500,0.9800000190734864,1,2,2,True,1750,250,1,0,accredited
fmnist,multi,43,5,2,0,0.0,0,2,2,False,0,0,0,0,absent_in_train
fmnist,multi,43,5,3,0,0.0,0,2,2,False,0,0,0,0,absent_in_train
fmnist,multi,43,5,4,0,0.0,0,2,2,False,0,0,0,0,absent_in_train
fmnist,multi,43,5,5,0,0.0,0,2,2,False,0,0,0,0,absent_in_train
fmnist,multi,43,5,6,0,0.0,0,2,2,False,0,0,0,0,absent_in_train
fmnist,multi,43,5,7,0,0.0,0,2,2,False,0,0,0,0,absent_in_train
fmnist,multi,43,5,8,0,0.0,0,2,2,False,0,0,0,0,absent_in_train
fmnist,multi,43,5,9,0,0.0,0,2,2,False,0,0,0,0,absent_in_train
fmnist,multi,43,6,0,0,0.0,0,2,2,False,0,0,0,0,absent_in_train
fmnist,multi,43,6,1,0,0.0,0,2,2,False,0,0,0,0,absent_in_train
fmnist,multi,43,6,2,500,0.9819999933242798,1,2,2,True,1750,250,1,0,accredited
fmnist,multi,43,6,3,500,0.984000027179718,1,2,2,True,1750,250,1,0,accredited
fmnist,multi,43,6,4,0,0.0,0,2,2,False,0,0,0,0,absent_in_train
fmnist,multi,43,6,5,0,0.0,0,2,2,False,0,0,0,0,absent_in_train
fmnist,multi,43,6,6,0,0.0,0,2,2,False,0,0,0,0,absent_in_train
fmnist,multi,43,6,7,0,0.0,0,2,2,False,0,0,0,0,absent_in_train
fmnist,multi,43,6,8,0,0.0,0,2,2,False,0,0,0,0,absent_in_train
fmnist,multi,43,6,9,0,0.0,0,2,2,False,0,0,0,0,absent_in_train
fmnist,multi,43,7,0,0,0.0,0,2,2,False,0,0,0,0,absent_in_train
fmnist,multi,43,7,1,0,0.0,0,2,2,False,0,0,0,0,absent_in_train
fmnist,multi,43,7,2,0,0.0,0,2,2,False,0,0,0,0,absent_in_train
fmnist,multi,43,7,3,0,0.0,0,2,2,False,0,0,0,0,absent_in_train
fmnist,multi,43,7,4,500,0.9980000257492064,1,2,2,True,1750,250,1,0,accredited
fmnist,multi,43,7,5,500,1.0,1,2,2,True,1750,250,1,0,accredited
fmnist,multi,43,7,6,0,0.0,0,2,2,False,0,0,0,0,absent_in_train
fmnist,multi,43,7,7,0,0.0,0,2,2,False,0,0,0,0,absent_in_train
fmnist,multi,43,7,8,0,0.0,0,2,2,False,0,0,0,0,absent_in_train
fmnist,multi,43,7,9,0,0.0,0,2,2,False,0,0,0,0,absent_in_train
fmnist,multi,43,8,0,0,0.0,0,2,2,False,0,0,0,0,absent_in_train
fmnist,multi,43,8,1,0,0.0,0,2,2,False,0,0,0,0,absent_in_train
fmnist,multi,43,8,2,0,0.0,0,2,2,False,0,0,0,0,absent_in_train
fmnist,multi,43,8,3,0,0.0,0,2,2,False,0,0,0,0,absent_in_train
fmnist,multi,43,8,4,0,0.0,0,2,2,False,0,0,0,0,absent_in_train
fmnist,multi,43,8,5,0,0.0,0,2,2,False,0,0,0,0,absent_in_train
fmnist,multi,43,8,6,500,1.0,1,2,2,True,1750,250,1,0,accredited
fmnist,multi,43,8,7,500,1.0,1,2,2,True,1750,250,1,0,accredited
fmnist,multi,43,8,8,0,0.0,0,2,2,False,0,0,0,0,absent_in_train
fmnist,multi,43,8,9,0,0.0,0,2,2,False,0,0,0,0,absent_in_train
fmnist,multi,43,9,0,0,0.0,0,2,2,False,0,0,0,0,absent_in_train
fmnist,multi,43,9,1,0,0.0,0,2,2,False,0,0,0,0,absent_in_train
fmnist,multi,43,9,2,0,0.0,0,2,2,False,0,0,0,0,absent_in_train
fmnist,multi,43,9,3,0,0.0,0,2,2,False,0,0,0,0,absent_in_train
fmnist,multi,43,9,4,0,0.0,0,2,2,False,0,0,0,0,absent_in_train
fmnist,multi,43,9,5,0,0.0,0,2,2,False,0,0,0,0,absent_in_train
fmnist,multi,43,9,6,0,0.0,0,2,2,False,0,0,0,0,absent_in_train
fmnist,multi,43,9,7,0,0.0,0,2,2,False,0,0,0,0,absent_in_train
fmnist,multi,43,9,8,500,0.9959999918937684,1,2,2,True,1750,250,1,0,accredited
fmnist,multi,43,9,9,500,0.9959999918937684,1,2,2,True,1750,250,1,0,accredited
fmnist,multi,44,0,0,500,0.9980000257492064,1,2,2,True,1750,250,1,0,accredited
fmnist,multi,44,0,1,500,0.9860000014305116,1,2,2,True,1750,250,1,0,accredited
fmnist,multi,44,0,2,0,0.0,0,2,2,False,0,0,0,0,absent_in_train
fmnist,multi,44,0,3,0,0.0,0,2,2,False,0,0,0,0,absent_in_train
fmnist,multi,44,0,4,0,0.0,0,2,2,False,0,0,0,0,absent_in_train
fmnist,multi,44,0,5,0,0.0,0,2,2,False,0,0,0,0,absent_in_train
fmnist,multi,44,0,6,0,0.0,0,2,2,False,0,0,0,0,absent_in_train
fmnist,multi,44,0,7,0,0.0,0,2,2,False,0,0,0,0,absent_in_train
fmnist,multi,44,0,8,0,0.0,0,2,2,False,0,0,0,0,absent_in_train
fmnist,multi,44,0,9,0,0.0,0,2,2,False,0,0,0,0,absent_in_train
fmnist,multi,44,1,0,0,0.0,0,2,2,False,0,0,0,0,absent_in_train
fmnist,multi,44,1,1,0,0.0,0,2,2,False,0,0,0,0,absent_in_train
fmnist,multi,44,1,2,500,0.9879999756813048,1,2,2,True,1750,250,1,0,accredited
fmnist,multi,44,1,3,500,0.9940000176429749,1,2,2,True,1750,250,1,0,accredited
fmnist,multi,44,1,4,0,0.0,0,2,2,False,0,0,0,0,absent_in_train
fmnist,multi,44,1,5,0,0.0,0,2,2,False,0,0,0,0,absent_in_train
fmnist,multi,44,1,6,0,0.0,0,2,2,False,0,0,0,0,absent_in_train
fmnist,multi,44,1,7,0,0.0,0,2,2,False,0,0,0,0,absent_in_train
fmnist,multi,44,1,8,0,0.0,0,2,2,False,0,0,0,0,absent_in_train
fmnist,multi,44,1,9,0,0.0,0,2,2,False,0,0,0,0,absent_in_train
fmnist,multi,44,2,0,0,0.0,0,2,2,False,0,0,0,0,absent_in_train
fmnist,multi,44,2,1,0,0.0,0,2,2,False,0,0,0,0,absent_in_train
fmnist,multi,44,2,2,0,0.0,0,2,2,False,0,0,0,0,absent_in_train
fmnist,multi,44,2,3,0,0.0,0,2,2,False,0,0,0,0,absent_in_train
fmnist,multi,44,2,4,500,1.0,1,2,2,True,1750,250,1,0,accredited
fmnist,multi,44,2,5,500,0.9980000257492064,1,2,2,True,1750,250,1,0,accredited
fmnist,multi,44,2,6,0,0.0,0,2,2,False,0,0,0,0,absent_in_train
fmnist,multi,44,2,7,0,0.0,0,2,2,False,0,0,0,0,absent_in_train
fmnist,multi,44,2,8,0,0.0,0,2,2,False,0,0,0,0,absent_in_train
fmnist,multi,44,2,9,0,0.0,0,2,2,False,0,0,0,0,absent_in_train
fmnist,multi,44,3,0,0,0.0,0,2,2,False,0,0,0,0,absent_in_train
fmnist,multi,44,3,1,0,0.0,0,2,2,False,0,0,0,0,absent_in_train
fmnist,multi,44,3,2,0,0.0,0,2,2,False,0,0,0,0,absent_in_train
fmnist,multi,44,3,3,0,0.0,0,2,2,False,0,0,0,0,absent_in_train
fmnist,multi,44,3,4,0,0.0,0,2,2,False,0,0,0,0,absent_in_train
fmnist,multi,44,3,5,0,0.0,0,2,2,False,0,0,0,0,absent_in_train
fmnist,multi,44,3,6,500,1.0,1,2,2,True,1750,250,1,0,accredited
fmnist,multi,44,3,7,500,1.0,1,2,2,True,1750,250,1,0,accredited
fmnist,multi,44,3,8,0,0.0,0,2,2,False,0,0,0,0,absent_in_train
fmnist,multi,44,3,9,0,0.0,0,2,2,False,0,0,0,0,absent_in_train
fmnist,multi,44,4,0,0,0.0,0,2,2,False,0,0,0,0,absent_in_train
fmnist,multi,44,4,1,0,0.0,0,2,2,False,0,0,0,0,absent_in_train
fmnist,multi,44,4,2,0,0.0,0,2,2,False,0,0,0,0,absent_in_train
fmnist,multi,44,4,3,0,0.0,0,2,2,False,0,0,0,0,absent_in_train
fmnist,multi,44,4,4,0,0.0,0,2,2,False,0,0,0,0,absent_in_train
fmnist,multi,44,4,5,0,0.0,0,2,2,False,0,0,0,0,absent_in_train
fmnist,multi,44,4,6,0,0.0,0,2,2,False,0,0,0,0,absent_in_train
fmnist,multi,44,4,7,0,0.0,0,2,2,False,0,0,0,0,absent_in_train
fmnist,multi,44,4,8,500,0.9959999918937684,1,2,2,True,1750,250,1,0,accredited
fmnist,multi,44,4,9,500,0.9980000257492064,1,2,2,True,1750,250,1,0,accredited
fmnist,multi,44,5,0,500,0.9959999918937684,1,2,2,True,1750,250,1,0,accredited
fmnist,multi,44,5,1,500,0.9959999918937684,1,2,2,True,1750,250,1,0,accredited
fmnist,multi,44,5,2,0,0.0,0,2,2,False,0,0,0,0,absent_in_train
fmnist,multi,44,5,3,0,0.0,0,2,2,False,0,0,0,0,absent_in_train
fmnist,multi,44,5,4,0,0.0,0,2,2,False,0,0,0,0,absent_in_train
fmnist,multi,44,5,5,0,0.0,0,2,2,False,0,0,0,0,absent_in_train
fmnist,multi,44,5,6,0,0.0,0,2,2,False,0,0,0,0,absent_in_train
fmnist,multi,44,5,7,0,0.0,0,2,2,False,0,0,0,0,absent_in_train
fmnist,multi,44,5,8,0,0.0,0,2,2,False,0,0,0,0,absent_in_train
fmnist,multi,44,5,9,0,0.0,0,2,2,False,0,0,0,0,absent_in_train
fmnist,multi,44,6,0,0,0.0,0,2,2,False,0,0,0,0,absent_in_train
fmnist,multi,44,6,1,0,0.0,0,2,2,False,0,0,0,0,absent_in_train
fmnist,multi,44,6,2,500,0.972000002861023,1,2,2,True,1750,250,1,0,accredited
fmnist,multi,44,6,3,500,0.9700000286102296,1,2,2,True,1750,250,1,0,accredited
fmnist,multi,44,6,4,0,0.0,0,2,2,False,0,0,0,0,absent_in_train
fmnist,multi,44,6,5,0,0.0,0,2,2,False,0,0,0,0,absent_in_train
fmnist,multi,44,6,6,0,0.0,0,2,2,False,0,0,0,0,absent_in_train
fmnist,multi,44,6,7,0,0.0,0,2,2,False,0,0,0,0,absent_in_train
fmnist,multi,44,6,8,0,0.0,0,2,2,False,0,0,0,0,absent_in_train
fmnist,multi,44,6,9,0,0.0,0,2,2,False,0,0,0,0,absent_in_train
fmnist,multi,44,7,0,0,0.0,0,2,2,False,0,0,0,0,absent_in_train
fmnist,multi,44,7,1,0,0.0,0,2,2,False,0,0,0,0,absent_in_train
fmnist,multi,44,7,2,0,0.0,0,2,2,False,0,0,0,0,absent_in_train
fmnist,multi,44,7,3,0,0.0,0,2,2,False,0,0,0,0,absent_in_train
fmnist,multi,44,7,4,500,1.0,1,2,2,True,1750,250,1,0,accredited
fmnist,multi,44,7,5,500,0.9959999918937684,1,2,2,True,1750,250,1,0,accredited
fmnist,multi,44,7,6,0,0.0,0,2,2,False,0,0,0,0,absent_in_train
fmnist,multi,44,7,7,0,0.0,0,2,2,False,0,0,0,0,absent_in_train
fmnist,multi,44,7,8,0,0.0,0,2,2,False,0,0,0,0,absent_in_train
fmnist,multi,44,7,9,0,0.0,0,2,2,False,0,0,0,0,absent_in_train
fmnist,multi,44,8,0,0,0.0,0,2,2,False,0,0,0,0,absent_in_train
fmnist,multi,44,8,1,0,0.0,0,2,2,False,0,0,0,0,absent_in_train
fmnist,multi,44,8,2,0,0.0,0,2,2,False,0,0,0,0,absent_in_train
fmnist,multi,44,8,3,0,0.0,0,2,2,False,0,0,0,0,absent_in_train
fmnist,multi,44,8,4,0,0.0,0,2,2,False,0,0,0,0,absent_in_train
fmnist,multi,44,8,5,0,0.0,0,2,2,False,0,0,0,0,absent_in_train
fmnist,multi,44,8,6,500,0.9959999918937684,1,2,2,True,1750,250,1,0,accredited
fmnist,multi,44,8,7,500,1.0,1,2,2,True,1750,250,1,0,accredited
fmnist,multi,44,8,8,0,0.0,0,2,2,False,0,0,0,0,absent_in_train
fmnist,multi,44,8,9,0,0.0,0,2,2,False,0,0,0,0,absent_in_train
fmnist,multi,44,9,0,0,0.0,0,2,2,False,0,0,0,0,absent_in_train
fmnist,multi,44,9,1,0,0.0,0,2,2,False,0,0,0,0,absent_in_train
fmnist,multi,44,9,2,0,0.0,0,2,2,False,0,0,0,0,absent_in_train
fmnist,multi,44,9,3,0,0.0,0,2,2,False,0,0,0,0,absent_in_train
fmnist,multi,44,9,4,0,0.0,0,2,2,False,0,0,0,0,absent_in_train
fmnist,multi,44,9,5,0,0.0,0,2,2,False,0,0,0,0,absent_in_train
fmnist,multi,44,9,6,0,0.0,0,2,2,False,0,0,0,0,absent_in_train
fmnist,multi,44,9,7,0,0.0,0,2,2,False,0,0,0,0,absent_in_train
fmnist,multi,44,9,8,500,1.0,1,2,2,True,1750,250,1,0,accredited
fmnist,multi,44,9,9,500,0.9980000257492064,1,2,2,True,1750,250,1,0,accredited
fmnist,single,42,0,0,1000,1.0,1,1,1,True,3500,500,1,0,accredited
fmnist,single,42,0,1,0,0.0,0,1,1,False,0,0,0,0,absent_in_train
fmnist,single,42,0,2,0,0.0,0,1,1,False,0,0,0,0,absent_in_train
fmnist,single,42,0,3,0,0.0,0,1,1,False,0,0,0,0,absent_in_train
fmnist,single,42,0,4,0,0.0,0,1,1,False,0,0,0,0,absent_in_train
fmnist,single,42,0,5,0,0.0,0,1,1,False,0,0,0,0,absent_in_train
fmnist,single,42,0,6,0,0.0,0,1,1,False,0,0,0,0,absent_in_train
fmnist,single,42,0,7,0,0.0,0,1,1,False,0,0,0,0,absent_in_train
fmnist,single,42,0,8,0,0.0,0,1,1,False,0,0,0,0,absent_in_train
fmnist,single,42,0,9,0,0.0,0,1,1,False,0,0,0,0,absent_in_train
fmnist,single,42,1,0,0,0.0,0,1,1,False,0,0,0,0,absent_in_train
fmnist,single,42,1,1,1000,1.0,1,1,1,True,3500,500,1,0,accredited
fmnist,single,42,1,2,0,0.0,0,1,1,False,0,0,0,0,absent_in_train
fmnist,single,42,1,3,0,0.0,0,1,1,False,0,0,0,0,absent_in_train
fmnist,single,42,1,4,0,0.0,0,1,1,False,0,0,0,0,absent_in_train
fmnist,single,42,1,5,0,0.0,0,1,1,False,0,0,0,0,absent_in_train
fmnist,single,42,1,6,0,0.0,0,1,1,False,0,0,0,0,absent_in_train
fmnist,single,42,1,7,0,0.0,0,1,1,False,0,0,0,0,absent_in_train
fmnist,single,42,1,8,0,0.0,0,1,1,False,0,0,0,0,absent_in_train
fmnist,single,42,1,9,0,0.0,0,1,1,False,0,0,0,0,absent_in_train
fmnist,single,42,2,0,0,0.0,0,1,1,False,0,0,0,0,absent_in_train
fmnist,single,42,2,1,0,0.0,0,1,1,False,0,0,0,0,absent_in_train
fmnist,single,42,2,2,1000,1.0,1,1,1,True,3500,500,1,0,accredited
fmnist,single,42,2,3,0,0.0,0,1,1,False,0,0,0,0,absent_in_train
fmnist,single,42,2,4,0,0.0,0,1,1,False,0,0,0,0,absent_in_train
fmnist,single,42,2,5,0,0.0,0,1,1,False,0,0,0,0,absent_in_train
fmnist,single,42,2,6,0,0.0,0,1,1,False,0,0,0,0,absent_in_train
fmnist,single,42,2,7,0,0.0,0,1,1,False,0,0,0,0,absent_in_train
fmnist,single,42,2,8,0,0.0,0,1,1,False,0,0,0,0,absent_in_train
fmnist,single,42,2,9,0,0.0,0,1,1,False,0,0,0,0,absent_in_train
fmnist,single,42,3,0,0,0.0,0,1,1,False,0,0,0,0,absent_in_train
fmnist,single,42,3,1,0,0.0,0,1,1,False,0,0,0,0,absent_in_train
fmnist,single,42,3,2,0,0.0,0,1,1,False,0,0,0,0,absent_in_train
fmnist,single,42,3,3,1000,1.0,1,1,1,True,3500,500,1,0,accredited
fmnist,single,42,3,4,0,0.0,0,1,1,False,0,0,0,0,absent_in_train
fmnist,single,42,3,5,0,0.0,0,1,1,False,0,0,0,0,absent_in_train
fmnist,single,42,3,6,0,0.0,0,1,1,False,0,0,0,0,absent_in_train
fmnist,single,42,3,7,0,0.0,0,1,1,False,0,0,0,0,absent_in_train
fmnist,single,42,3,8,0,0.0,0,1,1,False,0,0,0,0,absent_in_train
fmnist,single,42,3,9,0,0.0,0,1,1,False,0,0,0,0,absent_in_train
fmnist,single,42,4,0,0,0.0,0,1,1,False,0,0,0,0,absent_in_train
fmnist,single,42,4,1,0,0.0,0,1,1,False,0,0,0,0,absent_in_train
fmnist,single,42,4,2,0,0.0,0,1,1,False,0,0,0,0,absent_in_train
fmnist,single,42,4,3,0,0.0,0,1,1,False,0,0,0,0,absent_in_train
fmnist,single,42,4,4,1000,1.0,1,1,1,True,3500,500,1,0,accredited
fmnist,single,42,4,5,0,0.0,0,1,1,False,0,0,0,0,absent_in_train
fmnist,single,42,4,6,0,0.0,0,1,1,False,0,0,0,0,absent_in_train
fmnist,single,42,4,7,0,0.0,0,1,1,False,0,0,0,0,absent_in_train
fmnist,single,42,4,8,0,0.0,0,1,1,False,0,0,0,0,absent_in_train
fmnist,single,42,4,9,0,0.0,0,1,1,False,0,0,0,0,absent_in_train
fmnist,single,42,5,0,0,0.0,0,1,1,False,0,0,0,0,absent_in_train
fmnist,single,42,5,1,0,0.0,0,1,1,False,0,0,0,0,absent_in_train
fmnist,single,42,5,2,0,0.0,0,1,1,False,0,0,0,0,absent_in_train
fmnist,single,42,5,3,0,0.0,0,1,1,False,0,0,0,0,absent_in_train
fmnist,single,42,5,4,0,0.0,0,1,1,False,0,0,0,0,absent_in_train
fmnist,single,42,5,5,1000,1.0,1,1,1,True,3500,500,1,0,accredited
fmnist,single,42,5,6,0,0.0,0,1,1,False,0,0,0,0,absent_in_train
fmnist,single,42,5,7,0,0.0,0,1,1,False,0,0,0,0,absent_in_train
fmnist,single,42,5,8,0,0.0,0,1,1,False,0,0,0,0,absent_in_train
fmnist,single,42,5,9,0,0.0,0,1,1,False,0,0,0,0,absent_in_train
fmnist,single,42,6,0,0,0.0,0,1,1,False,0,0,0,0,absent_in_train
fmnist,single,42,6,1,0,0.0,0,1,1,False,0,0,0,0,absent_in_train
fmnist,single,42,6,2,0,0.0,0,1,1,False,0,0,0,0,absent_in_train
fmnist,single,42,6,3,0,0.0,0,1,1,False,0,0,0,0,absent_in_train
fmnist,single,42,6,4,0,0.0,0,1,1,False,0,0,0,0,absent_in_train
fmnist,single,42,6,5,0,0.0,0,1,1,False,0,0,0,0,absent_in_train
fmnist,single,42,6,6,1000,1.0,1,1,1,True,3500,500,1,0,accredited
fmnist,single,42,6,7,0,0.0,0,1,1,False,0,0,0,0,absent_in_train
fmnist,single,42,6,8,0,0.0,0,1,1,False,0,0,0,0,absent_in_train
fmnist,single,42,6,9,0,0.0,0,1,1,False,0,0,0,0,absent_in_train
fmnist,single,42,7,0,0,0.0,0,1,1,False,0,0,0,0,absent_in_train
fmnist,single,42,7,1,0,0.0,0,1,1,False,0,0,0,0,absent_in_train
fmnist,single,42,7,2,0,0.0,0,1,1,False,0,0,0,0,absent_in_train
fmnist,single,42,7,3,0,0.0,0,1,1,False,0,0,0,0,absent_in_train
fmnist,single,42,7,4,0,0.0,0,1,1,False,0,0,0,0,absent_in_train
fmnist,single,42,7,5,0,0.0,0,1,1,False,0,0,0,0,absent_in_train
fmnist,single,42,7,6,0,0.0,0,1,1,False,0,0,0,0,absent_in_train
fmnist,single,42,7,7,1000,1.0,1,1,1,True,3500,500,1,0,accredited
fmnist,single,42,7,8,0,0.0,0,1,1,False,0,0,0,0,absent_in_train
fmnist,single,42,7,9,0,0.0,0,1,1,False,0,0,0,0,absent_in_train
fmnist,single,42,8,0,0,0.0,0,1,1,False,0,0,0,0,absent_in_train
fmnist,single,42,8,1,0,0.0,0,1,1,False,0,0,0,0,absent_in_train
fmnist,single,42,8,2,0,0.0,0,1,1,False,0,0,0,0,absent_in_train
fmnist,single,42,8,3,0,0.0,0,1,1,False,0,0,0,0,absent_in_train
fmnist,single,42,8,4,0,0.0,0,1,1,False,0,0,0,0,absent_in_train
fmnist,single,42,8,5,0,0.0,0,1,1,False,0,0,0,0,absent_in_train
fmnist,single,42,8,6,0,0.0,0,1,1,False,0,0,0,0,absent_in_train
fmnist,single,42,8,7,0,0.0,0,1,1,False,0,0,0,0,absent_in_train
fmnist,single,42,8,8,1000,1.0,1,1,1,True,3500,500,1,0,accredited
fmnist,single,42,8,9,0,0.0,0,1,1,False,0,0,0,0,absent_in_train
fmnist,single,42,9,0,0,0.0,0,1,1,False,0,0,0,0,absent_in_train
fmnist,single,42,9,1,0,0.0,0,1,1,False,0,0,0,0,absent_in_train
fmnist,single,42,9,2,0,0.0,0,1,1,False,0,0,0,0,absent_in_train
fmnist,single,42,9,3,0,0.0,0,1,1,False,0,0,0,0,absent_in_train
fmnist,single,42,9,4,0,0.0,0,1,1,False,0,0,0,0,absent_in_train
fmnist,single,42,9,5,0,0.0,0,1,1,False,0,0,0,0,absent_in_train
fmnist,single,42,9,6,0,0.0,0,1,1,False,0,0,0,0,absent_in_train
fmnist,single,42,9,7,0,0.0,0,1,1,False,0,0,0,0,absent_in_train
fmnist,single,42,9,8,0,0.0,0,1,1,False,0,0,0,0,absent_in_train
fmnist,single,42,9,9,1000,1.0,1,1,1,True,3500,500,1,0,accredited
fmnist,single,43,0,0,1000,1.0,1,1,1,True,3500,500,1,0,accredited
fmnist,single,43,0,1,0,0.0,0,1,1,False,0,0,0,0,absent_in_train
fmnist,single,43,0,2,0,0.0,0,1,1,False,0,0,0,0,absent_in_train
fmnist,single,43,0,3,0,0.0,0,1,1,False,0,0,0,0,absent_in_train
fmnist,single,43,0,4,0,0.0,0,1,1,False,0,0,0,0,absent_in_train
fmnist,single,43,0,5,0,0.0,0,1,1,False,0,0,0,0,absent_in_train
fmnist,single,43,0,6,0,0.0,0,1,1,False,0,0,0,0,absent_in_train
fmnist,single,43,0,7,0,0.0,0,1,1,False,0,0,0,0,absent_in_train
fmnist,single,43,0,8,0,0.0,0,1,1,False,0,0,0,0,absent_in_train
fmnist,single,43,0,9,0,0.0,0,1,1,False,0,0,0,0,absent_in_train
fmnist,single,43,1,0,0,0.0,0,1,1,False,0,0,0,0,absent_in_train
fmnist,single,43,1,1,1000,1.0,1,1,1,True,3500,500,1,0,accredited
fmnist,single,43,1,2,0,0.0,0,1,1,False,0,0,0,0,absent_in_train
fmnist,single,43,1,3,0,0.0,0,1,1,False,0,0,0,0,absent_in_train
fmnist,single,43,1,4,0,0.0,0,1,1,False,0,0,0,0,absent_in_train
fmnist,single,43,1,5,0,0.0,0,1,1,False,0,0,0,0,absent_in_train
fmnist,single,43,1,6,0,0.0,0,1,1,False,0,0,0,0,absent_in_train
fmnist,single,43,1,7,0,0.0,0,1,1,False,0,0,0,0,absent_in_train
fmnist,single,43,1,8,0,0.0,0,1,1,False,0,0,0,0,absent_in_train
fmnist,single,43,1,9,0,0.0,0,1,1,False,0,0,0,0,absent_in_train
fmnist,single,43,2,0,0,0.0,0,1,1,False,0,0,0,0,absent_in_train
fmnist,single,43,2,1,0,0.0,0,1,1,False,0,0,0,0,absent_in_train
fmnist,single,43,2,2,1000,1.0,1,1,1,True,3500,500,1,0,accredited
fmnist,single,43,2,3,0,0.0,0,1,1,False,0,0,0,0,absent_in_train
fmnist,single,43,2,4,0,0.0,0,1,1,False,0,0,0,0,absent_in_train
fmnist,single,43,2,5,0,0.0,0,1,1,False,0,0,0,0,absent_in_train
fmnist,single,43,2,6,0,0.0,0,1,1,False,0,0,0,0,absent_in_train
fmnist,single,43,2,7,0,0.0,0,1,1,False,0,0,0,0,absent_in_train
fmnist,single,43,2,8,0,0.0,0,1,1,False,0,0,0,0,absent_in_train
fmnist,single,43,2,9,0,0.0,0,1,1,False,0,0,0,0,absent_in_train
fmnist,single,43,3,0,0,0.0,0,1,1,False,0,0,0,0,absent_in_train
fmnist,single,43,3,1,0,0.0,0,1,1,False,0,0,0,0,absent_in_train
fmnist,single,43,3,2,0,0.0,0,1,1,False,0,0,0,0,absent_in_train
fmnist,single,43,3,3,1000,1.0,1,1,1,True,3500,500,1,0,accredited
fmnist,single,43,3,4,0,0.0,0,1,1,False,0,0,0,0,absent_in_train
fmnist,single,43,3,5,0,0.0,0,1,1,False,0,0,0,0,absent_in_train
fmnist,single,43,3,6,0,0.0,0,1,1,False,0,0,0,0,absent_in_train
fmnist,single,43,3,7,0,0.0,0,1,1,False,0,0,0,0,absent_in_train
fmnist,single,43,3,8,0,0.0,0,1,1,False,0,0,0,0,absent_in_train
fmnist,single,43,3,9,0,0.0,0,1,1,False,0,0,0,0,absent_in_train
fmnist,single,43,4,0,0,0.0,0,1,1,False,0,0,0,0,absent_in_train
fmnist,single,43,4,1,0,0.0,0,1,1,False,0,0,0,0,absent_in_train
fmnist,single,43,4,2,0,0.0,0,1,1,False,0,0,0,0,absent_in_train
fmnist,single,43,4,3,0,0.0,0,1,1,False,0,0,0,0,absent_in_train
fmnist,single,43,4,4,1000,1.0,1,1,1,True,3500,500,1,0,accredited
fmnist,single,43,4,5,0,0.0,0,1,1,False,0,0,0,0,absent_in_train
fmnist,single,43,4,6,0,0.0,0,1,1,False,0,0,0,0,absent_in_train
fmnist,single,43,4,7,0,0.0,0,1,1,False,0,0,0,0,absent_in_train
fmnist,single,43,4,8,0,0.0,0,1,1,False,0,0,0,0,absent_in_train
fmnist,single,43,4,9,0,0.0,0,1,1,False,0,0,0,0,absent_in_train
fmnist,single,43,5,0,0,0.0,0,1,1,False,0,0,0,0,absent_in_train
fmnist,single,43,5,1,0,0.0,0,1,1,False,0,0,0,0,absent_in_train
fmnist,single,43,5,2,0,0.0,0,1,1,False,0,0,0,0,absent_in_train
fmnist,single,43,5,3,0,0.0,0,1,1,False,0,0,0,0,absent_in_train
fmnist,single,43,5,4,0,0.0,0,1,1,False,0,0,0,0,absent_in_train
fmnist,single,43,5,5,1000,1.0,1,1,1,True,3500,500,1,0,accredited
fmnist,single,43,5,6,0,0.0,0,1,1,False,0,0,0,0,absent_in_train
fmnist,single,43,5,7,0,0.0,0,1,1,False,0,0,0,0,absent_in_train
fmnist,single,43,5,8,0,0.0,0,1,1,False,0,0,0,0,absent_in_train
fmnist,single,43,5,9,0,0.0,0,1,1,False,0,0,0,0,absent_in_train
fmnist,single,43,6,0,0,0.0,0,1,1,False,0,0,0,0,absent_in_train
fmnist,single,43,6,1,0,0.0,0,1,1,False,0,0,0,0,absent_in_train
fmnist,single,43,6,2,0,0.0,0,1,1,False,0,0,0,0,absent_in_train
fmnist,single,43,6,3,0,0.0,0,1,1,False,0,0,0,0,absent_in_train
fmnist,single,43,6,4,0,0.0,0,1,1,False,0,0,0,0,absent_in_train
fmnist,single,43,6,5,0,0.0,0,1,1,False,0,0,0,0,absent_in_train
fmnist,single,43,6,6,1000,1.0,1,1,1,True,3500,500,1,0,accredited
fmnist,single,43,6,7,0,0.0,0,1,1,False,0,0,0,0,absent_in_train
fmnist,single,43,6,8,0,0.0,0,1,1,False,0,0,0,0,absent_in_train
fmnist,single,43,6,9,0,0.0,0,1,1,False,0,0,0,0,absent_in_train
fmnist,single,43,7,0,0,0.0,0,1,1,False,0,0,0,0,absent_in_train
fmnist,single,43,7,1,0,0.0,0,1,1,False,0,0,0,0,absent_in_train
fmnist,single,43,7,2,0,0.0,0,1,1,False,0,0,0,0,absent_in_train
fmnist,single,43,7,3,0,0.0,0,1,1,False,0,0,0,0,absent_in_train
fmnist,single,43,7,4,0,0.0,0,1,1,False,0,0,0,0,absent_in_train
fmnist,single,43,7,5,0,0.0,0,1,1,False,0,0,0,0,absent_in_train
fmnist,single,43,7,6,0,0.0,0,1,1,False,0,0,0,0,absent_in_train
fmnist,single,43,7,7,1000,1.0,1,1,1,True,3500,500,1,0,accredited
fmnist,single,43,7,8,0,0.0,0,1,1,False,0,0,0,0,absent_in_train
fmnist,single,43,7,9,0,0.0,0,1,1,False,0,0,0,0,absent_in_train
fmnist,single,43,8,0,0,0.0,0,1,1,False,0,0,0,0,absent_in_train
fmnist,single,43,8,1,0,0.0,0,1,1,False,0,0,0,0,absent_in_train
fmnist,single,43,8,2,0,0.0,0,1,1,False,0,0,0,0,absent_in_train
fmnist,single,43,8,3,0,0.0,0,1,1,False,0,0,0,0,absent_in_train
fmnist,single,43,8,4,0,0.0,0,1,1,False,0,0,0,0,absent_in_train
fmnist,single,43,8,5,0,0.0,0,1,1,False,0,0,0,0,absent_in_train
fmnist,single,43,8,6,0,0.0,0,1,1,False,0,0,0,0,absent_in_train
fmnist,single,43,8,7,0,0.0,0,1,1,False,0,0,0,0,absent_in_train
fmnist,single,43,8,8,1000,1.0,1,1,1,True,3500,500,1,0,accredited
fmnist,single,43,8,9,0,0.0,0,1,1,False,0,0,0,0,absent_in_train
fmnist,single,43,9,0,0,0.0,0,1,1,False,0,0,0,0,absent_in_train
fmnist,single,43,9,1,0,0.0,0,1,1,False,0,0,0,0,absent_in_train
fmnist,single,43,9,2,0,0.0,0,1,1,False,0,0,0,0,absent_in_train
fmnist,single,43,9,3,0,0.0,0,1,1,False,0,0,0,0,absent_in_train
fmnist,single,43,9,4,0,0.0,0,1,1,False,0,0,0,0,absent_in_train
fmnist,single,43,9,5,0,0.0,0,1,1,False,0,0,0,0,absent_in_train
fmnist,single,43,9,6,0,0.0,0,1,1,False,0,0,0,0,absent_in_train
fmnist,single,43,9,7,0,0.0,0,1,1,False,0,0,0,0,absent_in_train
fmnist,single,43,9,8,0,0.0,0,1,1,False,0,0,0,0,absent_in_train
fmnist,single,43,9,9,1000,1.0,1,1,1,True,3500,500,1,0,accredited
fmnist,single,44,0,0,1000,1.0,1,1,1,True,3500,500,1,0,accredited
fmnist,single,44,0,1,0,0.0,0,1,1,False,0,0,0,0,absent_in_train
fmnist,single,44,0,2,0,0.0,0,1,1,False,0,0,0,0,absent_in_train
fmnist,single,44,0,3,0,0.0,0,1,1,False,0,0,0,0,absent_in_train
fmnist,single,44,0,4,0,0.0,0,1,1,False,0,0,0,0,absent_in_train
fmnist,single,44,0,5,0,0.0,0,1,1,False,0,0,0,0,absent_in_train
fmnist,single,44,0,6,0,0.0,0,1,1,False,0,0,0,0,absent_in_train
fmnist,single,44,0,7,0,0.0,0,1,1,False,0,0,0,0,absent_in_train
fmnist,single,44,0,8,0,0.0,0,1,1,False,0,0,0,0,absent_in_train
fmnist,single,44,0,9,0,0.0,0,1,1,False,0,0,0,0,absent_in_train
fmnist,single,44,1,0,0,0.0,0,1,1,False,0,0,0,0,absent_in_train
fmnist,single,44,1,1,1000,1.0,1,1,1,True,3500,500,1,0,accredited
fmnist,single,44,1,2,0,0.0,0,1,1,False,0,0,0,0,absent_in_train
fmnist,single,44,1,3,0,0.0,0,1,1,False,0,0,0,0,absent_in_train
fmnist,single,44,1,4,0,0.0,0,1,1,False,0,0,0,0,absent_in_train
fmnist,single,44,1,5,0,0.0,0,1,1,False,0,0,0,0,absent_in_train
fmnist,single,44,1,6,0,0.0,0,1,1,False,0,0,0,0,absent_in_train
fmnist,single,44,1,7,0,0.0,0,1,1,False,0,0,0,0,absent_in_train
fmnist,single,44,1,8,0,0.0,0,1,1,False,0,0,0,0,absent_in_train
fmnist,single,44,1,9,0,0.0,0,1,1,False,0,0,0,0,absent_in_train
fmnist,single,44,2,0,0,0.0,0,1,1,False,0,0,0,0,absent_in_train
fmnist,single,44,2,1,0,0.0,0,1,1,False,0,0,0,0,absent_in_train
fmnist,single,44,2,2,1000,1.0,1,1,1,True,3500,500,1,0,accredited
fmnist,single,44,2,3,0,0.0,0,1,1,False,0,0,0,0,absent_in_train
fmnist,single,44,2,4,0,0.0,0,1,1,False,0,0,0,0,absent_in_train
fmnist,single,44,2,5,0,0.0,0,1,1,False,0,0,0,0,absent_in_train
fmnist,single,44,2,6,0,0.0,0,1,1,False,0,0,0,0,absent_in_train
fmnist,single,44,2,7,0,0.0,0,1,1,False,0,0,0,0,absent_in_train
fmnist,single,44,2,8,0,0.0,0,1,1,False,0,0,0,0,absent_in_train
fmnist,single,44,2,9,0,0.0,0,1,1,False,0,0,0,0,absent_in_train
fmnist,single,44,3,0,0,0.0,0,1,1,False,0,0,0,0,absent_in_train
fmnist,single,44,3,1,0,0.0,0,1,1,False,0,0,0,0,absent_in_train
fmnist,single,44,3,2,0,0.0,0,1,1,False,0,0,0,0,absent_in_train
fmnist,single,44,3,3,1000,1.0,1,1,1,True,3500,500,1,0,accredited
fmnist,single,44,3,4,0,0.0,0,1,1,False,0,0,0,0,absent_in_train
fmnist,single,44,3,5,0,0.0,0,1,1,False,0,0,0,0,absent_in_train
fmnist,single,44,3,6,0,0.0,0,1,1,False,0,0,0,0,absent_in_train
fmnist,single,44,3,7,0,0.0,0,1,1,False,0,0,0,0,absent_in_train
fmnist,single,44,3,8,0,0.0,0,1,1,False,0,0,0,0,absent_in_train
fmnist,single,44,3,9,0,0.0,0,1,1,False,0,0,0,0,absent_in_train
fmnist,single,44,4,0,0,0.0,0,1,1,False,0,0,0,0,absent_in_train
fmnist,single,44,4,1,0,0.0,0,1,1,False,0,0,0,0,absent_in_train
fmnist,single,44,4,2,0,0.0,0,1,1,False,0,0,0,0,absent_in_train
fmnist,single,44,4,3,0,0.0,0,1,1,False,0,0,0,0,absent_in_train
fmnist,single,44,4,4,1000,1.0,1,1,1,True,3500,500,1,0,accredited
fmnist,single,44,4,5,0,0.0,0,1,1,False,0,0,0,0,absent_in_train
fmnist,single,44,4,6,0,0.0,0,1,1,False,0,0,0,0,absent_in_train
fmnist,single,44,4,7,0,0.0,0,1,1,False,0,0,0,0,absent_in_train
fmnist,single,44,4,8,0,0.0,0,1,1,False,0,0,0,0,absent_in_train
fmnist,single,44,4,9,0,0.0,0,1,1,False,0,0,0,0,absent_in_train
fmnist,single,44,5,0,0,0.0,0,1,1,False,0,0,0,0,absent_in_train
fmnist,single,44,5,1,0,0.0,0,1,1,False,0,0,0,0,absent_in_train
fmnist,single,44,5,2,0,0.0,0,1,1,False,0,0,0,0,absent_in_train
fmnist,single,44,5,3,0,0.0,0,1,1,False,0,0,0,0,absent_in_train
fmnist,single,44,5,4,0,0.0,0,1,1,False,0,0,0,0,absent_in_train
fmnist,single,44,5,5,1000,1.0,1,1,1,True,3500,500,1,0,accredited
fmnist,single,44,5,6,0,0.0,0,1,1,False,0,0,0,0,absent_in_train
fmnist,single,44,5,7,0,0.0,0,1,1,False,0,0,0,0,absent_in_train
fmnist,single,44,5,8,0,0.0,0,1,1,False,0,0,0,0,absent_in_train
fmnist,single,44,5,9,0,0.0,0,1,1,False,0,0,0,0,absent_in_train
fmnist,single,44,6,0,0,0.0,0,1,1,False,0,0,0,0,absent_in_train
fmnist,single,44,6,1,0,0.0,0,1,1,False,0,0,0,0,absent_in_train
fmnist,single,44,6,2,0,0.0,0,1,1,False,0,0,0,0,absent_in_train
fmnist,single,44,6,3,0,0.0,0,1,1,False,0,0,0,0,absent_in_train
fmnist,single,44,6,4,0,0.0,0,1,1,False,0,0,0,0,absent_in_train
fmnist,single,44,6,5,0,0.0,0,1,1,False,0,0,0,0,absent_in_train
fmnist,single,44,6,6,1000,1.0,1,1,1,True,3500,500,1,0,accredited
fmnist,single,44,6,7,0,0.0,0,1,1,False,0,0,0,0,absent_in_train
fmnist,single,44,6,8,0,0.0,0,1,1,False,0,0,0,0,absent_in_train
fmnist,single,44,6,9,0,0.0,0,1,1,False,0,0,0,0,absent_in_train
fmnist,single,44,7,0,0,0.0,0,1,1,False,0,0,0,0,absent_in_train
fmnist,single,44,7,1,0,0.0,0,1,1,False,0,0,0,0,absent_in_train
fmnist,single,44,7,2,0,0.0,0,1,1,False,0,0,0,0,absent_in_train
fmnist,single,44,7,3,0,0.0,0,1,1,False,0,0,0,0,absent_in_train
fmnist,single,44,7,4,0,0.0,0,1,1,False,0,0,0,0,absent_in_train
fmnist,single,44,7,5,0,0.0,0,1,1,False,0,0,0,0,absent_in_train
fmnist,single,44,7,6,0,0.0,0,1,1,False,0,0,0,0,absent_in_train
fmnist,single,44,7,7,1000,1.0,1,1,1,True,3500,500,1,0,accredited
fmnist,single,44,7,8,0,0.0,0,1,1,False,0,0,0,0,absent_in_train
fmnist,single,44,7,9,0,0.0,0,1,1,False,0,0,0,0,absent_in_train
fmnist,single,44,8,0,0,0.0,0,1,1,False,0,0,0,0,absent_in_train
fmnist,single,44,8,1,0,0.0,0,1,1,False,0,0,0,0,absent_in_train
fmnist,single,44,8,2,0,0.0,0,1,1,False,0,0,0,0,absent_in_train
fmnist,single,44,8,3,0,0.0,0,1,1,False,0,0,0,0,absent_in_train
fmnist,single,44,8,4,0,0.0,0,1,1,False,0,0,0,0,absent_in_train
fmnist,single,44,8,5,0,0.0,0,1,1,False,0,0,0,0,absent_in_train
fmnist,single,44,8,6,0,0.0,0,1,1,False,0,0,0,0,absent_in_train
fmnist,single,44,8,7,0,0.0,0,1,1,False,0,0,0,0,absent_in_train
fmnist,single,44,8,8,1000,1.0,1,1,1,True,3500,500,1,0,accredited
fmnist,single,44,8,9,0,0.0,0,1,1,False,0,0,0,0,absent_in_train
fmnist,single,44,9,0,0,0.0,0,1,1,False,0,0,0,0,absent_in_train
fmnist,single,44,9,1,0,0.0,0,1,1,False,0,0,0,0,absent_in_train
fmnist,single,44,9,2,0,0.0,0,1,1,False,0,0,0,0,absent_in_train
fmnist,single,44,9,3,0,0.0,0,1,1,False,0,0,0,0,absent_in_train
fmnist,single,44,9,4,0,0.0,0,1,1,False,0,0,0,0,absent_in_train
fmnist,single,44,9,5,0,0.0,0,1,1,False,0,0,0,0,absent_in_train
fmnist,single,44,9,6,0,0.0,0,1,1,False,0,0,0,0,absent_in_train
fmnist,single,44,9,7,0,0.0,0,1,1,False,0,0,0,0,absent_in_train
fmnist,single,44,9,8,0,0.0,0,1,1,False,0,0,0,0,absent_in_train
fmnist,single,44,9,9,1000,1.0,1,1,1,True,3500,500,1,0,accredited
cifar,iid,42,0,0,80,0.7875000238418579,1,6,5,True,280,40,1,0,accredited
cifar,iid,42,0,1,80,0.8374999761581421,1,10,5,True,280,40,1,0,accredited
cifar,iid,42,0,2,80,0.6625000238418579,0,1,5,True,280,40,1,1,below_threshold
cifar,iid,42,0,3,80,0.387499988079071,0,0,5,True,280,40,1,1,below_threshold
cifar,iid,42,0,4,80,0.4625000059604645,0,1,5,True,280,40,1,1,below_threshold
cifar,iid,42,0,5,80,0.6625000238418579,0,2,5,True,280,40,1,1,below_threshold
cifar,iid,42,0,6,80,0.875,1,10,5,True,280,40,1,0,accredited
cifar,iid,42,0,7,80,0.737500011920929,1,7,5,True,280,40,1,0,accredited
cifar,iid,42,0,8,80,0.4625000059604645,0,9,5,True,280,40,1,1,below_threshold
cifar,iid,42,0,9,80,0.8999999761581421,1,9,5,True,280,40,1,0,accredited
cifar,iid,42,1,0,80,0.699999988079071,0,6,5,True,280,40,1,1,below_threshold
cifar,iid,42,1,1,80,0.7749999761581421,1,10,5,True,280,40,1,0,accredited
cifar,iid,42,1,2,80,0.6875,0,1,5,True,280,40,1,1,below_threshold
cifar,iid,42,1,3,80,0.637499988079071,0,0,5,True,280,40,1,1,below_threshold
cifar,iid,42,1,4,80,0.7124999761581421,1,1,5,True,280,40,1,0,accredited
cifar,iid,42,1,5,80,0.612500011920929,0,2,5,True,280,40,1,1,below_threshold
cifar,iid,42,1,6,80,0.7875000238418579,1,10,5,True,280,40,1,0,accredited
cifar,iid,42,1,7,80,0.75,1,7,5,True,280,40,1,0,accredited
cifar,iid,42,1,8,80,0.8999999761581421,1,9,5,True,280,40,1,0,accredited
cifar,iid,42,1,9,80,0.675000011920929,0,9,5,True,280,40,1,1,below_threshold
cifar,iid,42,2,0,80,0.8374999761581421,1,6,6,True,280,40,1,0,accredited
cifar,iid,42,2,1,80,0.962499976158142,1,10,6,True,280,40,1,0,accredited
cifar,iid,42,2,2,80,0.449999988079071,0,1,6,True,280,40,1,1,below_threshold
cifar,iid,42,2,3,80,0.4250000119209289,0,0,6,True,280,40,1,1,below_threshold
cifar,iid,42,2,4,80,0.5,0,1,6,True,280,40,1,1,below_threshold
cifar,iid,42,2,5,80,0.574999988079071,0,2,6,True,280,40,1,1,below_threshold
cifar,iid,42,2,6,80,0.824999988079071,1,10,6,True,280,40,1,0,accredited
cifar,iid,42,2,7,80,0.8374999761581421,1,7,6,True,280,40,1,0,accredited
cifar,iid,42,2,8,80,0.7124999761581421,1,9,6,True,280,40,1,0,accredited
cifar,iid,42,2,9,80,0.7124999761581421,1,9,6,True,280,40,1,0,accredited
cifar,iid,42,3,0,80,0.800000011920929,1,6,7,True,280,40,1,0,accredited
cifar,iid,42,3,1,80,0.875,1,10,7,True,280,40,1,0,accredited
cifar,iid,42,3,2,80,0.7124999761581421,1,1,7,True,280,40,1,0,accredited
cifar,iid,42,3,3,80,0.25,0,0,7,True,280,40,1,1,below_threshold
cifar,iid,42,3,4,80,0.4375,0,1,7,True,280,40,1,1,below_threshold
cifar,iid,42,3,5,80,0.699999988079071,0,2,7,True,280,40,1,1,below_threshold
cifar,iid,42,3,6,80,0.962499976158142,1,10,7,True,280,40,1,0,accredited
cifar,iid,42,3,7,80,0.824999988079071,1,7,7,True,280,40,1,0,accredited
cifar,iid,42,3,8,80,0.7875000238418579,1,9,7,True,280,40,1,0,accredited
cifar,iid,42,3,9,80,0.887499988079071,1,9,7,True,280,40,1,0,accredited
cifar,iid,42,4,0,80,0.699999988079071,0,6,6,True,280,40,1,1,below_threshold
cifar,iid,42,4,1,80,0.949999988079071,1,10,6,True,280,40,1,0,accredited
cifar,iid,42,4,2,80,0.4375,0,1,6,True,280,40,1,1,below_threshold
cifar,iid,42,4,3,80,0.5249999761581421,0,0,6,True,280,40,1,1,below_threshold
cifar,iid,42,4,4,80,0.637499988079071,0,1,6,True,280,40,1,1,below_threshold
cifar,iid,42,4,5,80,0.7250000238418579,1,2,6,True,280,40,1,0,accredited
cifar,iid,42,4,6,80,0.737500011920929,1,10,6,True,280,40,1,0,accredited
cifar,iid,42,4,7,80,0.7875000238418579,1,7,6,True,280,40,1,0,accredited
cifar,iid,42,4,8,80,0.8500000238418579,1,9,6,True,280,40,1,0,accredited
cifar,iid,42,4,9,80,0.7875000238418579,1,9,6,True,280,40,1,0,accredited
cifar,iid,42,5,0,80,0.6875,0,6,4,True,280,40,1,1,below_threshold
cifar,iid,42,5,1,80,0.800000011920929,1,10,4,True,280,40,1,0,accredited
cifar,iid,42,5,2,80,0.5,0,1,4,True,280,40,1,1,below_threshold
cifar,iid,42,5,3,80,0.625,0,0,4,True,280,40,1,1,below_threshold
cifar,iid,42,5,4,80,0.699999988079071,0,1,4,True,280,40,1,1,below_threshold
cifar,iid,42,5,5,80,0.6499999761581421,0,2,4,True,280,40,1,1,below_threshold
cifar,iid,42,5,6,80,0.7875000238418579,1,10,4,True,280,40,1,0,accredited
cifar,iid,42,5,7,80,0.675000011920929,0,7,4,True,280,40,1,1,below_threshold
cifar,iid,42,5,8,80,0.800000011920929,1,9,4,True,280,40,1,0,accredited
cifar,iid,42,5,9,80,0.7875000238418579,1,9,4,True,280,40,1,0,accredited
cifar,iid,42,6,0,80,0.7250000238418579,1,6,6,True,280,40,1,0,accredited
cifar,iid,42,6,1,80,0.8374999761581421,1,10,6,True,280,40,1,0,accredited
cifar,iid,42,6,2,80,0.6000000238418579,0,1,6,True,280,40,1,1,below_threshold
cifar,iid,42,6,3,80,0.3125,0,0,6,True,280,40,1,1,below_threshold
cifar,iid,42,6,4,80,0.6875,0,1,6,True,280,40,1,1,below_threshold
cifar,iid,42,6,5,80,0.5874999761581421,0,2,6,True,280,40,1,1,below_threshold
cifar,iid,42,6,6,80,0.762499988079071,1,10,6,True,280,40,1,0,accredited
cifar,iid,42,6,7,80,0.862500011920929,1,7,6,True,280,40,1,0,accredited
cifar,iid,42,6,8,80,0.7250000238418579,1,9,6,True,280,40,1,0,accredited
cifar,iid,42,6,9,80,0.8999999761581421,1,9,6,True,280,40,1,0,accredited
cifar,iid,42,7,0,80,0.512499988079071,0,6,4,True,280,40,1,1,below_threshold
cifar,iid,42,7,1,80,0.75,1,10,4,True,280,40,1,0,accredited
cifar,iid,42,7,2,80,0.6625000238418579,0,1,4,True,280,40,1,1,below_threshold
cifar,iid,42,7,3,80,0.4625000059604645,0,0,4,True,280,40,1,1,below_threshold
cifar,iid,42,7,4,80,0.4000000059604645,0,1,4,True,280,40,1,1,below_threshold
cifar,iid,42,7,5,80,0.675000011920929,0,2,4,True,280,40,1,1,below_threshold
cifar,iid,42,7,6,80,0.887499988079071,1,10,4,True,280,40,1,0,accredited
cifar,iid,42,7,7,80,0.6499999761581421,0,7,4,True,280,40,1,1,below_threshold
cifar,iid,42,7,8,80,0.824999988079071,1,9,4,True,280,40,1,0,accredited
cifar,iid,42,7,9,80,0.800000011920929,1,9,4,True,280,40,1,0,accredited
cifar,iid,42,8,0,80,0.75,1,6,6,True,280,40,1,0,accredited
cifar,iid,42,8,1,80,0.7250000238418579,1,10,6,True,280,40,1,0,accredited
cifar,iid,42,8,2,80,0.2249999940395355,0,1,6,True,280,40,1,1,below_threshold
cifar,iid,42,8,3,80,0.3499999940395355,0,0,6,True,280,40,1,1,below_threshold
cifar,iid,42,8,4,80,0.4749999940395355,0,1,6,True,280,40,1,1,below_threshold
cifar,iid,42,8,5,80,0.7250000238418579,1,2,6,True,280,40,1,0,accredited
cifar,iid,42,8,6,80,0.7875000238418579,1,10,6,True,280,40,1,0,accredited
cifar,iid,42,8,7,80,0.699999988079071,0,7,6,True,280,40,1,1,below_threshold
cifar,iid,42,8,8,80,0.7875000238418579,1,9,6,True,280,40,1,0,accredited
cifar,iid,42,8,9,80,0.8125,1,9,6,True,280,40,1,0,accredited
cifar,iid,42,9,0,80,0.737500011920929,1,6,6,True,280,40,1,0,accredited
cifar,iid,42,9,1,80,0.925000011920929,1,10,6,True,280,40,1,0,accredited
cifar,iid,42,9,2,80,0.574999988079071,0,1,6,True,280,40,1,1,below_threshold
cifar,iid,42,9,3,80,0.324999988079071,0,0,6,True,280,40,1,1,below_threshold
cifar,iid,42,9,4,80,0.625,0,1,6,True,280,40,1,1,below_threshold
cifar,iid,42,9,5,80,0.5874999761581421,0,2,6,True,280,40,1,1,below_threshold
cifar,iid,42,9,6,80,0.7749999761581421,1,10,6,True,280,40,1,0,accredited
cifar,iid,42,9,7,80,0.862500011920929,1,7,6,True,280,40,1,0,accredited
cifar,iid,42,9,8,80,0.862500011920929,1,9,6,True,280,40,1,0,accredited
cifar,iid,42,9,9,80,0.800000011920929,1,9,6,True,280,40,1,0,accredited
cifar,iid,43,0,0,80,0.6499999761581421,0,5,4,True,280,40,1,1,below_threshold
cifar,iid,43,0,1,80,0.5874999761581421,0,8,4,True,280,40,1,1,below_threshold
cifar,iid,43,0,2,80,0.612500011920929,0,2,4,True,280,40,1,1,below_threshold
cifar,iid,43,0,3,80,0.5625,0,0,4,True,280,40,1,1,below_threshold
cifar,iid,43,0,4,80,0.737500011920929,1,3,4,True,280,40,1,0,accredited
cifar,iid,43,0,5,80,0.449999988079071,0,2,4,True,280,40,1,1,below_threshold
cifar,iid,43,0,6,80,0.7749999761581421,1,8,4,True,280,40,1,0,accredited
cifar,iid,43,0,7,80,0.550000011920929,0,5,4,True,280,40,1,1,below_threshold
cifar,iid,43,0,8,80,0.7124999761581421,1,6,4,True,280,40,1,0,accredited
cifar,iid,43,0,9,80,0.737500011920929,1,8,4,True,280,40,1,0,accredited
cifar,iid,43,1,0,80,0.6625000238418579,0,5,2,True,280,40,1,1,below_threshold
cifar,iid,43,1,1,80,0.925000011920929,1,8,2,True,280,40,1,0,accredited
cifar,iid,43,1,2,80,0.324999988079071,0,2,2,True,280,40,1,1,below_threshold
cifar,iid,43,1,3,80,0.1875,0,0,2,True,280,40,1,1,below_threshold
cifar,iid,43,1,4,80,0.3625000119209289,0,3,2,True,280,40,1,1,below_threshold
cifar,iid,43,1,5,80,0.612500011920929,0,2,2,True,280,40,1,1,below_threshold
cifar,iid,43,1,6,80,0.5874999761581421,0,8,2,True,280,40,1,1,below_threshold
cifar,iid,43,1,7,80,0.737500011920929,1,5,2,True,280,40,1,0,accredited
cifar,iid,43,1,8,80,0.5375000238418579,0,6,2,True,280,40,1,1,below_threshold
cifar,iid,43,1,9,80,0.699999988079071,0,8,2,True,280,40,1,1,below_threshold
cifar,iid,43,2,0,80,0.7250000238418579,1,5,7,True,280,40,1,0,accredited
cifar,iid,43,2,1,80,0.7124999761581421,1,8,7,True,280,40,1,0,accredited
cifar,iid,43,2,2,80,0.675000011920929,0,2,7,True,280,40,1,1,below_threshold
cifar,iid,43,2,3,80,0.4000000059604645,0,0,7,True,280,40,1,1,below_threshold
cifar,iid,43,2,4,80,0.75,1,3,7,True,280,40,1,0,accredited
cifar,iid,43,2,5,80,0.737500011920929,1,2,7,True,280,40,1,0,accredited
cifar,iid,43,2,6,80,0.875,1,8,7,True,280,40,1,0,accredited
cifar,iid,43,2,7,80,0.612500011920929,0,5,7,True,280,40,1,1,below_threshold
cifar,iid,43,2,8,80,0.925000011920929,1,6,7,True,280,40,1,0,accredited
cifar,iid,43,2,9,80,0.862500011920929,1,8,7,True,280,40,1,0,accredited
cifar,iid,43,3,0,80,0.75,1,5,6,True,280,40,1,0,accredited
cifar,iid,43,3,1,80,0.75,1,8,6,True,280,40,1,0,accredited
cifar,iid,43,3,2,80,0.762499988079071,1,2,6,True,280,40,1,0,accredited
cifar,iid,43,3,3,80,0.699999988079071,0,0,6,True,280,40,1,1,below_threshold
cifar,iid,43,3,4,80,0.5625,0,3,6,True,280,40,1,1,below_threshold
cifar,iid,43,3,5,80,0.5249999761581421,0,2,6,True,280,40,1,1,below_threshold
cifar,iid,43,3,6,80,0.800000011920929,1,8,6,True,280,40,1,0,accredited
cifar,iid,43,3,7,80,0.8125,1,5,6,True,280,40,1,0,accredited
cifar,iid,43,3,8,80,0.6875,0,6,6,True,280,40,1,1,below_threshold
cifar,iid,43,3,9,80,0.7749999761581421,1,8,6,True,280,40,1,0,accredited
cifar,iid,43,4,0,80,0.675000011920929,0,5,5,True,280,40,1,1,below_threshold
cifar,iid,43,4,1,80,0.875,1,8,5,True,280,40,1,0,accredited
cifar,iid,43,4,2,80,0.625,0,2,5,True,280,40,1,1,below_threshold
cifar,iid,43,4,3,80,0.4875000119209289,0,0,5,True,280,40,1,1,below_threshold
cifar,iid,43,4,4,80,0.324999988079071,0,3,5,True,280,40,1,1,below_threshold
cifar,iid,43,4,5,80,0.762499988079071,1,2,5,True,280,40,1,0,accredited
cifar,iid,43,4,6,80,0.5375000238418579,0,8,5,True,280,40,1,1,below_threshold
cifar,iid,43,4,7,80,0.824999988079071,1,5,5,True,280,40,1,0,accredited
cifar,iid,43,4,8,80,0.7749999761581421,1,6,5,True,280,40,1,0,accredited
cifar,iid,43,4,9,80,0.862500011920929,1,8,5,True,280,40,1,0,accredited
cifar,iid,43,5,0,80,0.550000011920929,0,5,4,True,280,40,1,1,below_threshold
cifar,iid,43,5,1,80,0.862500011920929,1,8,4,True,280,40,1,0,accredited
cifar,iid,43,5,2,80,0.6000000238418579,0,2,4,True,280,40,1,1,below_threshold
cifar,iid,43,5,3,80,0.699999988079071,0,0,4,True,280,40,1,1,below_threshold
cifar,iid,43,5,4,80,0.675000011920929,0,3,4,True,280,40,1,1,below_threshold
cifar,iid,43,5,5,80,0.550000011920929,0,2,4,True,280,40,1,1,below_threshold
cifar,iid,43,5,6,80,0.7875000238418579,1,8,4,True,280,40,1,0,accredited
cifar,iid,43,5,7,80,0.6625000238418579,0,5,4,True,280,40,1,1,below_threshold
cifar,iid,43,5,8,80,0.9375,1,6,4,True,280,40,1,0,accredited
cifar,iid,43,5,9,80,0.7749999761581421,1,8,4,True,280,40,1,0,accredited
cifar,iid,43,6,0,80,0.7250000238418579,1,5,4,True,280,40,1,0,accredited
cifar,iid,43,6,1,80,0.675000011920929,0,8,4,True,280,40,1,1,below_threshold
cifar,iid,43,6,2,80,0.675000011920929,0,2,4,True,280,40,1,1,below_threshold
cifar,iid,43,6,3,80,0.6625000238418579,0,0,4,True,280,40,1,1,below_threshold
cifar,iid,43,6,4,80,0.324999988079071,0,3,4,True,280,40,1,1,below_threshold
cifar,iid,43,6,5,80,0.6499999761581421,0,2,4,True,280,40,1,1,below_threshold
cifar,iid,43,6,6,80,0.8374999761581421,1,8,4,True,280,40,1,0,accredited
cifar,iid,43,6,7,80,0.824999988079071,1,5,4,True,280,40,1,0,accredited
cifar,iid,43,6,8,80,0.699999988079071,0,6,4,True,280,40,1,1,below_threshold
cifar,iid,43,6,9,80,0.800000011920929,1,8,4,True,280,40,1,0,accredited
cifar,iid,43,7,0,80,0.875,1,5,6,True,280,40,1,0,accredited
cifar,iid,43,7,1,80,0.875,1,8,6,True,280,40,1,0,accredited
cifar,iid,43,7,2,80,0.5249999761581421,0,2,6,True,280,40,1,1,below_threshold
cifar,iid,43,7,3,80,0.512499988079071,0,0,6,True,280,40,1,1,below_threshold
cifar,iid,43,7,4,80,0.8999999761581421,1,3,6,True,280,40,1,0,accredited
cifar,iid,43,7,5,80,0.5874999761581421,0,2,6,True,280,40,1,1,below_threshold
cifar,iid,43,7,6,80,0.7749999761581421,1,8,6,True,280,40,1,0,accredited
cifar,iid,43,7,7,80,0.6499999761581421,0,5,6,True,280,40,1,1,below_threshold
cifar,iid,43,7,8,80,0.800000011920929,1,6,6,True,280,40,1,0,accredited
cifar,iid,43,7,9,80,0.800000011920929,1,8,6,True,280,40,1,0,accredited
cifar,iid,43,8,0,80,0.699999988079071,0,5,3,True,280,40,1,1,below_threshold
cifar,iid,43,8,1,80,0.962499976158142,1,8,3,True,280,40,1,0,accredited
cifar,iid,43,8,2,80,0.6625000238418579,0,2,3,True,280,40,1,1,below_threshold
cifar,iid,43,8,3,80,0.4124999940395355,0,0,3,True,280,40,1,1,below_threshold
cifar,iid,43,8,4,80,0.5874999761581421,0,3,3,True,280,40,1,1,below_threshold
cifar,iid,43,8,5,80,0.449999988079071,0,2,3,True,280,40,1,1,below_threshold
cifar,iid,43,8,6,80,0.8374999761581421,1,8,3,True,280,40,1,0,accredited
cifar,iid,43,8,7,80,0.8125,1,5,3,True,280,40,1,0,accredited
cifar,iid,43,8,8,80,0.6875,0,6,3,True,280,40,1,1,below_threshold
cifar,iid,43,8,9,80,0.550000011920929,0,8,3,True,280,40,1,1,below_threshold
cifar,iid,43,9,0,80,0.7124999761581421,1,5,6,True,280,40,1,0,accredited
cifar,iid,43,9,1,80,0.7875000238418579,1,8,6,True,280,40,1,0,accredited
cifar,iid,43,9,2,80,0.7250000238418579,1,2,6,True,280,40,1,0,accredited
cifar,iid,43,9,3,80,0.375,0,0,6,True,280,40,1,1,below_threshold
cifar,iid,43,9,4,80,0.5874999761581421,0,3,6,True,280,40,1,1,below_threshold
cifar,iid,43,9,5,80,0.612500011920929,0,2,6,True,280,40,1,1,below_threshold
cifar,iid,43,9,6,80,0.75,1,8,6,True,280,40,1,0,accredited
cifar,iid,43,9,7,80,0.6625000238418579,0,5,6,True,280,40,1,1,below_threshold
cifar,iid,43,9,8,80,0.7749999761581421,1,6,6,True,280,40,1,0,accredited
cifar,iid,43,9,9,80,0.862500011920929,1,8,6,True,280,40,1,0,accredited
cifar,iid,44,0,0,80,0.800000011920929,1,6,5,True,280,40,1,0,accredited
cifar,iid,44,0,1,80,0.612500011920929,0,8,5,True,280,40,1,1,below_threshold
cifar,iid,44,0,2,80,0.5,0,2,5,True,280,40,1,1,below_threshold
cifar,iid,44,0,3,80,0.4625000059604645,0,0,5,True,280,40,1,1,below_threshold
cifar,iid,44,0,4,80,0.637499988079071,0,3,5,True,280,40,1,1,below_threshold
cifar,iid,44,0,5,80,0.2750000059604645,0,2,5,True,280,40,1,1,below_threshold
cifar,iid,44,0,6,80,0.7749999761581421,1,7,5,True,280,40,1,0,accredited
cifar,iid,44,0,7,80,0.737500011920929,1,7,5,True,280,40,1,0,accredited
cifar,iid,44,0,8,80,0.925000011920929,1,8,5,True,280,40,1,0,accredited
cifar,iid,44,0,9,80,0.8500000238418579,1,9,5,True,280,40,1,0,accredited
cifar,iid,44,1,0,80,0.6499999761581421,0,6,5,True,280,40,1,1,below_threshold
cifar,iid,44,1,1,80,0.824999988079071,1,8,5,True,280,40,1,0,accredited
cifar,iid,44,1,2,80,0.550000011920929,0,2,5,True,280,40,1,1,below_threshold
cifar,iid,44,1,3,80,0.5625,0,0,5,True,280,40,1,1,below_threshold
cifar,iid,44,1,4,80,0.824999988079071,1,3,5,True,280,40,1,0,accredited
cifar,iid,44,1,5,80,0.5375000238418579,0,2,5,True,280,40,1,1,below_threshold
cifar,iid,44,1,6,80,0.512499988079071,0,7,5,True,280,40,1,1,below_threshold
cifar,iid,44,1,7,80,0.7250000238418579,1,7,5,True,280,40,1,0,accredited
cifar,iid,44,1,8,80,0.824999988079071,1,8,5,True,280,40,1,0,accredited
cifar,iid,44,1,9,80,0.7875000238418579,1,9,5,True,280,40,1,0,accredited
cifar,iid,44,2,0,80,0.7749999761581421,1,6,4,True,280,40,1,0,accredited
cifar,iid,44,2,1,80,0.75,1,8,4,True,280,40,1,0,accredited
cifar,iid,44,2,2,80,0.675000011920929,0,2,4,True,280,40,1,1,below_threshold
cifar,iid,44,2,3,80,0.4124999940395355,0,0,4,True,280,40,1,1,below_threshold
cifar,iid,44,2,4,80,0.699999988079071,0,3,4,True,280,40,1,1,below_threshold
cifar,iid,44,2,5,80,0.6875,0,2,4,True,280,40,1,1,below_threshold
cifar,iid,44,2,6,80,0.75,1,7,4,True,280,40,1,0,accredited
cifar,iid,44,2,7,80,0.6625000238418579,0,7,4,True,280,40,1,1,below_threshold
cifar,iid,44,2,8,80,0.800000011920929,1,8,4,True,280,40,1,0,accredited
cifar,iid,44,2,9,80,0.625,0,9,4,True,280,40,1,1,below_threshold
cifar,iid,44,3,0,80,0.762499988079071,1,6,6,True,280,40,1,0,accredited
cifar,iid,44,3,1,80,0.75,1,8,6,True,280,40,1,0,accredited
cifar,iid,44,3,2,80,0.512499988079071,0,2,6,True,280,40,1,1,below_threshold
cifar,iid,44,3,3,80,0.4875000119209289,0,0,6,True,280,40,1,1,below_threshold
cifar,iid,44,3,4,80,0.8374999761581421,1,3,6,True,280,40,1,0,accredited
cifar,iid,44,3,5,80,0.387499988079071,0,2,6,True,280,40,1,1,below_threshold
cifar,iid,44,3,6,80,0.762499988079071,1,7,6,True,280,40,1,0,accredited
cifar,iid,44,3,7,80,0.762499988079071,1,7,6,True,280,40,1,0,accredited
cifar,iid,44,3,8,80,0.699999988079071,0,8,6,True,280,40,1,1,below_threshold
cifar,iid,44,3,9,80,0.8500000238418579,1,9,6,True,280,40,1,0,accredited
cifar,iid,44,4,0,80,0.7250000238418579,1,6,6,True,280,40,1,0,accredited
cifar,iid,44,4,1,80,0.8374999761581421,1,8,6,True,280,40,1,0,accredited
cifar,iid,44,4,2,80,0.675000011920929,0,2,6,True,280,40,1,1,below_threshold
cifar,iid,44,4,3,80,0.6625000238418579,0,0,6,True,280,40,1,1,below_threshold
cifar,iid,44,4,4,80,0.6625000238418579,0,3,6,True,280,40,1,1,below_threshold
cifar,iid,44,4,5,80,0.6499999761581421,0,2,6,True,280,40,1,1,below_threshold
cifar,iid,44,4,6,80,0.862500011920929,1,7,6,True,280,40,1,0,accredited
cifar,iid,44,4,7,80,0.737500011920929,1,7,6,True,280,40,1,0,accredited
cifar,iid,44,4,8,80,0.8500000238418579,1,8,6,True,280,40,1,0,accredited
cifar,iid,44,4,9,80,0.7749999761581421,1,9,6,True,280,40,1,0,accredited
cifar,iid,44,5,0,80,0.4000000059604645,0,6,4,True,280,40,1,1,below_threshold
cifar,iid,44,5,1,80,0.824999988079071,1,8,4,True,280,40,1,0,accredited
cifar,iid,44,5,2,80,0.6000000238418579,0,2,4,True,280,40,1,1,below_threshold
cifar,iid,44,5,3,80,0.1875,0,0,4,True,280,40,1,1,below_threshold
cifar,iid,44,5,4,80,0.612500011920929,0,3,4,True,280,40,1,1,below_threshold
cifar,iid,44,5,5,80,0.4749999940395355,0,2,4,True,280,40,1,1,below_threshold
cifar,iid,44,5,6,80,0.7749999761581421,1,7,4,True,280,40,1,0,accredited
cifar,iid,44,5,7,80,0.7749999761581421,1,7,4,True,280,40,1,0,accredited
cifar,iid,44,5,8,80,0.637499988079071,0,8,4,True,280,40,1,1,below_threshold
cifar,iid,44,5,9,80,0.8125,1,9,4,True,280,40,1,0,accredited
cifar,iid,44,6,0,80,0.7250000238418579,1,6,6,True,280,40,1,0,accredited
cifar,iid,44,6,1,80,0.8500000238418579,1,8,6,True,280,40,1,0,accredited
cifar,iid,44,6,2,80,0.7124999761581421,1,2,6,True,280,40,1,0,accredited
cifar,iid,44,6,3,80,0.550000011920929,0,0,6,True,280,40,1,1,below_threshold
cifar,iid,44,6,4,80,0.4625000059604645,0,3,6,True,280,40,1,1,below_threshold
cifar,iid,44,6,5,80,0.574999988079071,0,2,6,True,280,40,1,1,below_threshold
cifar,iid,44,6,6,80,0.6875,0,7,6,True,280,40,1,1,below_threshold
cifar,iid,44,6,7,80,0.737500011920929,1,7,6,True,280,40,1,0,accredited
cifar,iid,44,6,8,80,0.887499988079071,1,8,6,True,280,40,1,0,accredited
cifar,iid,44,6,9,80,0.8125,1,9,6,True,280,40,1,0,accredited
cifar,iid,44,7,0,80,0.7124999761581421,1,6,5,True,280,40,1,0,accredited
cifar,iid,44,7,1,80,0.762499988079071,1,8,5,True,280,40,1,0,accredited
cifar,iid,44,7,2,80,0.6499999761581421,0,2,5,True,280,40,1,1,below_threshold
cifar,iid,44,7,3,80,0.375,0,0,5,True,280,40,1,1,below_threshold
cifar,iid,44,7,4,80,0.512499988079071,0,3,5,True,280,40,1,1,below_threshold
cifar,iid,44,7,5,80,0.6875,0,2,5,True,280,40,1,1,below_threshold
cifar,iid,44,7,6,80,0.75,1,7,5,True,280,40,1,0,accredited
cifar,iid,44,7,7,80,0.6875,0,7,5,True,280,40,1,1,below_threshold
cifar,iid,44,7,8,80,0.8999999761581421,1,8,5,True,280,40,1,0,accredited
cifar,iid,44,7,9,80,0.8500000238418579,1,9,5,True,280,40,1,0,accredited
cifar,iid,44,8,0,80,0.675000011920929,0,6,6,True,280,40,1,1,below_threshold
cifar,iid,44,8,1,80,0.8999999761581421,1,8,6,True,280,40,1,0,accredited
cifar,iid,44,8,2,80,0.625,0,2,6,True,280,40,1,1,below_threshold
cifar,iid,44,8,3,80,0.2000000029802322,0,0,6,True,280,40,1,1,below_threshold
cifar,iid,44,8,4,80,0.6000000238418579,0,3,6,True,280,40,1,1,below_threshold
cifar,iid,44,8,5,80,0.8500000238418579,1,2,6,True,280,40,1,0,accredited
cifar,iid,44,8,6,80,0.800000011920929,1,7,6,True,280,40,1,0,accredited
cifar,iid,44,8,7,80,0.7875000238418579,1,7,6,True,280,40,1,0,accredited
cifar,iid,44,8,8,80,0.8999999761581421,1,8,6,True,280,40,1,0,accredited
cifar,iid,44,8,9,80,0.7124999761581421,1,9,6,True,280,40,1,0,accredited
cifar,iid,44,9,0,80,0.637499988079071,0,6,5,True,280,40,1,1,below_threshold
cifar,iid,44,9,1,80,0.6875,0,8,5,True,280,40,1,1,below_threshold
cifar,iid,44,9,2,80,0.800000011920929,1,2,5,True,280,40,1,0,accredited
cifar,iid,44,9,3,80,0.2374999970197677,0,0,5,True,280,40,1,1,below_threshold
cifar,iid,44,9,4,80,0.7749999761581421,1,3,5,True,280,40,1,0,accredited
cifar,iid,44,9,5,80,0.7250000238418579,1,2,5,True,280,40,1,0,accredited
cifar,iid,44,9,6,80,0.675000011920929,0,7,5,True,280,40,1,1,below_threshold
cifar,iid,44,9,7,80,0.699999988079071,0,7,5,True,280,40,1,1,below_threshold
cifar,iid,44,9,8,80,0.8999999761581421,1,8,5,True,280,40,1,0,accredited
cifar,iid,44,9,9,80,0.8999999761581421,1,9,5,True,280,40,1,0,accredited
cifar,alpha1p0,42,0,0,53,0.4528301954269409,0,4,5,True,188,27,1,1,below_threshold
cifar,alpha1p0,42,0,1,18,0.2222222238779068,0,5,5,True,65,9,1,1,below_threshold
cifar,alpha1p0,42,0,2,127,0.7244094610214233,1,2,5,True,447,64,1,0,accredited
cifar,alpha1p0,42,0,3,43,0.1860465109348297,0,3,5,True,149,21,1,1,below_threshold
cifar,alpha1p0,42,0,4,82,0.8048780560493469,1,5,5,True,287,41,1,0,accredited
cifar,alpha1p0,42,0,5,19,0.3157894611358642,0,3,5,True,65,9,1,1,below_threshold
cifar,alpha1p0,42,0,6,304,0.9309210777282716,1,5,5,True,1063,152,1,0,accredited
cifar,alpha1p0,42,0,7,309,0.8220064640045166,1,4,5,True,1082,155,1,0,accredited
cifar,alpha1p0,42,0,8,15,0.4000000059604645,0,5,5,True,53,7,1,1,below_threshold
cifar,alpha1p0,42,0,9,41,0.8780487775802612,1,5,5,True,146,21,1,0,accredited
cifar,alpha1p0,42,1,0,59,0.6779661178588867,0,4,5,True,206,29,1,1,below_threshold
cifar,alpha1p0,42,1,1,110,0.8909090757369995,1,5,5,True,384,55,1,0,accredited
cifar,alpha1p0,42,1,2,83,0.5421686768531799,0,2,5,True,290,41,1,1,below_threshold
cifar,alpha1p0,42,1,3,113,0.8318583965301514,1,3,5,True,395,56,1,0,accredited
cifar,alpha1p0,42,1,4,57,0.6842105388641357,0,5,5,True,201,29,1,1,below_threshold
cifar,alpha1p0,42,1,5,87,0.5632184147834778,0,3,5,True,303,43,1,1,below_threshold
cifar,alpha1p0,42,1,6,50,0.7200000286102295,1,5,5,True,175,25,1,0,accredited
cifar,alpha1p0,42,1,7,112,0.7767857313156128,1,4,5,True,391,56,1,0,accredited
cifar,alpha1p0,42,1,8,116,0.9396551847457886,1,5,5,True,407,58,1,0,accredited
cifar,alpha1p0,42,1,9,12,0.1666666716337204,0,5,5,True,42,6,1,1,below_threshold
cifar,alpha1p0,42,2,0,12,0.1666666716337204,0,4,4,True,44,6,1,1,below_threshold
cifar,alpha1p0,42,2,1,348,0.9425287246704102,1,5,4,True,1217,174,1,0,accredited
cifar,alpha1p0,42,2,2,80,0.6625000238418579,0,2,4,True,282,40,1,1,below_threshold
cifar,alpha1p0,42,2,3,52,0.3461538553237915,0,3,4,True,184,26,1,1,below_threshold
cifar,alpha1p0,42,2,4,68,0.8088235259056091,1,5,4,True,237,34,1,0,accredited
cifar,alpha1p0,42,2,5,215,0.925581395626068,1,3,4,True,751,107,1,0,accredited
cifar,alpha1p0,42,2,6,41,0.5365853905677795,0,5,4,True,145,21,1,1,below_threshold
cifar,alpha1p0,42,2,7,24,0.4583333432674408,0,4,4,True,83,12,1,1,below_threshold
cifar,alpha1p0,42,2,8,94,0.8723404407501221,1,5,4,True,330,47,1,0,accredited
cifar,alpha1p0,42,2,9,66,0.6666666865348816,0,5,4,True,232,33,1,1,below_threshold
cifar,alpha1p0,42,3,0,122,0.7622950673103333,1,4,5,True,429,61,1,0,accredited
cifar,alpha1p0,42,3,1,1,0.0,0,5,5,True,4,0,1,1,below_threshold
cifar,alpha1p0,42,3,2,56,0.6607142686843872,0,2,5,True,198,28,1,1,below_threshold
cifar,alpha1p0,42,3,3,137,0.7591241002082825,1,3,5,True,478,68,1,0,accredited
cifar,alpha1p0,42,3,4,13,0.0,0,5,5,True,47,7,1,1,below_threshold
cifar,alpha1p0,42,3,5,28,0.0714285746216774,0,3,5,True,97,14,1,1,below_threshold
cifar,alpha1p0,42,3,6,100,0.75,1,5,5,True,351,50,1,0,accredited
cifar,alpha1p0,42,3,7,59,0.6440678238868713,0,4,5,True,208,30,1,1,below_threshold
cifar,alpha1p0,42,3,8,269,0.9330855011940002,1,5,5,True,943,135,1,0,accredited
cifar,alpha1p0,42,3,9,81,0.8765432238578796,1,5,5,True,282,40,1,0,accredited
cifar,alpha1p0,42,4,0,5,0.0,0,4,4,True,20,3,1,1,below_threshold
cifar,alpha1p0,42,4,1,91,0.7472527623176575,1,5,4,True,318,45,1,0,accredited
cifar,alpha1p0,42,4,2,108,0.6018518805503845,0,2,4,True,380,54,1,1,below_threshold
cifar,alpha1p0,42,4,3,61,0.6229507923126221,0,3,4,True,212,30,1,1,below_threshold
cifar,alpha1p0,42,4,4,247,0.8906882405281067,1,5,4,True,864,123,1,0,accredited
cifar,alpha1p0,42,4,5,87,0.517241358757019,0,3,4,True,304,43,1,1,below_threshold
cifar,alpha1p0,42,4,6,91,0.6813187003135681,0,5,4,True,319,45,1,1,below_threshold
cifar,alpha1p0,42,4,7,1,0.0,0,4,4,True,5,1,1,1,below_threshold
cifar,alpha1p0,42,4,8,33,0.7878788113594055,1,5,4,True,115,16,1,0,accredited
cifar,alpha1p0,42,4,9,317,0.9274448156356812,1,5,4,True,1109,158,1,0,accredited
cifar,alpha1p0,42,5,0,81,0.6666666865348816,0,4,2,True,284,41,1,1,below_threshold
cifar,alpha1p0,42,5,1,0,0.0,0,5,2,False,0,0,0,0,absent_in_train
cifar,alpha1p0,42,5,2,18,0.1111111119389534,0,2,2,True,64,9,1,1,below_threshold
cifar,alpha1p0,42,5,3,72,0.6388888955116272,0,3,2,True,253,36,1,1,below_threshold
cifar,alpha1p0,42,5,4,119,0.7310924530029297,1,5,2,True,418,60,1,0,accredited
cifar,alpha1p0,42,5,5,21,0.380952388048172,0,3,2,True,72,10,1,1,below_threshold
cifar,alpha1p0,42,5,6,23,0.260869562625885,0,5,2,True,79,11,1,1,below_threshold
cifar,alpha1p0,42,5,7,76,0.8684210777282715,1,4,2,True,266,38,1,0,accredited
cifar,alpha1p0,42,5,8,26,0.6538461446762085,0,5,2,True,91,13,1,1,below_threshold
cifar,alpha1p0,42,5,9,63,0.682539701461792,0,5,2,True,222,32,1,1,below_threshold
cifar,alpha1p0,42,6,0,275,0.8981817960739136,1,4,6,True,961,137,1,0,accredited
cifar,alpha1p0,42,6,1,121,0.8264462947845459,1,5,6,True,424,61,1,0,accredited
cifar,alpha1p0,42,6,2,149,0.8389261960983276,1,2,6,True,522,74,1,0,accredited
cifar,alpha1p0,42,6,3,25,0.2399999946355819,0,3,6,True,88,13,1,1,below_threshold
cifar,alpha1p0,42,6,4,5,0.0,0,5,6,True,19,3,1,1,below_threshold
cifar,alpha1p0,42,6,5,145,0.7655172348022461,1,3,6,True,507,72,1,0,accredited
cifar,alpha1p0,42,6,6,46,0.695652186870575,0,5,6,True,160,23,1,1,below_threshold
cifar,alpha1p0,42,6,7,103,0.844660222530365,1,4,6,True,359,51,1,0,accredited
cifar,alpha1p0,42,6,8,11,0.3636363744735718,0,5,6,True,40,6,1,1,below_threshold
cifar,alpha1p0,42,6,9,60,0.7833333611488342,1,5,6,True,210,30,1,0,accredited
cifar,alpha1p0,42,7,0,101,0.8514851331710815,1,4,2,True,353,50,1,0,accredited
cifar,alpha1p0,42,7,1,9,0.2222222238779068,0,5,2,True,31,4,1,1,below_threshold
cifar,alpha1p0,42,7,2,83,0.5421686768531799,0,2,2,True,291,41,1,1,below_threshold
cifar,alpha1p0,42,7,3,154,0.798701286315918,1,3,2,True,540,77,1,0,accredited
cifar,alpha1p0,42,7,4,53,0.4905660450458526,0,5,2,True,188,27,1,1,below_threshold
cifar,alpha1p0,42,7,5,13,0.0,0,3,2,True,46,7,1,1,below_threshold
cifar,alpha1p0,42,7,6,29,0.5517241358757019,0,5,2,True,104,15,1,1,below_threshold
cifar,alpha1p0,42,7,7,11,0.0909090936183929,0,4,2,True,39,5,1,1,below_threshold
cifar,alpha1p0,42,7,8,11,0.5454545617103577,0,5,2,True,39,6,1,1,below_threshold
cifar,alpha1p0,42,7,9,19,0.4210526347160339,0,5,2,True,65,9,1,1,below_threshold
cifar,alpha1p0,42,8,0,57,0.8245614171028137,1,4,3,True,200,28,1,0,accredited
cifar,alpha1p0,42,8,1,89,0.8764045238494873,1,5,3,True,314,45,1,0,accredited
cifar,alpha1p0,42,8,2,5,0.0,0,2,3,True,16,2,1,1,below_threshold
cifar,alpha1p0,42,8,3,49,0.4897959232330322,0,3,3,True,173,25,1,1,below_threshold
cifar,alpha1p0,42,8,4,80,0.625,0,5,3,True,282,40,1,1,below_threshold
cifar,alpha1p0,42,8,5,66,0.6818181872367859,0,3,3,True,230,33,1,1,below_threshold
cifar,alpha1p0,42,8,6,91,0.8131868243217468,1,5,3,True,318,45,1,0,accredited
cifar,alpha1p0,42,8,7,34,0.4117647111415863,0,4,3,True,119,17,1,1,below_threshold
cifar,alpha1p0,42,8,8,47,0.6595744490623474,0,5,3,True,163,23,1,1,below_threshold
cifar,alpha1p0,42,8,9,49,0.5918367505073547,0,5,3,True,172,24,1,1,below_threshold
cifar,alpha1p0,42,9,0,33,0.3030303120613098,0,4,5,True,118,17,1,1,below_threshold
cifar,alpha1p0,42,9,1,13,0.4615384638309479,0,5,5,True,44,6,1,1,below_threshold
cifar,alpha1p0,42,9,2,89,0.5730336904525757,0,2,5,True,314,45,1,1,below_threshold
cifar,alpha1p0,42,9,3,94,0.3404255211353302,0,3,5,True,329,47,1,1,below_threshold
cifar,alpha1p0,42,9,4,74,0.7027027010917664,1,5,5,True,258,37,1,0,accredited
cifar,alpha1p0,42,9,5,121,0.7933884263038635,1,3,5,True,424,61,1,0,accredited
cifar,alpha1p0,42,9,6,25,0.7200000286102295,1,5,5,True,87,12,1,0,accredited
cifar,alpha1p0,42,9,7,71,0.5492957830429077,0,4,5,True,248,35,1,1,below_threshold
cifar,alpha1p0,42,9,8,177,0.9435028433799744,1,5,5,True,620,89,1,0,accredited
cifar,alpha1p0,42,9,9,92,0.989130437374115,1,5,5,True,321,46,1,0,accredited
cifar,alpha1p0,43,0,0,199,0.7688442468643188,1,6,5,True,696,99,1,0,accredited
cifar,alpha1p0,43,0,1,52,0.692307710647583,0,5,5,True,182,26,1,1,below_threshold
cifar,alpha1p0,43,0,2,55,0.145454540848732,0,0,5,True,195,28,1,1,below_threshold
cifar,alpha1p0,43,0,3,126,0.7698412537574768,1,2,5,True,440,63,1,0,accredited
cifar,alpha1p0,43,0,4,119,0.5882353186607361,0,4,5,True,419,60,1,1,below_threshold
cifar,alpha1p0,43,0,5,120,0.6000000238418579,0,2,5,True,420,60,1,1,below_threshold
cifar,alpha1p0,43,0,6,149,0.8456375598907471,1,6,5,True,522,75,1,0,accredited
cifar,alpha1p0,43,0,7,204,0.8823529481887817,1,4,5,True,714,102,1,0,accredited
cifar,alpha1p0,43,0,8,5,0.2000000029802322,0,4,5,True,17,2,1,1,below_threshold
cifar,alpha1p0,43,0,9,113,0.9026548862457277,1,6,5,True,396,57,1,0,accredited
cifar,alpha1p0,43,1,0,64,0.78125,1,6,4,True,225,32,1,0,accredited
cifar,alpha1p0,43,1,1,41,0.7560975551605225,1,5,4,True,146,21,1,0,accredited
cifar,alpha1p0,43,1,2,44,0.6818181872367859,0,0,4,True,153,22,1,1,below_threshold
cifar,alpha1p0,43,1,3,5,0.4000000059604645,0,2,4,True,18,2,1,1,below_threshold
cifar,alpha1p0,43,1,4,40,0.7250000238418579,1,4,4,True,140,20,1,0,accredited
cifar,alpha1p0,43,1,5,16,0.1875,0,2,4,True,57,8,1,1,below_threshold
cifar,alpha1p0,43,1,6,17,0.3529411852359772,0,6,4,True,61,9,1,1,below_threshold
cifar,alpha1p0,43,1,7,27,0.4814814925193786,0,4,4,True,97,14,1,1,below_threshold
cifar,alpha1p0,43,1,8,45,0.6666666865348816,0,4,4,True,158,22,1,1,below_threshold
cifar,alpha1p0,43,1,9,68,0.8676470518112183,1,6,4,True,239,34,1,0,accredited
cifar,alpha1p0,43,2,0,155,0.7935484051704407,1,6,4,True,541,77,1,0,accredited
cifar,alpha1p0,43,2,1,158,0.6265822649002075,0,5,4,True,553,79,1,1,below_threshold
cifar,alpha1p0,43,2,2,178,0.6460674405097961,0,0,4,True,625,89,1,1,below_threshold
cifar,alpha1p0,43,2,3,67,0.4626865684986114,0,2,4,True,235,34,1,1,below_threshold
cifar,alpha1p0,43,2,4,29,0.2413793057203292,0,4,4,True,101,14,1,1,below_threshold
cifar,alpha1p0,43,2,5,1,0.0,0,2,4,True,5,1,1,1,below_threshold
cifar,alpha1p0,43,2,6,65,0.7384615540504456,1,6,4,True,228,32,1,0,accredited
cifar,alpha1p0,43,2,7,107,0.8785046935081482,1,4,4,True,376,54,1,0,accredited
cifar,alpha1p0,43,2,8,110,0.8181818127632141,1,4,4,True,384,55,1,0,accredited
cifar,alpha1p0,43,2,9,48,0.625,0,6,4,True,168,24,1,1,below_threshold
cifar,alpha1p0,43,3,0,6,0.0,0,6,3,True,20,3,1,1,below_threshold
cifar,alpha1p0,43,3,1,118,0.5847457647323608,0,5,3,True,415,59,1,1,below_threshold
cifar,alpha1p0,43,3,2,61,0.2295081913471222,0,0,3,True,214,31,1,1,below_threshold
cifar,alpha1p0,43,3,3,144,0.6944444179534912,0,2,3,True,503,72,1,1,below_threshold
cifar,alpha1p0,43,3,4,74,0.7162162065505981,1,4,3,True,261,37,1,0,accredited
cifar,alpha1p0,43,3,5,108,0.6759259104728699,0,2,3,True,377,54,1,1,below_threshold
cifar,alpha1p0,43,3,6,102,0.5392156839370728,0,6,3,True,358,51,1,1,below_threshold
cifar,alpha1p0,43,3,7,83,0.6987951993942261,0,4,3,True,291,41,1,1,below_threshold
cifar,alpha1p0,43,3,8,239,0.9079498052597046,1,4,3,True,836,119,1,0,accredited
cifar,alpha1p0,43,3,9,46,0.782608687877655,1,6,3,True,161,23,1,0,accredited
cifar,alpha1p0,43,4,0,23,0.3478260934352875,0,6,4,True,81,12,1,1,below_threshold
cifar,alpha1p0,43,4,1,54,0.8888888955116272,1,5,4,True,191,27,1,0,accredited
cifar,alpha1p0,43,4,2,89,0.6404494643211365,0,0,4,True,311,44,1,1,below_threshold
cifar,alpha1p0,43,4,3,37,0.2162162214517593,0,2,4,True,130,19,1,1,below_threshold
cifar,alpha1p0,43,4,4,7,0.0,0,4,4,True,23,3,1,1,below_threshold
cifar,alpha1p0,43,4,5,132,0.6590909361839294,0,2,4,True,464,66,1,1,below_threshold
cifar,alpha1p0,43,4,6,95,0.821052610874176,1,6,4,True,335,48,1,0,accredited
cifar,alpha1p0,43,4,7,87,0.8505747318267822,1,4,4,True,307,44,1,0,accredited
cifar,alpha1p0,43,4,8,79,0.9367088675498962,1,4,4,True,278,40,1,0,accredited
cifar,alpha1p0,43,4,9,0,0.0,0,6,4,False,1,0,1,1,no_expertise_observations
cifar,alpha1p0,43,5,0,3,0.3333333432674408,0,6,3,True,13,2,1,1,below_threshold
cifar,alpha1p0,43,5,1,109,0.8807339668273926,1,5,3,True,383,55,1,0,accredited
cifar,alpha1p0,43,5,2,116,0.5,0,0,3,True,408,58,1,1,below_threshold
cifar,alpha1p0,43,5,3,127,0.7322834730148315,1,2,3,True,447,64,1,0,accredited
cifar,alpha1p0,43,5,4,17,0.1764705926179886,0,4,3,True,60,8,1,1,below_threshold
cifar,alpha1p0,43,5,5,23,0.1739130467176437,0,2,3,True,80,11,1,1,below_threshold
cifar,alpha1p0,43,5,6,103,0.8543689250946045,1,6,3,True,361,52,1,0,accredited
cifar,alpha1p0,43,5,7,19,0.3684210479259491,0,4,3,True,69,10,1,1,below_threshold
cifar,alpha1p0,43,5,8,18,0.6666666865348816,0,4,3,True,64,9,1,1,below_threshold
cifar,alpha1p0,43,5,9,27,0.5555555820465088,0,6,3,True,94,13,1,1,below_threshold
cifar,alpha1p0,43,6,0,2,0.0,0,6,3,True,8,1,1,1,below_threshold
cifar,alpha1p0,43,6,1,90,0.7888888716697693,1,5,3,True,315,45,1,0,accredited
cifar,alpha1p0,43,6,2,77,0.5064935088157654,0,0,3,True,268,38,1,1,below_threshold
cifar,alpha1p0,43,6,3,50,0.2199999988079071,0,2,3,True,175,25,1,1,below_threshold
cifar,alpha1p0,43,6,4,71,0.4647887349128723,0,4,3,True,249,35,1,1,below_threshold
cifar,alpha1p0,43,6,5,127,0.8818897604942322,1,2,3,True,445,63,1,0,accredited
cifar,alpha1p0,43,6,6,12,0.3333333432674408,0,6,3,True,44,6,1,1,below_threshold
cifar,alpha1p0,43,6,7,34,0.5882353186607361,0,4,3,True,120,17,1,1,below_threshold
cifar,alpha1p0,43,6,8,2,0.0,0,4,3,True,7,1,1,1,below_threshold
cifar,alpha1p0,43,6,9,171,0.8245614171028137,1,6,3,True,601,86,1,0,accredited
cifar,alpha1p0,43,7,0,74,0.7027027010917664,1,6,5,True,259,37,1,0,accredited
cifar,alpha1p0,43,7,1,10,0.0,0,5,5,True,37,5,1,1,below_threshold
cifar,alpha1p0,43,7,2,40,0.375,0,0,5,True,142,20,1,1,below_threshold
cifar,alpha1p0,43,7,3,10,0.0,0,2,5,True,36,5,1,1,below_threshold
cifar,alpha1p0,43,7,4,288,0.8263888955116272,1,4,5,True,1008,144,1,0,accredited
cifar,alpha1p0,43,7,5,64,0.578125,0,2,5,True,226,32,1,1,below_threshold
cifar,alpha1p0,43,7,6,167,0.8083832263946533,1,6,5,True,584,83,1,0,accredited
cifar,alpha1p0,43,7,7,86,0.6744186282157898,0,4,5,True,301,43,1,1,below_threshold
cifar,alpha1p0,43,7,8,204,0.8578431606292725,1,4,5,True,713,102,1,0,accredited
cifar,alpha1p0,43,7,9,123,0.7886179089546204,1,6,5,True,432,62,1,0,accredited
cifar,alpha1p0,43,8,0,47,0.8297872543334961,1,6,5,True,163,23,1,0,accredited
cifar,alpha1p0,43,8,1,107,0.9719626307487488,1,5,5,True,376,54,1,0,accredited
cifar,alpha1p0,43,8,2,119,0.5630252361297607,0,0,5,True,417,59,1,1,below_threshold
cifar,alpha1p0,43,8,3,133,0.5939849615097046,0,2,5,True,466,66,1,1,below_threshold
cifar,alpha1p0,43,8,4,135,0.8592592477798462,1,4,5,True,472,67,1,0,accredited
cifar,alpha1p0,43,8,5,61,0.4262295067310333,0,2,5,True,214,31,1,1,below_threshold
cifar,alpha1p0,43,8,6,49,0.7142857313156128,1,6,5,True,172,24,1,0,accredited
cifar,alpha1p0,43,8,7,48,0.75,1,4,5,True,168,24,1,0,accredited
cifar,alpha1p0,43,8,8,69,0.6521739363670349,0,4,5,True,240,34,1,1,below_threshold
cifar,alpha1p0,43,8,9,27,0.4444444477558136,0,6,5,True,95,14,1,1,below_threshold
cifar,alpha1p0,43,9,0,227,0.933920681476593,1,6,3,True,795,113,1,0,accredited
cifar,alpha1p0,43,9,1,58,0.4827586114406585,0,5,3,True,205,29,1,1,below_threshold
cifar,alpha1p0,43,9,2,20,0.1500000059604644,0,0,3,True,69,10,1,1,below_threshold
cifar,alpha1p0,43,9,3,100,0.699999988079071,0,2,3,True,351,50,1,1,below_threshold
cifar,alpha1p0,43,9,4,20,0.050000000745058,0,4,3,True,69,10,1,1,below_threshold
cifar,alpha1p0,43,9,5,147,0.7414966225624084,1,2,3,True,514,73,1,0,accredited
cifar,alpha1p0,43,9,6,39,0.5128205418586731,0,6,3,True,137,20,1,1,below_threshold
cifar,alpha1p0,43,9,7,103,0.6601941585540771,0,4,3,True,359,51,1,1,below_threshold
cifar,alpha1p0,43,9,8,29,0.2068965584039688,0,4,3,True,104,15,1,1,below_threshold
cifar,alpha1p0,43,9,9,175,0.9142857193946838,1,6,3,True,614,88,1,0,accredited
cifar,alpha1p0,44,0,0,75,0.653333306312561,0,4,3,True,261,37,1,1,below_threshold
cifar,alpha1p0,44,0,1,190,0.9684210419654846,1,6,3,True,667,95,1,0,accredited
cifar,alpha1p0,44,0,2,12,0.1666666716337204,0,3,3,True,44,6,1,1,below_threshold
cifar,alpha1p0,44,0,3,6,0.0,0,4,3,True,22,3,1,1,below_threshold
cifar,alpha1p0,44,0,4,25,0.0799999982118606,0,3,3,True,88,12,1,1,below_threshold
cifar,alpha1p0,44,0,5,157,0.96815288066864,1,2,3,True,551,79,1,0,accredited
cifar,alpha1p0,44,0,6,41,0.7560975551605225,1,6,3,True,142,20,1,0,accredited
cifar,alpha1p0,44,0,7,19,0.1052631586790084,0,4,3,True,67,9,1,1,below_threshold
cifar,alpha1p0,44,0,8,26,0.4615384638309479,0,4,3,True,91,13,1,1,below_threshold
cifar,alpha1p0,44,0,9,11,0.2727272808551788,0,4,3,True,40,6,1,1,below_threshold
cifar,alpha1p0,44,1,0,91,0.6483516693115234,0,4,4,True,317,45,1,1,below_threshold
cifar,alpha1p0,44,1,1,64,0.734375,1,6,4,True,225,32,1,0,accredited
cifar,alpha1p0,44,1,2,53,0.5094339847564697,0,3,4,True,188,27,1,1,below_threshold
cifar,alpha1p0,44,1,3,168,0.8333333134651184,1,4,4,True,589,84,1,0,accredited
cifar,alpha1p0,44,1,4,110,0.4909090995788574,0,3,4,True,387,55,1,1,below_threshold
cifar,alpha1p0,44,1,5,111,0.2612612545490265,0,2,4,True,388,55,1,1,below_threshold
cifar,alpha1p0,44,1,6,84,0.6785714030265808,0,6,4,True,293,42,1,1,below_threshold
cifar,alpha1p0,44,1,7,178,0.8426966071128845,1,4,4,True,622,89,1,0,accredited
cifar,alpha1p0,44,1,8,134,0.9402984976768494,1,4,4,True,469,67,1,0,accredited
cifar,alpha1p0,44,1,9,45,0.3777777850627899,0,4,4,True,158,22,1,1,below_threshold
cifar,alpha1p0,44,2,0,7,0.0,0,4,3,True,26,4,1,1,below_threshold
cifar,alpha1p0,44,2,1,77,0.8701298832893372,1,6,3,True,268,38,1,0,accredited
cifar,alpha1p0,44,2,2,125,0.7200000286102295,1,3,3,True,439,63,1,0,accredited
cifar,alpha1p0,44,2,3,89,0.8202247023582458,1,4,3,True,312,44,1,0,accredited
cifar,alpha1p0,44,2,4,31,0.1612903177738189,0,3,3,True,109,15,1,1,below_threshold
cifar,alpha1p0,44,2,5,8,0.0,0,2,3,True,28,4,1,1,below_threshold
cifar,alpha1p0,44,2,6,21,0.2857142984867096,0,6,3,True,74,11,1,1,below_threshold
cifar,alpha1p0,44,2,7,81,0.6666666865348816,0,4,3,True,284,40,1,1,below_threshold
cifar,alpha1p0,44,2,8,20,0.2000000029802322,0,4,3,True,69,10,1,1,below_threshold
cifar,alpha1p0,44,2,9,84,0.5,0,4,3,True,296,42,1,1,below_threshold
cifar,alpha1p0,44,3,0,323,0.9690402746200562,1,4,3,True,1131,161,1,0,accredited
cifar,alpha1p0,44,3,1,9,0.4444444477558136,0,6,3,True,34,5,1,1,below_threshold
cifar,alpha1p0,44,3,2,25,0.2399999946355819,0,3,3,True,88,13,1,1,below_threshold
cifar,alpha1p0,44,3,3,15,0.2666666805744171,0,4,3,True,51,7,1,1,below_threshold
cifar,alpha1p0,44,3,4,157,0.8407643437385559,1,3,3,True,550,78,1,0,accredited
cifar,alpha1p0,44,3,5,69,0.47826087474823,0,2,3,True,240,34,1,1,below_threshold
cifar,alpha1p0,44,3,6,64,0.578125,0,6,3,True,223,32,1,1,below_threshold
cifar,alpha1p0,44,3,7,175,0.868571400642395,1,4,3,True,613,87,1,0,accredited
cifar,alpha1p0,44,3,8,6,0.0,0,4,3,True,21,3,1,1,below_threshold
cifar,alpha1p0,44,3,9,7,0.0,0,4,3,True,24,3,1,1,below_threshold
cifar,alpha1p0,44,4,0,88,0.7159090638160706,1,4,4,True,308,44,1,0,accredited
cifar,alpha1p0,44,4,1,31,0.6774193644523621,0,6,4,True,109,15,1,1,below_threshold
cifar,alpha1p0,44,4,2,27,0.4814814925193786,0,3,4,True,95,14,1,1,below_threshold
cifar,alpha1p0,44,4,3,0,0.0,0,4,4,False,1,0,1,1,no_expertise_observations
cifar,alpha1p0,44,4,4,69,0.52173912525177,0,3,4,True,240,34,1,1,below_threshold
cifar,alpha1p0,44,4,5,31,0.5161290168762207,0,2,4,True,107,15,1,1,below_threshold
cifar,alpha1p0,44,4,6,25,0.7200000286102295,1,6,4,True,88,13,1,0,accredited
cifar,alpha1p0,44,4,7,169,0.9230769276618958,1,4,4,True,590,84,1,0,accredited
cifar,alpha1p0,44,4,8,29,0.5517241358757019,0,4,4,True,102,15,1,1,below_threshold
cifar,alpha1p0,44,4,9,121,0.8595041036605835,1,4,4,True,425,61,1,0,accredited
cifar,alpha1p0,44,5,0,16,0.4375,0,4,3,True,55,8,1,1,below_threshold
cifar,alpha1p0,44,5,1,45,0.5333333611488342,0,6,3,True,157,22,1,1,below_threshold
cifar,alpha1p0,44,5,2,25,0.2800000011920929,0,3,3,True,89,13,1,1,below_threshold
cifar,alpha1p0,44,5,3,8,0.0,0,4,3,True,30,4,1,1,below_threshold
cifar,alpha1p0,44,5,4,216,0.9444444179534912,1,3,3,True,757,108,1,0,accredited
cifar,alpha1p0,44,5,5,6,0.3333333432674408,0,2,3,True,21,3,1,1,below_threshold
cifar,alpha1p0,44,5,6,228,0.7675438523292542,1,6,3,True,800,114,1,0,accredited
cifar,alpha1p0,44,5,7,4,0.0,0,4,3,True,13,2,1,1,below_threshold
cifar,alpha1p0,44,5,8,0,0.0,0,4,3,False,2,0,1,1,no_expertise_observations
cifar,alpha1p0,44,5,9,140,0.8642857074737549,1,4,3,True,492,70,1,0,accredited
cifar,alpha1p0,44,6,0,77,0.7662337422370911,1,4,4,True,270,38,1,0,accredited
cifar,alpha1p0,44,6,1,74,0.662162184715271,0,6,4,True,258,37,1,1,below_threshold
cifar,alpha1p0,44,6,2,65,0.4769230782985687,0,3,4,True,229,33,1,1,below_threshold
cifar,alpha1p0,44,6,3,8,0.125,0,4,4,True,28,4,1,1,below_threshold
cifar,alpha1p0,44,6,4,97,0.5567010045051575,0,3,4,True,341,49,1,1,below_threshold
cifar,alpha1p0,44,6,5,177,0.8531073331832886,1,2,4,True,620,88,1,0,accredited
cifar,alpha1p0,44,6,6,92,0.945652186870575,1,6,4,True,323,46,1,0,accredited
cifar,alpha1p0,44,6,7,27,0.5555555820465088,0,4,4,True,95,14,1,1,below_threshold
cifar,alpha1p0,44,6,8,29,0.6551724076271057,0,4,4,True,101,14,1,1,below_threshold
cifar,alpha1p0,44,6,9,85,0.8588235378265381,1,4,4,True,297,42,1,0,accredited
cifar,alpha1p0,44,7,0,45,0.3555555641651153,0,4,5,True,156,22,1,1,below_threshold
cifar,alpha1p0,44,7,1,166,0.9216867685317992,1,6,5,True,580,83,1,0,accredited
cifar,alpha1p0,44,7,2,77,0.649350643157959,0,3,5,True,270,39,1,1,below_threshold
cifar,alpha1p0,44,7,3,187,0.8395721912384033,1,4,5,True,657,94,1,0,accredited
cifar,alpha1p0,44,7,4,71,0.7464788556098938,1,3,5,True,247,35,1,0,accredited
cifar,alpha1p0,44,7,5,65,0.4307692348957062,0,2,5,True,228,32,1,1,below_threshold
cifar,alpha1p0,44,7,6,99,0.7272727489471436,1,6,5,True,347,49,1,0,accredited
cifar,alpha1p0,44,7,7,89,0.5280898809432983,0,4,5,True,314,45,1,1,below_threshold
cifar,alpha1p0,44,7,8,285,0.8912280797958374,1,4,5,True,1000,143,1,0,accredited
cifar,alpha1p0,44,7,9,67,0.6268656849861145,0,4,5,True,233,33,1,1,below_threshold
cifar,alpha1p0,44,8,0,14,0.0714285746216774,0,4,4,True,51,7,1,1,below_threshold
cifar,alpha1p0,44,8,1,39,0.8974359035491943,1,6,4,True,136,19,1,0,accredited
cifar,alpha1p0,44,8,2,152,0.7565789222717285,1,3,4,True,534,76,1,0,accredited
cifar,alpha1p0,44,8,3,129,0.6589147448539734,0,4,4,True,450,64,1,1,below_threshold
cifar,alpha1p0,44,8,4,9,0.3333333432674408,0,3,4,True,32,4,1,1,below_threshold
cifar,alpha1p0,44,8,5,68,0.3382352888584137,0,2,4,True,239,34,1,1,below_threshold
cifar,alpha1p0,44,8,6,110,0.699999988079071,0,6,4,True,385,55,1,1,below_threshold
cifar,alpha1p0,44,8,7,25,0.7599999904632568,1,4,4,True,88,12,1,0,accredited
cifar,alpha1p0,44,8,8,22,0.8181818127632141,1,4,4,True,79,11,1,0,accredited
cifar,alpha1p0,44,8,9,17,0.1176470592617988,0,4,4,True,60,9,1,1,below_threshold
cifar,alpha1p0,44,9,0,65,0.7692307829856873,1,4,7,True,226,32,1,0,accredited
cifar,alpha1p0,44,9,1,105,0.9523809552192688,1,6,7,True,368,52,1,0,accredited
cifar,alpha1p0,44,9,2,236,0.8347457647323608,1,3,7,True,825,118,1,0,accredited
cifar,alpha1p0,44,9,3,189,0.7830687761306763,1,4,7,True,662,95,1,0,accredited
cifar,alpha1p0,44,9,4,15,0.3333333432674408,0,3,7,True,52,7,1,1,below_threshold
cifar,alpha1p0,44,9,5,108,0.4629629552364349,0,2,7,True,380,54,1,1,below_threshold
cifar,alpha1p0,44,9,6,36,0.8888888955116272,1,6,7,True,125,18,1,0,accredited
cifar,alpha1p0,44,9,7,33,0.5454545617103577,0,4,7,True,116,16,1,1,below_threshold
cifar,alpha1p0,44,9,8,248,0.8870967626571655,1,4,7,True,867,124,1,0,accredited
cifar,alpha1p0,44,9,9,222,0.8513513803482056,1,4,7,True,777,111,1,0,accredited
cifar,alpha0p5,42,0,0,80,0.7875000238418579,1,5,5,True,280,40,1,0,accredited
cifar,alpha0p5,42,0,1,35,0.9428571462631226,1,6,5,True,124,18,1,0,accredited
cifar,alpha0p5,42,0,2,37,0.3513513505458832,0,3,5,True,132,19,1,1,below_threshold
cifar,alpha0p5,42,0,3,92,0.70652174949646,1,3,5,True,324,46,1,0,accredited
cifar,alpha0p5,42,0,4,392,0.875,1,2,5,True,1371,196,1,0,accredited
cifar,alpha0p5,42,0,5,6,0.0,0,4,5,True,23,3,1,1,below_threshold
cifar,alpha0p5,42,0,6,12,0.3333333432674408,0,4,5,True,44,6,1,1,below_threshold
cifar,alpha0p5,42,0,7,48,0.4375,0,2,5,True,170,24,1,1,below_threshold
cifar,alpha0p5,42,0,8,4,0.0,0,4,5,True,16,2,1,1,below_threshold
cifar,alpha0p5,42,0,9,141,0.7517730593681335,1,7,5,True,492,70,1,0,accredited
cifar,alpha0p5,42,1,0,1,0.0,0,5,3,True,6,1,1,1,below_threshold
cifar,alpha0p5,42,1,1,29,0.7586206793785095,1,6,3,True,102,15,1,0,accredited
cifar,alpha0p5,42,1,2,78,0.5769230723381042,0,3,3,True,272,39,1,1,below_threshold
cifar,alpha0p5,42,1,3,10,0.0,0,3,3,True,35,5,1,1,below_threshold
cifar,alpha0p5,42,1,4,15,0.0666666701436042,0,2,3,True,53,8,1,1,below_threshold
cifar,alpha0p5,42,1,5,71,0.6197183132171631,0,4,3,True,251,36,1,1,below_threshold
cifar,alpha0p5,42,1,6,187,0.9197860956192015,1,4,3,True,656,94,1,0,accredited
cifar,alpha0p5,42,1,7,459,0.9368191957473756,1,2,3,True,1609,230,1,0,accredited
cifar,alpha0p5,42,1,8,3,0.6666666865348816,0,4,3,True,9,1,1,1,below_threshold
cifar,alpha0p5,42,1,9,7,0.5714285969734192,0,7,3,True,25,3,1,1,below_threshold
cifar,alpha0p5,42,2,0,1,0.0,0,5,5,True,3,0,1,1,below_threshold
cifar,alpha0p5,42,2,1,357,0.935574233531952,1,6,5,True,1251,179,1,0,accredited
cifar,alpha0p5,42,2,2,258,0.9031007885932922,1,3,5,True,903,129,1,0,accredited
cifar,alpha0p5,42,2,3,268,0.7089552283287048,1,3,5,True,937,134,1,0,accredited
cifar,alpha0p5,42,2,4,123,0.5934959053993225,0,2,5,True,431,61,1,1,below_threshold
cifar,alpha0p5,42,2,5,96,0.3958333432674408,0,4,5,True,336,48,1,1,below_threshold
cifar,alpha0p5,42,2,6,9,0.1111111119389534,0,4,5,True,32,5,1,1,below_threshold
cifar,alpha0p5,42,2,7,51,0.6078431606292725,0,2,5,True,181,26,1,1,below_threshold
cifar,alpha0p5,42,2,8,95,0.8526315689086914,1,4,5,True,333,47,1,0,accredited
cifar,alpha0p5,42,2,9,55,0.8181818127632141,1,7,5,True,195,28,1,0,accredited
cifar,alpha0p5,42,3,0,34,0.8235294222831726,1,5,3,True,119,17,1,0,accredited
cifar,alpha0p5,42,3,1,48,0.7708333134651184,1,6,3,True,167,24,1,0,accredited
cifar,alpha0p5,42,3,2,41,0.2926829159259796,0,3,3,True,144,20,1,1,below_threshold
cifar,alpha0p5,42,3,3,22,0.0,0,3,3,True,79,11,1,1,below_threshold
cifar,alpha0p5,42,3,4,10,0.1000000014901161,0,2,3,True,37,5,1,1,below_threshold
cifar,alpha0p5,42,3,5,204,0.8676470518112183,1,4,3,True,715,102,1,0,accredited
cifar,alpha0p5,42,3,6,35,0.4000000059604645,0,4,3,True,123,17,1,1,below_threshold
cifar,alpha0p5,42,3,7,29,0.3448275923728943,0,2,3,True,103,15,1,1,below_threshold
cifar,alpha0p5,42,3,8,0,0.0,0,4,3,False,2,0,1,1,no_expertise_observations
cifar,alpha0p5,42,3,9,3,0.0,0,7,3,True,10,1,1,1,below_threshold
cifar,alpha0p5,42,4,0,198,0.7828282713890076,1,5,5,True,693,99,1,0,accredited
cifar,alpha0p5,42,4,1,11,0.2727272808551788,0,6,5,True,41,6,1,1,below_threshold
cifar,alpha0p5,42,4,2,22,0.1363636404275894,0,3,5,True,79,11,1,1,below_threshold
cifar,alpha0p5,42,4,3,7,0.0,0,3,5,True,25,3,1,1,below_threshold
cifar,alpha0p5,42,4,4,0,0.0,0,2,5,False,0,0,0,0,absent_in_train
cifar,alpha0p5,42,4,5,106,0.8113207817077637,1,4,5,True,371,53,1,0,accredited
cifar,alpha0p5,42,4,6,49,0.7755101919174194,1,4,5,True,172,25,1,0,accredited
cifar,alpha0p5,42,4,7,1,0.0,0,2,5,True,2,0,1,1,below_threshold
cifar,alpha0p5,42,4,8,172,0.9127907156944276,1,4,5,True,603,86,1,0,accredited
cifar,alpha0p5,42,4,9,151,0.9470198750495912,1,7,5,True,529,76,1,0,accredited
cifar,alpha0p5,42,5,0,267,0.9550561904907228,1,5,4,True,937,134,1,0,accredited
cifar,alpha0p5,42,5,1,46,0.6304348111152649,0,6,4,True,161,23,1,1,below_threshold
cifar,alpha0p5,42,5,2,34,0.2647058963775635,0,3,4,True,119,17,1,1,below_threshold
cifar,alpha0p5,42,5,3,11,0.0,0,3,4,True,37,5,1,1,below_threshold
cifar,alpha0p5,42,5,4,28,0.2142857164144516,0,2,4,True,98,14,1,1,below_threshold
cifar,alpha0p5,42,5,5,155,0.8129032254219055,1,4,4,True,545,78,1,0,accredited
cifar,alpha0p5,42,5,6,319,0.9341692924499512,1,4,4,True,1117,159,1,0,accredited
cifar,alpha0p5,42,5,7,0,0.0,0,2,4,False,2,0,1,1,no_expertise_observations
cifar,alpha0p5,42,5,8,0,0.0,0,4,4,False,0,0,0,0,absent_in_train
cifar,alpha0p5,42,5,9,109,0.8715596199035645,1,7,4,True,382,54,1,0,accredited
cifar,alpha0p5,42,6,0,125,0.7919999957084656,1,5,4,True,440,63,1,0,accredited
cifar,alpha0p5,42,6,1,9,0.2222222238779068,0,6,4,True,30,4,1,1,below_threshold
cifar,alpha0p5,42,6,2,80,0.75,1,3,4,True,279,40,1,0,accredited
cifar,alpha0p5,42,6,3,23,0.0,0,3,4,True,82,12,1,1,below_threshold
cifar,alpha0p5,42,6,4,13,0.0,0,2,4,True,45,6,1,1,below_threshold
cifar,alpha0p5,42,6,5,10,0.0,0,4,4,True,35,5,1,1,below_threshold
cifar,alpha0p5,42,6,6,5,0.2000000029802322,0,4,4,True,19,3,1,1,below_threshold
cifar,alpha0p5,42,6,7,128,0.890625,1,2,4,True,447,64,1,0,accredited
cifar,alpha0p5,42,6,8,0,0.0,0,4,4,False,1,0,1,1,no_expertise_observations
cifar,alpha0p5,42,6,9,92,0.945652186870575,1,7,4,True,322,46,1,0,accredited
cifar,alpha0p5,42,7,0,79,0.6455696225166321,0,5,5,True,275,39,1,1,below_threshold
cifar,alpha0p5,42,7,1,48,0.8125,1,6,5,True,167,24,1,0,accredited
cifar,alpha0p5,42,7,2,75,0.6000000238418579,0,3,5,True,261,37,1,1,below_threshold
cifar,alpha0p5,42,7,3,19,0.0,0,3,5,True,68,10,1,1,below_threshold
cifar,alpha0p5,42,7,4,44,0.5227272510528564,0,2,5,True,155,22,1,1,below_threshold
cifar,alpha0p5,42,7,5,127,0.7795275449752808,1,4,5,True,443,63,1,0,accredited
cifar,alpha0p5,42,7,6,154,0.798701286315918,1,4,5,True,538,77,1,0,accredited
cifar,alpha0p5,42,7,7,55,0.6909090876579285,0,2,5,True,192,27,1,1,below_threshold
cifar,alpha0p5,42,7,8,57,0.7543859481811523,1,4,5,True,198,28,1,0,accredited
cifar,alpha0p5,42,7,9,78,0.7692307829856873,1,7,5,True,273,39,1,0,accredited
cifar,alpha0p5,42,8,0,11,0.0,0,5,1,True,41,6,1,1,below_threshold
cifar,alpha0p5,42,8,1,1,0.0,0,6,1,True,3,0,1,1,below_threshold
cifar,alpha0p5,42,8,2,43,0.1627907007932663,0,3,1,True,151,22,1,1,below_threshold
cifar,alpha0p5,42,8,3,335,0.9462686777114868,1,3,1,True,1172,167,1,0,accredited
cifar,alpha0p5,42,8,4,46,0.4130434691905975,0,2,1,True,163,23,1,1,below_threshold
cifar,alpha0p5,42,8,5,0,0.0,0,4,1,False,1,0,1,1,no_expertise_observations
cifar,alpha0p5,42,8,6,17,0.0588235296308994,0,4,1,True,60,9,1,1,below_threshold
cifar,alpha0p5,42,8,7,23,0.1739130467176437,0,2,1,True,82,12,1,1,below_threshold
cifar,alpha0p5,42,8,8,19,0.4210526347160339,0,4,1,True,67,10,1,1,below_threshold
cifar,alpha0p5,42,8,9,23,0.6521739363670349,0,7,1,True,79,11,1,1,below_threshold
cifar,alpha0p5,42,9,0,2,0.0,0,5,5,True,8,1,1,1,below_threshold
cifar,alpha0p5,42,9,1,215,0.8558139801025391,1,6,5,True,754,108,1,0,accredited
cifar,alpha0p5,42,9,2,131,0.7251908183097839,1,3,5,True,461,66,1,0,accredited
cifar,alpha0p5,42,9,3,12,0.0,0,3,5,True,43,6,1,1,below_threshold
cifar,alpha0p5,42,9,4,128,0.7578125,1,2,5,True,449,64,1,0,accredited
cifar,alpha0p5,42,9,5,23,0.3913043439388275,0,4,5,True,82,12,1,1,below_threshold
cifar,alpha0p5,42,9,6,11,0.0,0,4,5,True,40,6,1,1,below_threshold
cifar,alpha0p5,42,9,7,4,0.0,0,2,5,True,14,2,1,1,below_threshold
cifar,alpha0p5,42,9,8,449,0.9398663640022278,1,4,5,True,1573,225,1,0,accredited
cifar,alpha0p5,42,9,9,141,0.8510638475418091,1,7,5,True,494,71,1,0,accredited
cifar,alpha0p5,43,0,0,452,0.8628318309783936,1,4,6,True,1584,226,1,0,accredited
cifar,alpha0p5,43,0,1,75,0.8399999737739563,1,4,6,True,261,37,1,0,accredited
cifar,alpha0p5,43,0,2,44,0.3409090936183929,0,3,6,True,156,22,1,1,below_threshold
cifar,alpha0p5,43,0,3,82,0.6951219439506531,0,4,6,True,286,41,1,1,below_threshold
cifar,alpha0p5,43,0,4,36,0.4722222089767456,0,2,6,True,126,18,1,1,below_threshold
cifar,alpha0p5,43,0,5,0,0.0,0,3,6,False,2,0,1,1,no_expertise_observations
cifar,alpha0p5,43,0,6,191,0.9057591557502748,1,3,6,True,669,96,1,0,accredited
cifar,alpha0p5,43,0,7,29,0.7931034564971924,1,3,6,True,101,14,1,0,accredited
cifar,alpha0p5,43,0,8,65,0.8153846263885498,1,6,6,True,229,33,1,0,accredited
cifar,alpha0p5,43,0,9,345,0.9420289993286132,1,4,6,True,1207,172,1,0,accredited
cifar,alpha0p5,43,1,0,1,0.0,0,4,3,True,6,1,1,1,below_threshold
cifar,alpha0p5,43,1,1,75,0.6399999856948853,0,4,3,True,262,37,1,1,below_threshold
cifar,alpha0p5,43,1,2,52,0.75,1,3,3,True,182,26,1,0,accredited
cifar,alpha0p5,43,1,3,1,0.0,0,4,3,True,4,1,1,1,below_threshold
cifar,alpha0p5,43,1,4,21,0.190476194024086,0,2,3,True,74,11,1,1,below_threshold
cifar,alpha0p5,43,1,5,0,0.0,0,3,3,False,0,0,0,0,absent_in_train
cifar,alpha0p5,43,1,6,351,0.8860399127006531,1,3,3,True,1231,176,1,0,accredited
cifar,alpha0p5,43,1,7,1,0.0,0,3,3,True,4,1,1,1,below_threshold
cifar,alpha0p5,43,1,8,25,0.6399999856948853,0,6,3,True,88,12,1,1,below_threshold
cifar,alpha0p5,43,1,9,117,0.9572649598121644,1,4,3,True,410,59,1,0,accredited
cifar,alpha0p5,43,2,0,0,0.0,0,4,3,False,2,0,1,1,no_expertise_observations
cifar,alpha0p5,43,2,1,4,0.25,0,4,3,True,13,2,1,1,below_threshold
cifar,alpha0p5,43,2,2,20,0.050000000745058,0,3,3,True,71,10,1,1,below_threshold
cifar,alpha0p5,43,2,3,134,0.2761194109916687,0,4,3,True,468,67,1,1,below_threshold
cifar,alpha0p5,43,2,4,354,0.8841807842254639,1,2,3,True,1241,177,1,0,accredited
cifar,alpha0p5,43,2,5,278,0.8093525171279907,1,3,3,True,974,139,1,0,accredited
cifar,alpha0p5,43,2,6,27,0.3703703582286834,0,3,3,True,93,13,1,1,below_threshold
cifar,alpha0p5,43,2,7,163,0.4846625626087188,0,3,3,True,573,82,1,1,below_threshold
cifar,alpha0p5,43,2,8,67,0.9104477763175964,1,6,3,True,234,33,1,0,accredited
cifar,alpha0p5,43,2,9,18,0.3888888955116272,0,4,3,True,62,9,1,1,below_threshold
cifar,alpha0p5,43,3,0,7,0.0,0,4,4,True,25,3,1,1,below_threshold
cifar,alpha0p5,43,3,1,3,0.3333333432674408,0,4,4,True,13,2,1,1,below_threshold
cifar,alpha0p5,43,3,2,409,0.9388753175735474,1,3,4,True,1430,204,1,0,accredited
cifar,alpha0p5,43,3,3,90,0.2222222238779068,0,4,4,True,316,45,1,1,below_threshold
cifar,alpha0p5,43,3,4,6,0.0,0,2,4,True,22,3,1,1,below_threshold
cifar,alpha0p5,43,3,5,83,0.7951807379722595,1,3,4,True,291,42,1,0,accredited
cifar,alpha0p5,43,3,6,4,0.25,0,3,4,True,16,2,1,1,below_threshold
cifar,alpha0p5,43,3,7,53,0.5471698045730591,0,3,4,True,184,26,1,1,below_threshold
cifar,alpha0p5,43,3,8,117,0.9145299196243286,1,6,4,True,411,59,1,0,accredited
cifar,alpha0p5,43,3,9,59,0.8135592937469482,1,4,4,True,206,29,1,0,accredited
cifar,alpha0p5,43,4,0,34,0.911764681339264,1,4,3,True,121,17,1,0,accredited
cifar,alpha0p5,43,4,1,10,0.2000000029802322,0,4,3,True,35,5,1,1,below_threshold
cifar,alpha0p5,43,4,2,38,0.1052631586790084,0,3,3,True,134,19,1,1,below_threshold
cifar,alpha0p5,43,4,3,223,0.7174887657165527,1,4,3,True,783,112,1,0,accredited
cifar,alpha0p5,43,4,4,189,0.761904776096344,1,2,3,True,661,94,1,0,accredited
cifar,alpha0p5,43,4,5,118,0.4322033822536468,0,3,3,True,412,59,1,1,below_threshold
cifar,alpha0p5,43,4,6,20,0.1500000059604644,0,3,3,True,69,10,1,1,below_threshold
cifar,alpha0p5,43,4,7,7,0.0,0,3,3,True,26,4,1,1,below_threshold
cifar,alpha0p5,43,4,8,34,0.5,0,6,3,True,119,17,1,1,below_threshold
cifar,alpha0p5,43,4,9,3,0.0,0,4,3,True,11,2,1,1,below_threshold
cifar,alpha0p5,43,5,0,157,0.808917224407196,1,4,4,True,550,79,1,0,accredited
cifar,alpha0p5,43,5,1,111,0.8738738894462585,1,4,4,True,389,55,1,0,accredited
cifar,alpha0p5,43,5,2,92,0.5,0,3,4,True,323,46,1,1,below_threshold
cifar,alpha0p5,43,5,3,0,0.0,0,4,4,False,0,0,0,0,absent_in_train
cifar,alpha0p5,43,5,4,65,0.4153846204280853,0,2,4,True,228,33,1,1,below_threshold
cifar,alpha0p5,43,5,5,89,0.617977499961853,0,3,4,True,312,44,1,1,below_threshold
cifar,alpha0p5,43,5,6,138,0.7971014380455017,1,3,4,True,484,69,1,0,accredited
cifar,alpha0p5,43,5,7,268,0.9477611780166626,1,3,4,True,938,134,1,0,accredited
cifar,alpha0p5,43,5,8,0,0.0,0,6,4,False,1,0,1,1,no_expertise_observations
cifar,alpha0p5,43,5,9,0,0.0,0,4,4,False,1,0,1,1,no_expertise_observations
cifar,alpha0p5,43,6,0,18,0.1111111119389534,0,4,3,True,62,9,1,1,below_threshold
cifar,alpha0p5,43,6,1,349,0.9598853588104248,1,4,3,True,1224,175,1,0,accredited
cifar,alpha0p5,43,6,2,12,0.0,0,3,3,True,43,6,1,1,below_threshold
cifar,alpha0p5,43,6,3,0,0.0,0,4,3,False,1,0,1,1,no_expertise_observations
cifar,alpha0p5,43,6,4,47,0.5319148898124695,0,2,3,True,165,24,1,1,below_threshold
cifar,alpha0p5,43,6,5,182,0.9395604133605956,1,3,3,True,637,91,1,0,accredited
cifar,alpha0p5,43,6,6,50,0.5199999809265137,0,3,3,True,176,25,1,1,below_threshold
cifar,alpha0p5,43,6,7,105,0.5523809790611267,0,3,3,True,367,52,1,1,below_threshold
cifar,alpha0p5,43,6,8,76,0.9342105388641356,1,6,3,True,266,38,1,0,accredited
cifar,alpha0p5,43,6,9,17,0.3529411852359772,0,4,3,True,59,8,1,1,below_threshold
cifar,alpha0p5,43,7,0,102,0.7156862616539001,1,4,5,True,356,51,1,0,accredited
cifar,alpha0p5,43,7,1,8,0.0,0,4,5,True,27,4,1,1,below_threshold
cifar,alpha0p5,43,7,2,115,0.747826099395752,1,3,5,True,405,58,1,0,accredited
cifar,alpha0p5,43,7,3,89,0.7303370833396912,1,4,5,True,310,44,1,0,accredited
cifar,alpha0p5,43,7,4,55,0.4000000059604645,0,2,5,True,193,28,1,1,below_threshold
cifar,alpha0p5,43,7,5,17,0.0,0,3,5,True,60,8,1,1,below_threshold
cifar,alpha0p5,43,7,6,11,0.1818181872367859,0,3,5,True,39,6,1,1,below_threshold
cifar,alpha0p5,43,7,7,141,0.9219858050346376,1,3,5,True,496,71,1,0,accredited
cifar,alpha0p5,43,7,8,6,0.1666666716337204,0,6,5,True,20,3,1,1,below_threshold
cifar,alpha0p5,43,7,9,213,0.9436619877815248,1,4,5,True,746,107,1,0,accredited
cifar,alpha0p5,43,8,0,1,0.0,0,4,3,True,5,1,1,1,below_threshold
cifar,alpha0p5,43,8,1,113,0.9292035102844238,1,4,3,True,396,57,1,0,accredited
cifar,alpha0p5,43,8,2,5,0.2000000029802322,0,3,3,True,20,3,1,1,below_threshold
cifar,alpha0p5,43,8,3,61,0.8852459192276001,1,4,3,True,216,31,1,0,accredited
cifar,alpha0p5,43,8,4,13,0.3076923191547394,0,2,3,True,45,6,1,1,below_threshold
cifar,alpha0p5,43,8,5,12,0.5,0,3,3,True,41,6,1,1,below_threshold
cifar,alpha0p5,43,8,6,1,0.0,0,3,3,True,2,0,1,1,below_threshold
cifar,alpha0p5,43,8,7,12,0.25,0,3,3,True,41,6,1,1,below_threshold
cifar,alpha0p5,43,8,8,99,0.8888888955116272,1,6,3,True,348,50,1,0,accredited
cifar,alpha0p5,43,8,9,21,0.3333333432674408,0,4,3,True,75,11,1,1,below_threshold
cifar,alpha0p5,43,9,0,26,0.0384615398943424,0,4,2,True,91,13,1,1,below_threshold
cifar,alpha0p5,43,9,1,51,0.6078431606292725,0,4,2,True,181,26,1,1,below_threshold
cifar,alpha0p5,43,9,2,11,0.0909090936183929,0,3,2,True,39,5,1,1,below_threshold
cifar,alpha0p5,43,9,3,119,0.8151260614395142,1,4,2,True,417,59,1,0,accredited
cifar,alpha0p5,43,9,4,13,0.1538461595773697,0,2,2,True,46,6,1,1,below_threshold
cifar,alpha0p5,43,9,5,21,0.0,0,3,2,True,72,10,1,1,below_threshold
cifar,alpha0p5,43,9,6,6,0.0,0,3,2,True,22,3,1,1,below_threshold
cifar,alpha0p5,43,9,7,20,0.3499999940395355,0,3,2,True,71,10,1,1,below_threshold
cifar,alpha0p5,43,9,8,310,0.9225806593894958,1,6,2,True,1085,155,1,0,accredited
cifar,alpha0p5,43,9,9,7,0.4285714328289032,0,4,2,True,23,3,1,1,below_threshold
cifar,alpha0p5,44,0,0,226,0.8451327681541443,1,4,5,True,792,113,1,0,accredited
cifar,alpha0p5,44,0,1,91,0.8351648449897766,1,5,5,True,320,46,1,0,accredited
cifar,alpha0p5,44,0,2,51,0.5490196347236633,0,2,5,True,179,25,1,1,below_threshold
cifar,alpha0p5,44,0,3,33,0.4242424368858337,0,2,5,True,116,17,1,1,below_threshold
cifar,alpha0p5,44,0,4,88,0.7386363744735718,1,3,5,True,310,44,1,0,accredited
cifar,alpha0p5,44,0,5,5,0.2000000029802322,0,2,5,True,20,3,1,1,below_threshold
cifar,alpha0p5,44,0,6,115,0.8695651888847351,1,4,5,True,403,57,1,0,accredited
cifar,alpha0p5,44,0,7,24,0.1666666716337204,0,5,5,True,85,12,1,1,below_threshold
cifar,alpha0p5,44,0,8,1,0.0,0,6,5,True,2,0,1,1,below_threshold
cifar,alpha0p5,44,0,9,256,0.921875,1,7,5,True,896,128,1,0,accredited
cifar,alpha0p5,44,1,0,1,0.0,0,4,5,True,6,1,1,1,below_threshold
cifar,alpha0p5,44,1,1,32,0.46875,0,5,5,True,111,16,1,1,below_threshold
cifar,alpha0p5,44,1,2,11,0.0,0,2,5,True,38,5,1,1,below_threshold
cifar,alpha0p5,44,1,3,23,0.2173912972211837,0,2,5,True,82,12,1,1,below_threshold
cifar,alpha0p5,44,1,4,451,0.9401330351829528,1,3,5,True,1577,225,1,0,accredited
cifar,alpha0p5,44,1,5,241,0.7593361139297485,1,2,5,True,844,120,1,0,accredited
cifar,alpha0p5,44,1,6,180,0.6944444179534912,0,4,5,True,631,90,1,1,below_threshold
cifar,alpha0p5,44,1,7,117,0.9059829115867616,1,5,5,True,410,58,1,0,accredited
cifar,alpha0p5,44,1,8,119,0.8907563090324402,1,6,5,True,419,60,1,0,accredited
cifar,alpha0p5,44,1,9,77,0.8831169009208679,1,7,5,True,269,38,1,0,accredited
cifar,alpha0p5,44,2,0,20,0.3499999940395355,0,4,2,True,71,10,1,1,below_threshold
cifar,alpha0p5,44,2,1,3,0.0,0,5,2,True,10,1,1,1,below_threshold
cifar,alpha0p5,44,2,2,0,0.0,0,2,2,False,0,0,0,0,absent_in_train
cifar,alpha0p5,44,2,3,2,0.0,0,2,2,True,8,1,1,1,below_threshold
cifar,alpha0p5,44,2,4,25,0.4399999976158142,0,3,2,True,88,12,1,1,below_threshold
cifar,alpha0p5,44,2,5,100,0.8399999737739563,1,2,2,True,350,50,1,0,accredited
cifar,alpha0p5,44,2,6,1,0.0,0,4,2,True,6,1,1,1,below_threshold
cifar,alpha0p5,44,2,7,4,0.0,0,5,2,True,15,2,1,1,below_threshold
cifar,alpha0p5,44,2,8,200,0.9700000286102296,1,6,2,True,701,100,1,0,accredited
cifar,alpha0p5,44,2,9,0,0.0,0,7,2,False,0,0,0,0,absent_in_train
cifar,alpha0p5,44,3,0,19,0.5263158082962036,0,4,5,True,68,10,1,1,below_threshold
cifar,alpha0p5,44,3,1,306,0.9379084706306458,1,5,5,True,1073,153,1,0,accredited
cifar,alpha0p5,44,3,2,5,0.0,0,2,5,True,18,3,1,1,below_threshold
cifar,alpha0p5,44,3,3,355,0.97183096408844,1,2,5,True,1243,178,1,0,accredited
cifar,alpha0p5,44,3,4,2,0.0,0,3,5,True,7,1,1,1,below_threshold
cifar,alpha0p5,44,3,5,0,0.0,0,2,5,False,0,0,0,0,absent_in_train
cifar,alpha0p5,44,3,6,75,0.6133333444595337,0,4,5,True,265,38,1,1,below_threshold
cifar,alpha0p5,44,3,7,148,0.8040540814399719,1,5,5,True,520,74,1,0,accredited
cifar,alpha0p5,44,3,8,58,0.8448275923728943,1,6,5,True,203,29,1,0,accredited
cifar,alpha0p5,44,3,9,167,0.826347291469574,1,7,5,True,587,84,1,0,accredited
cifar,alpha0p5,44,4,0,2,0.0,0,4,3,True,6,1,1,1,below_threshold
cifar,alpha0p5,44,4,1,204,0.813725471496582,1,5,3,True,713,102,1,0,accredited
cifar,alpha0p5,44,4,2,0,0.0,0,2,3,False,0,0,0,0,absent_in_train
cifar,alpha0p5,44,4,3,0,0.0,0,2,3,False,0,0,0,0,absent_in_train
cifar,alpha0p5,44,4,4,127,0.9842519760131836,1,3,3,True,446,64,1,0,accredited
cifar,alpha0p5,44,4,5,14,0.3571428656578064,0,2,3,True,48,7,1,1,below_threshold
cifar,alpha0p5,44,4,6,1,0.0,0,4,3,True,4,1,1,1,below_threshold
cifar,alpha0p5,44,4,7,1,0.0,0,5,3,True,2,0,1,1,below_threshold
cifar,alpha0p5,44,4,8,25,0.5199999809265137,0,6,3,True,90,13,1,1,below_threshold
cifar,alpha0p5,44,4,9,80,0.762499988079071,1,7,3,True,282,40,1,0,accredited
cifar,alpha0p5,44,5,0,17,0.3529411852359772,0,4,5,True,60,9,1,1,below_threshold
cifar,alpha0p5,44,5,1,84,0.7857142686843872,1,5,5,True,294,42,1,0,accredited
cifar,alpha0p5,44,5,2,5,0.0,0,2,5,True,19,3,1,1,below_threshold
cifar,alpha0p5,44,5,3,266,0.8796992301940918,1,2,5,True,930,133,1,0,accredited
cifar,alpha0p5,44,5,4,27,0.4074074029922485,0,3,5,True,97,14,1,1,below_threshold
cifar,alpha0p5,44,5,5,3,0.0,0,2,5,True,12,2,1,1,below_threshold
cifar,alpha0p5,44,5,6,176,0.7954545617103577,1,4,5,True,617,88,1,0,accredited
cifar,alpha0p5,44,5,7,0,0.0,0,5,5,False,1,0,1,1,no_expertise_observations
cifar,alpha0p5,44,5,8,118,0.9491525292396544,1,6,5,True,412,59,1,0,accredited
cifar,alpha0p5,44,5,9,85,0.7882353067398071,1,7,5,True,296,42,1,0,accredited
cifar,alpha0p5,44,6,0,323,0.8885449171066284,1,4,4,True,1130,161,1,0,accredited
cifar,alpha0p5,44,6,1,9,0.1111111119389534,0,5,4,True,32,4,1,1,below_threshold
cifar,alpha0p5,44,6,2,210,0.7714285850524902,1,2,4,True,737,105,1,0,accredited
cifar,alpha0p5,44,6,3,7,0.2857142984867096,0,2,4,True,24,3,1,1,below_threshold
cifar,alpha0p5,44,6,4,10,0.3000000119209289,0,3,4,True,37,5,1,1,below_threshold
cifar,alpha0p5,44,6,5,20,0.6000000238418579,0,2,4,True,72,10,1,1,below_threshold
cifar,alpha0p5,44,6,6,5,0.2000000029802322,0,4,4,True,18,2,1,1,below_threshold
cifar,alpha0p5,44,6,7,57,0.8421052694320679,1,5,4,True,198,28,1,0,accredited
cifar,alpha0p5,44,6,8,127,0.8031495809555054,1,6,4,True,445,63,1,0,accredited
cifar,alpha0p5,44,6,9,12,0.4166666567325592,0,7,4,True,44,6,1,1,below_threshold
cifar,alpha0p5,44,7,0,1,0.0,0,4,4,True,2,0,1,1,below_threshold
cifar,alpha0p5,44,7,1,62,0.7419354915618896,1,5,4,True,217,31,1,0,accredited
cifar,alpha0p5,44,7,2,0,0.0,0,2,4,False,0,0,0,0,absent_in_train
cifar,alpha0p5,44,7,3,3,0.0,0,2,4,True,9,1,1,1,below_threshold
cifar,alpha0p5,44,7,4,9,0.0,0,3,4,True,33,5,1,1,below_threshold
cifar,alpha0p5,44,7,5,39,0.3076923191547394,0,2,4,True,137,20,1,1,below_threshold
cifar,alpha0p5,44,7,6,44,0.8409090638160706,1,4,4,True,154,22,1,0,accredited
cifar,alpha0p5,44,7,7,229,0.960698664188385,1,5,4,True,804,115,1,0,accredited
cifar,alpha0p5,44,7,8,43,0.5813953280448914,0,6,4,True,151,22,1,1,below_threshold
cifar,alpha0p5,44,7,9,70,0.800000011920929,1,7,4,True,247,35,1,0,accredited
cifar,alpha0p5,44,8,0,77,0.7532467246055603,1,4,5,True,270,38,1,0,accredited
cifar,alpha0p5,44,8,1,4,0.25,0,5,5,True,16,2,1,1,below_threshold
cifar,alpha0p5,44,8,2,67,0.5970149040222168,0,2,5,True,236,34,1,1,below_threshold
cifar,alpha0p5,44,8,3,45,0.3555555641651153,0,2,5,True,157,22,1,1,below_threshold
cifar,alpha0p5,44,8,4,59,0.4237288236618042,0,3,5,True,207,29,1,1,below_threshold
cifar,alpha0p5,44,8,5,220,0.699999988079071,0,2,5,True,770,110,1,1,below_threshold
cifar,alpha0p5,44,8,6,131,0.8015267252922058,1,4,5,True,460,66,1,0,accredited
cifar,alpha0p5,44,8,7,218,0.8302752375602722,1,5,5,True,765,109,1,0,accredited
cifar,alpha0p5,44,8,8,107,0.9065420627593994,1,6,5,True,375,53,1,0,accredited
cifar,alpha0p5,44,8,9,44,0.7954545617103577,1,7,5,True,154,22,1,0,accredited
cifar,alpha0p5,44,9,0,113,0.7256637215614319,1,4,2,True,396,57,1,0,accredited
cifar,alpha0p5,44,9,1,4,0.0,0,5,2,True,16,2,1,1,below_threshold
cifar,alpha0p5,44,9,2,450,0.902222216129303,1,2,2,True,1574,225,1,0,accredited
cifar,alpha0p5,44,9,3,66,0.2272727340459823,0,2,2,True,231,33,1,1,below_threshold
cifar,alpha0p5,44,9,4,0,0.0,0,3,2,False,1,0,1,1,no_expertise_observations
cifar,alpha0p5,44,9,5,157,0.6050955653190613,0,2,2,True,548,78,1,1,below_threshold
cifar,alpha0p5,44,9,6,70,0.699999988079071,0,4,2,True,244,35,1,1,below_threshold
cifar,alpha0p5,44,9,7,1,0.0,0,5,2,True,3,0,1,1,below_threshold
cifar,alpha0p5,44,9,8,1,0.0,0,6,2,True,4,0,1,1,below_threshold
cifar,alpha0p5,44,9,9,8,0.5,0,7,2,True,27,4,1,1,below_threshold
cifar,alpha0p1,42,0,0,41,0.9024389982223512,1,4,1,True,143,20,1,0,accredited
cifar,alpha0p1,42,0,1,3,0.0,0,3,1,True,12,2,1,1,below_threshold
cifar,alpha0p1,42,0,2,0,0.0,0,1,1,False,2,0,1,1,no_expertise_observations
cifar,alpha0p1,42,0,3,59,0.5762711763381958,0,2,1,True,208,30,1,1,below_threshold
cifar,alpha0p1,42,0,4,35,0.6285714507102966,0,3,1,True,121,17,1,1,below_threshold
cifar,alpha0p1,42,0,5,0,0.0,0,2,1,False,0,0,0,0,absent_in_train
cifar,alpha0p1,42,0,6,0,0.0,0,3,1,False,0,0,0,0,absent_in_train
cifar,alpha0p1,42,0,7,9,0.0,0,1,1,True,32,4,1,1,below_threshold
cifar,alpha0p1,42,0,8,0,0.0,0,3,1,False,0,0,0,0,absent_in_train
cifar,alpha0p1,42,0,9,0,0.0,0,2,1,False,0,0,0,0,absent_in_train
cifar,alpha0p1,42,1,0,0,0.0,0,4,2,False,0,0,0,0,absent_in_train
cifar,alpha0p1,42,1,1,8,0.375,0,3,2,True,30,4,1,1,below_threshold
cifar,alpha0p1,42,1,2,17,0.0,0,1,2,True,62,9,1,1,below_threshold
cifar,alpha0p1,42,1,3,2,0.0,0,2,2,True,6,1,1,1,below_threshold
cifar,alpha0p1,42,1,4,0,0.0,0,3,2,False,0,0,0,0,absent_in_train
cifar,alpha0p1,42,1,5,51,0.8627451062202454,1,2,2,True,179,25,1,0,accredited
cifar,alpha0p1,42,1,6,199,0.9497487545013428,1,3,2,True,696,99,1,0,accredited
cifar,alpha0p1,42,1,7,12,0.0833333358168602,0,1,2,True,44,6,1,1,below_threshold
cifar,alpha0p1,42,1,8,0,0.0,0,3,2,False,0,0,0,0,absent_in_train
cifar,alpha0p1,42,1,9,1,0.0,0,2,2,True,2,0,1,1,below_threshold
cifar,alpha0p1,42,2,0,0,0.0,0,4,1,False,0,0,0,0,absent_in_train
cifar,alpha0p1,42,2,1,0,0.0,0,3,1,False,0,0,0,0,absent_in_train
cifar,alpha0p1,42,2,2,731,0.9931600689888,1,1,1,True,2559,366,1,0,accredited
cifar,alpha0p1,42,2,3,0,0.0,0,2,1,False,0,0,0,0,absent_in_train
cifar,alpha0p1,42,2,4,0,0.0,0,3,1,False,0,0,0,0,absent_in_train
cifar,alpha0p1,42,2,5,0,0.0,0,2,1,False,0,0,0,0,absent_in_train
cifar,alpha0p1,42,2,6,0,0.0,0,3,1,False,0,0,0,0,absent_in_train
cifar,alpha0p1,42,2,7,1,0.0,0,1,1,True,2,0,1,1,below_threshold
cifar,alpha0p1,42,2,8,44,0.6590909361839294,0,3,1,True,154,22,1,1,below_threshold
cifar,alpha0p1,42,2,9,0,0.0,0,2,1,False,0,0,0,0,absent_in_train
cifar,alpha0p1,42,3,0,1,0.0,0,4,3,True,3,0,1,1,below_threshold
cifar,alpha0p1,42,3,1,26,0.8846153616905212,1,3,3,True,90,13,1,0,accredited
cifar,alpha0p1,42,3,2,1,0.0,0,1,3,True,2,0,1,1,below_threshold
cifar,alpha0p1,42,3,3,312,0.7147436141967773,1,2,3,True,1094,156,1,0,accredited
cifar,alpha0p1,42,3,4,0,0.0,0,3,3,False,0,0,0,0,absent_in_train
cifar,alpha0p1,42,3,5,742,0.8814015984535217,1,2,3,True,2596,371,1,0,accredited
cifar,alpha0p1,42,3,6,1,0.0,0,3,3,True,2,0,1,1,below_threshold
cifar,alpha0p1,42,3,7,0,0.0,0,1,3,False,0,0,0,0,absent_in_train
cifar,alpha0p1,42,3,8,0,0.0,0,3,3,False,0,0,0,0,absent_in_train
cifar,alpha0p1,42,3,9,66,0.5757575631141663,0,2,3,True,232,33,1,1,below_threshold
cifar,alpha0p1,42,4,0,515,0.8893203735351562,1,4,5,True,1804,258,1,0,accredited
cifar,alpha0p1,42,4,1,0,0.0,0,3,5,False,0,0,0,0,absent_in_train
cifar,alpha0p1,42,4,2,15,0.0666666701436042,0,1,5,True,52,7,1,1,below_threshold
cifar,alpha0p1,42,4,3,426,0.8779342770576477,1,2,5,True,1493,213,1,0,accredited
cifar,alpha0p1,42,4,4,329,0.8419452905654907,1,3,5,True,1153,165,1,0,accredited
cifar,alpha0p1,42,4,5,0,0.0,0,2,5,False,2,0,1,1,no_expertise_observations
cifar,alpha0p1,42,4,6,3,0.0,0,3,5,True,11,2,1,1,below_threshold
cifar,alpha0p1,42,4,7,0,0.0,0,1,5,False,0,0,0,0,absent_in_train
cifar,alpha0p1,42,4,8,590,0.9355932474136353,1,3,5,True,2064,295,1,0,accredited
cifar,alpha0p1,42,4,9,465,0.9569892287254332,1,2,5,True,1630,233,1,0,accredited
cifar,alpha0p1,42,5,0,173,0.7514451146125793,1,4,4,True,604,86,1,0,accredited
cifar,alpha0p1,42,5,1,0,0.0,0,3,4,False,0,0,0,0,absent_in_train
cifar,alpha0p1,42,5,2,0,0.0,0,1,4,False,0,0,0,0,absent_in_train
cifar,alpha0p1,42,5,3,0,0.0,0,2,4,False,0,0,0,0,absent_in_train
cifar,alpha0p1,42,5,4,1,0.0,0,3,4,True,5,1,1,1,below_threshold
cifar,alpha0p1,42,5,5,0,0.0,0,2,4,False,0,0,0,0,absent_in_train
cifar,alpha0p1,42,5,6,465,0.9634408354759216,1,3,4,True,1629,233,1,0,accredited
cifar,alpha0p1,42,5,7,761,0.9894875288009644,1,1,4,True,2664,380,1,0,accredited
cifar,alpha0p1,42,5,8,153,0.8888888955116272,1,3,4,True,535,76,1,0,accredited
cifar,alpha0p1,42,5,9,2,0.0,0,2,4,True,6,1,1,1,below_threshold
cifar,alpha0p1,42,6,0,38,0.8947368264198303,1,4,2,True,134,19,1,0,accredited
cifar,alpha0p1,42,6,1,23,0.6086956262588501,0,3,2,True,79,11,1,1,below_threshold
cifar,alpha0p1,42,6,2,0,0.0,0,1,2,False,1,0,1,1,no_expertise_observations
cifar,alpha0p1,42,6,3,0,0.0,0,2,2,False,0,0,0,0,absent_in_train
cifar,alpha0p1,42,6,4,29,0.8965517282485962,1,3,2,True,104,15,1,0,accredited
cifar,alpha0p1,42,6,5,0,0.0,0,2,2,False,0,0,0,0,absent_in_train
cifar,alpha0p1,42,6,6,0,0.0,0,3,2,False,0,0,0,0,absent_in_train
cifar,alpha0p1,42,6,7,17,0.529411792755127,0,1,2,True,59,8,1,1,below_threshold
cifar,alpha0p1,42,6,8,0,0.0,0,3,2,False,0,0,0,0,absent_in_train
cifar,alpha0p1,42,6,9,0,0.0,0,2,2,False,0,0,0,0,absent_in_train
cifar,alpha0p1,42,7,0,0,0.0,0,4,2,False,0,0,0,0,absent_in_train
cifar,alpha0p1,42,7,1,0,0.0,0,3,2,False,0,0,0,0,absent_in_train
cifar,alpha0p1,42,7,2,19,0.1052631586790084,0,1,2,True,69,10,1,1,below_threshold
cifar,alpha0p1,42,7,3,0,0.0,0,2,2,False,0,0,0,0,absent_in_train
cifar,alpha0p1,42,7,4,404,0.9727723002433776,1,3,2,True,1416,202,1,0,accredited
cifar,alpha0p1,42,7,5,7,0.0,0,2,2,True,24,3,1,1,below_threshold
cifar,alpha0p1,42,7,6,132,0.7424242496490479,1,3,2,True,462,66,1,0,accredited
cifar,alpha0p1,42,7,7,0,0.0,0,1,2,False,1,0,1,1,no_expertise_observations
cifar,alpha0p1,42,7,8,0,0.0,0,3,2,False,0,0,0,0,absent_in_train
cifar,alpha0p1,42,7,9,0,0.0,0,2,2,False,0,0,0,0,absent_in_train
cifar,alpha0p1,42,8,0,0,0.0,0,4,2,False,0,0,0,0,absent_in_train
cifar,alpha0p1,42,8,1,25,0.800000011920929,1,3,2,True,90,13,1,0,accredited
cifar,alpha0p1,42,8,2,15,0.6666666865348816,0,1,2,True,51,7,1,1,below_threshold
cifar,alpha0p1,42,8,3,0,0.0,0,2,2,False,0,0,0,0,absent_in_train
cifar,alpha0p1,42,8,4,0,0.0,0,3,2,False,0,0,0,0,absent_in_train
cifar,alpha0p1,42,8,5,0,0.0,0,2,2,False,0,0,0,0,absent_in_train
cifar,alpha0p1,42,8,6,0,0.0,0,3,2,False,0,0,0,0,absent_in_train
cifar,alpha0p1,42,8,7,0,0.0,0,1,2,False,0,0,0,0,absent_in_train
cifar,alpha0p1,42,8,8,13,0.7692307829856873,1,3,2,True,47,7,1,0,accredited
cifar,alpha0p1,42,8,9,0,0.0,0,2,2,False,0,0,0,0,absent_in_train
cifar,alpha0p1,42,9,0,32,0.625,0,4,2,True,113,16,1,1,below_threshold
cifar,alpha0p1,42,9,1,714,0.9327731132507324,1,3,2,True,2500,357,1,0,accredited
cifar,alpha0p1,42,9,2,1,0.0,0,1,2,True,4,0,1,1,below_threshold
cifar,alpha0p1,42,9,3,0,0.0,0,2,2,False,0,0,0,0,absent_in_train
cifar,alpha0p1,42,9,4,1,0.0,0,3,2,True,2,0,1,1,below_threshold
cifar,alpha0p1,42,9,5,0,0.0,0,2,2,False,0,0,0,0,absent_in_train
cifar,alpha0p1,42,9,6,0,0.0,0,3,2,False,0,0,0,0,absent_in_train
cifar,alpha0p1,42,9,7,0,0.0,0,1,2,False,0,0,0,0,absent_in_train
cifar,alpha0p1,42,9,8,0,0.0,0,3,2,False,0,0,0,0,absent_in_train
cifar,alpha0p1,42,9,9,266,0.7781955003738403,1,2,2,True,930,133,1,0,accredited
cifar,alpha0p1,43,0,0,680,0.9411764740943908,1,2,3,True,2380,340,1,0,accredited
cifar,alpha0p1,43,0,1,0,0.0,0,2,3,False,2,0,1,1,no_expertise_observations
cifar,alpha0p1,43,0,2,0,0.0,0,2,3,False,0,0,0,0,absent_in_train
cifar,alpha0p1,43,0,3,48,0.2291666716337204,0,1,3,True,168,24,1,1,below_threshold
cifar,alpha0p1,43,0,4,0,0.0,0,2,3,False,2,0,1,1,no_expertise_observations
cifar,alpha0p1,43,0,5,0,0.0,0,3,3,False,0,0,0,0,absent_in_train
cifar,alpha0p1,43,0,6,572,0.940559446811676,1,4,3,True,2001,286,1,0,accredited
cifar,alpha0p1,43,0,7,0,0.0,0,3,3,False,0,0,0,0,absent_in_train
cifar,alpha0p1,43,0,8,0,0.0,0,2,3,False,0,0,0,0,absent_in_train
cifar,alpha0p1,43,0,9,209,0.8899521827697754,1,3,3,True,731,104,1,0,accredited
cifar,alpha0p1,43,1,0,1,0.0,0,2,2,True,4,0,1,1,below_threshold
cifar,alpha0p1,43,1,1,0,0.0,0,2,2,False,2,0,1,1,no_expertise_observations
cifar,alpha0p1,43,1,2,4,0.0,0,2,2,True,14,2,1,1,below_threshold
cifar,alpha0p1,43,1,3,0,0.0,0,1,2,False,0,0,0,0,absent_in_train
cifar,alpha0p1,43,1,4,0,0.0,0,2,2,False,0,0,0,0,absent_in_train
cifar,alpha0p1,43,1,5,326,0.9325153231620787,1,3,2,True,1143,163,1,0,accredited
cifar,alpha0p1,43,1,6,52,0.7115384340286255,1,4,2,True,182,26,1,0,accredited
cifar,alpha0p1,43,1,7,67,0.5820895433425903,0,3,2,True,233,33,1,1,below_threshold
cifar,alpha0p1,43,1,8,0,0.0,0,2,2,False,0,0,0,0,absent_in_train
cifar,alpha0p1,43,1,9,3,0.3333333432674408,0,3,2,True,13,2,1,1,below_threshold
cifar,alpha0p1,43,2,0,0,0.0,0,2,4,False,0,0,0,0,absent_in_train
cifar,alpha0p1,43,2,1,743,0.983849287033081,1,2,4,True,2603,372,1,0,accredited
cifar,alpha0p1,43,2,2,9,0.0,0,2,4,True,31,4,1,1,below_threshold
cifar,alpha0p1,43,2,3,152,0.6776315569877625,0,1,4,True,534,76,1,1,below_threshold
cifar,alpha0p1,43,2,4,573,0.8883071541786194,1,2,4,True,2006,286,1,0,accredited
cifar,alpha0p1,43,2,5,0,0.0,0,3,4,False,2,0,1,1,no_expertise_observations
cifar,alpha0p1,43,2,6,150,0.746666669845581,1,4,4,True,525,75,1,0,accredited
cifar,alpha0p1,43,2,7,241,0.9045643210411072,1,3,4,True,844,121,1,0,accredited
cifar,alpha0p1,43,2,8,0,0.0,0,2,4,False,0,0,0,0,absent_in_train
cifar,alpha0p1,43,2,9,0,0.0,0,3,4,False,0,0,0,0,absent_in_train
cifar,alpha0p1,43,3,0,0,0.0,0,2,3,False,0,0,0,0,absent_in_train
cifar,alpha0p1,43,3,1,0,0.0,0,2,3,False,0,0,0,0,absent_in_train
cifar,alpha0p1,43,3,2,393,0.8778625726699829,1,2,3,True,1376,197,1,0,accredited
cifar,alpha0p1,43,3,3,350,0.8971428275108337,1,1,3,True,1224,175,1,0,accredited
cifar,alpha0p1,43,3,4,0,0.0,0,2,3,False,0,0,0,0,absent_in_train
cifar,alpha0p1,43,3,5,0,0.0,0,3,3,False,0,0,0,0,absent_in_train
cifar,alpha0p1,43,3,6,0,0.0,0,4,3,False,0,0,0,0,absent_in_train
cifar,alpha0p1,43,3,7,0,0.0,0,3,3,False,0,0,0,0,absent_in_train
cifar,alpha0p1,43,3,8,20,0.6000000238418579,0,2,3,True,69,10,1,1,below_threshold
cifar,alpha0p1,43,3,9,511,0.9745596647262572,1,3,3,True,1788,255,1,0,accredited
cifar,alpha0p1,43,4,0,0,0.0,0,2,1,False,0,0,0,0,absent_in_train
cifar,alpha0p1,43,4,1,0,0.0,0,2,1,False,0,0,0,0,absent_in_train
cifar,alpha0p1,43,4,2,0,0.0,0,2,1,False,0,0,0,0,absent_in_train
cifar,alpha0p1,43,4,3,0,0.0,0,1,1,False,0,0,0,0,absent_in_train
cifar,alpha0p1,43,4,4,12,0.3333333432674408,0,2,1,True,41,6,1,1,below_threshold
cifar,alpha0p1,43,4,5,0,0.0,0,3,1,False,0,0,0,0,absent_in_train
cifar,alpha0p1,43,4,6,0,0.0,0,4,1,False,0,0,0,0,absent_in_train
cifar,alpha0p1,43,4,7,0,0.0,0,3,1,False,0,0,0,0,absent_in_train
cifar,alpha0p1,43,4,8,361,1.0,1,2,1,True,1264,180,1,0,accredited
cifar,alpha0p1,43,4,9,0,0.0,0,3,1,False,0,0,0,0,absent_in_train
cifar,alpha0p1,43,5,0,0,0.0,0,2,1,False,1,0,1,1,no_expertise_observations
cifar,alpha0p1,43,5,1,0,0.0,0,2,1,False,0,0,0,0,absent_in_train
cifar,alpha0p1,43,5,2,2,0.0,0,2,1,True,6,1,1,1,below_threshold
cifar,alpha0p1,43,5,3,0,0.0,0,1,1,False,0,0,0,0,absent_in_train
cifar,alpha0p1,43,5,4,0,0.0,0,2,1,False,0,0,0,0,absent_in_train
cifar,alpha0p1,43,5,5,8,1.0,1,3,1,True,28,4,1,0,accredited
cifar,alpha0p1,43,5,6,0,0.0,0,4,1,False,0,0,0,0,absent_in_train
cifar,alpha0p1,43,5,7,0,0.0,0,3,1,False,1,0,1,1,no_expertise_observations
cifar,alpha0p1,43,5,8,0,0.0,0,2,1,False,0,0,0,0,absent_in_train
cifar,alpha0p1,43,5,9,14,0.2857142984867096,0,3,1,True,50,7,1,1,below_threshold
cifar,alpha0p1,43,6,0,93,0.8064516186714172,1,2,4,True,328,47,1,0,accredited
cifar,alpha0p1,43,6,1,0,0.0,0,2,4,False,0,0,0,0,absent_in_train
cifar,alpha0p1,43,6,2,119,0.4957983195781708,0,2,4,True,417,59,1,1,below_threshold
cifar,alpha0p1,43,6,3,59,0.3220339119434356,0,1,4,True,209,30,1,1,below_threshold
cifar,alpha0p1,43,6,4,201,0.7960199117660522,1,2,4,True,702,100,1,0,accredited
cifar,alpha0p1,43,6,5,389,0.8894601464271545,1,3,4,True,1362,195,1,0,accredited
cifar,alpha0p1,43,6,6,0,0.0,0,4,4,False,0,0,0,0,absent_in_train
cifar,alpha0p1,43,6,7,24,0.5,0,3,4,True,83,12,1,1,below_threshold
cifar,alpha0p1,43,6,8,1,0.0,0,2,4,True,3,0,1,1,below_threshold
cifar,alpha0p1,43,6,9,58,0.7931034564971924,1,3,4,True,203,29,1,0,accredited
cifar,alpha0p1,43,7,0,0,0.0,0,2,2,False,0,0,0,0,absent_in_train
cifar,alpha0p1,43,7,1,2,0.0,0,2,2,True,9,1,1,1,below_threshold
cifar,alpha0p1,43,7,2,0,0.0,0,2,2,False,0,0,0,0,absent_in_train
cifar,alpha0p1,43,7,3,20,0.0,0,1,2,True,72,10,1,1,below_threshold
cifar,alpha0p1,43,7,4,8,0.0,0,2,2,True,29,4,1,1,below_threshold
cifar,alpha0p1,43,7,5,55,0.4545454680919647,0,3,2,True,192,27,1,1,below_threshold
cifar,alpha0p1,43,7,6,0,0.0,0,4,2,False,0,0,0,0,absent_in_train
cifar,alpha0p1,43,7,7,291,0.9243986010551452,1,3,2,True,1019,145,1,0,accredited
cifar,alpha0p1,43,7,8,418,0.9545454382896424,1,2,2,True,1462,209,1,0,accredited
cifar,alpha0p1,43,7,9,0,0.0,0,3,2,False,0,0,0,0,absent_in_train
cifar,alpha0p1,43,8,0,25,0.4000000059604645,0,2,3,True,88,13,1,1,below_threshold
cifar,alpha0p1,43,8,1,53,0.7735849022865295,1,2,3,True,186,27,1,0,accredited
cifar,alpha0p1,43,8,2,273,0.8351648449897766,1,2,3,True,956,137,1,0,accredited
cifar,alpha0p1,43,8,3,120,0.6166666746139526,0,1,3,True,420,60,1,1,below_threshold
cifar,alpha0p1,43,8,4,2,0.0,0,2,3,True,7,1,1,1,below_threshold
cifar,alpha0p1,43,8,5,0,0.0,0,3,3,False,0,0,0,0,absent_in_train
cifar,alpha0p1,43,8,6,3,0.0,0,4,3,True,10,1,1,1,below_threshold
cifar,alpha0p1,43,8,7,173,0.884393036365509,1,3,3,True,608,87,1,0,accredited
cifar,alpha0p1,43,8,8,0,0.0,0,2,3,False,0,0,0,0,absent_in_train
cifar,alpha0p1,43,8,9,5,0.0,0,3,3,True,16,2,1,1,below_threshold
cifar,alpha0p1,43,9,0,0,0.0,0,2,1,False,0,0,0,0,absent_in_train
cifar,alpha0p1,43,9,1,0,0.0,0,2,1,False,0,0,0,0,absent_in_train
cifar,alpha0p1,43,9,2,0,0.0,0,2,1,False,0,0,0,0,absent_in_train
cifar,alpha0p1,43,9,3,50,0.3600000143051147,0,1,1,True,174,25,1,1,below_threshold
cifar,alpha0p1,43,9,4,4,0.0,0,2,1,True,14,2,1,1,below_threshold
cifar,alpha0p1,43,9,5,21,0.2380952388048172,0,3,1,True,74,11,1,1,below_threshold
cifar,alpha0p1,43,9,6,23,0.8260869383811951,1,4,1,True,82,12,1,0,accredited
cifar,alpha0p1,43,9,7,3,0.0,0,3,1,True,13,2,1,1,below_threshold
cifar,alpha0p1,43,9,8,1,0.0,0,2,1,True,2,0,1,1,below_threshold
cifar,alpha0p1,43,9,9,0,0.0,0,3,1,False,0,0,0,0,absent_in_train
cifar,alpha0p1,44,0,0,265,0.9849056601524352,1,2,2,True,927,132,1,0,accredited
cifar,alpha0p1,44,0,1,8,0.375,0,2,2,True,29,4,1,1,below_threshold
cifar,alpha0p1,44,0,2,0,0.0,0,1,2,False,0,0,0,0,absent_in_train
cifar,alpha0p1,44,0,3,0,0.0,0,3,2,False,0,0,0,0,absent_in_train
cifar,alpha0p1,44,0,4,0,0.0,0,3,2,False,0,0,0,0,absent_in_train
cifar,alpha0p1,44,0,5,0,0.0,0,3,2,False,0,0,0,0,absent_in_train
cifar,alpha0p1,44,0,6,81,0.8148148059844971,1,4,2,True,285,41,1,0,accredited
cifar,alpha0p1,44,0,7,0,0.0,0,3,2,False,2,0,1,1,no_expertise_observations
cifar,alpha0p1,44,0,8,0,0.0,0,5,2,False,0,0,0,0,absent_in_train
cifar,alpha0p1,44,0,9,0,0.0,0,4,2,False,0,0,0,0,absent_in_train
cifar,alpha0p1,44,1,0,0,0.0,0,2,5,False,0,0,0,0,absent_in_train
cifar,alpha0p1,44,1,1,0,0.0,0,2,5,False,0,0,0,0,absent_in_train
cifar,alpha0p1,44,1,2,523,0.7896749377250671,1,1,5,True,1830,261,1,0,accredited
cifar,alpha0p1,44,1,3,0,0.0,0,3,5,False,0,0,0,0,absent_in_train
cifar,alpha0p1,44,1,4,412,0.7184466123580933,1,3,5,True,1444,206,1,0,accredited
cifar,alpha0p1,44,1,5,361,0.8725761771202087,1,3,5,True,1263,180,1,0,accredited
cifar,alpha0p1,44,1,6,53,0.5094339847564697,0,4,5,True,187,27,1,1,below_threshold
cifar,alpha0p1,44,1,7,94,0.585106372833252,0,3,5,True,328,47,1,1,below_threshold
cifar,alpha0p1,44,1,8,110,0.8272727131843567,1,5,5,True,386,55,1,0,accredited
cifar,alpha0p1,44,1,9,472,0.9766949415206908,1,4,5,True,1651,236,1,0,accredited
cifar,alpha0p1,44,2,0,0,0.0,0,2,3,False,0,0,0,0,absent_in_train
cifar,alpha0p1,44,2,1,11,0.4545454680919647,0,2,3,True,37,5,1,1,below_threshold
cifar,alpha0p1,44,2,2,36,0.5,0,1,3,True,128,18,1,1,below_threshold
cifar,alpha0p1,44,2,3,426,0.8708920478820801,1,3,3,True,1492,213,1,0,accredited
cifar,alpha0p1,44,2,4,0,0.0,0,3,3,False,0,0,0,0,absent_in_train
cifar,alpha0p1,44,2,5,26,0.0,0,3,3,True,90,13,1,1,below_threshold
cifar,alpha0p1,44,2,6,267,0.8876404762268066,1,4,3,True,937,134,1,0,accredited
cifar,alpha0p1,44,2,7,0,0.0,0,3,3,False,0,0,0,0,absent_in_train
cifar,alpha0p1,44,2,8,363,0.9476584196090698,1,5,3,True,1271,182,1,0,accredited
cifar,alpha0p1,44,2,9,25,0.6399999856948853,0,4,3,True,88,12,1,1,below_threshold
cifar,alpha0p1,44,3,0,0,0.0,0,2,3,False,0,0,0,0,absent_in_train
cifar,alpha0p1,44,3,1,342,0.9766082167625428,1,2,3,True,1198,171,1,0,accredited
cifar,alpha0p1,44,3,2,16,0.25,0,1,3,True,58,8,1,1,below_threshold
cifar,alpha0p1,44,3,3,270,0.8814814686775208,1,3,3,True,945,135,1,0,accredited
cifar,alpha0p1,44,3,4,0,0.0,0,3,3,False,0,0,0,0,absent_in_train
cifar,alpha0p1,44,3,5,0,0.0,0,3,3,False,0,0,0,0,absent_in_train
cifar,alpha0p1,44,3,6,0,0.0,0,4,3,False,0,0,0,0,absent_in_train
cifar,alpha0p1,44,3,7,145,0.8551723957061768,1,3,3,True,510,73,1,0,accredited
cifar,alpha0p1,44,3,8,9,0.2222222238779068,0,5,3,True,32,5,1,1,below_threshold
cifar,alpha0p1,44,3,9,0,0.0,0,4,3,False,0,0,0,0,absent_in_train
cifar,alpha0p1,44,4,0,0,0.0,0,2,2,False,0,0,0,0,absent_in_train
cifar,alpha0p1,44,4,1,0,0.0,0,2,2,False,0,0,0,0,absent_in_train
cifar,alpha0p1,44,4,2,5,0.0,0,1,2,True,20,3,1,1,below_threshold
cifar,alpha0p1,44,4,3,100,0.8899999856948853,1,3,2,True,349,50,1,0,accredited
cifar,alpha0p1,44,4,4,3,0.0,0,3,2,True,9,1,1,1,below_threshold
cifar,alpha0p1,44,4,5,0,0.0,0,3,2,False,0,0,0,0,absent_in_train
cifar,alpha0p1,44,4,6,19,0.2105263173580169,0,4,2,True,67,9,1,1,below_threshold
cifar,alpha0p1,44,4,7,0,0.0,0,3,2,False,0,0,0,0,absent_in_train
cifar,alpha0p1,44,4,8,0,0.0,0,5,2,False,0,0,0,0,absent_in_train
cifar,alpha0p1,44,4,9,221,0.918552041053772,1,4,2,True,774,110,1,0,accredited
cifar,alpha0p1,44,5,0,0,0.0,0,2,3,False,0,0,0,0,absent_in_train
cifar,alpha0p1,44,5,1,0,0.0,0,2,3,False,0,0,0,0,absent_in_train
cifar,alpha0p1,44,5,2,0,0.0,0,1,3,False,0,0,0,0,absent_in_train
cifar,alpha0p1,44,5,3,4,0.25,0,3,3,True,14,2,1,1,below_threshold
cifar,alpha0p1,44,5,4,19,0.7894737124443054,1,3,3,True,65,9,1,0,accredited
cifar,alpha0p1,44,5,5,0,0.0,0,3,3,False,0,0,0,0,absent_in_train
cifar,alpha0p1,44,5,6,0,0.0,0,4,3,False,0,0,0,0,absent_in_train
cifar,alpha0p1,44,5,7,0,0.0,0,3,3,False,0,0,0,0,absent_in_train
cifar,alpha0p1,44,5,8,105,0.9714285731315612,1,5,3,True,370,53,1,0,accredited
cifar,alpha0p1,44,5,9,29,0.7241379022598267,1,4,3,True,102,15,1,0,accredited
cifar,alpha0p1,44,6,0,19,0.3157894611358642,0,2,4,True,65,9,1,1,below_threshold
cifar,alpha0p1,44,6,1,433,0.974595844745636,1,2,4,True,1517,217,1,0,accredited
cifar,alpha0p1,44,6,2,0,0.0,0,1,4,False,0,0,0,0,absent_in_train
cifar,alpha0p1,44,6,3,0,0.0,0,3,4,False,0,0,0,0,absent_in_train
cifar,alpha0p1,44,6,4,366,0.8907103538513184,1,3,4,True,1282,183,1,0,accredited
cifar,alpha0p1,44,6,5,0,0.0,0,3,4,False,0,0,0,0,absent_in_train
cifar,alpha0p1,44,6,6,256,0.91015625,1,4,4,True,897,128,1,0,accredited
cifar,alpha0p1,44,6,7,14,0.3571428656578064,0,3,4,True,49,7,1,1,below_threshold
cifar,alpha0p1,44,6,8,129,0.8372092843055725,1,5,4,True,453,65,1,0,accredited
cifar,alpha0p1,44,6,9,35,0.1142857149243354,0,4,4,True,121,17,1,1,below_threshold
cifar,alpha0p1,44,7,0,507,0.9309664964675904,1,2,2,True,1774,253,1,0,accredited
cifar,alpha0p1,44,7,1,5,0.4000000059604645,0,2,2,True,20,3,1,1,below_threshold
cifar,alpha0p1,44,7,2,180,0.6166666746139526,0,1,2,True,631,90,1,1,below_threshold
cifar,alpha0p1,44,7,3,0,0.0,0,3,2,False,0,0,0,0,absent_in_train
cifar,alpha0p1,44,7,4,0,0.0,0,3,2,False,0,0,0,0,absent_in_train
cifar,alpha0p1,44,7,5,0,0.0,0,3,2,False,1,0,1,1,no_expertise_observations
cifar,alpha0p1,44,7,6,0,0.0,0,4,2,False,0,0,0,0,absent_in_train
cifar,alpha0p1,44,7,7,283,0.8727915287017822,1,3,2,True,992,142,1,0,accredited
cifar,alpha0p1,44,7,8,2,0.0,0,5,2,True,9,1,1,1,below_threshold
cifar,alpha0p1,44,7,9,0,0.0,0,4,2,False,0,0,0,0,absent_in_train
cifar,alpha0p1,44,8,0,0,0.0,0,2,3,False,0,0,0,0,absent_in_train
cifar,alpha0p1,44,8,1,0,0.0,0,2,3,False,0,0,0,0,absent_in_train
cifar,alpha0p1,44,8,2,7,0.0,0,1,3,True,23,3,1,1,below_threshold
cifar,alpha0p1,44,8,3,0,0.0,0,3,3,False,0,0,0,0,absent_in_train
cifar,alpha0p1,44,8,4,0,0.0,0,3,3,False,0,0,0,0,absent_in_train
cifar,alpha0p1,44,8,5,295,0.9423728585243224,1,3,3,True,1031,147,1,0,accredited
cifar,alpha0p1,44,8,6,1,0.0,0,4,3,True,6,1,1,1,below_threshold
cifar,alpha0p1,44,8,7,263,0.7604562640190125,1,3,3,True,920,131,1,0,accredited
cifar,alpha0p1,44,8,8,80,0.887499988079071,1,5,3,True,280,40,1,0,accredited
cifar,alpha0p1,44,8,9,0,0.0,0,4,3,False,0,0,0,0,absent_in_train
cifar,alpha0p1,44,9,0,10,0.6000000238418579,0,2,3,True,34,5,1,1,below_threshold
cifar,alpha0p1,44,9,1,0,0.0,0,2,3,False,0,0,0,0,absent_in_train
cifar,alpha0p1,44,9,2,32,0.28125,0,1,3,True,112,16,1,1,below_threshold
cifar,alpha0p1,44,9,3,0,0.0,0,3,3,False,0,0,0,0,absent_in_train
cifar,alpha0p1,44,9,4,0,0.0,0,3,3,False,1,0,1,1,no_expertise_observations
cifar,alpha0p1,44,9,5,119,0.8739495873451233,1,3,3,True,415,59,1,0,accredited
cifar,alpha0p1,44,9,6,121,0.9008264541625975,1,4,3,True,423,60,1,0,accredited
cifar,alpha0p1,44,9,7,0,0.0,0,3,3,False,0,0,0,0,absent_in_train
cifar,alpha0p1,44,9,8,0,0.0,0,5,3,False,0,0,0,0,absent_in_train
cifar,alpha0p1,44,9,9,18,0.7777777910232544,1,4,3,True,65,9,1,0,accredited
cifar,multi,42,0,0,400,0.9725000262260436,1,2,2,True,1400,200,1,0,accredited
cifar,multi,42,0,1,400,0.9424999952316284,1,2,2,True,1400,200,1,0,accredited
cifar,multi,42,0,2,0,0.0,0,2,2,False,0,0,0,0,absent_in_train
cifar,multi,42,0,3,0,0.0,0,2,2,False,0,0,0,0,absent_in_train
cifar,multi,42,0,4,0,0.0,0,2,2,False,0,0,0,0,absent_in_train
cifar,multi,42,0,5,0,0.0,0,2,2,False,0,0,0,0,absent_in_train
cifar,multi,42,0,6,0,0.0,0,2,2,False,0,0,0,0,absent_in_train
cifar,multi,42,0,7,0,0.0,0,2,2,False,0,0,0,0,absent_in_train
cifar,multi,42,0,8,0,0.0,0,2,2,False,0,0,0,0,absent_in_train
cifar,multi,42,0,9,0,0.0,0,2,2,False,0,0,0,0,absent_in_train
cifar,multi,42,1,0,0,0.0,0,2,2,False,0,0,0,0,absent_in_train
cifar,multi,42,1,1,0,0.0,0,2,2,False,0,0,0,0,absent_in_train
cifar,multi,42,1,2,400,0.8450000286102295,1,2,2,True,1400,200,1,0,accredited
cifar,multi,42,1,3,400,0.7749999761581421,1,2,2,True,1400,200,1,0,accredited
cifar,multi,42,1,4,0,0.0,0,2,2,False,0,0,0,0,absent_in_train
cifar,multi,42,1,5,0,0.0,0,2,2,False,0,0,0,0,absent_in_train
cifar,multi,42,1,6,0,0.0,0,2,2,False,0,0,0,0,absent_in_train
cifar,multi,42,1,7,0,0.0,0,2,2,False,0,0,0,0,absent_in_train
cifar,multi,42,1,8,0,0.0,0,2,2,False,0,0,0,0,absent_in_train
cifar,multi,42,1,9,0,0.0,0,2,2,False,0,0,0,0,absent_in_train
cifar,multi,42,2,0,0,0.0,0,2,2,False,0,0,0,0,absent_in_train
cifar,multi,42,2,1,0,0.0,0,2,2,False,0,0,0,0,absent_in_train
cifar,multi,42,2,2,0,0.0,0,2,2,False,0,0,0,0,absent_in_train
cifar,multi,42,2,3,0,0.0,0,2,2,False,0,0,0,0,absent_in_train
cifar,multi,42,2,4,400,0.8974999785423279,1,2,2,True,1400,200,1,0,accredited
cifar,multi,42,2,5,400,0.9474999904632568,1,2,2,True,1400,200,1,0,accredited
cifar,multi,42,2,6,0,0.0,0,2,2,False,0,0,0,0,absent_in_train
cifar,multi,42,2,7,0,0.0,0,2,2,False,0,0,0,0,absent_in_train
cifar,multi,42,2,8,0,0.0,0,2,2,False,0,0,0,0,absent_in_train
cifar,multi,42,2,9,0,0.0,0,2,2,False,0,0,0,0,absent_in_train
cifar,multi,42,3,0,0,0.0,0,2,2,False,0,0,0,0,absent_in_train
cifar,multi,42,3,1,0,0.0,0,2,2,False,0,0,0,0,absent_in_train
cifar,multi,42,3,2,0,0.0,0,2,2,False,0,0,0,0,absent_in_train
cifar,multi,42,3,3,0,0.0,0,2,2,False,0,0,0,0,absent_in_train
cifar,multi,42,3,4,0,0.0,0,2,2,False,0,0,0,0,absent_in_train
cifar,multi,42,3,5,0,0.0,0,2,2,False,0,0,0,0,absent_in_train
cifar,multi,42,3,6,400,0.9725000262260436,1,2,2,True,1400,200,1,0,accredited
cifar,multi,42,3,7,400,0.9449999928474426,1,2,2,True,1400,200,1,0,accredited
cifar,multi,42,3,8,0,0.0,0,2,2,False,0,0,0,0,absent_in_train
cifar,multi,42,3,9,0,0.0,0,2,2,False,0,0,0,0,absent_in_train
cifar,multi,42,4,0,0,0.0,0,2,2,False,0,0,0,0,absent_in_train
cifar,multi,42,4,1,0,0.0,0,2,2,False,0,0,0,0,absent_in_train
cifar,multi,42,4,2,0,0.0,0,2,2,False,0,0,0,0,absent_in_train
cifar,multi,42,4,3,0,0.0,0,2,2,False,0,0,0,0,absent_in_train
cifar,multi,42,4,4,0,0.0,0,2,2,False,0,0,0,0,absent_in_train
cifar,multi,42,4,5,0,0.0,0,2,2,False,0,0,0,0,absent_in_train
cifar,multi,42,4,6,0,0.0,0,2,2,False,0,0,0,0,absent_in_train
cifar,multi,42,4,7,0,0.0,0,2,2,False,0,0,0,0,absent_in_train
cifar,multi,42,4,8,400,0.975000023841858,1,2,2,True,1400,200,1,0,accredited
cifar,multi,42,4,9,400,0.9424999952316284,1,2,2,True,1400,200,1,0,accredited
cifar,multi,42,5,0,400,0.9700000286102296,1,2,2,True,1400,200,1,0,accredited
cifar,multi,42,5,1,400,0.9700000286102296,1,2,2,True,1400,200,1,0,accredited
cifar,multi,42,5,2,0,0.0,0,2,2,False,0,0,0,0,absent_in_train
cifar,multi,42,5,3,0,0.0,0,2,2,False,0,0,0,0,absent_in_train
cifar,multi,42,5,4,0,0.0,0,2,2,False,0,0,0,0,absent_in_train
cifar,multi,42,5,5,0,0.0,0,2,2,False,0,0,0,0,absent_in_train
cifar,multi,42,5,6,0,0.0,0,2,2,False,0,0,0,0,absent_in_train
cifar,multi,42,5,7,0,0.0,0,2,2,False,0,0,0,0,absent_in_train
cifar,multi,42,5,8,0,0.0,0,2,2,False,0,0,0,0,absent_in_train
cifar,multi,42,5,9,0,0.0,0,2,2,False,0,0,0,0,absent_in_train
cifar,multi,42,6,0,0,0.0,0,2,2,False,0,0,0,0,absent_in_train
cifar,multi,42,6,1,0,0.0,0,2,2,False,0,0,0,0,absent_in_train
cifar,multi,42,6,2,400,0.8774999976158142,1,2,2,True,1400,200,1,0,accredited
cifar,multi,42,6,3,400,0.8725000023841858,1,2,2,True,1400,200,1,0,accredited
cifar,multi,42,6,4,0,0.0,0,2,2,False,0,0,0,0,absent_in_train
cifar,multi,42,6,5,0,0.0,0,2,2,False,0,0,0,0,absent_in_train
cifar,multi,42,6,6,0,0.0,0,2,2,False,0,0,0,0,absent_in_train
cifar,multi,42,6,7,0,0.0,0,2,2,False,0,0,0,0,absent_in_train
cifar,multi,42,6,8,0,0.0,0,2,2,False,0,0,0,0,absent_in_train
cifar,multi,42,6,9,0,0.0,0,2,2,False,0,0,0,0,absent_in_train
cifar,multi,42,7,0,0,0.0,0,2,2,False,0,0,0,0,absent_in_train
cifar,multi,42,7,1,0,0.0,0,2,2,False,0,0,0,0,absent_in_train
cifar,multi,42,7,2,0,0.0,0,2,2,False,0,0,0,0,absent_in_train
cifar,multi,42,7,3,0,0.0,0,2,2,False,0,0,0,0,absent_in_train
cifar,multi,42,7,4,400,0.8974999785423279,1,2,2,True,1400,200,1,0,accredited
cifar,multi,42,7,5,400,0.9049999713897704,1,2,2,True,1400,200,1,0,accredited
cifar,multi,42,7,6,0,0.0,0,2,2,False,0,0,0,0,absent_in_train
cifar,multi,42,7,7,0,0.0,0,2,2,False,0,0,0,0,absent_in_train
cifar,multi,42,7,8,0,0.0,0,2,2,False,0,0,0,0,absent_in_train
cifar,multi,42,7,9,0,0.0,0,2,2,False,0,0,0,0,absent_in_train
cifar,multi,42,8,0,0,0.0,0,2,2,False,0,0,0,0,absent_in_train
cifar,multi,42,8,1,0,0.0,0,2,2,False,0,0,0,0,absent_in_train
cifar,multi,42,8,2,0,0.0,0,2,2,False,0,0,0,0,absent_in_train
cifar,multi,42,8,3,0,0.0,0,2,2,False,0,0,0,0,absent_in_train
cifar,multi,42,8,4,0,0.0,0,2,2,False,0,0,0,0,absent_in_train
cifar,multi,42,8,5,0,0.0,0,2,2,False,0,0,0,0,absent_in_train
cifar,multi,42,8,6,400,0.9700000286102296,1,2,2,True,1400,200,1,0,accredited
cifar,multi,42,8,7,400,0.9649999737739564,1,2,2,True,1400,200,1,0,accredited
cifar,multi,42,8,8,0,0.0,0,2,2,False,0,0,0,0,absent_in_train
cifar,multi,42,8,9,0,0.0,0,2,2,False,0,0,0,0,absent_in_train
cifar,multi,42,9,0,0,0.0,0,2,2,False,0,0,0,0,absent_in_train
cifar,multi,42,9,1,0,0.0,0,2,2,False,0,0,0,0,absent_in_train
cifar,multi,42,9,2,0,0.0,0,2,2,False,0,0,0,0,absent_in_train
cifar,multi,42,9,3,0,0.0,0,2,2,False,0,0,0,0,absent_in_train
cifar,multi,42,9,4,0,0.0,0,2,2,False,0,0,0,0,absent_in_train
cifar,multi,42,9,5,0,0.0,0,2,2,False,0,0,0,0,absent_in_train
cifar,multi,42,9,6,0,0.0,0,2,2,False,0,0,0,0,absent_in_train
cifar,multi,42,9,7,0,0.0,0,2,2,False,0,0,0,0,absent_in_train
cifar,multi,42,9,8,400,0.9350000023841858,1,2,2,True,1400,200,1,0,accredited
cifar,multi,42,9,9,400,0.9649999737739564,1,2,2,True,1400,200,1,0,accredited
cifar,multi,43,0,0,400,0.9900000095367432,1,2,2,True,1400,200,1,0,accredited
cifar,multi,43,0,1,400,0.9375,1,2,2,True,1400,200,1,0,accredited
cifar,multi,43,0,2,0,0.0,0,2,2,False,0,0,0,0,absent_in_train
cifar,multi,43,0,3,0,0.0,0,2,2,False,0,0,0,0,absent_in_train
cifar,multi,43,0,4,0,0.0,0,2,2,False,0,0,0,0,absent_in_train
cifar,multi,43,0,5,0,0.0,0,2,2,False,0,0,0,0,absent_in_train
cifar,multi,43,0,6,0,0.0,0,2,2,False,0,0,0,0,absent_in_train
cifar,multi,43,0,7,0,0.0,0,2,2,False,0,0,0,0,absent_in_train
cifar,multi,43,0,8,0,0.0,0,2,2,False,0,0,0,0,absent_in_train
cifar,multi,43,0,9,0,0.0,0,2,2,False,0,0,0,0,absent_in_train
cifar,multi,43,1,0,0,0.0,0,2,2,False,0,0,0,0,absent_in_train
cifar,multi,43,1,1,0,0.0,0,2,2,False,0,0,0,0,absent_in_train
cifar,multi,43,1,2,400,0.9399999976158142,1,2,2,True,1400,200,1,0,accredited
cifar,multi,43,1,3,400,0.7749999761581421,1,2,2,True,1400,200,1,0,accredited
cifar,multi,43,1,4,0,0.0,0,2,2,False,0,0,0,0,absent_in_train
cifar,multi,43,1,5,0,0.0,0,2,2,False,0,0,0,0,absent_in_train
cifar,multi,43,1,6,0,0.0,0,2,2,False,0,0,0,0,absent_in_train
cifar,multi,43,1,7,0,0.0,0,2,2,False,0,0,0,0,absent_in_train
cifar,multi,43,1,8,0,0.0,0,2,2,False,0,0,0,0,absent_in_train
cifar,multi,43,1,9,0,0.0,0,2,2,False,0,0,0,0,absent_in_train
cifar,multi,43,2,0,0,0.0,0,2,2,False,0,0,0,0,absent_in_train
cifar,multi,43,2,1,0,0.0,0,2,2,False,0,0,0,0,absent_in_train
cifar,multi,43,2,2,0,0.0,0,2,2,False,0,0,0,0,absent_in_train
cifar,multi,43,2,3,0,0.0,0,2,2,False,0,0,0,0,absent_in_train
cifar,multi,43,2,4,400,0.8700000047683716,1,2,2,True,1400,200,1,0,accredited
cifar,multi,43,2,5,400,0.9024999737739564,1,2,2,True,1400,200,1,0,accredited
cifar,multi,43,2,6,0,0.0,0,2,2,False,0,0,0,0,absent_in_train
cifar,multi,43,2,7,0,0.0,0,2,2,False,0,0,0,0,absent_in_train
cifar,multi,43,2,8,0,0.0,0,2,2,False,0,0,0,0,absent_in_train
cifar,multi,43,2,9,0,0.0,0,2,2,False,0,0,0,0,absent_in_train
cifar,multi,43,3,0,0,0.0,0,2,2,False,0,0,0,0,absent_in_train
cifar,multi,43,3,1,0,0.0,0,2,2,False,0,0,0,0,absent_in_train
cifar,multi,43,3,2,0,0.0,0,2,2,False,0,0,0,0,absent_in_train
cifar,multi,43,3,3,0,0.0,0,2,2,False,0,0,0,0,absent_in_train
cifar,multi,43,3,4,0,0.0,0,2,2,False,0,0,0,0,absent_in_train
cifar,multi,43,3,5,0,0.0,0,2,2,False,0,0,0,0,absent_in_train
cifar,multi,43,3,6,400,0.9325000047683716,1,2,2,True,1400,200,1,0,accredited
cifar,multi,43,3,7,400,0.977500021457672,1,2,2,True,1400,200,1,0,accredited
cifar,multi,43,3,8,0,0.0,0,2,2,False,0,0,0,0,absent_in_train
cifar,multi,43,3,9,0,0.0,0,2,2,False,0,0,0,0,absent_in_train
cifar,multi,43,4,0,0,0.0,0,2,2,False,0,0,0,0,absent_in_train
cifar,multi,43,4,1,0,0.0,0,2,2,False,0,0,0,0,absent_in_train
cifar,multi,43,4,2,0,0.0,0,2,2,False,0,0,0,0,absent_in_train
cifar,multi,43,4,3,0,0.0,0,2,2,False,0,0,0,0,absent_in_train
cifar,multi,43,4,4,0,0.0,0,2,2,False,0,0,0,0,absent_in_train
cifar,multi,43,4,5,0,0.0,0,2,2,False,0,0,0,0,absent_in_train
cifar,multi,43,4,6,0,0.0,0,2,2,False,0,0,0,0,absent_in_train
cifar,multi,43,4,7,0,0.0,0,2,2,False,0,0,0,0,absent_in_train
cifar,multi,43,4,8,400,0.9574999809265136,1,2,2,True,1400,200,1,0,accredited
cifar,multi,43,4,9,400,0.9825000166893004,1,2,2,True,1400,200,1,0,accredited
cifar,multi,43,5,0,400,0.9375,1,2,2,True,1400,200,1,0,accredited
cifar,multi,43,5,1,400,0.9850000143051147,1,2,2,True,1400,200,1,0,accredited
cifar,multi,43,5,2,0,0.0,0,2,2,False,0,0,0,0,absent_in_train
cifar,multi,43,5,3,0,0.0,0,2,2,False,0,0,0,0,absent_in_train
cifar,multi,43,5,4,0,0.0,0,2,2,False,0,0,0,0,absent_in_train
cifar,multi,43,5,5,0,0.0,0,2,2,False,0,0,0,0,absent_in_train
cifar,multi,43,5,6,0,0.0,0,2,2,False,0,0,0,0,absent_in_train
cifar,multi,43,5,7,0,0.0,0,2,2,False,0,0,0,0,absent_in_train
cifar,multi,43,5,8,0,0.0,0,2,2,False,0,0,0,0,absent_in_train
cifar,multi,43,5,9,0,0.0,0,2,2,False,0,0,0,0,absent_in_train
cifar,multi,43,6,0,0,0.0,0,2,2,False,0,0,0,0,absent_in_train
cifar,multi,43,6,1,0,0.0,0,2,2,False,0,0,0,0,absent_in_train
cifar,multi,43,6,2,400,0.8374999761581421,1,2,2,True,1400,200,1,0,accredited
cifar,multi,43,6,3,400,0.8349999785423279,1,2,2,True,1400,200,1,0,accredited
cifar,multi,43,6,4,0,0.0,0,2,2,False,0,0,0,0,absent_in_train
cifar,multi,43,6,5,0,0.0,0,2,2,False,0,0,0,0,absent_in_train
cifar,multi,43,6,6,0,0.0,0,2,2,False,0,0,0,0,absent_in_train
cifar,multi,43,6,7,0,0.0,0,2,2,False,0,0,0,0,absent_in_train
cifar,multi,43,6,8,0,0.0,0,2,2,False,0,0,0,0,absent_in_train
cifar,multi,43,6,9,0,0.0,0,2,2,False,0,0,0,0,absent_in_train
cifar,multi,43,7,0,0,0.0,0,2,2,False,0,0,0,0,absent_in_train
cifar,multi,43,7,1,0,0.0,0,2,2,False,0,0,0,0,absent_in_train
cifar,multi,43,7,2,0,0.0,0,2,2,False,0,0,0,0,absent_in_train
cifar,multi,43,7,3,0,0.0,0,2,2,False,0,0,0,0,absent_in_train
cifar,multi,43,7,4,400,0.8349999785423279,1,2,2,True,1400,200,1,0,accredited
cifar,multi,43,7,5,400,0.7124999761581421,1,2,2,True,1400,200,1,0,accredited
cifar,multi,43,7,6,0,0.0,0,2,2,False,0,0,0,0,absent_in_train
cifar,multi,43,7,7,0,0.0,0,2,2,False,0,0,0,0,absent_in_train
cifar,multi,43,7,8,0,0.0,0,2,2,False,0,0,0,0,absent_in_train
cifar,multi,43,7,9,0,0.0,0,2,2,False,0,0,0,0,absent_in_train
cifar,multi,43,8,0,0,0.0,0,2,2,False,0,0,0,0,absent_in_train
cifar,multi,43,8,1,0,0.0,0,2,2,False,0,0,0,0,absent_in_train
cifar,multi,43,8,2,0,0.0,0,2,2,False,0,0,0,0,absent_in_train
cifar,multi,43,8,3,0,0.0,0,2,2,False,0,0,0,0,absent_in_train
cifar,multi,43,8,4,0,0.0,0,2,2,False,0,0,0,0,absent_in_train
cifar,multi,43,8,5,0,0.0,0,2,2,False,0,0,0,0,absent_in_train
cifar,multi,43,8,6,400,0.9524999856948853,1,2,2,True,1400,200,1,0,accredited
cifar,multi,43,8,7,400,0.9524999856948853,1,2,2,True,1400,200,1,0,accredited
cifar,multi,43,8,8,0,0.0,0,2,2,False,0,0,0,0,absent_in_train
cifar,multi,43,8,9,0,0.0,0,2,2,False,0,0,0,0,absent_in_train
cifar,multi,43,9,0,0,0.0,0,2,2,False,0,0,0,0,absent_in_train
cifar,multi,43,9,1,0,0.0,0,2,2,False,0,0,0,0,absent_in_train
cifar,multi,43,9,2,0,0.0,0,2,2,False,0,0,0,0,absent_in_train
cifar,multi,43,9,3,0,0.0,0,2,2,False,0,0,0,0,absent_in_train
cifar,multi,43,9,4,0,0.0,0,2,2,False,0,0,0,0,absent_in_train
cifar,multi,43,9,5,0,0.0,0,2,2,False,0,0,0,0,absent_in_train
cifar,multi,43,9,6,0,0.0,0,2,2,False,0,0,0,0,absent_in_train
cifar,multi,43,9,7,0,0.0,0,2,2,False,0,0,0,0,absent_in_train
cifar,multi,43,9,8,400,0.9449999928474426,1,2,2,True,1400,200,1,0,accredited
cifar,multi,43,9,9,400,0.8600000143051147,1,2,2,True,1400,200,1,0,accredited
cifar,multi,44,0,0,400,0.9649999737739564,1,2,2,True,1400,200,1,0,accredited
cifar,multi,44,0,1,400,0.9725000262260436,1,2,2,True,1400,200,1,0,accredited
cifar,multi,44,0,2,0,0.0,0,2,2,False,0,0,0,0,absent_in_train
cifar,multi,44,0,3,0,0.0,0,2,2,False,0,0,0,0,absent_in_train
cifar,multi,44,0,4,0,0.0,0,2,2,False,0,0,0,0,absent_in_train
cifar,multi,44,0,5,0,0.0,0,2,2,False,0,0,0,0,absent_in_train
cifar,multi,44,0,6,0,0.0,0,2,2,False,0,0,0,0,absent_in_train
cifar,multi,44,0,7,0,0.0,0,2,2,False,0,0,0,0,absent_in_train
cifar,multi,44,0,8,0,0.0,0,2,2,False,0,0,0,0,absent_in_train
cifar,multi,44,0,9,0,0.0,0,2,2,False,0,0,0,0,absent_in_train
cifar,multi,44,1,0,0,0.0,0,2,2,False,0,0,0,0,absent_in_train
cifar,multi,44,1,1,0,0.0,0,2,2,False,0,0,0,0,absent_in_train
cifar,multi,44,1,2,400,0.9075000286102296,1,2,2,True,1400,200,1,0,accredited
cifar,multi,44,1,3,400,0.8324999809265137,1,2,2,True,1400,200,1,0,accredited
cifar,multi,44,1,4,0,0.0,0,2,2,False,0,0,0,0,absent_in_train
cifar,multi,44,1,5,0,0.0,0,2,2,False,0,0,0,0,absent_in_train
cifar,multi,44,1,6,0,0.0,0,2,2,False,0,0,0,0,absent_in_train
cifar,multi,44,1,7,0,0.0,0,2,2,False,0,0,0,0,absent_in_train
cifar,multi,44,1,8,0,0.0,0,2,2,False,0,0,0,0,absent_in_train
cifar,multi,44,1,9,0,0.0,0,2,2,False,0,0,0,0,absent_in_train
cifar,multi,44,2,0,0,0.0,0,2,2,False,0,0,0,0,absent_in_train
cifar,multi,44,2,1,0,0.0,0,2,2,False,0,0,0,0,absent_in_train
cifar,multi,44,2,2,0,0.0,0,2,2,False,0,0,0,0,absent_in_train
cifar,multi,44,2,3,0,0.0,0,2,2,False,0,0,0,0,absent_in_train
cifar,multi,44,2,4,400,0.9300000071525574,1,2,2,True,1400,200,1,0,accredited
cifar,multi,44,2,5,400,0.8475000262260437,1,2,2,True,1400,200,1,0,accredited
cifar,multi,44,2,6,0,0.0,0,2,2,False,0,0,0,0,absent_in_train
cifar,multi,44,2,7,0,0.0,0,2,2,False,0,0,0,0,absent_in_train
cifar,multi,44,2,8,0,0.0,0,2,2,False,0,0,0,0,absent_in_train
cifar,multi,44,2,9,0,0.0,0,2,2,False,0,0,0,0,absent_in_train
cifar,multi,44,3,0,0,0.0,0,2,2,False,0,0,0,0,absent_in_train
cifar,multi,44,3,1,0,0.0,0,2,2,False,0,0,0,0,absent_in_train
cifar,multi,44,3,2,0,0.0,0,2,2,False,0,0,0,0,absent_in_train
cifar,multi,44,3,3,0,0.0,0,2,2,False,0,0,0,0,absent_in_train
cifar,multi,44,3,4,0,0.0,0,2,2,False,0,0,0,0,absent_in_train
cifar,multi,44,3,5,0,0.0,0,2,2,False,0,0,0,0,absent_in_train
cifar,multi,44,3,6,400,0.977500021457672,1,2,2,True,1400,200,1,0,accredited
cifar,multi,44,3,7,400,0.949999988079071,1,2,2,True,1400,200,1,0,accredited
cifar,multi,44,3,8,0,0.0,0,2,2,False,0,0,0,0,absent_in_train
cifar,multi,44,3,9,0,0.0,0,2,2,False,0,0,0,0,absent_in_train
cifar,multi,44,4,0,0,0.0,0,2,2,False,0,0,0,0,absent_in_train
cifar,multi,44,4,1,0,0.0,0,2,2,False,0,0,0,0,absent_in_train
cifar,multi,44,4,2,0,0.0,0,2,2,False,0,0,0,0,absent_in_train
cifar,multi,44,4,3,0,0.0,0,2,2,False,0,0,0,0,absent_in_train
cifar,multi,44,4,4,0,0.0,0,2,2,False,0,0,0,0,absent_in_train
cifar,multi,44,4,5,0,0.0,0,2,2,False,0,0,0,0,absent_in_train
cifar,multi,44,4,6,0,0.0,0,2,2,False,0,0,0,0,absent_in_train
cifar,multi,44,4,7,0,0.0,0,2,2,False,0,0,0,0,absent_in_train
cifar,multi,44,4,8,400,0.9474999904632568,1,2,2,True,1400,200,1,0,accredited
cifar,multi,44,4,9,400,0.9375,1,2,2,True,1400,200,1,0,accredited
cifar,multi,44,5,0,400,0.9474999904632568,1,2,2,True,1400,200,1,0,accredited
cifar,multi,44,5,1,400,0.9850000143051147,1,2,2,True,1400,200,1,0,accredited
cifar,multi,44,5,2,0,0.0,0,2,2,False,0,0,0,0,absent_in_train
cifar,multi,44,5,3,0,0.0,0,2,2,False,0,0,0,0,absent_in_train
cifar,multi,44,5,4,0,0.0,0,2,2,False,0,0,0,0,absent_in_train
cifar,multi,44,5,5,0,0.0,0,2,2,False,0,0,0,0,absent_in_train
cifar,multi,44,5,6,0,0.0,0,2,2,False,0,0,0,0,absent_in_train
cifar,multi,44,5,7,0,0.0,0,2,2,False,0,0,0,0,absent_in_train
cifar,multi,44,5,8,0,0.0,0,2,2,False,0,0,0,0,absent_in_train
cifar,multi,44,5,9,0,0.0,0,2,2,False,0,0,0,0,absent_in_train
cifar,multi,44,6,0,0,0.0,0,2,2,False,0,0,0,0,absent_in_train
cifar,multi,44,6,1,0,0.0,0,2,2,False,0,0,0,0,absent_in_train
cifar,multi,44,6,2,400,0.8299999833106995,1,2,2,True,1400,200,1,0,accredited
cifar,multi,44,6,3,400,0.949999988079071,1,2,2,True,1400,200,1,0,accredited
cifar,multi,44,6,4,0,0.0,0,2,2,False,0,0,0,0,absent_in_train
cifar,multi,44,6,5,0,0.0,0,2,2,False,0,0,0,0,absent_in_train
cifar,multi,44,6,6,0,0.0,0,2,2,False,0,0,0,0,absent_in_train
cifar,multi,44,6,7,0,0.0,0,2,2,False,0,0,0,0,absent_in_train
cifar,multi,44,6,8,0,0.0,0,2,2,False,0,0,0,0,absent_in_train
cifar,multi,44,6,9,0,0.0,0,2,2,False,0,0,0,0,absent_in_train
cifar,multi,44,7,0,0,0.0,0,2,2,False,0,0,0,0,absent_in_train
cifar,multi,44,7,1,0,0.0,0,2,2,False,0,0,0,0,absent_in_train
cifar,multi,44,7,2,0,0.0,0,2,2,False,0,0,0,0,absent_in_train
cifar,multi,44,7,3,0,0.0,0,2,2,False,0,0,0,0,absent_in_train
cifar,multi,44,7,4,400,0.8974999785423279,1,2,2,True,1400,200,1,0,accredited
cifar,multi,44,7,5,400,0.9350000023841858,1,2,2,True,1400,200,1,0,accredited
cifar,multi,44,7,6,0,0.0,0,2,2,False,0,0,0,0,absent_in_train
cifar,multi,44,7,7,0,0.0,0,2,2,False,0,0,0,0,absent_in_train
cifar,multi,44,7,8,0,0.0,0,2,2,False,0,0,0,0,absent_in_train
cifar,multi,44,7,9,0,0.0,0,2,2,False,0,0,0,0,absent_in_train
cifar,multi,44,8,0,0,0.0,0,2,2,False,0,0,0,0,absent_in_train
cifar,multi,44,8,1,0,0.0,0,2,2,False,0,0,0,0,absent_in_train
cifar,multi,44,8,2,0,0.0,0,2,2,False,0,0,0,0,absent_in_train
cifar,multi,44,8,3,0,0.0,0,2,2,False,0,0,0,0,absent_in_train
cifar,multi,44,8,4,0,0.0,0,2,2,False,0,0,0,0,absent_in_train
cifar,multi,44,8,5,0,0.0,0,2,2,False,0,0,0,0,absent_in_train
cifar,multi,44,8,6,400,0.9574999809265136,1,2,2,True,1400,200,1,0,accredited
cifar,multi,44,8,7,400,0.9549999833106996,1,2,2,True,1400,200,1,0,accredited
cifar,multi,44,8,8,0,0.0,0,2,2,False,0,0,0,0,absent_in_train
cifar,multi,44,8,9,0,0.0,0,2,2,False,0,0,0,0,absent_in_train
cifar,multi,44,9,0,0,0.0,0,2,2,False,0,0,0,0,absent_in_train
cifar,multi,44,9,1,0,0.0,0,2,2,False,0,0,0,0,absent_in_train
cifar,multi,44,9,2,0,0.0,0,2,2,False,0,0,0,0,absent_in_train
cifar,multi,44,9,3,0,0.0,0,2,2,False,0,0,0,0,absent_in_train
cifar,multi,44,9,4,0,0.0,0,2,2,False,0,0,0,0,absent_in_train
cifar,multi,44,9,5,0,0.0,0,2,2,False,0,0,0,0,absent_in_train
cifar,multi,44,9,6,0,0.0,0,2,2,False,0,0,0,0,absent_in_train
cifar,multi,44,9,7,0,0.0,0,2,2,False,0,0,0,0,absent_in_train
cifar,multi,44,9,8,400,0.9649999737739564,1,2,2,True,1400,200,1,0,accredited
cifar,multi,44,9,9,400,0.9549999833106996,1,2,2,True,1400,200,1,0,accredited
cifar,single,42,0,0,800,1.0,1,1,1,True,2800,400,1,0,accredited
cifar,single,42,0,1,0,0.0,0,1,1,False,0,0,0,0,absent_in_train
cifar,single,42,0,2,0,0.0,0,1,1,False,0,0,0,0,absent_in_train
cifar,single,42,0,3,0,0.0,0,1,1,False,0,0,0,0,absent_in_train
cifar,single,42,0,4,0,0.0,0,1,1,False,0,0,0,0,absent_in_train
cifar,single,42,0,5,0,0.0,0,1,1,False,0,0,0,0,absent_in_train
cifar,single,42,0,6,0,0.0,0,1,1,False,0,0,0,0,absent_in_train
cifar,single,42,0,7,0,0.0,0,1,1,False,0,0,0,0,absent_in_train
cifar,single,42,0,8,0,0.0,0,1,1,False,0,0,0,0,absent_in_train
cifar,single,42,0,9,0,0.0,0,1,1,False,0,0,0,0,absent_in_train
cifar,single,42,1,0,0,0.0,0,1,1,False,0,0,0,0,absent_in_train
cifar,single,42,1,1,800,1.0,1,1,1,True,2800,400,1,0,accredited
cifar,single,42,1,2,0,0.0,0,1,1,False,0,0,0,0,absent_in_train
cifar,single,42,1,3,0,0.0,0,1,1,False,0,0,0,0,absent_in_train
cifar,single,42,1,4,0,0.0,0,1,1,False,0,0,0,0,absent_in_train
cifar,single,42,1,5,0,0.0,0,1,1,False,0,0,0,0,absent_in_train
cifar,single,42,1,6,0,0.0,0,1,1,False,0,0,0,0,absent_in_train
cifar,single,42,1,7,0,0.0,0,1,1,False,0,0,0,0,absent_in_train
cifar,single,42,1,8,0,0.0,0,1,1,False,0,0,0,0,absent_in_train
cifar,single,42,1,9,0,0.0,0,1,1,False,0,0,0,0,absent_in_train
cifar,single,42,2,0,0,0.0,0,1,1,False,0,0,0,0,absent_in_train
cifar,single,42,2,1,0,0.0,0,1,1,False,0,0,0,0,absent_in_train
cifar,single,42,2,2,800,1.0,1,1,1,True,2800,400,1,0,accredited
cifar,single,42,2,3,0,0.0,0,1,1,False,0,0,0,0,absent_in_train
cifar,single,42,2,4,0,0.0,0,1,1,False,0,0,0,0,absent_in_train
cifar,single,42,2,5,0,0.0,0,1,1,False,0,0,0,0,absent_in_train
cifar,single,42,2,6,0,0.0,0,1,1,False,0,0,0,0,absent_in_train
cifar,single,42,2,7,0,0.0,0,1,1,False,0,0,0,0,absent_in_train
cifar,single,42,2,8,0,0.0,0,1,1,False,0,0,0,0,absent_in_train
cifar,single,42,2,9,0,0.0,0,1,1,False,0,0,0,0,absent_in_train
cifar,single,42,3,0,0,0.0,0,1,1,False,0,0,0,0,absent_in_train
cifar,single,42,3,1,0,0.0,0,1,1,False,0,0,0,0,absent_in_train
cifar,single,42,3,2,0,0.0,0,1,1,False,0,0,0,0,absent_in_train
cifar,single,42,3,3,800,1.0,1,1,1,True,2800,400,1,0,accredited
cifar,single,42,3,4,0,0.0,0,1,1,False,0,0,0,0,absent_in_train
cifar,single,42,3,5,0,0.0,0,1,1,False,0,0,0,0,absent_in_train
cifar,single,42,3,6,0,0.0,0,1,1,False,0,0,0,0,absent_in_train
cifar,single,42,3,7,0,0.0,0,1,1,False,0,0,0,0,absent_in_train
cifar,single,42,3,8,0,0.0,0,1,1,False,0,0,0,0,absent_in_train
cifar,single,42,3,9,0,0.0,0,1,1,False,0,0,0,0,absent_in_train
cifar,single,42,4,0,0,0.0,0,1,1,False,0,0,0,0,absent_in_train
cifar,single,42,4,1,0,0.0,0,1,1,False,0,0,0,0,absent_in_train
cifar,single,42,4,2,0,0.0,0,1,1,False,0,0,0,0,absent_in_train
cifar,single,42,4,3,0,0.0,0,1,1,False,0,0,0,0,absent_in_train
cifar,single,42,4,4,800,1.0,1,1,1,True,2800,400,1,0,accredited
cifar,single,42,4,5,0,0.0,0,1,1,False,0,0,0,0,absent_in_train
cifar,single,42,4,6,0,0.0,0,1,1,False,0,0,0,0,absent_in_train
cifar,single,42,4,7,0,0.0,0,1,1,False,0,0,0,0,absent_in_train
cifar,single,42,4,8,0,0.0,0,1,1,False,0,0,0,0,absent_in_train
cifar,single,42,4,9,0,0.0,0,1,1,False,0,0,0,0,absent_in_train
cifar,single,42,5,0,0,0.0,0,1,1,False,0,0,0,0,absent_in_train
cifar,single,42,5,1,0,0.0,0,1,1,False,0,0,0,0,absent_in_train
cifar,single,42,5,2,0,0.0,0,1,1,False,0,0,0,0,absent_in_train
cifar,single,42,5,3,0,0.0,0,1,1,False,0,0,0,0,absent_in_train
cifar,single,42,5,4,0,0.0,0,1,1,False,0,0,0,0,absent_in_train
cifar,single,42,5,5,800,1.0,1,1,1,True,2800,400,1,0,accredited
cifar,single,42,5,6,0,0.0,0,1,1,False,0,0,0,0,absent_in_train
cifar,single,42,5,7,0,0.0,0,1,1,False,0,0,0,0,absent_in_train
cifar,single,42,5,8,0,0.0,0,1,1,False,0,0,0,0,absent_in_train
cifar,single,42,5,9,0,0.0,0,1,1,False,0,0,0,0,absent_in_train
cifar,single,42,6,0,0,0.0,0,1,1,False,0,0,0,0,absent_in_train
cifar,single,42,6,1,0,0.0,0,1,1,False,0,0,0,0,absent_in_train
cifar,single,42,6,2,0,0.0,0,1,1,False,0,0,0,0,absent_in_train
cifar,single,42,6,3,0,0.0,0,1,1,False,0,0,0,0,absent_in_train
cifar,single,42,6,4,0,0.0,0,1,1,False,0,0,0,0,absent_in_train
cifar,single,42,6,5,0,0.0,0,1,1,False,0,0,0,0,absent_in_train
cifar,single,42,6,6,800,1.0,1,1,1,True,2800,400,1,0,accredited
cifar,single,42,6,7,0,0.0,0,1,1,False,0,0,0,0,absent_in_train
cifar,single,42,6,8,0,0.0,0,1,1,False,0,0,0,0,absent_in_train
cifar,single,42,6,9,0,0.0,0,1,1,False,0,0,0,0,absent_in_train
cifar,single,42,7,0,0,0.0,0,1,1,False,0,0,0,0,absent_in_train
cifar,single,42,7,1,0,0.0,0,1,1,False,0,0,0,0,absent_in_train
cifar,single,42,7,2,0,0.0,0,1,1,False,0,0,0,0,absent_in_train
cifar,single,42,7,3,0,0.0,0,1,1,False,0,0,0,0,absent_in_train
cifar,single,42,7,4,0,0.0,0,1,1,False,0,0,0,0,absent_in_train
cifar,single,42,7,5,0,0.0,0,1,1,False,0,0,0,0,absent_in_train
cifar,single,42,7,6,0,0.0,0,1,1,False,0,0,0,0,absent_in_train
cifar,single,42,7,7,800,1.0,1,1,1,True,2800,400,1,0,accredited
cifar,single,42,7,8,0,0.0,0,1,1,False,0,0,0,0,absent_in_train
cifar,single,42,7,9,0,0.0,0,1,1,False,0,0,0,0,absent_in_train
cifar,single,42,8,0,0,0.0,0,1,1,False,0,0,0,0,absent_in_train
cifar,single,42,8,1,0,0.0,0,1,1,False,0,0,0,0,absent_in_train
cifar,single,42,8,2,0,0.0,0,1,1,False,0,0,0,0,absent_in_train
cifar,single,42,8,3,0,0.0,0,1,1,False,0,0,0,0,absent_in_train
cifar,single,42,8,4,0,0.0,0,1,1,False,0,0,0,0,absent_in_train
cifar,single,42,8,5,0,0.0,0,1,1,False,0,0,0,0,absent_in_train
cifar,single,42,8,6,0,0.0,0,1,1,False,0,0,0,0,absent_in_train
cifar,single,42,8,7,0,0.0,0,1,1,False,0,0,0,0,absent_in_train
cifar,single,42,8,8,800,1.0,1,1,1,True,2800,400,1,0,accredited
cifar,single,42,8,9,0,0.0,0,1,1,False,0,0,0,0,absent_in_train
cifar,single,42,9,0,0,0.0,0,1,1,False,0,0,0,0,absent_in_train
cifar,single,42,9,1,0,0.0,0,1,1,False,0,0,0,0,absent_in_train
cifar,single,42,9,2,0,0.0,0,1,1,False,0,0,0,0,absent_in_train
cifar,single,42,9,3,0,0.0,0,1,1,False,0,0,0,0,absent_in_train
cifar,single,42,9,4,0,0.0,0,1,1,False,0,0,0,0,absent_in_train
cifar,single,42,9,5,0,0.0,0,1,1,False,0,0,0,0,absent_in_train
cifar,single,42,9,6,0,0.0,0,1,1,False,0,0,0,0,absent_in_train
cifar,single,42,9,7,0,0.0,0,1,1,False,0,0,0,0,absent_in_train
cifar,single,42,9,8,0,0.0,0,1,1,False,0,0,0,0,absent_in_train
cifar,single,42,9,9,800,1.0,1,1,1,True,2800,400,1,0,accredited
cifar,single,43,0,0,800,1.0,1,1,1,True,2800,400,1,0,accredited
cifar,single,43,0,1,0,0.0,0,1,1,False,0,0,0,0,absent_in_train
cifar,single,43,0,2,0,0.0,0,1,1,False,0,0,0,0,absent_in_train
cifar,single,43,0,3,0,0.0,0,1,1,False,0,0,0,0,absent_in_train
cifar,single,43,0,4,0,0.0,0,1,1,False,0,0,0,0,absent_in_train
cifar,single,43,0,5,0,0.0,0,1,1,False,0,0,0,0,absent_in_train
cifar,single,43,0,6,0,0.0,0,1,1,False,0,0,0,0,absent_in_train
cifar,single,43,0,7,0,0.0,0,1,1,False,0,0,0,0,absent_in_train
cifar,single,43,0,8,0,0.0,0,1,1,False,0,0,0,0,absent_in_train
cifar,single,43,0,9,0,0.0,0,1,1,False,0,0,0,0,absent_in_train
cifar,single,43,1,0,0,0.0,0,1,1,False,0,0,0,0,absent_in_train
cifar,single,43,1,1,800,1.0,1,1,1,True,2800,400,1,0,accredited
cifar,single,43,1,2,0,0.0,0,1,1,False,0,0,0,0,absent_in_train
cifar,single,43,1,3,0,0.0,0,1,1,False,0,0,0,0,absent_in_train
cifar,single,43,1,4,0,0.0,0,1,1,False,0,0,0,0,absent_in_train
cifar,single,43,1,5,0,0.0,0,1,1,False,0,0,0,0,absent_in_train
cifar,single,43,1,6,0,0.0,0,1,1,False,0,0,0,0,absent_in_train
cifar,single,43,1,7,0,0.0,0,1,1,False,0,0,0,0,absent_in_train
cifar,single,43,1,8,0,0.0,0,1,1,False,0,0,0,0,absent_in_train
cifar,single,43,1,9,0,0.0,0,1,1,False,0,0,0,0,absent_in_train
cifar,single,43,2,0,0,0.0,0,1,1,False,0,0,0,0,absent_in_train
cifar,single,43,2,1,0,0.0,0,1,1,False,0,0,0,0,absent_in_train
cifar,single,43,2,2,800,1.0,1,1,1,True,2800,400,1,0,accredited
cifar,single,43,2,3,0,0.0,0,1,1,False,0,0,0,0,absent_in_train
cifar,single,43,2,4,0,0.0,0,1,1,False,0,0,0,0,absent_in_train
cifar,single,43,2,5,0,0.0,0,1,1,False,0,0,0,0,absent_in_train
cifar,single,43,2,6,0,0.0,0,1,1,False,0,0,0,0,absent_in_train
cifar,single,43,2,7,0,0.0,0,1,1,False,0,0,0,0,absent_in_train
cifar,single,43,2,8,0,0.0,0,1,1,False,0,0,0,0,absent_in_train
cifar,single,43,2,9,0,0.0,0,1,1,False,0,0,0,0,absent_in_train
cifar,single,43,3,0,0,0.0,0,1,1,False,0,0,0,0,absent_in_train
cifar,single,43,3,1,0,0.0,0,1,1,False,0,0,0,0,absent_in_train
cifar,single,43,3,2,0,0.0,0,1,1,False,0,0,0,0,absent_in_train
cifar,single,43,3,3,800,1.0,1,1,1,True,2800,400,1,0,accredited
cifar,single,43,3,4,0,0.0,0,1,1,False,0,0,0,0,absent_in_train
cifar,single,43,3,5,0,0.0,0,1,1,False,0,0,0,0,absent_in_train
cifar,single,43,3,6,0,0.0,0,1,1,False,0,0,0,0,absent_in_train
cifar,single,43,3,7,0,0.0,0,1,1,False,0,0,0,0,absent_in_train
cifar,single,43,3,8,0,0.0,0,1,1,False,0,0,0,0,absent_in_train
cifar,single,43,3,9,0,0.0,0,1,1,False,0,0,0,0,absent_in_train
cifar,single,43,4,0,0,0.0,0,1,1,False,0,0,0,0,absent_in_train
cifar,single,43,4,1,0,0.0,0,1,1,False,0,0,0,0,absent_in_train
cifar,single,43,4,2,0,0.0,0,1,1,False,0,0,0,0,absent_in_train
cifar,single,43,4,3,0,0.0,0,1,1,False,0,0,0,0,absent_in_train
cifar,single,43,4,4,800,1.0,1,1,1,True,2800,400,1,0,accredited
cifar,single,43,4,5,0,0.0,0,1,1,False,0,0,0,0,absent_in_train
cifar,single,43,4,6,0,0.0,0,1,1,False,0,0,0,0,absent_in_train
cifar,single,43,4,7,0,0.0,0,1,1,False,0,0,0,0,absent_in_train
cifar,single,43,4,8,0,0.0,0,1,1,False,0,0,0,0,absent_in_train
cifar,single,43,4,9,0,0.0,0,1,1,False,0,0,0,0,absent_in_train
cifar,single,43,5,0,0,0.0,0,1,1,False,0,0,0,0,absent_in_train
cifar,single,43,5,1,0,0.0,0,1,1,False,0,0,0,0,absent_in_train
cifar,single,43,5,2,0,0.0,0,1,1,False,0,0,0,0,absent_in_train
cifar,single,43,5,3,0,0.0,0,1,1,False,0,0,0,0,absent_in_train
cifar,single,43,5,4,0,0.0,0,1,1,False,0,0,0,0,absent_in_train
cifar,single,43,5,5,800,1.0,1,1,1,True,2800,400,1,0,accredited
cifar,single,43,5,6,0,0.0,0,1,1,False,0,0,0,0,absent_in_train
cifar,single,43,5,7,0,0.0,0,1,1,False,0,0,0,0,absent_in_train
cifar,single,43,5,8,0,0.0,0,1,1,False,0,0,0,0,absent_in_train
cifar,single,43,5,9,0,0.0,0,1,1,False,0,0,0,0,absent_in_train
cifar,single,43,6,0,0,0.0,0,1,1,False,0,0,0,0,absent_in_train
cifar,single,43,6,1,0,0.0,0,1,1,False,0,0,0,0,absent_in_train
cifar,single,43,6,2,0,0.0,0,1,1,False,0,0,0,0,absent_in_train
cifar,single,43,6,3,0,0.0,0,1,1,False,0,0,0,0,absent_in_train
cifar,single,43,6,4,0,0.0,0,1,1,False,0,0,0,0,absent_in_train
cifar,single,43,6,5,0,0.0,0,1,1,False,0,0,0,0,absent_in_train
cifar,single,43,6,6,800,1.0,1,1,1,True,2800,400,1,0,accredited
cifar,single,43,6,7,0,0.0,0,1,1,False,0,0,0,0,absent_in_train
cifar,single,43,6,8,0,0.0,0,1,1,False,0,0,0,0,absent_in_train
cifar,single,43,6,9,0,0.0,0,1,1,False,0,0,0,0,absent_in_train
cifar,single,43,7,0,0,0.0,0,1,1,False,0,0,0,0,absent_in_train
cifar,single,43,7,1,0,0.0,0,1,1,False,0,0,0,0,absent_in_train
cifar,single,43,7,2,0,0.0,0,1,1,False,0,0,0,0,absent_in_train
cifar,single,43,7,3,0,0.0,0,1,1,False,0,0,0,0,absent_in_train
cifar,single,43,7,4,0,0.0,0,1,1,False,0,0,0,0,absent_in_train
cifar,single,43,7,5,0,0.0,0,1,1,False,0,0,0,0,absent_in_train
cifar,single,43,7,6,0,0.0,0,1,1,False,0,0,0,0,absent_in_train
cifar,single,43,7,7,800,1.0,1,1,1,True,2800,400,1,0,accredited
cifar,single,43,7,8,0,0.0,0,1,1,False,0,0,0,0,absent_in_train
cifar,single,43,7,9,0,0.0,0,1,1,False,0,0,0,0,absent_in_train
cifar,single,43,8,0,0,0.0,0,1,1,False,0,0,0,0,absent_in_train
cifar,single,43,8,1,0,0.0,0,1,1,False,0,0,0,0,absent_in_train
cifar,single,43,8,2,0,0.0,0,1,1,False,0,0,0,0,absent_in_train
cifar,single,43,8,3,0,0.0,0,1,1,False,0,0,0,0,absent_in_train
cifar,single,43,8,4,0,0.0,0,1,1,False,0,0,0,0,absent_in_train
cifar,single,43,8,5,0,0.0,0,1,1,False,0,0,0,0,absent_in_train
cifar,single,43,8,6,0,0.0,0,1,1,False,0,0,0,0,absent_in_train
cifar,single,43,8,7,0,0.0,0,1,1,False,0,0,0,0,absent_in_train
cifar,single,43,8,8,800,1.0,1,1,1,True,2800,400,1,0,accredited
cifar,single,43,8,9,0,0.0,0,1,1,False,0,0,0,0,absent_in_train
cifar,single,43,9,0,0,0.0,0,1,1,False,0,0,0,0,absent_in_train
cifar,single,43,9,1,0,0.0,0,1,1,False,0,0,0,0,absent_in_train
cifar,single,43,9,2,0,0.0,0,1,1,False,0,0,0,0,absent_in_train
cifar,single,43,9,3,0,0.0,0,1,1,False,0,0,0,0,absent_in_train
cifar,single,43,9,4,0,0.0,0,1,1,False,0,0,0,0,absent_in_train
cifar,single,43,9,5,0,0.0,0,1,1,False,0,0,0,0,absent_in_train
cifar,single,43,9,6,0,0.0,0,1,1,False,0,0,0,0,absent_in_train
cifar,single,43,9,7,0,0.0,0,1,1,False,0,0,0,0,absent_in_train
cifar,single,43,9,8,0,0.0,0,1,1,False,0,0,0,0,absent_in_train
cifar,single,43,9,9,800,1.0,1,1,1,True,2800,400,1,0,accredited
cifar,single,44,0,0,800,1.0,1,1,1,True,2800,400,1,0,accredited
cifar,single,44,0,1,0,0.0,0,1,1,False,0,0,0,0,absent_in_train
cifar,single,44,0,2,0,0.0,0,1,1,False,0,0,0,0,absent_in_train
cifar,single,44,0,3,0,0.0,0,1,1,False,0,0,0,0,absent_in_train
cifar,single,44,0,4,0,0.0,0,1,1,False,0,0,0,0,absent_in_train
cifar,single,44,0,5,0,0.0,0,1,1,False,0,0,0,0,absent_in_train
cifar,single,44,0,6,0,0.0,0,1,1,False,0,0,0,0,absent_in_train
cifar,single,44,0,7,0,0.0,0,1,1,False,0,0,0,0,absent_in_train
cifar,single,44,0,8,0,0.0,0,1,1,False,0,0,0,0,absent_in_train
cifar,single,44,0,9,0,0.0,0,1,1,False,0,0,0,0,absent_in_train
cifar,single,44,1,0,0,0.0,0,1,1,False,0,0,0,0,absent_in_train
cifar,single,44,1,1,800,1.0,1,1,1,True,2800,400,1,0,accredited
cifar,single,44,1,2,0,0.0,0,1,1,False,0,0,0,0,absent_in_train
cifar,single,44,1,3,0,0.0,0,1,1,False,0,0,0,0,absent_in_train
cifar,single,44,1,4,0,0.0,0,1,1,False,0,0,0,0,absent_in_train
cifar,single,44,1,5,0,0.0,0,1,1,False,0,0,0,0,absent_in_train
cifar,single,44,1,6,0,0.0,0,1,1,False,0,0,0,0,absent_in_train
cifar,single,44,1,7,0,0.0,0,1,1,False,0,0,0,0,absent_in_train
cifar,single,44,1,8,0,0.0,0,1,1,False,0,0,0,0,absent_in_train
cifar,single,44,1,9,0,0.0,0,1,1,False,0,0,0,0,absent_in_train
cifar,single,44,2,0,0,0.0,0,1,1,False,0,0,0,0,absent_in_train
cifar,single,44,2,1,0,0.0,0,1,1,False,0,0,0,0,absent_in_train
cifar,single,44,2,2,800,1.0,1,1,1,True,2800,400,1,0,accredited
cifar,single,44,2,3,0,0.0,0,1,1,False,0,0,0,0,absent_in_train
cifar,single,44,2,4,0,0.0,0,1,1,False,0,0,0,0,absent_in_train
cifar,single,44,2,5,0,0.0,0,1,1,False,0,0,0,0,absent_in_train
cifar,single,44,2,6,0,0.0,0,1,1,False,0,0,0,0,absent_in_train
cifar,single,44,2,7,0,0.0,0,1,1,False,0,0,0,0,absent_in_train
cifar,single,44,2,8,0,0.0,0,1,1,False,0,0,0,0,absent_in_train
cifar,single,44,2,9,0,0.0,0,1,1,False,0,0,0,0,absent_in_train
cifar,single,44,3,0,0,0.0,0,1,1,False,0,0,0,0,absent_in_train
cifar,single,44,3,1,0,0.0,0,1,1,False,0,0,0,0,absent_in_train
cifar,single,44,3,2,0,0.0,0,1,1,False,0,0,0,0,absent_in_train
cifar,single,44,3,3,800,1.0,1,1,1,True,2800,400,1,0,accredited
cifar,single,44,3,4,0,0.0,0,1,1,False,0,0,0,0,absent_in_train
cifar,single,44,3,5,0,0.0,0,1,1,False,0,0,0,0,absent_in_train
cifar,single,44,3,6,0,0.0,0,1,1,False,0,0,0,0,absent_in_train
cifar,single,44,3,7,0,0.0,0,1,1,False,0,0,0,0,absent_in_train
cifar,single,44,3,8,0,0.0,0,1,1,False,0,0,0,0,absent_in_train
cifar,single,44,3,9,0,0.0,0,1,1,False,0,0,0,0,absent_in_train
cifar,single,44,4,0,0,0.0,0,1,1,False,0,0,0,0,absent_in_train
cifar,single,44,4,1,0,0.0,0,1,1,False,0,0,0,0,absent_in_train
cifar,single,44,4,2,0,0.0,0,1,1,False,0,0,0,0,absent_in_train
cifar,single,44,4,3,0,0.0,0,1,1,False,0,0,0,0,absent_in_train
cifar,single,44,4,4,800,1.0,1,1,1,True,2800,400,1,0,accredited
cifar,single,44,4,5,0,0.0,0,1,1,False,0,0,0,0,absent_in_train
cifar,single,44,4,6,0,0.0,0,1,1,False,0,0,0,0,absent_in_train
cifar,single,44,4,7,0,0.0,0,1,1,False,0,0,0,0,absent_in_train
cifar,single,44,4,8,0,0.0,0,1,1,False,0,0,0,0,absent_in_train
cifar,single,44,4,9,0,0.0,0,1,1,False,0,0,0,0,absent_in_train
cifar,single,44,5,0,0,0.0,0,1,1,False,0,0,0,0,absent_in_train
cifar,single,44,5,1,0,0.0,0,1,1,False,0,0,0,0,absent_in_train
cifar,single,44,5,2,0,0.0,0,1,1,False,0,0,0,0,absent_in_train
cifar,single,44,5,3,0,0.0,0,1,1,False,0,0,0,0,absent_in_train
cifar,single,44,5,4,0,0.0,0,1,1,False,0,0,0,0,absent_in_train
cifar,single,44,5,5,800,1.0,1,1,1,True,2800,400,1,0,accredited
cifar,single,44,5,6,0,0.0,0,1,1,False,0,0,0,0,absent_in_train
cifar,single,44,5,7,0,0.0,0,1,1,False,0,0,0,0,absent_in_train
cifar,single,44,5,8,0,0.0,0,1,1,False,0,0,0,0,absent_in_train
cifar,single,44,5,9,0,0.0,0,1,1,False,0,0,0,0,absent_in_train
cifar,single,44,6,0,0,0.0,0,1,1,False,0,0,0,0,absent_in_train
cifar,single,44,6,1,0,0.0,0,1,1,False,0,0,0,0,absent_in_train
cifar,single,44,6,2,0,0.0,0,1,1,False,0,0,0,0,absent_in_train
cifar,single,44,6,3,0,0.0,0,1,1,False,0,0,0,0,absent_in_train
cifar,single,44,6,4,0,0.0,0,1,1,False,0,0,0,0,absent_in_train
cifar,single,44,6,5,0,0.0,0,1,1,False,0,0,0,0,absent_in_train
cifar,single,44,6,6,800,1.0,1,1,1,True,2800,400,1,0,accredited
cifar,single,44,6,7,0,0.0,0,1,1,False,0,0,0,0,absent_in_train
cifar,single,44,6,8,0,0.0,0,1,1,False,0,0,0,0,absent_in_train
cifar,single,44,6,9,0,0.0,0,1,1,False,0,0,0,0,absent_in_train
cifar,single,44,7,0,0,0.0,0,1,1,False,0,0,0,0,absent_in_train
cifar,single,44,7,1,0,0.0,0,1,1,False,0,0,0,0,absent_in_train
cifar,single,44,7,2,0,0.0,0,1,1,False,0,0,0,0,absent_in_train
cifar,single,44,7,3,0,0.0,0,1,1,False,0,0,0,0,absent_in_train
cifar,single,44,7,4,0,0.0,0,1,1,False,0,0,0,0,absent_in_train
cifar,single,44,7,5,0,0.0,0,1,1,False,0,0,0,0,absent_in_train
cifar,single,44,7,6,0,0.0,0,1,1,False,0,0,0,0,absent_in_train
cifar,single,44,7,7,800,1.0,1,1,1,True,2800,400,1,0,accredited
cifar,single,44,7,8,0,0.0,0,1,1,False,0,0,0,0,absent_in_train
cifar,single,44,7,9,0,0.0,0,1,1,False,0,0,0,0,absent_in_train
cifar,single,44,8,0,0,0.0,0,1,1,False,0,0,0,0,absent_in_train
cifar,single,44,8,1,0,0.0,0,1,1,False,0,0,0,0,absent_in_train
cifar,single,44,8,2,0,0.0,0,1,1,False,0,0,0,0,absent_in_train
cifar,single,44,8,3,0,0.0,0,1,1,False,0,0,0,0,absent_in_train
cifar,single,44,8,4,0,0.0,0,1,1,False,0,0,0,0,absent_in_train
cifar,single,44,8,5,0,0.0,0,1,1,False,0,0,0,0,absent_in_train
cifar,single,44,8,6,0,0.0,0,1,1,False,0,0,0,0,absent_in_train
cifar,single,44,8,7,0,0.0,0,1,1,False,0,0,0,0,absent_in_train
cifar,single,44,8,8,800,1.0,1,1,1,True,2800,400,1,0,accredited
cifar,single,44,8,9,0,0.0,0,1,1,False,0,0,0,0,absent_in_train
cifar,single,44,9,0,0,0.0,0,1,1,False,0,0,0,0,absent_in_train
cifar,single,44,9,1,0,0.0,0,1,1,False,0,0,0,0,absent_in_train
cifar,single,44,9,2,0,0.0,0,1,1,False,0,0,0,0,absent_in_train
cifar,single,44,9,3,0,0.0,0,1,1,False,0,0,0,0,absent_in_train
cifar,single,44,9,4,0,0.0,0,1,1,False,0,0,0,0,absent_in_train
cifar,single,44,9,5,0,0.0,0,1,1,False,0,0,0,0,absent_in_train
cifar,single,44,9,6,0,0.0,0,1,1,False,0,0,0,0,absent_in_train
cifar,single,44,9,7,0,0.0,0,1,1,False,0,0,0,0,absent_in_train
cifar,single,44,9,8,0,0.0,0,1,1,False,0,0,0,0,absent_in_train
cifar,single,44,9,9,800,1.0,1,1,1,True,2800,400,1,0,accredited
