M_sha256,aggregation,batch_order_sha256,batch_size,cache_creation_commit,cache_sha256,consumed_batches_sha256,dataset,effective_teachers,epochs_completed,epochs_started,examples_seen,fallback_count,fallback_rate,kd_execution_commit,learning_rate,mean_selected_teachers,method,optimizer,pre_restriction_outside_support_mass,protocol_version,proxy_labels_sha256,proxy_master_sha256,proxy_master_size,proxy_selection,proxy_selection_seed,proxy_sha256,proxy_size,proxy_view,regime,run_id,scheduler,seed,student_final_sha256,student_final_train_loss,student_init_sha256,student_test_accuracy,student_test_nll,target_accuracy,target_entropy,target_nll,target_revision,temperature,training_recipe_json,updates,weight_decay,weight_rule,input_file,input_row,execution_commit,loss,source_cache_sha256,source_regime,expertise_M_sha256,partition_metadata_sha256,presence_counts_sha256,routing_mask_source,invalid_reason,valid
80f93e8c7d0e1e083e6aab0b073011d858d092951eb4bb2d595cd43173e04704,mean_probabilities,2a836581bb03cec96f509a87a0a27efbc0afc37c6522a54562e03a18504b0346,256,7ec812be75663f47fb1c9726f93e3688d8b157f3,1c4c00d5a8782ab5dc03a856baacc1e6bb134e73805febca3945c8bb2e4a855b,983996e529cac6912e3b0d96e762a9374461d1c0f329cfebb9aaed5fd49ffc19,mnist,9.999999999999998,30,30,300000,0.0,0.0,7ff045e85bdcdcb19da695baf49045e3320a14d4,0.001,10.0,feddf_prob,AdamW,,article1-v3,c675c07ca4b404432cdfca8572fe34493de68ea756a4b3ee7c70ec17714a925c,d6100cfa5d3571a1ff2c6b7927e7a5cc702b95806e13423a2da32c102d68c20d,10000,full_original_order,42,d6100cfa5d3571a1ff2c6b7927e7a5cc702b95806e13423a2da32c102d68c20d,10000,deterministic_evaluation,iid,d87496c6477f8643,none,42,8eb786d4a0a48177d57e04c12e7dd4c10c013c0d029e6dc60ef7f09a8afecf5b,0.967038631439209,1902c4d403a1e7249ac2616fe137aefc66e55a6b36798d693b04186999168c34,0.9845,0.0474863140608649,0.9848,1.7897930057201752,0.8118604848879594,1.0,8.0,"{""K"": 10, ""batch_size"": 256, ""epochs"": 30, ""lr"": 0.001, ""optimizer"": ""AdamW"", ""weight_decay"": 0.0001}",1200,0.0001,uniform,/home/roi/PycharmProjects/KD_v5/OUTPUTS/article1_v3/results_baseline.csv,2,,,,,,,,,,True
80f93e8c7d0e1e083e6aab0b073011d858d092951eb4bb2d595cd43173e04704,mean_probabilities,2a836581bb03cec96f509a87a0a27efbc0afc37c6522a54562e03a18504b0346,256,7ec812be75663f47fb1c9726f93e3688d8b157f3,1c4c00d5a8782ab5dc03a856baacc1e6bb134e73805febca3945c8bb2e4a855b,983996e529cac6912e3b0d96e762a9374461d1c0f329cfebb9aaed5fd49ffc19,mnist,9.999999999999998,30,30,300000,0.0,0.0,7ff045e85bdcdcb19da695baf49045e3320a14d4,0.001,10.0,expert_prob,AdamW,9.151568391985169e-18,article1-v3,c675c07ca4b404432cdfca8572fe34493de68ea756a4b3ee7c70ec17714a925c,d6100cfa5d3571a1ff2c6b7927e7a5cc702b95806e13423a2da32c102d68c20d,10000,full_original_order,42,d6100cfa5d3571a1ff2c6b7927e7a5cc702b95806e13423a2da32c102d68c20d,10000,deterministic_evaluation,iid,9bc82c354ac078be,none,42,8eb786d4a0a48177d57e04c12e7dd4c10c013c0d029e6dc60ef7f09a8afecf5b,0.967038631439209,1902c4d403a1e7249ac2616fe137aefc66e55a6b36798d693b04186999168c34,0.9845,0.0474863140608649,0.9848,1.7897930057201752,0.8118604848879594,1.0,8.0,"{""K"": 10, ""batch_size"": 256, ""epochs"": 30, ""lr"": 0.001, ""optimizer"": ""AdamW"", ""weight_decay"": 0.0001}",1200,0.0001,selected_uniform,/home/roi/PycharmProjects/KD_v5/OUTPUTS/article1_v3/results_baseline.csv,3,,,,,,,,,,True
80f93e8c7d0e1e083e6aab0b073011d858d092951eb4bb2d595cd43173e04704,mean_support_restricted_probabilities,2a836581bb03cec96f509a87a0a27efbc0afc37c6522a54562e03a18504b0346,256,7ec812be75663f47fb1c9726f93e3688d8b157f3,1c4c00d5a8782ab5dc03a856baacc1e6bb134e73805febca3945c8bb2e4a855b,983996e529cac6912e3b0d96e762a9374461d1c0f329cfebb9aaed5fd49ffc19,mnist,9.999999999999998,30,30,300000,0.0,0.0,7ff045e85bdcdcb19da695baf49045e3320a14d4,0.001,10.0,expert_prob_sr,AdamW,9.151568391985169e-18,article1-v3,c675c07ca4b404432cdfca8572fe34493de68ea756a4b3ee7c70ec17714a925c,d6100cfa5d3571a1ff2c6b7927e7a5cc702b95806e13423a2da32c102d68c20d,10000,full_original_order,42,d6100cfa5d3571a1ff2c6b7927e7a5cc702b95806e13423a2da32c102d68c20d,10000,deterministic_evaluation,iid,4345bd50ed9e7074,none,42,8eb786d4a0a48177d57e04c12e7dd4c10c013c0d029e6dc60ef7f09a8afecf5b,0.967038631439209,1902c4d403a1e7249ac2616fe137aefc66e55a6b36798d693b04186999168c34,0.9845,0.0474863140608649,0.9848,1.7897930057201752,0.8118604848879594,2.0,8.0,"{""K"": 10, ""batch_size"": 256, ""epochs"": 30, ""lr"": 0.001, ""optimizer"": ""AdamW"", ""weight_decay"": 0.0001}",1200,0.0001,selected_uniform,/home/roi/PycharmProjects/KD_v5/OUTPUTS/article1_v3/results_baseline.csv,4,,,,,,,,,,True
80f93e8c7d0e1e083e6aab0b073011d858d092951eb4bb2d595cd43173e04704,mean_probabilities,2a836581bb03cec96f509a87a0a27efbc0afc37c6522a54562e03a18504b0346,256,7ec812be75663f47fb1c9726f93e3688d8b157f3,1c4c00d5a8782ab5dc03a856baacc1e6bb134e73805febca3945c8bb2e4a855b,983996e529cac6912e3b0d96e762a9374461d1c0f329cfebb9aaed5fd49ffc19,mnist,9.782899999999998,30,30,300000,32.0,0.0032,7ff045e85bdcdcb19da695baf49045e3320a14d4,0.001,9.7509,oracle_prob,AdamW,,article1-v3,c675c07ca4b404432cdfca8572fe34493de68ea756a4b3ee7c70ec17714a925c,d6100cfa5d3571a1ff2c6b7927e7a5cc702b95806e13423a2da32c102d68c20d,10000,full_original_order,42,d6100cfa5d3571a1ff2c6b7927e7a5cc702b95806e13423a2da32c102d68c20d,10000,deterministic_evaluation,iid,527d8f17d82fd73c,none,42,b3ab0f813233df3ee424334aa0feb1578fbc43e9a8f7831c97810bcc72adae43,0.9015070199966432,1902c4d403a1e7249ac2616fe137aefc66e55a6b36798d693b04186999168c34,0.9855,0.0436342619055882,0.9968,1.7888665201089695,0.8046855030662174,1.0,8.0,"{""K"": 10, ""batch_size"": 256, ""epochs"": 30, ""lr"": 0.001, ""optimizer"": ""AdamW"", ""weight_decay"": 0.0001}",1200,0.0001,selected_uniform,/home/roi/PycharmProjects/KD_v5/OUTPUTS/article1_v3/results_baseline.csv,5,,,,,,,,,,True
80f93e8c7d0e1e083e6aab0b073011d858d092951eb4bb2d595cd43173e04704,weighted_mean_logits,2a836581bb03cec96f509a87a0a27efbc0afc37c6522a54562e03a18504b0346,256,7ec812be75663f47fb1c9726f93e3688d8b157f3,1c4c00d5a8782ab5dc03a856baacc1e6bb134e73805febca3945c8bb2e4a855b,983996e529cac6912e3b0d96e762a9374461d1c0f329cfebb9aaed5fd49ffc19,mnist,9.999999999999998,30,30,300000,0.0,0.0,7ff045e85bdcdcb19da695baf49045e3320a14d4,0.001,10.0,feddf_logit,AdamW,,article1-v3,c675c07ca4b404432cdfca8572fe34493de68ea756a4b3ee7c70ec17714a925c,d6100cfa5d3571a1ff2c6b7927e7a5cc702b95806e13423a2da32c102d68c20d,10000,full_original_order,42,d6100cfa5d3571a1ff2c6b7927e7a5cc702b95806e13423a2da32c102d68c20d,10000,deterministic_evaluation,iid,f3f7fcbb087554c7,none,42,c3c355b51dc67768429997be33682081555e70d5c2757c3694532d5da9ee7d4c,0.9563791751861572,1902c4d403a1e7249ac2616fe137aefc66e55a6b36798d693b04186999168c34,0.9843,0.0479586881102528,0.9849,1.7695377890375217,0.7973634101125794,1.0,8.0,"{""K"": 10, ""batch_size"": 256, ""epochs"": 30, ""lr"": 0.001, ""optimizer"": ""AdamW"", ""weight_decay"": 0.0001}",1200,0.0001,uniform,/home/roi/PycharmProjects/KD_v5/OUTPUTS/article1_v3/results_baseline.csv,6,,,,,,,,,,True
80f93e8c7d0e1e083e6aab0b073011d858d092951eb4bb2d595cd43173e04704,weighted_mean_logits,2a836581bb03cec96f509a87a0a27efbc0afc37c6522a54562e03a18504b0346,256,7ec812be75663f47fb1c9726f93e3688d8b157f3,1c4c00d5a8782ab5dc03a856baacc1e6bb134e73805febca3945c8bb2e4a855b,983996e529cac6912e3b0d96e762a9374461d1c0f329cfebb9aaed5fd49ffc19,mnist,9.782899999999998,30,30,300000,32.0,0.0032,7ff045e85bdcdcb19da695baf49045e3320a14d4,0.001,9.7509,oracle_logit,AdamW,,article1-v3,c675c07ca4b404432cdfca8572fe34493de68ea756a4b3ee7c70ec17714a925c,d6100cfa5d3571a1ff2c6b7927e7a5cc702b95806e13423a2da32c102d68c20d,10000,full_original_order,42,d6100cfa5d3571a1ff2c6b7927e7a5cc702b95806e13423a2da32c102d68c20d,10000,deterministic_evaluation,iid,e9137cf541da17df,none,42,9dbf62266a7d6ed9b26c523c65992ec6854518049e26fe27c0bdd87abd9a00a6,0.8605767488479614,1902c4d403a1e7249ac2616fe137aefc66e55a6b36798d693b04186999168c34,0.9854,0.0443420875532086,0.9968,1.7685068019142791,0.7898984258724797,1.0,8.0,"{""K"": 10, ""batch_size"": 256, ""epochs"": 30, ""lr"": 0.001, ""optimizer"": ""AdamW"", ""weight_decay"": 0.0001}",1200,0.0001,selected_uniform,/home/roi/PycharmProjects/KD_v5/OUTPUTS/article1_v3/results_baseline.csv,7,,,,,,,,,,True
1769e55a274edd8fde7ce78f67c69efc41f316699db14eb618a7a583ee1a4d45,mean_probabilities,2a836581bb03cec96f509a87a0a27efbc0afc37c6522a54562e03a18504b0346,256,7ec812be75663f47fb1c9726f93e3688d8b157f3,1ee8a9739c99917174c92d57423b9aa95a139d3c9001f26cf1f675650f598b41,983996e529cac6912e3b0d96e762a9374461d1c0f329cfebb9aaed5fd49ffc19,mnist,9.999999999999998,30,30,300000,0.0,0.0,7ff045e85bdcdcb19da695baf49045e3320a14d4,0.001,10.0,feddf_prob,AdamW,,article1-v3,c675c07ca4b404432cdfca8572fe34493de68ea756a4b3ee7c70ec17714a925c,d6100cfa5d3571a1ff2c6b7927e7a5cc702b95806e13423a2da32c102d68c20d,10000,full_original_order,42,d6100cfa5d3571a1ff2c6b7927e7a5cc702b95806e13423a2da32c102d68c20d,10000,deterministic_evaluation,alpha1p0,5c63d62f03984ea2,none,42,b19ab4505661074d7a0facd83f404fd16bc25a2f937b74682bf04d1a754002af,0.6156045198440552,1902c4d403a1e7249ac2616fe137aefc66e55a6b36798d693b04186999168c34,0.9802,0.0602755610270425,0.9798,1.952237828492988,0.990416299200742,1.0,8.0,"{""K"": 10, ""batch_size"": 256, ""epochs"": 30, ""lr"": 0.001, ""optimizer"": ""AdamW"", ""weight_decay"": 0.0001}",1200,0.0001,uniform,/home/roi/PycharmProjects/KD_v5/OUTPUTS/article1_v3/results_baseline.csv,8,,,,,,,,,,True
1769e55a274edd8fde7ce78f67c69efc41f316699db14eb618a7a583ee1a4d45,mean_probabilities,2a836581bb03cec96f509a87a0a27efbc0afc37c6522a54562e03a18504b0346,256,7ec812be75663f47fb1c9726f93e3688d8b157f3,1ee8a9739c99917174c92d57423b9aa95a139d3c9001f26cf1f675650f598b41,983996e529cac6912e3b0d96e762a9374461d1c0f329cfebb9aaed5fd49ffc19,mnist,8.5,30,30,300000,0.0,0.0,7ff045e85bdcdcb19da695baf49045e3320a14d4,0.001,8.5,expert_prob,AdamW,0.0845863154656162,article1-v3,c675c07ca4b404432cdfca8572fe34493de68ea756a4b3ee7c70ec17714a925c,d6100cfa5d3571a1ff2c6b7927e7a5cc702b95806e13423a2da32c102d68c20d,10000,full_original_order,42,d6100cfa5d3571a1ff2c6b7927e7a5cc702b95806e13423a2da32c102d68c20d,10000,deterministic_evaluation,alpha1p0,1d5cb3fb595a35f8,none,42,bf8547b6cb92d161b7658f0e92e9893b1147b5c59d31baaaa8ebb9dad83e8960,0.6563845872879028,1902c4d403a1e7249ac2616fe137aefc66e55a6b36798d693b04186999168c34,0.9822,0.0541155442069284,0.9851,1.9163172813674605,0.9382436737286832,1.0,8.0,"{""K"": 10, ""batch_size"": 256, ""epochs"": 30, ""lr"": 0.001, ""optimizer"": ""AdamW"", ""weight_decay"": 0.0001}",1200,0.0001,selected_uniform,/home/roi/PycharmProjects/KD_v5/OUTPUTS/article1_v3/results_baseline.csv,9,,,,,,,,,,True
1769e55a274edd8fde7ce78f67c69efc41f316699db14eb618a7a583ee1a4d45,mean_support_restricted_probabilities,2a836581bb03cec96f509a87a0a27efbc0afc37c6522a54562e03a18504b0346,256,7ec812be75663f47fb1c9726f93e3688d8b157f3,1ee8a9739c99917174c92d57423b9aa95a139d3c9001f26cf1f675650f598b41,983996e529cac6912e3b0d96e762a9374461d1c0f329cfebb9aaed5fd49ffc19,mnist,8.5,30,30,300000,0.0,0.0,7ff045e85bdcdcb19da695baf49045e3320a14d4,0.001,8.5,expert_prob_sr,AdamW,0.0845863154656162,article1-v3,c675c07ca4b404432cdfca8572fe34493de68ea756a4b3ee7c70ec17714a925c,d6100cfa5d3571a1ff2c6b7927e7a5cc702b95806e13423a2da32c102d68c20d,10000,full_original_order,42,d6100cfa5d3571a1ff2c6b7927e7a5cc702b95806e13423a2da32c102d68c20d,10000,deterministic_evaluation,alpha1p0,b9638230b92b67a0,none,42,38182dc83e557fffcbd957714e229bdd985b61bf1de69b0a590b875ceca2c270,0.863831102848053,1902c4d403a1e7249ac2616fe137aefc66e55a6b36798d693b04186999168c34,0.9846,0.0534457274414133,0.9904,1.851208339634054,0.8481233999831389,2.0,8.0,"{""K"": 10, ""batch_size"": 256, ""epochs"": 30, ""lr"": 0.001, ""optimizer"": ""AdamW"", ""weight_decay"": 0.0001}",1200,0.0001,selected_uniform,/home/roi/PycharmProjects/KD_v5/OUTPUTS/article1_v3/results_baseline.csv,10,,,,,,,,,,True
1769e55a274edd8fde7ce78f67c69efc41f316699db14eb618a7a583ee1a4d45,mean_probabilities,2a836581bb03cec96f509a87a0a27efbc0afc37c6522a54562e03a18504b0346,256,7ec812be75663f47fb1c9726f93e3688d8b157f3,1ee8a9739c99917174c92d57423b9aa95a139d3c9001f26cf1f675650f598b41,983996e529cac6912e3b0d96e762a9374461d1c0f329cfebb9aaed5fd49ffc19,mnist,9.3855,30,30,300000,23.0,0.0023,7ff045e85bdcdcb19da695baf49045e3320a14d4,0.001,9.3625,oracle_prob,AdamW,,article1-v3,c675c07ca4b404432cdfca8572fe34493de68ea756a4b3ee7c70ec17714a925c,d6100cfa5d3571a1ff2c6b7927e7a5cc702b95806e13423a2da32c102d68c20d,10000,full_original_order,42,d6100cfa5d3571a1ff2c6b7927e7a5cc702b95806e13423a2da32c102d68c20d,10000,deterministic_evaluation,alpha1p0,56a59f5fc1fa7eb2,none,42,169aba1d2a8a1fb6c75575398016ca8c1ef4c7dd1425e6fa13621f6884e623a8,0.6240548491477966,1902c4d403a1e7249ac2616fe137aefc66e55a6b36798d693b04186999168c34,0.984,0.0487251726482063,0.9977,1.9415031512637189,0.9603652655678682,1.0,8.0,"{""K"": 10, ""batch_size"": 256, ""epochs"": 30, ""lr"": 0.001, ""optimizer"": ""AdamW"", ""weight_decay"": 0.0001}",1200,0.0001,selected_uniform,/home/roi/PycharmProjects/KD_v5/OUTPUTS/article1_v3/results_baseline.csv,11,,,,,,,,,,True
1769e55a274edd8fde7ce78f67c69efc41f316699db14eb618a7a583ee1a4d45,weighted_mean_logits,2a836581bb03cec96f509a87a0a27efbc0afc37c6522a54562e03a18504b0346,256,7ec812be75663f47fb1c9726f93e3688d8b157f3,1ee8a9739c99917174c92d57423b9aa95a139d3c9001f26cf1f675650f598b41,983996e529cac6912e3b0d96e762a9374461d1c0f329cfebb9aaed5fd49ffc19,mnist,9.999999999999998,30,30,300000,0.0,0.0,7ff045e85bdcdcb19da695baf49045e3320a14d4,0.001,10.0,feddf_logit,AdamW,,article1-v3,c675c07ca4b404432cdfca8572fe34493de68ea756a4b3ee7c70ec17714a925c,d6100cfa5d3571a1ff2c6b7927e7a5cc702b95806e13423a2da32c102d68c20d,10000,full_original_order,42,d6100cfa5d3571a1ff2c6b7927e7a5cc702b95806e13423a2da32c102d68c20d,10000,deterministic_evaluation,alpha1p0,9192ef45fa94bcf9,none,42,e336f10999b53a3cd733a968c260e2da4081f6e600ee50d3048f3338c52be9f1,0.7520833015441895,1902c4d403a1e7249ac2616fe137aefc66e55a6b36798d693b04186999168c34,0.98,0.0630904607247561,0.9788,1.9391811063993496,0.9813913630329156,1.0,8.0,"{""K"": 10, ""batch_size"": 256, ""epochs"": 30, ""lr"": 0.001, ""optimizer"": ""AdamW"", ""weight_decay"": 0.0001}",1200,0.0001,uniform,/home/roi/PycharmProjects/KD_v5/OUTPUTS/article1_v3/results_baseline.csv,12,,,,,,,,,,True
1769e55a274edd8fde7ce78f67c69efc41f316699db14eb618a7a583ee1a4d45,weighted_mean_logits,2a836581bb03cec96f509a87a0a27efbc0afc37c6522a54562e03a18504b0346,256,7ec812be75663f47fb1c9726f93e3688d8b157f3,1ee8a9739c99917174c92d57423b9aa95a139d3c9001f26cf1f675650f598b41,983996e529cac6912e3b0d96e762a9374461d1c0f329cfebb9aaed5fd49ffc19,mnist,9.3855,30,30,300000,23.0,0.0023,7ff045e85bdcdcb19da695baf49045e3320a14d4,0.001,9.3625,oracle_logit,AdamW,,article1-v3,c675c07ca4b404432cdfca8572fe34493de68ea756a4b3ee7c70ec17714a925c,d6100cfa5d3571a1ff2c6b7927e7a5cc702b95806e13423a2da32c102d68c20d,10000,full_original_order,42,d6100cfa5d3571a1ff2c6b7927e7a5cc702b95806e13423a2da32c102d68c20d,10000,deterministic_evaluation,alpha1p0,12f24074c6a85064,none,42,10d1cc043a87caa997a2af7fea9094718facfdd3bdebae6b7175e2e77b4e8ae8,0.671135663986206,1902c4d403a1e7249ac2616fe137aefc66e55a6b36798d693b04186999168c34,0.9843,0.0487871149496175,0.9977,1.926207932453927,0.9467934291487752,1.0,8.0,"{""K"": 10, ""batch_size"": 256, ""epochs"": 30, ""lr"": 0.001, ""optimizer"": ""AdamW"", ""weight_decay"": 0.0001}",1200,0.0001,selected_uniform,/home/roi/PycharmProjects/KD_v5/OUTPUTS/article1_v3/results_baseline.csv,13,,,,,,,,,,True
3ae930a3d455fc72ab3b3be5987cdf360256a9dad8863ce77738b057cc6ceadd,mean_probabilities,2a836581bb03cec96f509a87a0a27efbc0afc37c6522a54562e03a18504b0346,256,7ec812be75663f47fb1c9726f93e3688d8b157f3,67ba36a524103132452e244163fa770344870afabeada27dd648b46b93ab881c,983996e529cac6912e3b0d96e762a9374461d1c0f329cfebb9aaed5fd49ffc19,mnist,9.999999999999998,30,30,300000,0.0,0.0,7ff045e85bdcdcb19da695baf49045e3320a14d4,0.001,10.0,feddf_prob,AdamW,,article1-v3,c675c07ca4b404432cdfca8572fe34493de68ea756a4b3ee7c70ec17714a925c,d6100cfa5d3571a1ff2c6b7927e7a5cc702b95806e13423a2da32c102d68c20d,10000,full_original_order,42,d6100cfa5d3571a1ff2c6b7927e7a5cc702b95806e13423a2da32c102d68c20d,10000,deterministic_evaluation,alpha0p5,b4b9afcdf2ce45ad,none,42,18bb47ced32f588a56360450f0d020381f312ad69e98f00633fdc125e20ec1c8,0.6565304398536682,1902c4d403a1e7249ac2616fe137aefc66e55a6b36798d693b04186999168c34,0.9652,0.1012987575858831,0.9651,1.968591732504176,1.0336607028231273,1.0,8.0,"{""K"": 10, ""batch_size"": 256, ""epochs"": 30, ""lr"": 0.001, ""optimizer"": ""AdamW"", ""weight_decay"": 0.0001}",1200,0.0001,uniform,/home/roi/PycharmProjects/KD_v5/OUTPUTS/article1_v3/results_baseline.csv,14,,,,,,,,,,True
3ae930a3d455fc72ab3b3be5987cdf360256a9dad8863ce77738b057cc6ceadd,mean_probabilities,2a836581bb03cec96f509a87a0a27efbc0afc37c6522a54562e03a18504b0346,256,7ec812be75663f47fb1c9726f93e3688d8b157f3,67ba36a524103132452e244163fa770344870afabeada27dd648b46b93ab881c,983996e529cac6912e3b0d96e762a9374461d1c0f329cfebb9aaed5fd49ffc19,mnist,7.3,30,30,300000,0.0,0.0,7ff045e85bdcdcb19da695baf49045e3320a14d4,0.001,7.3,expert_prob,AdamW,0.1301686252498488,article1-v3,c675c07ca4b404432cdfca8572fe34493de68ea756a4b3ee7c70ec17714a925c,d6100cfa5d3571a1ff2c6b7927e7a5cc702b95806e13423a2da32c102d68c20d,10000,full_original_order,42,d6100cfa5d3571a1ff2c6b7927e7a5cc702b95806e13423a2da32c102d68c20d,10000,deterministic_evaluation,alpha0p5,f2209cbb09508377,none,42,df764fa6844c1f87969b2053f48d782629049956422478cd1e71002902d15d13,0.8753981590270996,1902c4d403a1e7249ac2616fe137aefc66e55a6b36798d693b04186999168c34,0.9824,0.0602315281427116,0.9878,1.8778632914633704,0.8850633318569912,1.0,8.0,"{""K"": 10, ""batch_size"": 256, ""epochs"": 30, ""lr"": 0.001, ""optimizer"": ""AdamW"", ""weight_decay"": 0.0001}",1200,0.0001,selected_uniform,/home/roi/PycharmProjects/KD_v5/OUTPUTS/article1_v3/results_baseline.csv,15,,,,,,,,,,True
3ae930a3d455fc72ab3b3be5987cdf360256a9dad8863ce77738b057cc6ceadd,mean_support_restricted_probabilities,2a836581bb03cec96f509a87a0a27efbc0afc37c6522a54562e03a18504b0346,256,7ec812be75663f47fb1c9726f93e3688d8b157f3,67ba36a524103132452e244163fa770344870afabeada27dd648b46b93ab881c,983996e529cac6912e3b0d96e762a9374461d1c0f329cfebb9aaed5fd49ffc19,mnist,7.3,30,30,300000,0.0,0.0,7ff045e85bdcdcb19da695baf49045e3320a14d4,0.001,7.3,expert_prob_sr,AdamW,0.1301686252498488,article1-v3,c675c07ca4b404432cdfca8572fe34493de68ea756a4b3ee7c70ec17714a925c,d6100cfa5d3571a1ff2c6b7927e7a5cc702b95806e13423a2da32c102d68c20d,10000,full_original_order,42,d6100cfa5d3571a1ff2c6b7927e7a5cc702b95806e13423a2da32c102d68c20d,10000,deterministic_evaluation,alpha0p5,96e0ae5947cac9f4,none,42,1346743fcbf5ec813e8b8bda5c8f3f7621ff8bc597d26d11dd9d2ae2618cc467,0.8297774791717529,1902c4d403a1e7249ac2616fe137aefc66e55a6b36798d693b04186999168c34,0.9815,0.0633918464021553,0.9921,1.7397277760072816,0.744999590366645,2.0,8.0,"{""K"": 10, ""batch_size"": 256, ""epochs"": 30, ""lr"": 0.001, ""optimizer"": ""AdamW"", ""weight_decay"": 0.0001}",1200,0.0001,selected_uniform,/home/roi/PycharmProjects/KD_v5/OUTPUTS/article1_v3/results_baseline.csv,16,,,,,,,,,,True
3ae930a3d455fc72ab3b3be5987cdf360256a9dad8863ce77738b057cc6ceadd,mean_probabilities,2a836581bb03cec96f509a87a0a27efbc0afc37c6522a54562e03a18504b0346,256,7ec812be75663f47fb1c9726f93e3688d8b157f3,67ba36a524103132452e244163fa770344870afabeada27dd648b46b93ab881c,983996e529cac6912e3b0d96e762a9374461d1c0f329cfebb9aaed5fd49ffc19,mnist,8.7359,30,30,300000,20.0,0.002,7ff045e85bdcdcb19da695baf49045e3320a14d4,0.001,8.7159,oracle_prob,AdamW,,article1-v3,c675c07ca4b404432cdfca8572fe34493de68ea756a4b3ee7c70ec17714a925c,d6100cfa5d3571a1ff2c6b7927e7a5cc702b95806e13423a2da32c102d68c20d,10000,full_original_order,42,d6100cfa5d3571a1ff2c6b7927e7a5cc702b95806e13423a2da32c102d68c20d,10000,deterministic_evaluation,alpha0p5,01f3665db7c1b177,none,42,adb595067072ac8e1060bd0550dcb5f5b3fba7017a29dc55a6a6a8317f0576a8,0.5494662523269653,1902c4d403a1e7249ac2616fe137aefc66e55a6b36798d693b04186999168c34,0.9836,0.0497107751791831,0.998,1.931313299651832,0.9411405744116133,1.0,8.0,"{""K"": 10, ""batch_size"": 256, ""epochs"": 30, ""lr"": 0.001, ""optimizer"": ""AdamW"", ""weight_decay"": 0.0001}",1200,0.0001,selected_uniform,/home/roi/PycharmProjects/KD_v5/OUTPUTS/article1_v3/results_baseline.csv,17,,,,,,,,,,True
3ae930a3d455fc72ab3b3be5987cdf360256a9dad8863ce77738b057cc6ceadd,weighted_mean_logits,2a836581bb03cec96f509a87a0a27efbc0afc37c6522a54562e03a18504b0346,256,7ec812be75663f47fb1c9726f93e3688d8b157f3,67ba36a524103132452e244163fa770344870afabeada27dd648b46b93ab881c,983996e529cac6912e3b0d96e762a9374461d1c0f329cfebb9aaed5fd49ffc19,mnist,9.999999999999998,30,30,300000,0.0,0.0,7ff045e85bdcdcb19da695baf49045e3320a14d4,0.001,10.0,feddf_logit,AdamW,,article1-v3,c675c07ca4b404432cdfca8572fe34493de68ea756a4b3ee7c70ec17714a925c,d6100cfa5d3571a1ff2c6b7927e7a5cc702b95806e13423a2da32c102d68c20d,10000,full_original_order,42,d6100cfa5d3571a1ff2c6b7927e7a5cc702b95806e13423a2da32c102d68c20d,10000,deterministic_evaluation,alpha0p5,3ebe95153b060ea6,none,42,759211f0e5d4524c7644d4ac111b8f1bdec814f8ec63552f7c7f6f69d3738f10,0.6834285855293274,1902c4d403a1e7249ac2616fe137aefc66e55a6b36798d693b04186999168c34,0.9484,0.1567255389899015,0.945,1.9643367401915908,1.0573363121172712,1.0,8.0,"{""K"": 10, ""batch_size"": 256, ""epochs"": 30, ""lr"": 0.001, ""optimizer"": ""AdamW"", ""weight_decay"": 0.0001}",1200,0.0001,uniform,/home/roi/PycharmProjects/KD_v5/OUTPUTS/article1_v3/results_baseline.csv,18,,,,,,,,,,True
3ae930a3d455fc72ab3b3be5987cdf360256a9dad8863ce77738b057cc6ceadd,weighted_mean_logits,2a836581bb03cec96f509a87a0a27efbc0afc37c6522a54562e03a18504b0346,256,7ec812be75663f47fb1c9726f93e3688d8b157f3,67ba36a524103132452e244163fa770344870afabeada27dd648b46b93ab881c,983996e529cac6912e3b0d96e762a9374461d1c0f329cfebb9aaed5fd49ffc19,mnist,8.7359,30,30,300000,20.0,0.002,7ff045e85bdcdcb19da695baf49045e3320a14d4,0.001,8.7159,oracle_logit,AdamW,,article1-v3,c675c07ca4b404432cdfca8572fe34493de68ea756a4b3ee7c70ec17714a925c,d6100cfa5d3571a1ff2c6b7927e7a5cc702b95806e13423a2da32c102d68c20d,10000,full_original_order,42,d6100cfa5d3571a1ff2c6b7927e7a5cc702b95806e13423a2da32c102d68c20d,10000,deterministic_evaluation,alpha0p5,ff3e68157b637807,none,42,7ef66f776f70f09159f028193f3f89ceedbeee6e874441db007073e44c24ced0,0.7224063277244568,1902c4d403a1e7249ac2616fe137aefc66e55a6b36798d693b04186999168c34,0.983,0.0539874024679884,0.998,1.9060353513952468,0.9193189778347892,1.0,8.0,"{""K"": 10, ""batch_size"": 256, ""epochs"": 30, ""lr"": 0.001, ""optimizer"": ""AdamW"", ""weight_decay"": 0.0001}",1200,0.0001,selected_uniform,/home/roi/PycharmProjects/KD_v5/OUTPUTS/article1_v3/results_baseline.csv,19,,,,,,,,,,True
06ed36d10f15ccf7d7bc7d3dd31476e9709437718660aac1fbc95b258373e375,mean_probabilities,2a836581bb03cec96f509a87a0a27efbc0afc37c6522a54562e03a18504b0346,256,7ec812be75663f47fb1c9726f93e3688d8b157f3,e20270ca96acb6652f0c3bd9824939b190449f09c353f40c10ebacac5452d657,983996e529cac6912e3b0d96e762a9374461d1c0f329cfebb9aaed5fd49ffc19,mnist,9.999999999999998,30,30,300000,0.0,0.0,7ff045e85bdcdcb19da695baf49045e3320a14d4,0.001,10.0,feddf_prob,AdamW,,article1-v3,c675c07ca4b404432cdfca8572fe34493de68ea756a4b3ee7c70ec17714a925c,d6100cfa5d3571a1ff2c6b7927e7a5cc702b95806e13423a2da32c102d68c20d,10000,full_original_order,42,d6100cfa5d3571a1ff2c6b7927e7a5cc702b95806e13423a2da32c102d68c20d,10000,deterministic_evaluation,alpha0p1,fd302b0cd1665f65,none,42,aeb88e13102746383f474bbf27e78d7790e0b63f4826a9c1683917a1996c5686,0.4310391247272491,1902c4d403a1e7249ac2616fe137aefc66e55a6b36798d693b04186999168c34,0.9523,0.1549976515173912,0.9587,2.133497227497572,1.347947038557929,1.0,8.0,"{""K"": 10, ""batch_size"": 256, ""epochs"": 30, ""lr"": 0.001, ""optimizer"": ""AdamW"", ""weight_decay"": 0.0001}",1200,0.0001,uniform,/home/roi/PycharmProjects/KD_v5/OUTPUTS/article1_v3/results_baseline.csv,20,,,,,,,,,,True
06ed36d10f15ccf7d7bc7d3dd31476e9709437718660aac1fbc95b258373e375,mean_probabilities,2a836581bb03cec96f509a87a0a27efbc0afc37c6522a54562e03a18504b0346,256,7ec812be75663f47fb1c9726f93e3688d8b157f3,e20270ca96acb6652f0c3bd9824939b190449f09c353f40c10ebacac5452d657,983996e529cac6912e3b0d96e762a9374461d1c0f329cfebb9aaed5fd49ffc19,mnist,4.8,30,30,300000,0.0,0.0,7ff045e85bdcdcb19da695baf49045e3320a14d4,0.001,4.8,expert_prob,AdamW,0.2010450277147009,article1-v3,c675c07ca4b404432cdfca8572fe34493de68ea756a4b3ee7c70ec17714a925c,d6100cfa5d3571a1ff2c6b7927e7a5cc702b95806e13423a2da32c102d68c20d,10000,full_original_order,42,d6100cfa5d3571a1ff2c6b7927e7a5cc702b95806e13423a2da32c102d68c20d,10000,deterministic_evaluation,alpha0p1,d9427415fddfb7dc,none,42,cd45b779219fc03cde541bd81755e45d2e1d962d48dddb5cdd7b6b4f49308f27,0.730839729309082,1902c4d403a1e7249ac2616fe137aefc66e55a6b36798d693b04186999168c34,0.9884,0.0415412668741075,0.9965,1.847589760899981,0.8238872842622718,1.0,8.0,"{""K"": 10, ""batch_size"": 256, ""epochs"": 30, ""lr"": 0.001, ""optimizer"": ""AdamW"", ""weight_decay"": 0.0001}",1200,0.0001,selected_uniform,/home/roi/PycharmProjects/KD_v5/OUTPUTS/article1_v3/results_baseline.csv,21,,,,,,,,,,True
06ed36d10f15ccf7d7bc7d3dd31476e9709437718660aac1fbc95b258373e375,mean_support_restricted_probabilities,2a836581bb03cec96f509a87a0a27efbc0afc37c6522a54562e03a18504b0346,256,7ec812be75663f47fb1c9726f93e3688d8b157f3,e20270ca96acb6652f0c3bd9824939b190449f09c353f40c10ebacac5452d657,983996e529cac6912e3b0d96e762a9374461d1c0f329cfebb9aaed5fd49ffc19,mnist,4.8,30,30,300000,0.0,0.0,7ff045e85bdcdcb19da695baf49045e3320a14d4,0.001,4.8,expert_prob_sr,AdamW,0.2010450277147009,article1-v3,c675c07ca4b404432cdfca8572fe34493de68ea756a4b3ee7c70ec17714a925c,d6100cfa5d3571a1ff2c6b7927e7a5cc702b95806e13423a2da32c102d68c20d,10000,full_original_order,42,d6100cfa5d3571a1ff2c6b7927e7a5cc702b95806e13423a2da32c102d68c20d,10000,deterministic_evaluation,alpha0p1,690075f851ef6b5b,none,42,d4b8cb4e0f1acb106b33b34556af32a9fd3df069377bacc44df72682526cbc68,0.993705987930298,1902c4d403a1e7249ac2616fe137aefc66e55a6b36798d693b04186999168c34,0.9863,0.0559172317745629,0.9983,1.5886355688479803,0.614946108206023,2.0,8.0,"{""K"": 10, ""batch_size"": 256, ""epochs"": 30, ""lr"": 0.001, ""optimizer"": ""AdamW"", ""weight_decay"": 0.0001}",1200,0.0001,selected_uniform,/home/roi/PycharmProjects/KD_v5/OUTPUTS/article1_v3/results_baseline.csv,22,,,,,,,,,,True
06ed36d10f15ccf7d7bc7d3dd31476e9709437718660aac1fbc95b258373e375,mean_probabilities,2a836581bb03cec96f509a87a0a27efbc0afc37c6522a54562e03a18504b0346,256,7ec812be75663f47fb1c9726f93e3688d8b157f3,e20270ca96acb6652f0c3bd9824939b190449f09c353f40c10ebacac5452d657,983996e529cac6912e3b0d96e762a9374461d1c0f329cfebb9aaed5fd49ffc19,mnist,5.4697,30,30,300000,6.0,0.0006,7ff045e85bdcdcb19da695baf49045e3320a14d4,0.001,5.4637,oracle_prob,AdamW,,article1-v3,c675c07ca4b404432cdfca8572fe34493de68ea756a4b3ee7c70ec17714a925c,d6100cfa5d3571a1ff2c6b7927e7a5cc702b95806e13423a2da32c102d68c20d,10000,full_original_order,42,d6100cfa5d3571a1ff2c6b7927e7a5cc702b95806e13423a2da32c102d68c20d,10000,deterministic_evaluation,alpha0p1,a70c36e629578fc0,none,42,d4036bc86e1813ca37b950d772cf89ca20e7f03aaced71b5454ad4510bed4b56,1.085479497909546,1902c4d403a1e7249ac2616fe137aefc66e55a6b36798d693b04186999168c34,0.9904,0.0355046675514895,0.9994,1.8870087340440933,0.8579462038690763,1.0,8.0,"{""K"": 10, ""batch_size"": 256, ""epochs"": 30, ""lr"": 0.001, ""optimizer"": ""AdamW"", ""weight_decay"": 0.0001}",1200,0.0001,selected_uniform,/home/roi/PycharmProjects/KD_v5/OUTPUTS/article1_v3/results_baseline.csv,23,,,,,,,,,,True
06ed36d10f15ccf7d7bc7d3dd31476e9709437718660aac1fbc95b258373e375,weighted_mean_logits,2a836581bb03cec96f509a87a0a27efbc0afc37c6522a54562e03a18504b0346,256,7ec812be75663f47fb1c9726f93e3688d8b157f3,e20270ca96acb6652f0c3bd9824939b190449f09c353f40c10ebacac5452d657,983996e529cac6912e3b0d96e762a9374461d1c0f329cfebb9aaed5fd49ffc19,mnist,9.999999999999998,30,30,300000,0.0,0.0,7ff045e85bdcdcb19da695baf49045e3320a14d4,0.001,10.0,feddf_logit,AdamW,,article1-v3,c675c07ca4b404432cdfca8572fe34493de68ea756a4b3ee7c70ec17714a925c,d6100cfa5d3571a1ff2c6b7927e7a5cc702b95806e13423a2da32c102d68c20d,10000,full_original_order,42,d6100cfa5d3571a1ff2c6b7927e7a5cc702b95806e13423a2da32c102d68c20d,10000,deterministic_evaluation,alpha0p1,4211ab3ca951358a,none,42,d1d225000ea9f1adb072cb3aa245f1317b2853706ab14a8d71c7552b9e59f909,0.2519720196723938,1902c4d403a1e7249ac2616fe137aefc66e55a6b36798d693b04186999168c34,0.8872,0.3164773600339889,0.902,2.1901112283467024,1.5202555506505115,1.0,8.0,"{""K"": 10, ""batch_size"": 256, ""epochs"": 30, ""lr"": 0.001, ""optimizer"": ""AdamW"", ""weight_decay"": 0.0001}",1200,0.0001,uniform,/home/roi/PycharmProjects/KD_v5/OUTPUTS/article1_v3/results_baseline.csv,24,,,,,,,,,,True
06ed36d10f15ccf7d7bc7d3dd31476e9709437718660aac1fbc95b258373e375,weighted_mean_logits,2a836581bb03cec96f509a87a0a27efbc0afc37c6522a54562e03a18504b0346,256,7ec812be75663f47fb1c9726f93e3688d8b157f3,e20270ca96acb6652f0c3bd9824939b190449f09c353f40c10ebacac5452d657,983996e529cac6912e3b0d96e762a9374461d1c0f329cfebb9aaed5fd49ffc19,mnist,5.4697,30,30,300000,6.0,0.0006,7ff045e85bdcdcb19da695baf49045e3320a14d4,0.001,5.4637,oracle_logit,AdamW,,article1-v3,c675c07ca4b404432cdfca8572fe34493de68ea756a4b3ee7c70ec17714a925c,d6100cfa5d3571a1ff2c6b7927e7a5cc702b95806e13423a2da32c102d68c20d,10000,full_original_order,42,d6100cfa5d3571a1ff2c6b7927e7a5cc702b95806e13423a2da32c102d68c20d,10000,deterministic_evaluation,alpha0p1,0425fb4bce2e031b,none,42,6aa4729b1d2c6f4ad79385ce6cf1e91f0ac9b381b890708f9ad1e50e0802a742,1.1612087488174438,1902c4d403a1e7249ac2616fe137aefc66e55a6b36798d693b04186999168c34,0.9912,0.0340184094461845,0.9994,1.7867303726793005,0.7632725226705619,1.0,8.0,"{""K"": 10, ""batch_size"": 256, ""epochs"": 30, ""lr"": 0.001, ""optimizer"": ""AdamW"", ""weight_decay"": 0.0001}",1200,0.0001,selected_uniform,/home/roi/PycharmProjects/KD_v5/OUTPUTS/article1_v3/results_baseline.csv,25,,,,,,,,,,True
ce4b9886dc3da23c4ec80937dca96608fe5f8454c6299680143dd031516e5403,mean_probabilities,2a836581bb03cec96f509a87a0a27efbc0afc37c6522a54562e03a18504b0346,256,7ec812be75663f47fb1c9726f93e3688d8b157f3,df755563875f48ca7042b61a8f6fd26adcb9555d23216d014b2fa0d6f57af456,983996e529cac6912e3b0d96e762a9374461d1c0f329cfebb9aaed5fd49ffc19,mnist,9.999999999999998,30,30,300000,0.0,0.0,7ff045e85bdcdcb19da695baf49045e3320a14d4,0.001,10.0,feddf_prob,AdamW,,article1-v3,c675c07ca4b404432cdfca8572fe34493de68ea756a4b3ee7c70ec17714a925c,d6100cfa5d3571a1ff2c6b7927e7a5cc702b95806e13423a2da32c102d68c20d,10000,full_original_order,42,d6100cfa5d3571a1ff2c6b7927e7a5cc702b95806e13423a2da32c102d68c20d,10000,deterministic_evaluation,multi,8dec28b0a6408e7b,none,42,d6d0ecc6226f3d287f09425c7c9af561a432d9b8d96a516f1295528ed484760f,0.441081166267395,1902c4d403a1e7249ac2616fe137aefc66e55a6b36798d693b04186999168c34,0.5578,1.210960118675232,0.5386,2.1223098693457576,1.7345000106411097,1.0,8.0,"{""K"": 10, ""batch_size"": 256, ""epochs"": 30, ""lr"": 0.001, ""optimizer"": ""AdamW"", ""weight_decay"": 0.0001}",1200,0.0001,uniform,/home/roi/PycharmProjects/KD_v5/OUTPUTS/article1_v3/results_baseline.csv,26,,,,,,,,,,True
ce4b9886dc3da23c4ec80937dca96608fe5f8454c6299680143dd031516e5403,mean_probabilities,2a836581bb03cec96f509a87a0a27efbc0afc37c6522a54562e03a18504b0346,256,7ec812be75663f47fb1c9726f93e3688d8b157f3,df755563875f48ca7042b61a8f6fd26adcb9555d23216d014b2fa0d6f57af456,983996e529cac6912e3b0d96e762a9374461d1c0f329cfebb9aaed5fd49ffc19,mnist,2.0,30,30,300000,0.0,0.0,7ff045e85bdcdcb19da695baf49045e3320a14d4,0.001,2.0,expert_prob,AdamW,0.0472189505071148,article1-v3,c675c07ca4b404432cdfca8572fe34493de68ea756a4b3ee7c70ec17714a925c,d6100cfa5d3571a1ff2c6b7927e7a5cc702b95806e13423a2da32c102d68c20d,10000,full_original_order,42,d6100cfa5d3571a1ff2c6b7927e7a5cc702b95806e13423a2da32c102d68c20d,10000,deterministic_evaluation,multi,d2eabc31aba5005e,none,42,d1f408c2eb8ecb9c0b2e4dd8d10e5322a0b12a09b3c096bcf8457c7edd4b743d,1.0547399520874023,1902c4d403a1e7249ac2616fe137aefc66e55a6b36798d693b04186999168c34,0.988,0.117843687046488,0.9978,0.5068018765760975,0.1657755963507904,1.0,8.0,"{""K"": 10, ""batch_size"": 256, ""epochs"": 30, ""lr"": 0.001, ""optimizer"": ""AdamW"", ""weight_decay"": 0.0001}",1200,0.0001,selected_uniform,/home/roi/PycharmProjects/KD_v5/OUTPUTS/article1_v3/results_baseline.csv,27,,,,,,,,,,True
ce4b9886dc3da23c4ec80937dca96608fe5f8454c6299680143dd031516e5403,mean_support_restricted_probabilities,2a836581bb03cec96f509a87a0a27efbc0afc37c6522a54562e03a18504b0346,256,7ec812be75663f47fb1c9726f93e3688d8b157f3,df755563875f48ca7042b61a8f6fd26adcb9555d23216d014b2fa0d6f57af456,983996e529cac6912e3b0d96e762a9374461d1c0f329cfebb9aaed5fd49ffc19,mnist,2.0,30,30,300000,0.0,0.0,7ff045e85bdcdcb19da695baf49045e3320a14d4,0.001,2.0,expert_prob_sr,AdamW,0.0472189505071148,article1-v3,c675c07ca4b404432cdfca8572fe34493de68ea756a4b3ee7c70ec17714a925c,d6100cfa5d3571a1ff2c6b7927e7a5cc702b95806e13423a2da32c102d68c20d,10000,full_original_order,42,d6100cfa5d3571a1ff2c6b7927e7a5cc702b95806e13423a2da32c102d68c20d,10000,deterministic_evaluation,multi,60923db11234e605,none,42,a98e14113c82fdf03d6d06132bc0f09ee42e26d21b5c2217fa0f6696fac03d27,0.5724846124649048,1902c4d403a1e7249ac2616fe137aefc66e55a6b36798d693b04186999168c34,0.9833,0.2995374655583058,0.9979,0.2771150067117026,0.1156705870362563,2.0,8.0,"{""K"": 10, ""batch_size"": 256, ""epochs"": 30, ""lr"": 0.001, ""optimizer"": ""AdamW"", ""weight_decay"": 0.0001}",1200,0.0001,selected_uniform,/home/roi/PycharmProjects/KD_v5/OUTPUTS/article1_v3/results_baseline.csv,28,,,,,,,,,,True
ce4b9886dc3da23c4ec80937dca96608fe5f8454c6299680143dd031516e5403,mean_probabilities,2a836581bb03cec96f509a87a0a27efbc0afc37c6522a54562e03a18504b0346,256,7ec812be75663f47fb1c9726f93e3688d8b157f3,df755563875f48ca7042b61a8f6fd26adcb9555d23216d014b2fa0d6f57af456,983996e529cac6912e3b0d96e762a9374461d1c0f329cfebb9aaed5fd49ffc19,mnist,2.0043,30,30,300000,9.0,0.0009,7ff045e85bdcdcb19da695baf49045e3320a14d4,0.001,1.9953,oracle_prob,AdamW,,article1-v3,c675c07ca4b404432cdfca8572fe34493de68ea756a4b3ee7c70ec17714a925c,d6100cfa5d3571a1ff2c6b7927e7a5cc702b95806e13423a2da32c102d68c20d,10000,full_original_order,42,d6100cfa5d3571a1ff2c6b7927e7a5cc702b95806e13423a2da32c102d68c20d,10000,deterministic_evaluation,multi,3ae96d596ba5a68c,none,42,30171ff6889a7dbe7a7ac9e1058bbb659ab369fc730834199f878dd2523baa16,1.1030479669570925,1902c4d403a1e7249ac2616fe137aefc66e55a6b36798d693b04186999168c34,0.9884,0.1053475016651471,0.9992,0.5080347243209214,0.1670066439948523,1.0,8.0,"{""K"": 10, ""batch_size"": 256, ""epochs"": 30, ""lr"": 0.001, ""optimizer"": ""AdamW"", ""weight_decay"": 0.0001}",1200,0.0001,selected_uniform,/home/roi/PycharmProjects/KD_v5/OUTPUTS/article1_v3/results_baseline.csv,29,,,,,,,,,,True
ce4b9886dc3da23c4ec80937dca96608fe5f8454c6299680143dd031516e5403,weighted_mean_logits,2a836581bb03cec96f509a87a0a27efbc0afc37c6522a54562e03a18504b0346,256,7ec812be75663f47fb1c9726f93e3688d8b157f3,df755563875f48ca7042b61a8f6fd26adcb9555d23216d014b2fa0d6f57af456,983996e529cac6912e3b0d96e762a9374461d1c0f329cfebb9aaed5fd49ffc19,mnist,9.999999999999998,30,30,300000,0.0,0.0,7ff045e85bdcdcb19da695baf49045e3320a14d4,0.001,10.0,feddf_logit,AdamW,,article1-v3,c675c07ca4b404432cdfca8572fe34493de68ea756a4b3ee7c70ec17714a925c,d6100cfa5d3571a1ff2c6b7927e7a5cc702b95806e13423a2da32c102d68c20d,10000,full_original_order,42,d6100cfa5d3571a1ff2c6b7927e7a5cc702b95806e13423a2da32c102d68c20d,10000,deterministic_evaluation,multi,0b3e5d3da2ed350d,none,42,9bee0bdb171488acd83f58fd529ad0500d8b5deee747d811d8773352548792bd,0.2052660584449768,1902c4d403a1e7249ac2616fe137aefc66e55a6b36798d693b04186999168c34,0.3714,3.512506669616699,0.3655,2.2152210106885,2.038898037840996,1.0,8.0,"{""K"": 10, ""batch_size"": 256, ""epochs"": 30, ""lr"": 0.001, ""optimizer"": ""AdamW"", ""weight_decay"": 0.0001}",1200,0.0001,uniform,/home/roi/PycharmProjects/KD_v5/OUTPUTS/article1_v3/results_baseline.csv,30,,,,,,,,,,True
ce4b9886dc3da23c4ec80937dca96608fe5f8454c6299680143dd031516e5403,weighted_mean_logits,2a836581bb03cec96f509a87a0a27efbc0afc37c6522a54562e03a18504b0346,256,7ec812be75663f47fb1c9726f93e3688d8b157f3,df755563875f48ca7042b61a8f6fd26adcb9555d23216d014b2fa0d6f57af456,983996e529cac6912e3b0d96e762a9374461d1c0f329cfebb9aaed5fd49ffc19,mnist,2.0043,30,30,300000,9.0,0.0009,7ff045e85bdcdcb19da695baf49045e3320a14d4,0.001,1.9953,oracle_logit,AdamW,,article1-v3,c675c07ca4b404432cdfca8572fe34493de68ea756a4b3ee7c70ec17714a925c,d6100cfa5d3571a1ff2c6b7927e7a5cc702b95806e13423a2da32c102d68c20d,10000,full_original_order,42,d6100cfa5d3571a1ff2c6b7927e7a5cc702b95806e13423a2da32c102d68c20d,10000,deterministic_evaluation,multi,45cac312d61e5507,none,42,8361a1f778f3478671dff6d9d4e1481a985ab400a02ca30456bde3a7a2e76021,0.8921897411346436,1902c4d403a1e7249ac2616fe137aefc66e55a6b36798d693b04186999168c34,0.9877,0.1170516867371567,0.9992,0.4416097463782231,0.1476725670728081,1.0,8.0,"{""K"": 10, ""batch_size"": 256, ""epochs"": 30, ""lr"": 0.001, ""optimizer"": ""AdamW"", ""weight_decay"": 0.0001}",1200,0.0001,selected_uniform,/home/roi/PycharmProjects/KD_v5/OUTPUTS/article1_v3/results_baseline.csv,31,,,,,,,,,,True
e6f1e0016bd69e5208d7779bafd908447f0ffbf5bd505201465dc3d9494ee864,mean_probabilities,2a836581bb03cec96f509a87a0a27efbc0afc37c6522a54562e03a18504b0346,256,7ec812be75663f47fb1c9726f93e3688d8b157f3,b5b53cb4ddb7392674cbb61f9a3f87565d7efa226164b2234b4d3d25ed2ccc8a,983996e529cac6912e3b0d96e762a9374461d1c0f329cfebb9aaed5fd49ffc19,mnist,9.999999999999998,30,30,300000,0.0,0.0,7ff045e85bdcdcb19da695baf49045e3320a14d4,0.001,10.0,feddf_prob,AdamW,,article1-v3,c675c07ca4b404432cdfca8572fe34493de68ea756a4b3ee7c70ec17714a925c,d6100cfa5d3571a1ff2c6b7927e7a5cc702b95806e13423a2da32c102d68c20d,10000,full_original_order,42,d6100cfa5d3571a1ff2c6b7927e7a5cc702b95806e13423a2da32c102d68c20d,10000,deterministic_evaluation,single,3724fea623593e4e,none,42,624984eb5bb849007c3a1927938db016e992cd66b4336bfcdb73ab7704c46467,-3.2186508178710938e-06,1902c4d403a1e7249ac2616fe137aefc66e55a6b36798d693b04186999168c34,0.0974,2.3025986099243165,0.1001,2.3025850927832083,2.3025845393002795,1.0,8.0,"{""K"": 10, ""batch_size"": 256, ""epochs"": 30, ""lr"": 0.001, ""optimizer"": ""AdamW"", ""weight_decay"": 0.0001}",1200,0.0001,uniform,/home/roi/PycharmProjects/KD_v5/OUTPUTS/article1_v3/results_baseline.csv,32,,,,,,,,,,True
e6f1e0016bd69e5208d7779bafd908447f0ffbf5bd505201465dc3d9494ee864,mean_probabilities,2a836581bb03cec96f509a87a0a27efbc0afc37c6522a54562e03a18504b0346,256,7ec812be75663f47fb1c9726f93e3688d8b157f3,b5b53cb4ddb7392674cbb61f9a3f87565d7efa226164b2234b4d3d25ed2ccc8a,983996e529cac6912e3b0d96e762a9374461d1c0f329cfebb9aaed5fd49ffc19,mnist,1.0,30,30,300000,0.0,0.0,7ff045e85bdcdcb19da695baf49045e3320a14d4,0.001,1.0,expert_prob,AdamW,3.748388105112699e-06,article1-v3,c675c07ca4b404432cdfca8572fe34493de68ea756a4b3ee7c70ec17714a925c,d6100cfa5d3571a1ff2c6b7927e7a5cc702b95806e13423a2da32c102d68c20d,10000,full_original_order,42,d6100cfa5d3571a1ff2c6b7927e7a5cc702b95806e13423a2da32c102d68c20d,10000,deterministic_evaluation,single,9cf5cccd877e965c,none,42,836706a8cc03aa3c053c3ba800c8bb103322cf46e3f1173cda8dcdf3c51e15a6,0.0023864838294684,1902c4d403a1e7249ac2616fe137aefc66e55a6b36798d693b04186999168c34,0.9854,0.3139423278145216,1.0,4.823978562574781e-05,3.748534233606741e-06,1.0,8.0,"{""K"": 10, ""batch_size"": 256, ""epochs"": 30, ""lr"": 0.001, ""optimizer"": ""AdamW"", ""weight_decay"": 0.0001}",1200,0.0001,selected_uniform,/home/roi/PycharmProjects/KD_v5/OUTPUTS/article1_v3/results_baseline.csv,33,,,,,,,,,,True
e6f1e0016bd69e5208d7779bafd908447f0ffbf5bd505201465dc3d9494ee864,mean_support_restricted_probabilities,2a836581bb03cec96f509a87a0a27efbc0afc37c6522a54562e03a18504b0346,256,7ec812be75663f47fb1c9726f93e3688d8b157f3,b5b53cb4ddb7392674cbb61f9a3f87565d7efa226164b2234b4d3d25ed2ccc8a,983996e529cac6912e3b0d96e762a9374461d1c0f329cfebb9aaed5fd49ffc19,mnist,1.0,30,30,300000,0.0,0.0,7ff045e85bdcdcb19da695baf49045e3320a14d4,0.001,1.0,expert_prob_sr,AdamW,3.748388105112699e-06,article1-v3,c675c07ca4b404432cdfca8572fe34493de68ea756a4b3ee7c70ec17714a925c,d6100cfa5d3571a1ff2c6b7927e7a5cc702b95806e13423a2da32c102d68c20d,10000,full_original_order,42,d6100cfa5d3571a1ff2c6b7927e7a5cc702b95806e13423a2da32c102d68c20d,10000,deterministic_evaluation,single,89d722d990c06664,none,42,f27c3f19363fea109480c9cac6b4d647f37382e50f2ea330bb91721f7442b98a,0.0013660788536071,1902c4d403a1e7249ac2616fe137aefc66e55a6b36798d693b04186999168c34,0.9871,0.2907907750265932,1.0,-0.0,-0.0,2.0,8.0,"{""K"": 10, ""batch_size"": 256, ""epochs"": 30, ""lr"": 0.001, ""optimizer"": ""AdamW"", ""weight_decay"": 0.0001}",1200,0.0001,selected_uniform,/home/roi/PycharmProjects/KD_v5/OUTPUTS/article1_v3/results_baseline.csv,34,,,,,,,,,,True
e6f1e0016bd69e5208d7779bafd908447f0ffbf5bd505201465dc3d9494ee864,mean_probabilities,2a836581bb03cec96f509a87a0a27efbc0afc37c6522a54562e03a18504b0346,256,7ec812be75663f47fb1c9726f93e3688d8b157f3,b5b53cb4ddb7392674cbb61f9a3f87565d7efa226164b2234b4d3d25ed2ccc8a,983996e529cac6912e3b0d96e762a9374461d1c0f329cfebb9aaed5fd49ffc19,mnist,1.0,30,30,300000,0.0,0.0,7ff045e85bdcdcb19da695baf49045e3320a14d4,0.001,1.0,oracle_prob,AdamW,,article1-v3,c675c07ca4b404432cdfca8572fe34493de68ea756a4b3ee7c70ec17714a925c,d6100cfa5d3571a1ff2c6b7927e7a5cc702b95806e13423a2da32c102d68c20d,10000,full_original_order,42,d6100cfa5d3571a1ff2c6b7927e7a5cc702b95806e13423a2da32c102d68c20d,10000,deterministic_evaluation,single,99837b4a7dd53a90,none,42,836706a8cc03aa3c053c3ba800c8bb103322cf46e3f1173cda8dcdf3c51e15a6,0.0023864838294684,1902c4d403a1e7249ac2616fe137aefc66e55a6b36798d693b04186999168c34,0.9854,0.3139423278145216,1.0,4.823978562574781e-05,3.748534233606741e-06,1.0,8.0,"{""K"": 10, ""batch_size"": 256, ""epochs"": 30, ""lr"": 0.001, ""optimizer"": ""AdamW"", ""weight_decay"": 0.0001}",1200,0.0001,selected_uniform,/home/roi/PycharmProjects/KD_v5/OUTPUTS/article1_v3/results_baseline.csv,35,,,,,,,,,,True
e6f1e0016bd69e5208d7779bafd908447f0ffbf5bd505201465dc3d9494ee864,weighted_mean_logits,2a836581bb03cec96f509a87a0a27efbc0afc37c6522a54562e03a18504b0346,256,7ec812be75663f47fb1c9726f93e3688d8b157f3,b5b53cb4ddb7392674cbb61f9a3f87565d7efa226164b2234b4d3d25ed2ccc8a,983996e529cac6912e3b0d96e762a9374461d1c0f329cfebb9aaed5fd49ffc19,mnist,9.999999999999998,30,30,300000,0.0,0.0,7ff045e85bdcdcb19da695baf49045e3320a14d4,0.001,10.0,feddf_logit,AdamW,,article1-v3,c675c07ca4b404432cdfca8572fe34493de68ea756a4b3ee7c70ec17714a925c,d6100cfa5d3571a1ff2c6b7927e7a5cc702b95806e13423a2da32c102d68c20d,10000,full_original_order,42,d6100cfa5d3571a1ff2c6b7927e7a5cc702b95806e13423a2da32c102d68c20d,10000,deterministic_evaluation,single,27e537ba1de330d8,none,42,704cc34da676284fc981f4df9c2ee081510ff37c0f57159b0de1b190be6e61b9,0.2312625646591186,1902c4d403a1e7249ac2616fe137aefc66e55a6b36798d693b04186999168c34,0.1009,8.955038143920898,0.1,2.1335115905692086,2.4657241995633505,1.0,8.0,"{""K"": 10, ""batch_size"": 256, ""epochs"": 30, ""lr"": 0.001, ""optimizer"": ""AdamW"", ""weight_decay"": 0.0001}",1200,0.0001,uniform,/home/roi/PycharmProjects/KD_v5/OUTPUTS/article1_v3/results_baseline.csv,36,,,,,,,,,,True
e6f1e0016bd69e5208d7779bafd908447f0ffbf5bd505201465dc3d9494ee864,weighted_mean_logits,2a836581bb03cec96f509a87a0a27efbc0afc37c6522a54562e03a18504b0346,256,7ec812be75663f47fb1c9726f93e3688d8b157f3,b5b53cb4ddb7392674cbb61f9a3f87565d7efa226164b2234b4d3d25ed2ccc8a,983996e529cac6912e3b0d96e762a9374461d1c0f329cfebb9aaed5fd49ffc19,mnist,1.0,30,30,300000,0.0,0.0,7ff045e85bdcdcb19da695baf49045e3320a14d4,0.001,1.0,oracle_logit,AdamW,,article1-v3,c675c07ca4b404432cdfca8572fe34493de68ea756a4b3ee7c70ec17714a925c,d6100cfa5d3571a1ff2c6b7927e7a5cc702b95806e13423a2da32c102d68c20d,10000,full_original_order,42,d6100cfa5d3571a1ff2c6b7927e7a5cc702b95806e13423a2da32c102d68c20d,10000,deterministic_evaluation,single,7ef3dc77dd3f3b25,none,42,836706a8cc03aa3c053c3ba800c8bb103322cf46e3f1173cda8dcdf3c51e15a6,0.0023864838294684,1902c4d403a1e7249ac2616fe137aefc66e55a6b36798d693b04186999168c34,0.9854,0.3139423278145216,1.0,4.823978562574781e-05,3.748534233606741e-06,1.0,8.0,"{""K"": 10, ""batch_size"": 256, ""epochs"": 30, ""lr"": 0.001, ""optimizer"": ""AdamW"", ""weight_decay"": 0.0001}",1200,0.0001,selected_uniform,/home/roi/PycharmProjects/KD_v5/OUTPUTS/article1_v3/results_baseline.csv,37,,,,,,,,,,True
c71a836fb18c224322482aff09b171a1f8d84ddad62b65d79efc561e33930e21,mean_probabilities,9dc3b75d34f50fd7e8121684c2e8b96473759a62ffdf4da9a899b6be2324c4f6,256,7ec812be75663f47fb1c9726f93e3688d8b157f3,8ac88c9f1a75ccda0684de74cb99754aec0a00b42071fed4220bc725afbd5a03,ac4d3daebd132fcf0c30acd7f9828d40c3eda282d672fe5d5214e900d8f21068,mnist,9.999999999999998,30,30,300000,0.0,0.0,7ff045e85bdcdcb19da695baf49045e3320a14d4,0.001,10.0,feddf_prob,AdamW,,article1-v3,0ef12c320cfa1f93a852406370e80eb0b1e4b1731704727c3a1f9b691f1c9e9f,107efb320922a5311b91b47974f03876544bfaeb39719aa1e062bfdf103fd6e0,10000,full_original_order,43,107efb320922a5311b91b47974f03876544bfaeb39719aa1e062bfdf103fd6e0,10000,deterministic_evaluation,iid,097f5357e99483a8,none,43,4e1cdd92fd3ce7faabd15b538d26ff232a2bdeee1f71c1b96751033782ef866e,0.7873810529708862,9f0b88d81119b57a6ae57eeb22a3257787c562e62cc7a83b1f6566c657fe7250,0.9829,0.0560070911148563,0.9851,1.883701675892269,0.9055659569192888,1.0,8.0,"{""K"": 10, ""batch_size"": 256, ""epochs"": 30, ""lr"": 0.001, ""optimizer"": ""AdamW"", ""weight_decay"": 0.0001}",1200,0.0001,uniform,/home/roi/PycharmProjects/KD_v5/OUTPUTS/article1_v3/results_baseline.csv,38,,,,,,,,,,True
c71a836fb18c224322482aff09b171a1f8d84ddad62b65d79efc561e33930e21,mean_probabilities,9dc3b75d34f50fd7e8121684c2e8b96473759a62ffdf4da9a899b6be2324c4f6,256,7ec812be75663f47fb1c9726f93e3688d8b157f3,8ac88c9f1a75ccda0684de74cb99754aec0a00b42071fed4220bc725afbd5a03,ac4d3daebd132fcf0c30acd7f9828d40c3eda282d672fe5d5214e900d8f21068,mnist,9.8,30,30,300000,0.0,0.0,7ff045e85bdcdcb19da695baf49045e3320a14d4,0.001,9.8,expert_prob,AdamW,0.0124561241060583,article1-v3,0ef12c320cfa1f93a852406370e80eb0b1e4b1731704727c3a1f9b691f1c9e9f,107efb320922a5311b91b47974f03876544bfaeb39719aa1e062bfdf103fd6e0,10000,full_original_order,43,107efb320922a5311b91b47974f03876544bfaeb39719aa1e062bfdf103fd6e0,10000,deterministic_evaluation,iid,a32a4765a0f13177,none,43,96e9fd71180ab63567c8518676f5e56e83ba6e31f1e41708f2b7a22d5824edb9,0.8070619106292725,9f0b88d81119b57a6ae57eeb22a3257787c562e62cc7a83b1f6566c657fe7250,0.9829,0.0555206500307656,0.9856,1.8796829777930824,0.9014819640587476,1.0,8.0,"{""K"": 10, ""batch_size"": 256, ""epochs"": 30, ""lr"": 0.001, ""optimizer"": ""AdamW"", ""weight_decay"": 0.0001}",1200,0.0001,selected_uniform,/home/roi/PycharmProjects/KD_v5/OUTPUTS/article1_v3/results_baseline.csv,39,,,,,,,,,,True
c71a836fb18c224322482aff09b171a1f8d84ddad62b65d79efc561e33930e21,mean_support_restricted_probabilities,9dc3b75d34f50fd7e8121684c2e8b96473759a62ffdf4da9a899b6be2324c4f6,256,7ec812be75663f47fb1c9726f93e3688d8b157f3,8ac88c9f1a75ccda0684de74cb99754aec0a00b42071fed4220bc725afbd5a03,ac4d3daebd132fcf0c30acd7f9828d40c3eda282d672fe5d5214e900d8f21068,mnist,9.8,30,30,300000,0.0,0.0,7ff045e85bdcdcb19da695baf49045e3320a14d4,0.001,9.8,expert_prob_sr,AdamW,0.0124561241060583,article1-v3,0ef12c320cfa1f93a852406370e80eb0b1e4b1731704727c3a1f9b691f1c9e9f,107efb320922a5311b91b47974f03876544bfaeb39719aa1e062bfdf103fd6e0,10000,full_original_order,43,107efb320922a5311b91b47974f03876544bfaeb39719aa1e062bfdf103fd6e0,10000,deterministic_evaluation,iid,c4b6112e88fd4f10,none,43,5e3acde6ff4f1f11a39a697ac08bcfa2a35f0b369d4b2056c7afc0211358a187,0.8559774160385132,9f0b88d81119b57a6ae57eeb22a3257787c562e62cc7a83b1f6566c657fe7250,0.9829,0.0553536503134295,0.9866,1.871344733689112,0.8888479226424861,2.0,8.0,"{""K"": 10, ""batch_size"": 256, ""epochs"": 30, ""lr"": 0.001, ""optimizer"": ""AdamW"", ""weight_decay"": 0.0001}",1200,0.0001,selected_uniform,/home/roi/PycharmProjects/KD_v5/OUTPUTS/article1_v3/results_baseline.csv,40,,,,,,,,,,True
c71a836fb18c224322482aff09b171a1f8d84ddad62b65d79efc561e33930e21,mean_probabilities,9dc3b75d34f50fd7e8121684c2e8b96473759a62ffdf4da9a899b6be2324c4f6,256,7ec812be75663f47fb1c9726f93e3688d8b157f3,8ac88c9f1a75ccda0684de74cb99754aec0a00b42071fed4220bc725afbd5a03,ac4d3daebd132fcf0c30acd7f9828d40c3eda282d672fe5d5214e900d8f21068,mnist,9.7745,30,30,300000,40.0,0.004,7ff045e85bdcdcb19da695baf49045e3320a14d4,0.001,9.7345,oracle_prob,AdamW,,article1-v3,0ef12c320cfa1f93a852406370e80eb0b1e4b1731704727c3a1f9b691f1c9e9f,107efb320922a5311b91b47974f03876544bfaeb39719aa1e062bfdf103fd6e0,10000,full_original_order,43,107efb320922a5311b91b47974f03876544bfaeb39719aa1e062bfdf103fd6e0,10000,deterministic_evaluation,iid,8ef75a091d70a179,none,43,2b54e00ff2e0e9a57e1260563aa291a4f92df79e1042e90540b25713e111d140,0.7874699234962463,9f0b88d81119b57a6ae57eeb22a3257787c562e62cc7a83b1f6566c657fe7250,0.9834,0.0518104307659901,0.996,1.882571030033624,0.8984670292596176,1.0,8.0,"{""K"": 10, ""batch_size"": 256, ""epochs"": 30, ""lr"": 0.001, ""optimizer"": ""AdamW"", ""weight_decay"": 0.0001}",1200,0.0001,selected_uniform,/home/roi/PycharmProjects/KD_v5/OUTPUTS/article1_v3/results_baseline.csv,41,,,,,,,,,,True
c71a836fb18c224322482aff09b171a1f8d84ddad62b65d79efc561e33930e21,weighted_mean_logits,9dc3b75d34f50fd7e8121684c2e8b96473759a62ffdf4da9a899b6be2324c4f6,256,7ec812be75663f47fb1c9726f93e3688d8b157f3,8ac88c9f1a75ccda0684de74cb99754aec0a00b42071fed4220bc725afbd5a03,ac4d3daebd132fcf0c30acd7f9828d40c3eda282d672fe5d5214e900d8f21068,mnist,9.999999999999998,30,30,300000,0.0,0.0,7ff045e85bdcdcb19da695baf49045e3320a14d4,0.001,10.0,feddf_logit,AdamW,,article1-v3,0ef12c320cfa1f93a852406370e80eb0b1e4b1731704727c3a1f9b691f1c9e9f,107efb320922a5311b91b47974f03876544bfaeb39719aa1e062bfdf103fd6e0,10000,full_original_order,43,107efb320922a5311b91b47974f03876544bfaeb39719aa1e062bfdf103fd6e0,10000,deterministic_evaluation,iid,d1f768028cc2ff1c,none,43,afef669c5d4d255b878e685a431ada4e2c5a2d9b24c11edf71a56487c5f1b3d0,0.8432185649871826,9f0b88d81119b57a6ae57eeb22a3257787c562e62cc7a83b1f6566c657fe7250,0.9819,0.0576763676802627,0.9846,1.869721411942502,0.895516835304938,1.0,8.0,"{""K"": 10, ""batch_size"": 256, ""epochs"": 30, ""lr"": 0.001, ""optimizer"": ""AdamW"", ""weight_decay"": 0.0001}",1200,0.0001,uniform,/home/roi/PycharmProjects/KD_v5/OUTPUTS/article1_v3/results_baseline.csv,42,,,,,,,,,,True
c71a836fb18c224322482aff09b171a1f8d84ddad62b65d79efc561e33930e21,weighted_mean_logits,9dc3b75d34f50fd7e8121684c2e8b96473759a62ffdf4da9a899b6be2324c4f6,256,7ec812be75663f47fb1c9726f93e3688d8b157f3,8ac88c9f1a75ccda0684de74cb99754aec0a00b42071fed4220bc725afbd5a03,ac4d3daebd132fcf0c30acd7f9828d40c3eda282d672fe5d5214e900d8f21068,mnist,9.7745,30,30,300000,40.0,0.004,7ff045e85bdcdcb19da695baf49045e3320a14d4,0.001,9.7345,oracle_logit,AdamW,,article1-v3,0ef12c320cfa1f93a852406370e80eb0b1e4b1731704727c3a1f9b691f1c9e9f,107efb320922a5311b91b47974f03876544bfaeb39719aa1e062bfdf103fd6e0,10000,full_original_order,43,107efb320922a5311b91b47974f03876544bfaeb39719aa1e062bfdf103fd6e0,10000,deterministic_evaluation,iid,a8b360ba6dc01a3c,none,43,49751d3a8778de027f2e04f43f242c99aa710ff0b3d25b3a526935521f5d1db3,0.8509272336959839,9f0b88d81119b57a6ae57eeb22a3257787c562e62cc7a83b1f6566c657fe7250,0.9827,0.0528227434911765,0.996,1.868480379173488,0.8880452966069937,1.0,8.0,"{""K"": 10, ""batch_size"": 256, ""epochs"": 30, ""lr"": 0.001, ""optimizer"": ""AdamW"", ""weight_decay"": 0.0001}",1200,0.0001,selected_uniform,/home/roi/PycharmProjects/KD_v5/OUTPUTS/article1_v3/results_baseline.csv,43,,,,,,,,,,True
fbffb618aec84f560646af13acf9311ec6545311c1069781e5769e1ea4da706f,mean_probabilities,9dc3b75d34f50fd7e8121684c2e8b96473759a62ffdf4da9a899b6be2324c4f6,256,7ec812be75663f47fb1c9726f93e3688d8b157f3,ff04b0252c3ccff7e7c9e843e924552abc98cfd604fac7fc737af84621655cd7,ac4d3daebd132fcf0c30acd7f9828d40c3eda282d672fe5d5214e900d8f21068,mnist,9.999999999999998,30,30,300000,0.0,0.0,7ff045e85bdcdcb19da695baf49045e3320a14d4,0.001,10.0,feddf_prob,AdamW,,article1-v3,0ef12c320cfa1f93a852406370e80eb0b1e4b1731704727c3a1f9b691f1c9e9f,107efb320922a5311b91b47974f03876544bfaeb39719aa1e062bfdf103fd6e0,10000,full_original_order,43,107efb320922a5311b91b47974f03876544bfaeb39719aa1e062bfdf103fd6e0,10000,deterministic_evaluation,alpha1p0,8c4fa8842348ecd4,none,43,bbe53791c390a61f96fd83a0706720bf3de9f3025c994ae35b6e7c3f68b03715,0.7141669988632202,9f0b88d81119b57a6ae57eeb22a3257787c562e62cc7a83b1f6566c657fe7250,0.9804,0.0613457520112395,0.9831,1.990737391291048,1.046221607227913,1.0,8.0,"{""K"": 10, ""batch_size"": 256, ""epochs"": 30, ""lr"": 0.001, ""optimizer"": ""AdamW"", ""weight_decay"": 0.0001}",1200,0.0001,uniform,/home/roi/PycharmProjects/KD_v5/OUTPUTS/article1_v3/results_baseline.csv,44,,,,,,,,,,True
fbffb618aec84f560646af13acf9311ec6545311c1069781e5769e1ea4da706f,mean_probabilities,9dc3b75d34f50fd7e8121684c2e8b96473759a62ffdf4da9a899b6be2324c4f6,256,7ec812be75663f47fb1c9726f93e3688d8b157f3,ff04b0252c3ccff7e7c9e843e924552abc98cfd604fac7fc737af84621655cd7,ac4d3daebd132fcf0c30acd7f9828d40c3eda282d672fe5d5214e900d8f21068,mnist,8.7,30,30,300000,0.0,0.0,7ff045e85bdcdcb19da695baf49045e3320a14d4,0.001,8.7,expert_prob,AdamW,0.0608352749947979,article1-v3,0ef12c320cfa1f93a852406370e80eb0b1e4b1731704727c3a1f9b691f1c9e9f,107efb320922a5311b91b47974f03876544bfaeb39719aa1e062bfdf103fd6e0,10000,full_original_order,43,107efb320922a5311b91b47974f03876544bfaeb39719aa1e062bfdf103fd6e0,10000,deterministic_evaluation,alpha1p0,79c4344e2806e503,none,43,f994ee2e603dbf33ee229f2515be52a899ae58ea0caea38a019158fdbe94049f,0.6956682801246643,9f0b88d81119b57a6ae57eeb22a3257787c562e62cc7a83b1f6566c657fe7250,0.9816,0.0574251182818785,0.9871,1.9589615857390208,0.9909180253030828,1.0,8.0,"{""K"": 10, ""batch_size"": 256, ""epochs"": 30, ""lr"": 0.001, ""optimizer"": ""AdamW"", ""weight_decay"": 0.0001}",1200,0.0001,selected_uniform,/home/roi/PycharmProjects/KD_v5/OUTPUTS/article1_v3/results_baseline.csv,45,,,,,,,,,,True
fbffb618aec84f560646af13acf9311ec6545311c1069781e5769e1ea4da706f,mean_support_restricted_probabilities,9dc3b75d34f50fd7e8121684c2e8b96473759a62ffdf4da9a899b6be2324c4f6,256,7ec812be75663f47fb1c9726f93e3688d8b157f3,ff04b0252c3ccff7e7c9e843e924552abc98cfd604fac7fc737af84621655cd7,ac4d3daebd132fcf0c30acd7f9828d40c3eda282d672fe5d5214e900d8f21068,mnist,8.7,30,30,300000,0.0,0.0,7ff045e85bdcdcb19da695baf49045e3320a14d4,0.001,8.7,expert_prob_sr,AdamW,0.0608352749947979,article1-v3,0ef12c320cfa1f93a852406370e80eb0b1e4b1731704727c3a1f9b691f1c9e9f,107efb320922a5311b91b47974f03876544bfaeb39719aa1e062bfdf103fd6e0,10000,full_original_order,43,107efb320922a5311b91b47974f03876544bfaeb39719aa1e062bfdf103fd6e0,10000,deterministic_evaluation,alpha1p0,b5f96ca8d1b5d8d2,none,43,ac1067164af8f80ee2cd0381d688b648f9603054ee53371273e8a7372ade585b,0.6135188341140747,9f0b88d81119b57a6ae57eeb22a3257787c562e62cc7a83b1f6566c657fe7250,0.9839,0.051626548358798,0.9901,1.9129786270672369,0.9237614911812482,2.0,8.0,"{""K"": 10, ""batch_size"": 256, ""epochs"": 30, ""lr"": 0.001, ""optimizer"": ""AdamW"", ""weight_decay"": 0.0001}",1200,0.0001,selected_uniform,/home/roi/PycharmProjects/KD_v5/OUTPUTS/article1_v3/results_baseline.csv,46,,,,,,,,,,True
fbffb618aec84f560646af13acf9311ec6545311c1069781e5769e1ea4da706f,mean_probabilities,9dc3b75d34f50fd7e8121684c2e8b96473759a62ffdf4da9a899b6be2324c4f6,256,7ec812be75663f47fb1c9726f93e3688d8b157f3,ff04b0252c3ccff7e7c9e843e924552abc98cfd604fac7fc737af84621655cd7,ac4d3daebd132fcf0c30acd7f9828d40c3eda282d672fe5d5214e900d8f21068,mnist,9.2671,30,30,300000,24.0,0.0024,7ff045e85bdcdcb19da695baf49045e3320a14d4,0.001,9.2431,oracle_prob,AdamW,,article1-v3,0ef12c320cfa1f93a852406370e80eb0b1e4b1731704727c3a1f9b691f1c9e9f,107efb320922a5311b91b47974f03876544bfaeb39719aa1e062bfdf103fd6e0,10000,full_original_order,43,107efb320922a5311b91b47974f03876544bfaeb39719aa1e062bfdf103fd6e0,10000,deterministic_evaluation,alpha1p0,3ee5532d2e649db1,none,43,267ec130d285e2d29ce284ac705d523dae3321aafd706b3740c9681565dbeada,0.6921805739402771,9f0b88d81119b57a6ae57eeb22a3257787c562e62cc7a83b1f6566c657fe7250,0.9848,0.0477198633853346,0.9976,1.9733969415885024,1.0035699642666918,1.0,8.0,"{""K"": 10, ""batch_size"": 256, ""epochs"": 30, ""lr"": 0.001, ""optimizer"": ""AdamW"", ""weight_decay"": 0.0001}",1200,0.0001,selected_uniform,/home/roi/PycharmProjects/KD_v5/OUTPUTS/article1_v3/results_baseline.csv,47,,,,,,,,,,True
fbffb618aec84f560646af13acf9311ec6545311c1069781e5769e1ea4da706f,weighted_mean_logits,9dc3b75d34f50fd7e8121684c2e8b96473759a62ffdf4da9a899b6be2324c4f6,256,7ec812be75663f47fb1c9726f93e3688d8b157f3,ff04b0252c3ccff7e7c9e843e924552abc98cfd604fac7fc737af84621655cd7,ac4d3daebd132fcf0c30acd7f9828d40c3eda282d672fe5d5214e900d8f21068,mnist,9.999999999999998,30,30,300000,0.0,0.0,7ff045e85bdcdcb19da695baf49045e3320a14d4,0.001,10.0,feddf_logit,AdamW,,article1-v3,0ef12c320cfa1f93a852406370e80eb0b1e4b1731704727c3a1f9b691f1c9e9f,107efb320922a5311b91b47974f03876544bfaeb39719aa1e062bfdf103fd6e0,10000,full_original_order,43,107efb320922a5311b91b47974f03876544bfaeb39719aa1e062bfdf103fd6e0,10000,deterministic_evaluation,alpha1p0,7d8e412a1334f6e8,none,43,0c47844b199815fc10d2feaf67cda64c10bacce5104c756adf667ab7a844b222,0.6815260648727417,9f0b88d81119b57a6ae57eeb22a3257787c562e62cc7a83b1f6566c657fe7250,0.9788,0.0673803040608763,0.9811,1.9883081321307152,1.051459553931003,1.0,8.0,"{""K"": 10, ""batch_size"": 256, ""epochs"": 30, ""lr"": 0.001, ""optimizer"": ""AdamW"", ""weight_decay"": 0.0001}",1200,0.0001,uniform,/home/roi/PycharmProjects/KD_v5/OUTPUTS/article1_v3/results_baseline.csv,48,,,,,,,,,,True
fbffb618aec84f560646af13acf9311ec6545311c1069781e5769e1ea4da706f,weighted_mean_logits,9dc3b75d34f50fd7e8121684c2e8b96473759a62ffdf4da9a899b6be2324c4f6,256,7ec812be75663f47fb1c9726f93e3688d8b157f3,ff04b0252c3ccff7e7c9e843e924552abc98cfd604fac7fc737af84621655cd7,ac4d3daebd132fcf0c30acd7f9828d40c3eda282d672fe5d5214e900d8f21068,mnist,9.2671,30,30,300000,24.0,0.0024,7ff045e85bdcdcb19da695baf49045e3320a14d4,0.001,9.2431,oracle_logit,AdamW,,article1-v3,0ef12c320cfa1f93a852406370e80eb0b1e4b1731704727c3a1f9b691f1c9e9f,107efb320922a5311b91b47974f03876544bfaeb39719aa1e062bfdf103fd6e0,10000,full_original_order,43,107efb320922a5311b91b47974f03876544bfaeb39719aa1e062bfdf103fd6e0,10000,deterministic_evaluation,alpha1p0,a40939caaa866ebf,none,43,47302dbf3d0901807b385c509dc05d48a0cc0e2dcf17ce3445803a4f19931ffe,0.6572993397712708,9f0b88d81119b57a6ae57eeb22a3257787c562e62cc7a83b1f6566c657fe7250,0.9844,0.0474357241187244,0.9976,1.960612906049724,0.989410427906505,1.0,8.0,"{""K"": 10, ""batch_size"": 256, ""epochs"": 30, ""lr"": 0.001, ""optimizer"": ""AdamW"", ""weight_decay"": 0.0001}",1200,0.0001,selected_uniform,/home/roi/PycharmProjects/KD_v5/OUTPUTS/article1_v3/results_baseline.csv,49,,,,,,,,,,True
04143945fb8e4442c3455972f3dcbb27819a04f68401bb1f636c2028c1f9ff7f,mean_probabilities,9dc3b75d34f50fd7e8121684c2e8b96473759a62ffdf4da9a899b6be2324c4f6,256,7ec812be75663f47fb1c9726f93e3688d8b157f3,f68e0135bfb79bc81d8248bcca893ffc6452b860d96435aecd30e9ff55b8074a,ac4d3daebd132fcf0c30acd7f9828d40c3eda282d672fe5d5214e900d8f21068,mnist,9.999999999999998,30,30,300000,0.0,0.0,7ff045e85bdcdcb19da695baf49045e3320a14d4,0.001,10.0,feddf_prob,AdamW,,article1-v3,0ef12c320cfa1f93a852406370e80eb0b1e4b1731704727c3a1f9b691f1c9e9f,107efb320922a5311b91b47974f03876544bfaeb39719aa1e062bfdf103fd6e0,10000,full_original_order,43,107efb320922a5311b91b47974f03876544bfaeb39719aa1e062bfdf103fd6e0,10000,deterministic_evaluation,alpha0p5,46e623736124825c,none,43,9762b7f2608654673ecab687957cbac3e9e8d22819b79a9bf3c95aa130b84143,0.6931111216545105,9f0b88d81119b57a6ae57eeb22a3257787c562e62cc7a83b1f6566c657fe7250,0.9717,0.094356145099923,0.977,2.017307843631744,1.0887744289211416,1.0,8.0,"{""K"": 10, ""batch_size"": 256, ""epochs"": 30, ""lr"": 0.001, ""optimizer"": ""AdamW"", ""weight_decay"": 0.0001}",1200,0.0001,uniform,/home/roi/PycharmProjects/KD_v5/OUTPUTS/article1_v3/results_baseline.csv,50,,,,,,,,,,True
04143945fb8e4442c3455972f3dcbb27819a04f68401bb1f636c2028c1f9ff7f,mean_probabilities,9dc3b75d34f50fd7e8121684c2e8b96473759a62ffdf4da9a899b6be2324c4f6,256,7ec812be75663f47fb1c9726f93e3688d8b157f3,f68e0135bfb79bc81d8248bcca893ffc6452b860d96435aecd30e9ff55b8074a,ac4d3daebd132fcf0c30acd7f9828d40c3eda282d672fe5d5214e900d8f21068,mnist,7.3,30,30,300000,0.0,0.0,7ff045e85bdcdcb19da695baf49045e3320a14d4,0.001,7.3,expert_prob,AdamW,0.1284448376558876,article1-v3,0ef12c320cfa1f93a852406370e80eb0b1e4b1731704727c3a1f9b691f1c9e9f,107efb320922a5311b91b47974f03876544bfaeb39719aa1e062bfdf103fd6e0,10000,full_original_order,43,107efb320922a5311b91b47974f03876544bfaeb39719aa1e062bfdf103fd6e0,10000,deterministic_evaluation,alpha0p5,133745d7ef97778c,none,43,9379aea5f38875c5141ae7510eec0adc92887b3f7cb77875b7296bcfd0688b60,0.6662814617156982,9f0b88d81119b57a6ae57eeb22a3257787c562e62cc7a83b1f6566c657fe7250,0.9783,0.0737865501265972,0.9877,1.9099044552955828,0.929273865252314,1.0,8.0,"{""K"": 10, ""batch_size"": 256, ""epochs"": 30, ""lr"": 0.001, ""optimizer"": ""AdamW"", ""weight_decay"": 0.0001}",1200,0.0001,selected_uniform,/home/roi/PycharmProjects/KD_v5/OUTPUTS/article1_v3/results_baseline.csv,51,,,,,,,,,,True
04143945fb8e4442c3455972f3dcbb27819a04f68401bb1f636c2028c1f9ff7f,mean_support_restricted_probabilities,9dc3b75d34f50fd7e8121684c2e8b96473759a62ffdf4da9a899b6be2324c4f6,256,7ec812be75663f47fb1c9726f93e3688d8b157f3,f68e0135bfb79bc81d8248bcca893ffc6452b860d96435aecd30e9ff55b8074a,ac4d3daebd132fcf0c30acd7f9828d40c3eda282d672fe5d5214e900d8f21068,mnist,7.3,30,30,300000,0.0,0.0,7ff045e85bdcdcb19da695baf49045e3320a14d4,0.001,7.3,expert_prob_sr,AdamW,0.1284448376558876,article1-v3,0ef12c320cfa1f93a852406370e80eb0b1e4b1731704727c3a1f9b691f1c9e9f,107efb320922a5311b91b47974f03876544bfaeb39719aa1e062bfdf103fd6e0,10000,full_original_order,43,107efb320922a5311b91b47974f03876544bfaeb39719aa1e062bfdf103fd6e0,10000,deterministic_evaluation,alpha0p5,3b70242bdc8a2540,none,43,0ae70cf2565c29804332245e0a9bd3b47ae2f4b4813a41abeb786039fae5e696,0.8172100782394409,9f0b88d81119b57a6ae57eeb22a3257787c562e62cc7a83b1f6566c657fe7250,0.9801,0.076023430693103,0.9926,1.7982549568363604,0.7917840956467564,2.0,8.0,"{""K"": 10, ""batch_size"": 256, ""epochs"": 30, ""lr"": 0.001, ""optimizer"": ""AdamW"", ""weight_decay"": 0.0001}",1200,0.0001,selected_uniform,/home/roi/PycharmProjects/KD_v5/OUTPUTS/article1_v3/results_baseline.csv,52,,,,,,,,,,True
04143945fb8e4442c3455972f3dcbb27819a04f68401bb1f636c2028c1f9ff7f,mean_probabilities,9dc3b75d34f50fd7e8121684c2e8b96473759a62ffdf4da9a899b6be2324c4f6,256,7ec812be75663f47fb1c9726f93e3688d8b157f3,f68e0135bfb79bc81d8248bcca893ffc6452b860d96435aecd30e9ff55b8074a,ac4d3daebd132fcf0c30acd7f9828d40c3eda282d672fe5d5214e900d8f21068,mnist,8.2728,30,30,300000,19.0,0.0019,7ff045e85bdcdcb19da695baf49045e3320a14d4,0.001,8.2538,oracle_prob,AdamW,,article1-v3,0ef12c320cfa1f93a852406370e80eb0b1e4b1731704727c3a1f9b691f1c9e9f,107efb320922a5311b91b47974f03876544bfaeb39719aa1e062bfdf103fd6e0,10000,full_original_order,43,107efb320922a5311b91b47974f03876544bfaeb39719aa1e062bfdf103fd6e0,10000,deterministic_evaluation,alpha0p5,1dfe2d60f142f80d,none,43,1d58e67a41be512d300136f4dbdcad3b4025eb29c99e9ef219241b1c2ec0e18a,0.6330468654632568,9f0b88d81119b57a6ae57eeb22a3257787c562e62cc7a83b1f6566c657fe7250,0.9834,0.0531421876816079,0.9981,1.9479583157668632,0.9571047269306892,1.0,8.0,"{""K"": 10, ""batch_size"": 256, ""epochs"": 30, ""lr"": 0.001, ""optimizer"": ""AdamW"", ""weight_decay"": 0.0001}",1200,0.0001,selected_uniform,/home/roi/PycharmProjects/KD_v5/OUTPUTS/article1_v3/results_baseline.csv,53,,,,,,,,,,True
04143945fb8e4442c3455972f3dcbb27819a04f68401bb1f636c2028c1f9ff7f,weighted_mean_logits,9dc3b75d34f50fd7e8121684c2e8b96473759a62ffdf4da9a899b6be2324c4f6,256,7ec812be75663f47fb1c9726f93e3688d8b157f3,f68e0135bfb79bc81d8248bcca893ffc6452b860d96435aecd30e9ff55b8074a,ac4d3daebd132fcf0c30acd7f9828d40c3eda282d672fe5d5214e900d8f21068,mnist,9.999999999999998,30,30,300000,0.0,0.0,7ff045e85bdcdcb19da695baf49045e3320a14d4,0.001,10.0,feddf_logit,AdamW,,article1-v3,0ef12c320cfa1f93a852406370e80eb0b1e4b1731704727c3a1f9b691f1c9e9f,107efb320922a5311b91b47974f03876544bfaeb39719aa1e062bfdf103fd6e0,10000,full_original_order,43,107efb320922a5311b91b47974f03876544bfaeb39719aa1e062bfdf103fd6e0,10000,deterministic_evaluation,alpha0p5,b537f3f807cd423e,none,43,5d851b2e8d3a4cfd0b7079d033b5b86abef6569c3c979d20af8347ce01cb332a,0.7142829895019531,9f0b88d81119b57a6ae57eeb22a3257787c562e62cc7a83b1f6566c657fe7250,0.9629,0.120833153180778,0.9681,2.022539239078565,1.1233103516234402,1.0,8.0,"{""K"": 10, ""batch_size"": 256, ""epochs"": 30, ""lr"": 0.001, ""optimizer"": ""AdamW"", ""weight_decay"": 0.0001}",1200,0.0001,uniform,/home/roi/PycharmProjects/KD_v5/OUTPUTS/article1_v3/results_baseline.csv,54,,,,,,,,,,True
04143945fb8e4442c3455972f3dcbb27819a04f68401bb1f636c2028c1f9ff7f,weighted_mean_logits,9dc3b75d34f50fd7e8121684c2e8b96473759a62ffdf4da9a899b6be2324c4f6,256,7ec812be75663f47fb1c9726f93e3688d8b157f3,f68e0135bfb79bc81d8248bcca893ffc6452b860d96435aecd30e9ff55b8074a,ac4d3daebd132fcf0c30acd7f9828d40c3eda282d672fe5d5214e900d8f21068,mnist,8.2728,30,30,300000,19.0,0.0019,e311558ce6e4e1a1d345e2051c2d5e8ccaecccda,0.001,8.2538,oracle_logit,AdamW,,article1-v3,0ef12c320cfa1f93a852406370e80eb0b1e4b1731704727c3a1f9b691f1c9e9f,107efb320922a5311b91b47974f03876544bfaeb39719aa1e062bfdf103fd6e0,10000,full_original_order,43,107efb320922a5311b91b47974f03876544bfaeb39719aa1e062bfdf103fd6e0,10000,deterministic_evaluation,alpha0p5,72d41d415809669c,none,43,f23a260f1fb565cd99ea8053758e221efde1034035263a88d2d9ca04d5d74610,0.6031837463378906,9f0b88d81119b57a6ae57eeb22a3257787c562e62cc7a83b1f6566c657fe7250,0.9834,0.0552450920609757,0.9981,1.914183762294416,0.923959755298138,1.0,8.0,"{""K"": 10, ""batch_size"": 256, ""epochs"": 30, ""lr"": 0.001, ""optimizer"": ""AdamW"", ""weight_decay"": 0.0001}",1200,0.0001,selected_uniform,/home/roi/PycharmProjects/KD_v5/OUTPUTS/article1_v3/results_baseline.csv,55,,,,,,,,,,True
0e10ee09fa72d5f2b61998dc3b779b1e97ec24bbbb6e1e8656f809def1ae2a1c,mean_probabilities,9dc3b75d34f50fd7e8121684c2e8b96473759a62ffdf4da9a899b6be2324c4f6,256,7ec812be75663f47fb1c9726f93e3688d8b157f3,534c78641db8e07d8d24964810b19631b672c312ac678b1a44ebe23829d83e4b,ac4d3daebd132fcf0c30acd7f9828d40c3eda282d672fe5d5214e900d8f21068,mnist,9.999999999999998,30,30,300000,0.0,0.0,e311558ce6e4e1a1d345e2051c2d5e8ccaecccda,0.001,10.0,feddf_prob,AdamW,,article1-v3,0ef12c320cfa1f93a852406370e80eb0b1e4b1731704727c3a1f9b691f1c9e9f,107efb320922a5311b91b47974f03876544bfaeb39719aa1e062bfdf103fd6e0,10000,full_original_order,43,107efb320922a5311b91b47974f03876544bfaeb39719aa1e062bfdf103fd6e0,10000,deterministic_evaluation,alpha0p1,d8c95f97b83b20e2,none,43,7994e1134848f85828fd9d2b801a4f37577831ac4c8f2a1bca33b16d0e25e753,0.4835271835327148,9f0b88d81119b57a6ae57eeb22a3257787c562e62cc7a83b1f6566c657fe7250,0.7496,0.6544280901908874,0.7832,2.163384866805554,1.5484148248947085,1.0,8.0,"{""K"": 10, ""batch_size"": 256, ""epochs"": 30, ""lr"": 0.001, ""optimizer"": ""AdamW"", ""weight_decay"": 0.0001}",1200,0.0001,uniform,/home/roi/PycharmProjects/KD_v5/OUTPUTS/article1_v3/results_baseline.csv,56,,,,,,,,,,True
0e10ee09fa72d5f2b61998dc3b779b1e97ec24bbbb6e1e8656f809def1ae2a1c,mean_probabilities,9dc3b75d34f50fd7e8121684c2e8b96473759a62ffdf4da9a899b6be2324c4f6,256,7ec812be75663f47fb1c9726f93e3688d8b157f3,534c78641db8e07d8d24964810b19631b672c312ac678b1a44ebe23829d83e4b,ac4d3daebd132fcf0c30acd7f9828d40c3eda282d672fe5d5214e900d8f21068,mnist,3.3,30,30,300000,0.0,0.0,e311558ce6e4e1a1d345e2051c2d5e8ccaecccda,0.001,3.3,expert_prob,AdamW,0.2360889582613622,article1-v3,0ef12c320cfa1f93a852406370e80eb0b1e4b1731704727c3a1f9b691f1c9e9f,107efb320922a5311b91b47974f03876544bfaeb39719aa1e062bfdf103fd6e0,10000,full_original_order,43,107efb320922a5311b91b47974f03876544bfaeb39719aa1e062bfdf103fd6e0,10000,deterministic_evaluation,alpha0p1,d78a0dac27b97e4e,none,43,1fc597cdab7794da7e601bcccc94e6e57f5ce11a821b78807a07797544c59450,1.117396593093872,9f0b88d81119b57a6ae57eeb22a3257787c562e62cc7a83b1f6566c657fe7250,0.9857,0.0545604023094289,0.9969,1.7145826007527365,0.7378472888800105,1.0,8.0,"{""K"": 10, ""batch_size"": 256, ""epochs"": 30, ""lr"": 0.001, ""optimizer"": ""AdamW"", ""weight_decay"": 0.0001}",1200,0.0001,selected_uniform,/home/roi/PycharmProjects/KD_v5/OUTPUTS/article1_v3/results_baseline.csv,57,,,,,,,,,,True
0e10ee09fa72d5f2b61998dc3b779b1e97ec24bbbb6e1e8656f809def1ae2a1c,mean_support_restricted_probabilities,9dc3b75d34f50fd7e8121684c2e8b96473759a62ffdf4da9a899b6be2324c4f6,256,7ec812be75663f47fb1c9726f93e3688d8b157f3,534c78641db8e07d8d24964810b19631b672c312ac678b1a44ebe23829d83e4b,ac4d3daebd132fcf0c30acd7f9828d40c3eda282d672fe5d5214e900d8f21068,mnist,3.3,30,30,300000,0.0,0.0,e311558ce6e4e1a1d345e2051c2d5e8ccaecccda,0.001,3.3,expert_prob_sr,AdamW,0.2360889582613622,article1-v3,0ef12c320cfa1f93a852406370e80eb0b1e4b1731704727c3a1f9b691f1c9e9f,107efb320922a5311b91b47974f03876544bfaeb39719aa1e062bfdf103fd6e0,10000,full_original_order,43,107efb320922a5311b91b47974f03876544bfaeb39719aa1e062bfdf103fd6e0,10000,deterministic_evaluation,alpha0p1,25d33445f9cc1ca3,none,43,b831c0962f24e6d7cecd39a5ef816cb282054ee339d244bd3978ed7901b36f47,1.200409173965454,9f0b88d81119b57a6ae57eeb22a3257787c562e62cc7a83b1f6566c657fe7250,0.9823,0.1226322968830354,0.9983,1.2803057572963652,0.4841920412147026,2.0,8.0,"{""K"": 10, ""batch_size"": 256, ""epochs"": 30, ""lr"": 0.001, ""optimizer"": ""AdamW"", ""weight_decay"": 0.0001}",1200,0.0001,selected_uniform,/home/roi/PycharmProjects/KD_v5/OUTPUTS/article1_v3/results_baseline.csv,58,,,,,,,,,,True
0e10ee09fa72d5f2b61998dc3b779b1e97ec24bbbb6e1e8656f809def1ae2a1c,mean_probabilities,9dc3b75d34f50fd7e8121684c2e8b96473759a62ffdf4da9a899b6be2324c4f6,256,7ec812be75663f47fb1c9726f93e3688d8b157f3,534c78641db8e07d8d24964810b19631b672c312ac678b1a44ebe23829d83e4b,ac4d3daebd132fcf0c30acd7f9828d40c3eda282d672fe5d5214e900d8f21068,mnist,4.0246,30,30,300000,14.0,0.0014,e311558ce6e4e1a1d345e2051c2d5e8ccaecccda,0.001,4.0106,oracle_prob,AdamW,,article1-v3,0ef12c320cfa1f93a852406370e80eb0b1e4b1731704727c3a1f9b691f1c9e9f,107efb320922a5311b91b47974f03876544bfaeb39719aa1e062bfdf103fd6e0,10000,full_original_order,43,107efb320922a5311b91b47974f03876544bfaeb39719aa1e062bfdf103fd6e0,10000,deterministic_evaluation,alpha0p1,6910d42687b1691c,none,43,72db51d2394713cb02e2dd80073a9987c6bf66f0af6efaac7c6deead9072cb42,1.2362011671066284,9f0b88d81119b57a6ae57eeb22a3257787c562e62cc7a83b1f6566c657fe7250,0.9884,0.0447312408707919,0.9986,1.7714417047310156,0.7624728283842623,1.0,8.0,"{""K"": 10, ""batch_size"": 256, ""epochs"": 30, ""lr"": 0.001, ""optimizer"": ""AdamW"", ""weight_decay"": 0.0001}",1200,0.0001,selected_uniform,/home/roi/PycharmProjects/KD_v5/OUTPUTS/article1_v3/results_baseline.csv,59,,,,,,,,,,True
0e10ee09fa72d5f2b61998dc3b779b1e97ec24bbbb6e1e8656f809def1ae2a1c,weighted_mean_logits,9dc3b75d34f50fd7e8121684c2e8b96473759a62ffdf4da9a899b6be2324c4f6,256,7ec812be75663f47fb1c9726f93e3688d8b157f3,534c78641db8e07d8d24964810b19631b672c312ac678b1a44ebe23829d83e4b,ac4d3daebd132fcf0c30acd7f9828d40c3eda282d672fe5d5214e900d8f21068,mnist,9.999999999999998,30,30,300000,0.0,0.0,e311558ce6e4e1a1d345e2051c2d5e8ccaecccda,0.001,10.0,feddf_logit,AdamW,,article1-v3,0ef12c320cfa1f93a852406370e80eb0b1e4b1731704727c3a1f9b691f1c9e9f,107efb320922a5311b91b47974f03876544bfaeb39719aa1e062bfdf103fd6e0,10000,full_original_order,43,107efb320922a5311b91b47974f03876544bfaeb39719aa1e062bfdf103fd6e0,10000,deterministic_evaluation,alpha0p1,ceb53a4be583636f,none,43,a5061e24611fd942d40ce8475df7a8f4d948d774797f5e44cb13b635788334a4,0.3258595466613769,9f0b88d81119b57a6ae57eeb22a3257787c562e62cc7a83b1f6566c657fe7250,0.5264,1.4452292140960694,0.5635,2.227001717364532,1.7936861986048585,1.0,8.0,"{""K"": 10, ""batch_size"": 256, ""epochs"": 30, ""lr"": 0.001, ""optimizer"": ""AdamW"", ""weight_decay"": 0.0001}",1200,0.0001,uniform,/home/roi/PycharmProjects/KD_v5/OUTPUTS/article1_v3/results_baseline.csv,60,,,,,,,,,,True
0e10ee09fa72d5f2b61998dc3b779b1e97ec24bbbb6e1e8656f809def1ae2a1c,weighted_mean_logits,9dc3b75d34f50fd7e8121684c2e8b96473759a62ffdf4da9a899b6be2324c4f6,256,7ec812be75663f47fb1c9726f93e3688d8b157f3,534c78641db8e07d8d24964810b19631b672c312ac678b1a44ebe23829d83e4b,ac4d3daebd132fcf0c30acd7f9828d40c3eda282d672fe5d5214e900d8f21068,mnist,4.0246,30,30,300000,14.0,0.0014,e311558ce6e4e1a1d345e2051c2d5e8ccaecccda,0.001,4.0106,oracle_logit,AdamW,,article1-v3,0ef12c320cfa1f93a852406370e80eb0b1e4b1731704727c3a1f9b691f1c9e9f,107efb320922a5311b91b47974f03876544bfaeb39719aa1e062bfdf103fd6e0,10000,full_original_order,43,107efb320922a5311b91b47974f03876544bfaeb39719aa1e062bfdf103fd6e0,10000,deterministic_evaluation,alpha0p1,3d89c1aafe58ac69,none,43,04ae5eb786b3b269c1e84cc845a7855e99a51ef3e9a54710c40a86dea1b06347,0.923989236354828,9f0b88d81119b57a6ae57eeb22a3257787c562e62cc7a83b1f6566c657fe7250,0.9883,0.0449152120857339,0.9986,1.638462820204902,0.6531937597231671,1.0,8.0,"{""K"": 10, ""batch_size"": 256, ""epochs"": 30, ""lr"": 0.001, ""optimizer"": ""AdamW"", ""weight_decay"": 0.0001}",1200,0.0001,selected_uniform,/home/roi/PycharmProjects/KD_v5/OUTPUTS/article1_v3/results_baseline.csv,61,,,,,,,,,,True
ce4b9886dc3da23c4ec80937dca96608fe5f8454c6299680143dd031516e5403,mean_probabilities,9dc3b75d34f50fd7e8121684c2e8b96473759a62ffdf4da9a899b6be2324c4f6,256,7ec812be75663f47fb1c9726f93e3688d8b157f3,ab3fe9d7045f342f924b2635027b6e7e98aedd53875b0bb9bb2ed05a70bea231,ac4d3daebd132fcf0c30acd7f9828d40c3eda282d672fe5d5214e900d8f21068,mnist,9.999999999999998,30,30,300000,0.0,0.0,e311558ce6e4e1a1d345e2051c2d5e8ccaecccda,0.001,10.0,feddf_prob,AdamW,,article1-v3,0ef12c320cfa1f93a852406370e80eb0b1e4b1731704727c3a1f9b691f1c9e9f,107efb320922a5311b91b47974f03876544bfaeb39719aa1e062bfdf103fd6e0,10000,full_original_order,43,107efb320922a5311b91b47974f03876544bfaeb39719aa1e062bfdf103fd6e0,10000,deterministic_evaluation,multi,d9c55f15b6267d0e,none,43,85026d27a3bfdc65c0ef2d315872c43dfdebe4c6476ddd7562a4ea00e3e3f70d,0.5107291340827942,9f0b88d81119b57a6ae57eeb22a3257787c562e62cc7a83b1f6566c657fe7250,0.5294,1.2059423419952393,0.5481,2.11520574080207,1.7208819628004446,1.0,8.0,"{""K"": 10, ""batch_size"": 256, ""epochs"": 30, ""lr"": 0.001, ""optimizer"": ""AdamW"", ""weight_decay"": 0.0001}",1200,0.0001,uniform,/home/roi/PycharmProjects/KD_v5/OUTPUTS/article1_v3/results_baseline.csv,62,,,,,,,,,,True
ce4b9886dc3da23c4ec80937dca96608fe5f8454c6299680143dd031516e5403,mean_probabilities,9dc3b75d34f50fd7e8121684c2e8b96473759a62ffdf4da9a899b6be2324c4f6,256,7ec812be75663f47fb1c9726f93e3688d8b157f3,ab3fe9d7045f342f924b2635027b6e7e98aedd53875b0bb9bb2ed05a70bea231,ac4d3daebd132fcf0c30acd7f9828d40c3eda282d672fe5d5214e900d8f21068,mnist,2.0,30,30,300000,0.0,0.0,e311558ce6e4e1a1d345e2051c2d5e8ccaecccda,0.001,2.0,expert_prob,AdamW,0.0455770126929533,article1-v3,0ef12c320cfa1f93a852406370e80eb0b1e4b1731704727c3a1f9b691f1c9e9f,107efb320922a5311b91b47974f03876544bfaeb39719aa1e062bfdf103fd6e0,10000,full_original_order,43,107efb320922a5311b91b47974f03876544bfaeb39719aa1e062bfdf103fd6e0,10000,deterministic_evaluation,multi,d42eca86862ebedd,none,43,254863ec68dd8264bcea9165839453427d53671038de1055fc8cf07f86b099b1,0.8869003057479858,9f0b88d81119b57a6ae57eeb22a3257787c562e62cc7a83b1f6566c657fe7250,0.989,0.0986586462804407,0.9982,0.4927948894386776,0.1555451717904961,1.0,8.0,"{""K"": 10, ""batch_size"": 256, ""epochs"": 30, ""lr"": 0.001, ""optimizer"": ""AdamW"", ""weight_decay"": 0.0001}",1200,0.0001,selected_uniform,/home/roi/PycharmProjects/KD_v5/OUTPUTS/article1_v3/results_baseline.csv,63,,,,,,,,,,True
ce4b9886dc3da23c4ec80937dca96608fe5f8454c6299680143dd031516e5403,mean_support_restricted_probabilities,9dc3b75d34f50fd7e8121684c2e8b96473759a62ffdf4da9a899b6be2324c4f6,256,7ec812be75663f47fb1c9726f93e3688d8b157f3,ab3fe9d7045f342f924b2635027b6e7e98aedd53875b0bb9bb2ed05a70bea231,ac4d3daebd132fcf0c30acd7f9828d40c3eda282d672fe5d5214e900d8f21068,mnist,2.0,30,30,300000,0.0,0.0,e311558ce6e4e1a1d345e2051c2d5e8ccaecccda,0.001,2.0,expert_prob_sr,AdamW,0.0455770126929533,article1-v3,0ef12c320cfa1f93a852406370e80eb0b1e4b1731704727c3a1f9b691f1c9e9f,107efb320922a5311b91b47974f03876544bfaeb39719aa1e062bfdf103fd6e0,10000,full_original_order,43,107efb320922a5311b91b47974f03876544bfaeb39719aa1e062bfdf103fd6e0,10000,deterministic_evaluation,multi,9a17f328d8441bc1,none,43,ce509f9ed990c66ef1f028b404e133c2d5f77944934a7229830da1a7e136e123,0.253286600112915,9f0b88d81119b57a6ae57eeb22a3257787c562e62cc7a83b1f6566c657fe7250,0.9867,0.2390314028551976,0.9981,0.2689400310279202,0.1075399784794378,2.0,8.0,"{""K"": 10, ""batch_size"": 256, ""epochs"": 30, ""lr"": 0.001, ""optimizer"": ""AdamW"", ""weight_decay"": 0.0001}",1200,0.0001,selected_uniform,/home/roi/PycharmProjects/KD_v5/OUTPUTS/article1_v3/results_baseline.csv,64,,,,,,,,,,True
ce4b9886dc3da23c4ec80937dca96608fe5f8454c6299680143dd031516e5403,mean_probabilities,9dc3b75d34f50fd7e8121684c2e8b96473759a62ffdf4da9a899b6be2324c4f6,256,7ec812be75663f47fb1c9726f93e3688d8b157f3,ab3fe9d7045f342f924b2635027b6e7e98aedd53875b0bb9bb2ed05a70bea231,ac4d3daebd132fcf0c30acd7f9828d40c3eda282d672fe5d5214e900d8f21068,mnist,2.0081,30,30,300000,13.0,0.0013,e311558ce6e4e1a1d345e2051c2d5e8ccaecccda,0.001,1.9951,oracle_prob,AdamW,,article1-v3,0ef12c320cfa1f93a852406370e80eb0b1e4b1731704727c3a1f9b691f1c9e9f,107efb320922a5311b91b47974f03876544bfaeb39719aa1e062bfdf103fd6e0,10000,full_original_order,43,107efb320922a5311b91b47974f03876544bfaeb39719aa1e062bfdf103fd6e0,10000,deterministic_evaluation,multi,39d18b6121a5e257,none,43,32854332c69e9986025dcd8ee13a3c219d1b9b81f31f2232b3befbe17d9aa1e7,0.8826143145561218,9f0b88d81119b57a6ae57eeb22a3257787c562e62cc7a83b1f6566c657fe7250,0.9888,0.1007163938140845,0.9988,0.4941183918294954,0.1573840617458255,1.0,8.0,"{""K"": 10, ""batch_size"": 256, ""epochs"": 30, ""lr"": 0.001, ""optimizer"": ""AdamW"", ""weight_decay"": 0.0001}",1200,0.0001,selected_uniform,/home/roi/PycharmProjects/KD_v5/OUTPUTS/article1_v3/results_baseline.csv,65,,,,,,,,,,True
ce4b9886dc3da23c4ec80937dca96608fe5f8454c6299680143dd031516e5403,weighted_mean_logits,9dc3b75d34f50fd7e8121684c2e8b96473759a62ffdf4da9a899b6be2324c4f6,256,7ec812be75663f47fb1c9726f93e3688d8b157f3,ab3fe9d7045f342f924b2635027b6e7e98aedd53875b0bb9bb2ed05a70bea231,ac4d3daebd132fcf0c30acd7f9828d40c3eda282d672fe5d5214e900d8f21068,mnist,9.999999999999998,30,30,300000,0.0,0.0,e311558ce6e4e1a1d345e2051c2d5e8ccaecccda,0.001,10.0,feddf_logit,AdamW,,article1-v3,0ef12c320cfa1f93a852406370e80eb0b1e4b1731704727c3a1f9b691f1c9e9f,107efb320922a5311b91b47974f03876544bfaeb39719aa1e062bfdf103fd6e0,10000,full_original_order,43,107efb320922a5311b91b47974f03876544bfaeb39719aa1e062bfdf103fd6e0,10000,deterministic_evaluation,multi,9e8473cb1ce51b76,none,43,8e13ff3a27a3e1db6ae0325017f6af3d431359b9dc95f96fe177f4508ffc1d30,0.2512789964675903,9f0b88d81119b57a6ae57eeb22a3257787c562e62cc7a83b1f6566c657fe7250,0.4373,3.679912533187866,0.444,2.200876433971916,2.039108286103317,1.0,8.0,"{""K"": 10, ""batch_size"": 256, ""epochs"": 30, ""lr"": 0.001, ""optimizer"": ""AdamW"", ""weight_decay"": 0.0001}",1200,0.0001,uniform,/home/roi/PycharmProjects/KD_v5/OUTPUTS/article1_v3/results_baseline.csv,66,,,,,,,,,,True
ce4b9886dc3da23c4ec80937dca96608fe5f8454c6299680143dd031516e5403,weighted_mean_logits,9dc3b75d34f50fd7e8121684c2e8b96473759a62ffdf4da9a899b6be2324c4f6,256,7ec812be75663f47fb1c9726f93e3688d8b157f3,ab3fe9d7045f342f924b2635027b6e7e98aedd53875b0bb9bb2ed05a70bea231,ac4d3daebd132fcf0c30acd7f9828d40c3eda282d672fe5d5214e900d8f21068,mnist,2.0081,30,30,300000,13.0,0.0013,e311558ce6e4e1a1d345e2051c2d5e8ccaecccda,0.001,1.9951,oracle_logit,AdamW,,article1-v3,0ef12c320cfa1f93a852406370e80eb0b1e4b1731704727c3a1f9b691f1c9e9f,107efb320922a5311b91b47974f03876544bfaeb39719aa1e062bfdf103fd6e0,10000,full_original_order,43,107efb320922a5311b91b47974f03876544bfaeb39719aa1e062bfdf103fd6e0,10000,deterministic_evaluation,multi,0001fce6c19b8801,none,43,d62003cef0c5b54a6d0020575b90f4f6b8ab3f3db07872cdc4f22daa5bbe6129,0.9175348281860352,9f0b88d81119b57a6ae57eeb22a3257787c562e62cc7a83b1f6566c657fe7250,0.9895,0.0991318637227523,0.9988,0.4658681577145075,0.1475000419567559,1.0,8.0,"{""K"": 10, ""batch_size"": 256, ""epochs"": 30, ""lr"": 0.001, ""optimizer"": ""AdamW"", ""weight_decay"": 0.0001}",1200,0.0001,selected_uniform,/home/roi/PycharmProjects/KD_v5/OUTPUTS/article1_v3/results_baseline.csv,67,,,,,,,,,,True
e6f1e0016bd69e5208d7779bafd908447f0ffbf5bd505201465dc3d9494ee864,mean_probabilities,9dc3b75d34f50fd7e8121684c2e8b96473759a62ffdf4da9a899b6be2324c4f6,256,7ec812be75663f47fb1c9726f93e3688d8b157f3,a9ca4e4e309199cb5e678efb6ee0c82e505303b6e94aaa64eb073f8edb7ba586,ac4d3daebd132fcf0c30acd7f9828d40c3eda282d672fe5d5214e900d8f21068,mnist,9.999999999999998,30,30,300000,0.0,0.0,e311558ce6e4e1a1d345e2051c2d5e8ccaecccda,0.001,10.0,feddf_prob,AdamW,,article1-v3,0ef12c320cfa1f93a852406370e80eb0b1e4b1731704727c3a1f9b691f1c9e9f,107efb320922a5311b91b47974f03876544bfaeb39719aa1e062bfdf103fd6e0,10000,full_original_order,43,107efb320922a5311b91b47974f03876544bfaeb39719aa1e062bfdf103fd6e0,10000,deterministic_evaluation,single,7d7a470acc65a531,none,43,592609c8fbb8fbc04bdee33f3e7720178b218961894b5522907b20e3e3338b31,1.0311603546142578e-05,9f0b88d81119b57a6ae57eeb22a3257787c562e62cc7a83b1f6566c657fe7250,0.1009,2.302573348999023,0.167,2.30258509294364,2.302584533791012,1.0,8.0,"{""K"": 10, ""batch_size"": 256, ""epochs"": 30, ""lr"": 0.001, ""optimizer"": ""AdamW"", ""weight_decay"": 0.0001}",1200,0.0001,uniform,/home/roi/PycharmProjects/KD_v5/OUTPUTS/article1_v3/results_baseline.csv,68,,,,,,,,,,True
e6f1e0016bd69e5208d7779bafd908447f0ffbf5bd505201465dc3d9494ee864,mean_probabilities,9dc3b75d34f50fd7e8121684c2e8b96473759a62ffdf4da9a899b6be2324c4f6,256,7ec812be75663f47fb1c9726f93e3688d8b157f3,a9ca4e4e309199cb5e678efb6ee0c82e505303b6e94aaa64eb073f8edb7ba586,ac4d3daebd132fcf0c30acd7f9828d40c3eda282d672fe5d5214e900d8f21068,mnist,1.0,30,30,300000,0.0,0.0,e311558ce6e4e1a1d345e2051c2d5e8ccaecccda,0.001,1.0,expert_prob,AdamW,3.0392400546334408e-06,article1-v3,0ef12c320cfa1f93a852406370e80eb0b1e4b1731704727c3a1f9b691f1c9e9f,107efb320922a5311b91b47974f03876544bfaeb39719aa1e062bfdf103fd6e0,10000,full_original_order,43,107efb320922a5311b91b47974f03876544bfaeb39719aa1e062bfdf103fd6e0,10000,deterministic_evaluation,single,27fb114f3b7d7acc,none,43,d78c550ccb19dbb45a7e8d096e0f6876530dc2f6bba600a39b566adb3922a9e6,0.0017644467297941,9f0b88d81119b57a6ae57eeb22a3257787c562e62cc7a83b1f6566c657fe7250,0.988,0.265626294890065,1.0,4.04892151595722e-05,3.0393702503162515e-06,1.0,8.0,"{""K"": 10, ""batch_size"": 256, ""epochs"": 30, ""lr"": 0.001, ""optimizer"": ""AdamW"", ""weight_decay"": 0.0001}",1200,0.0001,selected_uniform,/home/roi/PycharmProjects/KD_v5/OUTPUTS/article1_v3/results_baseline.csv,69,,,,,,,,,,True
e6f1e0016bd69e5208d7779bafd908447f0ffbf5bd505201465dc3d9494ee864,mean_support_restricted_probabilities,9dc3b75d34f50fd7e8121684c2e8b96473759a62ffdf4da9a899b6be2324c4f6,256,7ec812be75663f47fb1c9726f93e3688d8b157f3,a9ca4e4e309199cb5e678efb6ee0c82e505303b6e94aaa64eb073f8edb7ba586,ac4d3daebd132fcf0c30acd7f9828d40c3eda282d672fe5d5214e900d8f21068,mnist,1.0,30,30,300000,0.0,0.0,e311558ce6e4e1a1d345e2051c2d5e8ccaecccda,0.001,1.0,expert_prob_sr,AdamW,3.0392400546334408e-06,article1-v3,0ef12c320cfa1f93a852406370e80eb0b1e4b1731704727c3a1f9b691f1c9e9f,107efb320922a5311b91b47974f03876544bfaeb39719aa1e062bfdf103fd6e0,10000,full_original_order,43,107efb320922a5311b91b47974f03876544bfaeb39719aa1e062bfdf103fd6e0,10000,deterministic_evaluation,single,7fbf2f593b5c1322,none,43,4653facc976c754db44db364f98ece6dc6fd96c618a9a20ab4365e2165b9b546,0.0025481639895588,9f0b88d81119b57a6ae57eeb22a3257787c562e62cc7a83b1f6566c657fe7250,0.9883,0.2426072367455141,1.0,-0.0,-0.0,2.0,8.0,"{""K"": 10, ""batch_size"": 256, ""epochs"": 30, ""lr"": 0.001, ""optimizer"": ""AdamW"", ""weight_decay"": 0.0001}",1200,0.0001,selected_uniform,/home/roi/PycharmProjects/KD_v5/OUTPUTS/article1_v3/results_baseline.csv,70,,,,,,,,,,True
e6f1e0016bd69e5208d7779bafd908447f0ffbf5bd505201465dc3d9494ee864,mean_probabilities,9dc3b75d34f50fd7e8121684c2e8b96473759a62ffdf4da9a899b6be2324c4f6,256,7ec812be75663f47fb1c9726f93e3688d8b157f3,a9ca4e4e309199cb5e678efb6ee0c82e505303b6e94aaa64eb073f8edb7ba586,ac4d3daebd132fcf0c30acd7f9828d40c3eda282d672fe5d5214e900d8f21068,mnist,1.0,30,30,300000,0.0,0.0,e311558ce6e4e1a1d345e2051c2d5e8ccaecccda,0.001,1.0,oracle_prob,AdamW,,article1-v3,0ef12c320cfa1f93a852406370e80eb0b1e4b1731704727c3a1f9b691f1c9e9f,107efb320922a5311b91b47974f03876544bfaeb39719aa1e062bfdf103fd6e0,10000,full_original_order,43,107efb320922a5311b91b47974f03876544bfaeb39719aa1e062bfdf103fd6e0,10000,deterministic_evaluation,single,12026cbabced0705,none,43,d78c550ccb19dbb45a7e8d096e0f6876530dc2f6bba600a39b566adb3922a9e6,0.0017644467297941,9f0b88d81119b57a6ae57eeb22a3257787c562e62cc7a83b1f6566c657fe7250,0.988,0.265626294890065,1.0,4.04892151595722e-05,3.0393702503162515e-06,1.0,8.0,"{""K"": 10, ""batch_size"": 256, ""epochs"": 30, ""lr"": 0.001, ""optimizer"": ""AdamW"", ""weight_decay"": 0.0001}",1200,0.0001,selected_uniform,/home/roi/PycharmProjects/KD_v5/OUTPUTS/article1_v3/results_baseline.csv,71,,,,,,,,,,True
e6f1e0016bd69e5208d7779bafd908447f0ffbf5bd505201465dc3d9494ee864,weighted_mean_logits,9dc3b75d34f50fd7e8121684c2e8b96473759a62ffdf4da9a899b6be2324c4f6,256,7ec812be75663f47fb1c9726f93e3688d8b157f3,a9ca4e4e309199cb5e678efb6ee0c82e505303b6e94aaa64eb073f8edb7ba586,ac4d3daebd132fcf0c30acd7f9828d40c3eda282d672fe5d5214e900d8f21068,mnist,9.999999999999998,30,30,300000,0.0,0.0,e311558ce6e4e1a1d345e2051c2d5e8ccaecccda,0.001,10.0,feddf_logit,AdamW,,article1-v3,0ef12c320cfa1f93a852406370e80eb0b1e4b1731704727c3a1f9b691f1c9e9f,107efb320922a5311b91b47974f03876544bfaeb39719aa1e062bfdf103fd6e0,10000,full_original_order,43,107efb320922a5311b91b47974f03876544bfaeb39719aa1e062bfdf103fd6e0,10000,deterministic_evaluation,single,dbbe406688b425cb,none,43,7637b9ce8ca5757100041854f5c869863846bfa52a9668754eeab1aa14c13b3b,0.1272799670696258,9f0b88d81119b57a6ae57eeb22a3257787c562e62cc7a83b1f6566c657fe7250,0.1028,5.32049330368042,0.0999,2.2450855787001425,2.35097485436528,1.0,8.0,"{""K"": 10, ""batch_size"": 256, ""epochs"": 30, ""lr"": 0.001, ""optimizer"": ""AdamW"", ""weight_decay"": 0.0001}",1200,0.0001,uniform,/home/roi/PycharmProjects/KD_v5/OUTPUTS/article1_v3/results_baseline.csv,72,,,,,,,,,,True
e6f1e0016bd69e5208d7779bafd908447f0ffbf5bd505201465dc3d9494ee864,weighted_mean_logits,9dc3b75d34f50fd7e8121684c2e8b96473759a62ffdf4da9a899b6be2324c4f6,256,7ec812be75663f47fb1c9726f93e3688d8b157f3,a9ca4e4e309199cb5e678efb6ee0c82e505303b6e94aaa64eb073f8edb7ba586,ac4d3daebd132fcf0c30acd7f9828d40c3eda282d672fe5d5214e900d8f21068,mnist,1.0,30,30,300000,0.0,0.0,e311558ce6e4e1a1d345e2051c2d5e8ccaecccda,0.001,1.0,oracle_logit,AdamW,,article1-v3,0ef12c320cfa1f93a852406370e80eb0b1e4b1731704727c3a1f9b691f1c9e9f,107efb320922a5311b91b47974f03876544bfaeb39719aa1e062bfdf103fd6e0,10000,full_original_order,43,107efb320922a5311b91b47974f03876544bfaeb39719aa1e062bfdf103fd6e0,10000,deterministic_evaluation,single,3e8f1d9a26fb6edc,none,43,d78c550ccb19dbb45a7e8d096e0f6876530dc2f6bba600a39b566adb3922a9e6,0.0017644467297941,9f0b88d81119b57a6ae57eeb22a3257787c562e62cc7a83b1f6566c657fe7250,0.988,0.265626294890065,1.0,4.04892151595722e-05,3.0393702503162515e-06,1.0,8.0,"{""K"": 10, ""batch_size"": 256, ""epochs"": 30, ""lr"": 0.001, ""optimizer"": ""AdamW"", ""weight_decay"": 0.0001}",1200,0.0001,selected_uniform,/home/roi/PycharmProjects/KD_v5/OUTPUTS/article1_v3/results_baseline.csv,73,,,,,,,,,,True
80f93e8c7d0e1e083e6aab0b073011d858d092951eb4bb2d595cd43173e04704,mean_probabilities,1f3034cbd83dc007bebbb86cb19474d4ce302552e2dd4f9a5af623e717861d58,256,7ec812be75663f47fb1c9726f93e3688d8b157f3,2be687a7dd5628056a9971fbdadae93b40c89d02a356ccc1b2d8b00bafeb221a,9e4cb297e02ef29f00941de5d7f2282b123be3a25d5cc82a3139da1a1e624844,mnist,9.999999999999998,30,30,300000,0.0,0.0,e311558ce6e4e1a1d345e2051c2d5e8ccaecccda,0.001,10.0,feddf_prob,AdamW,,article1-v3,a96d9b64b59dbeb37ade490f77bbe3b7b6d8967aca976988020a1c572b3711a9,0c710d4d5b2c5e064b2444fd8c0541add01b6425e0bc35a453b2dc93767844dd,10000,full_original_order,44,0c710d4d5b2c5e064b2444fd8c0541add01b6425e0bc35a453b2dc93767844dd,10000,deterministic_evaluation,iid,81b0e728d98d19c3,none,44,3e28f5e11a72de524ce533bb98012ed52755655b5a6b4ba236c4d7bfd8b63919,0.6106052398681641,6838075722e64f2bbfba2fd720c2d2975cc93fc1fa1b02f4a7d78d497d5477e4,0.9853,0.0466789696703665,0.9867,1.8083692594210632,0.8286048743596872,1.0,8.0,"{""K"": 10, ""batch_size"": 256, ""epochs"": 30, ""lr"": 0.001, ""optimizer"": ""AdamW"", ""weight_decay"": 0.0001}",1200,0.0001,uniform,/home/roi/PycharmProjects/KD_v5/OUTPUTS/article1_v3/results_baseline.csv,74,,,,,,,,,,True
80f93e8c7d0e1e083e6aab0b073011d858d092951eb4bb2d595cd43173e04704,mean_probabilities,1f3034cbd83dc007bebbb86cb19474d4ce302552e2dd4f9a5af623e717861d58,256,7ec812be75663f47fb1c9726f93e3688d8b157f3,2be687a7dd5628056a9971fbdadae93b40c89d02a356ccc1b2d8b00bafeb221a,9e4cb297e02ef29f00941de5d7f2282b123be3a25d5cc82a3139da1a1e624844,mnist,9.999999999999998,30,30,300000,0.0,0.0,e311558ce6e4e1a1d345e2051c2d5e8ccaecccda,0.001,10.0,expert_prob,AdamW,8.506528814677949e-18,article1-v3,a96d9b64b59dbeb37ade490f77bbe3b7b6d8967aca976988020a1c572b3711a9,0c710d4d5b2c5e064b2444fd8c0541add01b6425e0bc35a453b2dc93767844dd,10000,full_original_order,44,0c710d4d5b2c5e064b2444fd8c0541add01b6425e0bc35a453b2dc93767844dd,10000,deterministic_evaluation,iid,ed9d70c5453f65bd,none,44,3e28f5e11a72de524ce533bb98012ed52755655b5a6b4ba236c4d7bfd8b63919,0.6106052398681641,6838075722e64f2bbfba2fd720c2d2975cc93fc1fa1b02f4a7d78d497d5477e4,0.9853,0.0466789696703665,0.9867,1.8083692594210632,0.8286048743596872,1.0,8.0,"{""K"": 10, ""batch_size"": 256, ""epochs"": 30, ""lr"": 0.001, ""optimizer"": ""AdamW"", ""weight_decay"": 0.0001}",1200,0.0001,selected_uniform,/home/roi/PycharmProjects/KD_v5/OUTPUTS/article1_v3/results_baseline.csv,75,,,,,,,,,,True
80f93e8c7d0e1e083e6aab0b073011d858d092951eb4bb2d595cd43173e04704,mean_support_restricted_probabilities,1f3034cbd83dc007bebbb86cb19474d4ce302552e2dd4f9a5af623e717861d58,256,7ec812be75663f47fb1c9726f93e3688d8b157f3,2be687a7dd5628056a9971fbdadae93b40c89d02a356ccc1b2d8b00bafeb221a,9e4cb297e02ef29f00941de5d7f2282b123be3a25d5cc82a3139da1a1e624844,mnist,9.999999999999998,30,30,300000,0.0,0.0,e311558ce6e4e1a1d345e2051c2d5e8ccaecccda,0.001,10.0,expert_prob_sr,AdamW,8.506528814677949e-18,article1-v3,a96d9b64b59dbeb37ade490f77bbe3b7b6d8967aca976988020a1c572b3711a9,0c710d4d5b2c5e064b2444fd8c0541add01b6425e0bc35a453b2dc93767844dd,10000,full_original_order,44,0c710d4d5b2c5e064b2444fd8c0541add01b6425e0bc35a453b2dc93767844dd,10000,deterministic_evaluation,iid,0214923722a2dd77,none,44,3e28f5e11a72de524ce533bb98012ed52755655b5a6b4ba236c4d7bfd8b63919,0.6106052398681641,6838075722e64f2bbfba2fd720c2d2975cc93fc1fa1b02f4a7d78d497d5477e4,0.9853,0.0466789696703665,0.9867,1.8083692594210632,0.8286048743596872,2.0,8.0,"{""K"": 10, ""batch_size"": 256, ""epochs"": 30, ""lr"": 0.001, ""optimizer"": ""AdamW"", ""weight_decay"": 0.0001}",1200,0.0001,selected_uniform,/home/roi/PycharmProjects/KD_v5/OUTPUTS/article1_v3/results_baseline.csv,76,,,,,,,,,,True
80f93e8c7d0e1e083e6aab0b073011d858d092951eb4bb2d595cd43173e04704,mean_probabilities,1f3034cbd83dc007bebbb86cb19474d4ce302552e2dd4f9a5af623e717861d58,256,7ec812be75663f47fb1c9726f93e3688d8b157f3,2be687a7dd5628056a9971fbdadae93b40c89d02a356ccc1b2d8b00bafeb221a,9e4cb297e02ef29f00941de5d7f2282b123be3a25d5cc82a3139da1a1e624844,mnist,9.789099999999998,30,30,300000,26.0,0.0026,e311558ce6e4e1a1d345e2051c2d5e8ccaecccda,0.001,9.7631,oracle_prob,AdamW,,article1-v3,a96d9b64b59dbeb37ade490f77bbe3b7b6d8967aca976988020a1c572b3711a9,0c710d4d5b2c5e064b2444fd8c0541add01b6425e0bc35a453b2dc93767844dd,10000,full_original_order,44,0c710d4d5b2c5e064b2444fd8c0541add01b6425e0bc35a453b2dc93767844dd,10000,deterministic_evaluation,iid,2159f0970c38c9ba,none,44,4ff1b8562b0895bf3361ebc7e20c360853d5702ff3ef19482a28d87574a7c8a8,0.6074419021606445,6838075722e64f2bbfba2fd720c2d2975cc93fc1fa1b02f4a7d78d497d5477e4,0.9874,0.0418447803474031,0.9974,1.807377033244244,0.8217528498833694,1.0,8.0,"{""K"": 10, ""batch_size"": 256, ""epochs"": 30, ""lr"": 0.001, ""optimizer"": ""AdamW"", ""weight_decay"": 0.0001}",1200,0.0001,selected_uniform,/home/roi/PycharmProjects/KD_v5/OUTPUTS/article1_v3/results_baseline.csv,77,,,,,,,,,,True
80f93e8c7d0e1e083e6aab0b073011d858d092951eb4bb2d595cd43173e04704,weighted_mean_logits,1f3034cbd83dc007bebbb86cb19474d4ce302552e2dd4f9a5af623e717861d58,256,7ec812be75663f47fb1c9726f93e3688d8b157f3,2be687a7dd5628056a9971fbdadae93b40c89d02a356ccc1b2d8b00bafeb221a,9e4cb297e02ef29f00941de5d7f2282b123be3a25d5cc82a3139da1a1e624844,mnist,9.999999999999998,30,30,300000,0.0,0.0,e311558ce6e4e1a1d345e2051c2d5e8ccaecccda,0.001,10.0,feddf_logit,AdamW,,article1-v3,a96d9b64b59dbeb37ade490f77bbe3b7b6d8967aca976988020a1c572b3711a9,0c710d4d5b2c5e064b2444fd8c0541add01b6425e0bc35a453b2dc93767844dd,10000,full_original_order,44,0c710d4d5b2c5e064b2444fd8c0541add01b6425e0bc35a453b2dc93767844dd,10000,deterministic_evaluation,iid,2cf8a9163a1164be,none,44,85388d6fb1fc41f20661ea3721b6897705ffaf3260792bd1942d7945bbd4dd42,0.6635423898696899,6838075722e64f2bbfba2fd720c2d2975cc93fc1fa1b02f4a7d78d497d5477e4,0.9851,0.0471153291281312,0.9865,1.7834773389514038,0.8109374887253868,1.0,8.0,"{""K"": 10, ""batch_size"": 256, ""epochs"": 30, ""lr"": 0.001, ""optimizer"": ""AdamW"", ""weight_decay"": 0.0001}",1200,0.0001,uniform,/home/roi/PycharmProjects/KD_v5/OUTPUTS/article1_v3/results_baseline.csv,78,,,,,,,,,,True
80f93e8c7d0e1e083e6aab0b073011d858d092951eb4bb2d595cd43173e04704,weighted_mean_logits,1f3034cbd83dc007bebbb86cb19474d4ce302552e2dd4f9a5af623e717861d58,256,7ec812be75663f47fb1c9726f93e3688d8b157f3,2be687a7dd5628056a9971fbdadae93b40c89d02a356ccc1b2d8b00bafeb221a,9e4cb297e02ef29f00941de5d7f2282b123be3a25d5cc82a3139da1a1e624844,mnist,9.789099999999998,30,30,300000,26.0,0.0026,e311558ce6e4e1a1d345e2051c2d5e8ccaecccda,0.001,9.7631,oracle_logit,AdamW,,article1-v3,a96d9b64b59dbeb37ade490f77bbe3b7b6d8967aca976988020a1c572b3711a9,0c710d4d5b2c5e064b2444fd8c0541add01b6425e0bc35a453b2dc93767844dd,10000,full_original_order,44,0c710d4d5b2c5e064b2444fd8c0541add01b6425e0bc35a453b2dc93767844dd,10000,deterministic_evaluation,iid,a917fd671cc98a13,none,44,a3408b7869fdc70f1ee942d056725f2d8f549b977ed50d3dd4201631d734b5dc,0.6994587182998657,6838075722e64f2bbfba2fd720c2d2975cc93fc1fa1b02f4a7d78d497d5477e4,0.9868,0.0426450517525896,0.9974,1.7823642545132217,0.8037609158273753,1.0,8.0,"{""K"": 10, ""batch_size"": 256, ""epochs"": 30, ""lr"": 0.001, ""optimizer"": ""AdamW"", ""weight_decay"": 0.0001}",1200,0.0001,selected_uniform,/home/roi/PycharmProjects/KD_v5/OUTPUTS/article1_v3/results_baseline.csv,79,,,,,,,,,,True
0650d165310dbc4d98971a03727dec20db2324f54decbfd7940ca9962cbcd167,mean_probabilities,1f3034cbd83dc007bebbb86cb19474d4ce302552e2dd4f9a5af623e717861d58,256,7ec812be75663f47fb1c9726f93e3688d8b157f3,c2b2687c5bac374406192f0e0c7b62a74251251a0245f84a6d21cc2170d2aae2,9e4cb297e02ef29f00941de5d7f2282b123be3a25d5cc82a3139da1a1e624844,mnist,9.999999999999998,30,30,300000,0.0,0.0,e311558ce6e4e1a1d345e2051c2d5e8ccaecccda,0.001,10.0,feddf_prob,AdamW,,article1-v3,a96d9b64b59dbeb37ade490f77bbe3b7b6d8967aca976988020a1c572b3711a9,0c710d4d5b2c5e064b2444fd8c0541add01b6425e0bc35a453b2dc93767844dd,10000,full_original_order,44,0c710d4d5b2c5e064b2444fd8c0541add01b6425e0bc35a453b2dc93767844dd,10000,deterministic_evaluation,alpha1p0,5e64c8c14ab55789,none,44,76cd342badbb80543756a9d6ee66dfbc42d3acffeb579b4f0b9e34338a7840c0,0.4635920822620392,6838075722e64f2bbfba2fd720c2d2975cc93fc1fa1b02f4a7d78d497d5477e4,0.9825,0.0547011967492522,0.985,1.871885072420878,0.8925601403309483,1.0,8.0,"{""K"": 10, ""batch_size"": 256, ""epochs"": 30, ""lr"": 0.001, ""optimizer"": ""AdamW"", ""weight_decay"": 0.0001}",1200,0.0001,uniform,/home/roi/PycharmProjects/KD_v5/OUTPUTS/article1_v3/results_baseline.csv,80,,,,,,,,,,True
0650d165310dbc4d98971a03727dec20db2324f54decbfd7940ca9962cbcd167,mean_probabilities,1f3034cbd83dc007bebbb86cb19474d4ce302552e2dd4f9a5af623e717861d58,256,7ec812be75663f47fb1c9726f93e3688d8b157f3,c2b2687c5bac374406192f0e0c7b62a74251251a0245f84a6d21cc2170d2aae2,9e4cb297e02ef29f00941de5d7f2282b123be3a25d5cc82a3139da1a1e624844,mnist,8.3,30,30,300000,0.0,0.0,e311558ce6e4e1a1d345e2051c2d5e8ccaecccda,0.001,8.3,expert_prob,AdamW,0.073052441499983,article1-v3,a96d9b64b59dbeb37ade490f77bbe3b7b6d8967aca976988020a1c572b3711a9,0c710d4d5b2c5e064b2444fd8c0541add01b6425e0bc35a453b2dc93767844dd,10000,full_original_order,44,0c710d4d5b2c5e064b2444fd8c0541add01b6425e0bc35a453b2dc93767844dd,10000,deterministic_evaluation,alpha1p0,18a721009ab5f2f6,none,44,2cf32da8e64003e0e810ba4cf9d262516d30de41882a6de4378d7319ef65d13f,0.5958935618400574,6838075722e64f2bbfba2fd720c2d2975cc93fc1fa1b02f4a7d78d497d5477e4,0.983,0.0505428141423733,0.9892,1.8129297105787832,0.8223100100957554,1.0,8.0,"{""K"": 10, ""batch_size"": 256, ""epochs"": 30, ""lr"": 0.001, ""optimizer"": ""AdamW"", ""weight_decay"": 0.0001}",1200,0.0001,selected_uniform,/home/roi/PycharmProjects/KD_v5/OUTPUTS/article1_v3/results_baseline.csv,81,,,,,,,,,,True
0650d165310dbc4d98971a03727dec20db2324f54decbfd7940ca9962cbcd167,mean_support_restricted_probabilities,1f3034cbd83dc007bebbb86cb19474d4ce302552e2dd4f9a5af623e717861d58,256,7ec812be75663f47fb1c9726f93e3688d8b157f3,c2b2687c5bac374406192f0e0c7b62a74251251a0245f84a6d21cc2170d2aae2,9e4cb297e02ef29f00941de5d7f2282b123be3a25d5cc82a3139da1a1e624844,mnist,8.3,30,30,300000,0.0,0.0,e311558ce6e4e1a1d345e2051c2d5e8ccaecccda,0.001,8.3,expert_prob_sr,AdamW,0.073052441499983,article1-v3,a96d9b64b59dbeb37ade490f77bbe3b7b6d8967aca976988020a1c572b3711a9,0c710d4d5b2c5e064b2444fd8c0541add01b6425e0bc35a453b2dc93767844dd,10000,full_original_order,44,0c710d4d5b2c5e064b2444fd8c0541add01b6425e0bc35a453b2dc93767844dd,10000,deterministic_evaluation,alpha1p0,8ca25549a3576331,none,44,3b627b9f1a7e260da20aaf47df85bc1e4b3e3f940941849780d3d7d9fd915788,0.6639397144317627,6838075722e64f2bbfba2fd720c2d2975cc93fc1fa1b02f4a7d78d497d5477e4,0.9849,0.0463529773984453,0.9928,1.7409176989568238,0.7450345842263563,2.0,8.0,"{""K"": 10, ""batch_size"": 256, ""epochs"": 30, ""lr"": 0.001, ""optimizer"": ""AdamW"", ""weight_decay"": 0.0001}",1200,0.0001,selected_uniform,/home/roi/PycharmProjects/KD_v5/OUTPUTS/article1_v3/results_baseline.csv,82,,,,,,,,,,True
0650d165310dbc4d98971a03727dec20db2324f54decbfd7940ca9962cbcd167,mean_probabilities,1f3034cbd83dc007bebbb86cb19474d4ce302552e2dd4f9a5af623e717861d58,256,7ec812be75663f47fb1c9726f93e3688d8b157f3,c2b2687c5bac374406192f0e0c7b62a74251251a0245f84a6d21cc2170d2aae2,9e4cb297e02ef29f00941de5d7f2282b123be3a25d5cc82a3139da1a1e624844,mnist,9.3856,30,30,300000,19.0,0.0019,e311558ce6e4e1a1d345e2051c2d5e8ccaecccda,0.001,9.3666,oracle_prob,AdamW,,article1-v3,a96d9b64b59dbeb37ade490f77bbe3b7b6d8967aca976988020a1c572b3711a9,0c710d4d5b2c5e064b2444fd8c0541add01b6425e0bc35a453b2dc93767844dd,10000,full_original_order,44,0c710d4d5b2c5e064b2444fd8c0541add01b6425e0bc35a453b2dc93767844dd,10000,deterministic_evaluation,alpha1p0,0953ff10e244dd8c,none,44,a5f65a59fa1f4841a05f82eab239d8b405920f21d035604697a694c84525a8d4,0.6059226989746094,6838075722e64f2bbfba2fd720c2d2975cc93fc1fa1b02f4a7d78d497d5477e4,0.9848,0.042210007188702,0.9981,1.8552180163822325,0.8575955138808192,1.0,8.0,"{""K"": 10, ""batch_size"": 256, ""epochs"": 30, ""lr"": 0.001, ""optimizer"": ""AdamW"", ""weight_decay"": 0.0001}",1200,0.0001,selected_uniform,/home/roi/PycharmProjects/KD_v5/OUTPUTS/article1_v3/results_baseline.csv,83,,,,,,,,,,True
0650d165310dbc4d98971a03727dec20db2324f54decbfd7940ca9962cbcd167,weighted_mean_logits,1f3034cbd83dc007bebbb86cb19474d4ce302552e2dd4f9a5af623e717861d58,256,7ec812be75663f47fb1c9726f93e3688d8b157f3,c2b2687c5bac374406192f0e0c7b62a74251251a0245f84a6d21cc2170d2aae2,9e4cb297e02ef29f00941de5d7f2282b123be3a25d5cc82a3139da1a1e624844,mnist,9.999999999999998,30,30,300000,0.0,0.0,e311558ce6e4e1a1d345e2051c2d5e8ccaecccda,0.001,10.0,feddf_logit,AdamW,,article1-v3,a96d9b64b59dbeb37ade490f77bbe3b7b6d8967aca976988020a1c572b3711a9,0c710d4d5b2c5e064b2444fd8c0541add01b6425e0bc35a453b2dc93767844dd,10000,full_original_order,44,0c710d4d5b2c5e064b2444fd8c0541add01b6425e0bc35a453b2dc93767844dd,10000,deterministic_evaluation,alpha1p0,b98b982f9eafa6ec,none,44,589ee473b759e17dee59155f45fc1bcdb419e34224e8bd39427528879b2a0f18,0.4773930311203003,6838075722e64f2bbfba2fd720c2d2975cc93fc1fa1b02f4a7d78d497d5477e4,0.9816,0.0554839780879439,0.9835,1.8453333176079147,0.8753794833159103,1.0,8.0,"{""K"": 10, ""batch_size"": 256, ""epochs"": 30, ""lr"": 0.001, ""optimizer"": ""AdamW"", ""weight_decay"": 0.0001}",1200,0.0001,uniform,/home/roi/PycharmProjects/KD_v5/OUTPUTS/article1_v3/results_baseline.csv,84,,,,,,,,,,True
0650d165310dbc4d98971a03727dec20db2324f54decbfd7940ca9962cbcd167,weighted_mean_logits,1f3034cbd83dc007bebbb86cb19474d4ce302552e2dd4f9a5af623e717861d58,256,7ec812be75663f47fb1c9726f93e3688d8b157f3,c2b2687c5bac374406192f0e0c7b62a74251251a0245f84a6d21cc2170d2aae2,9e4cb297e02ef29f00941de5d7f2282b123be3a25d5cc82a3139da1a1e624844,mnist,9.3856,30,30,300000,19.0,0.0019,e311558ce6e4e1a1d345e2051c2d5e8ccaecccda,0.001,9.3666,oracle_logit,AdamW,,article1-v3,a96d9b64b59dbeb37ade490f77bbe3b7b6d8967aca976988020a1c572b3711a9,0c710d4d5b2c5e064b2444fd8c0541add01b6425e0bc35a453b2dc93767844dd,10000,full_original_order,44,0c710d4d5b2c5e064b2444fd8c0541add01b6425e0bc35a453b2dc93767844dd,10000,deterministic_evaluation,alpha1p0,3f5891f6bedf0e31,none,44,045ad606ae4a8c1bb50e92b34a10d1f655a49b83a16525314be1e11949b6da03,0.6074625849723816,6838075722e64f2bbfba2fd720c2d2975cc93fc1fa1b02f4a7d78d497d5477e4,0.9851,0.0428321162392152,0.9981,1.8231807462687424,0.8328656504480203,1.0,8.0,"{""K"": 10, ""batch_size"": 256, ""epochs"": 30, ""lr"": 0.001, ""optimizer"": ""AdamW"", ""weight_decay"": 0.0001}",1200,0.0001,selected_uniform,/home/roi/PycharmProjects/KD_v5/OUTPUTS/article1_v3/results_baseline.csv,85,,,,,,,,,,True
99905278cc3440f8f543b794a44a1dcc228233c140cf853ac7b5d388880577c6,mean_probabilities,1f3034cbd83dc007bebbb86cb19474d4ce302552e2dd4f9a5af623e717861d58,256,7ec812be75663f47fb1c9726f93e3688d8b157f3,811d590e26b98e5ce2a005c04ccba0033f209e6b7e3daf41b3766e1c12636339,9e4cb297e02ef29f00941de5d7f2282b123be3a25d5cc82a3139da1a1e624844,mnist,9.999999999999998,30,30,300000,0.0,0.0,e311558ce6e4e1a1d345e2051c2d5e8ccaecccda,0.001,10.0,feddf_prob,AdamW,,article1-v3,a96d9b64b59dbeb37ade490f77bbe3b7b6d8967aca976988020a1c572b3711a9,0c710d4d5b2c5e064b2444fd8c0541add01b6425e0bc35a453b2dc93767844dd,10000,full_original_order,44,0c710d4d5b2c5e064b2444fd8c0541add01b6425e0bc35a453b2dc93767844dd,10000,deterministic_evaluation,alpha0p5,975f282b321b9955,none,44,e735ce8ae776bb9be8ea060002f70fa16c252cda24a2dc3dfc59be4cf7524e01,0.4947308003902435,6838075722e64f2bbfba2fd720c2d2975cc93fc1fa1b02f4a7d78d497d5477e4,0.9784,0.0684827811770141,0.9807,2.005504962912452,1.0786530695775514,1.0,8.0,"{""K"": 10, ""batch_size"": 256, ""epochs"": 30, ""lr"": 0.001, ""optimizer"": ""AdamW"", ""weight_decay"": 0.0001}",1200,0.0001,uniform,/home/roi/PycharmProjects/KD_v5/OUTPUTS/article1_v3/results_baseline.csv,86,,,,,,,,,,True
99905278cc3440f8f543b794a44a1dcc228233c140cf853ac7b5d388880577c6,mean_probabilities,1f3034cbd83dc007bebbb86cb19474d4ce302552e2dd4f9a5af623e717861d58,256,7ec812be75663f47fb1c9726f93e3688d8b157f3,811d590e26b98e5ce2a005c04ccba0033f209e6b7e3daf41b3766e1c12636339,9e4cb297e02ef29f00941de5d7f2282b123be3a25d5cc82a3139da1a1e624844,mnist,7.6,30,30,300000,0.0,0.0,e311558ce6e4e1a1d345e2051c2d5e8ccaecccda,0.001,7.6,expert_prob,AdamW,0.1077921502517247,article1-v3,a96d9b64b59dbeb37ade490f77bbe3b7b6d8967aca976988020a1c572b3711a9,0c710d4d5b2c5e064b2444fd8c0541add01b6425e0bc35a453b2dc93767844dd,10000,full_original_order,44,0c710d4d5b2c5e064b2444fd8c0541add01b6425e0bc35a453b2dc93767844dd,10000,deterministic_evaluation,alpha0p5,23eaac99842b9e84,none,44,31f613cf17e58639d15467c71f15719bbaabe9911f082837963fe1e722203d0a,0.6362123489379883,6838075722e64f2bbfba2fd720c2d2975cc93fc1fa1b02f4a7d78d497d5477e4,0.9811,0.056927057863865,0.9895,1.9179372878608247,0.9427594258179084,1.0,8.0,"{""K"": 10, ""batch_size"": 256, ""epochs"": 30, ""lr"": 0.001, ""optimizer"": ""AdamW"", ""weight_decay"": 0.0001}",1200,0.0001,selected_uniform,/home/roi/PycharmProjects/KD_v5/OUTPUTS/article1_v3/results_baseline.csv,87,,,,,,,,,,True
99905278cc3440f8f543b794a44a1dcc228233c140cf853ac7b5d388880577c6,mean_support_restricted_probabilities,1f3034cbd83dc007bebbb86cb19474d4ce302552e2dd4f9a5af623e717861d58,256,7ec812be75663f47fb1c9726f93e3688d8b157f3,811d590e26b98e5ce2a005c04ccba0033f209e6b7e3daf41b3766e1c12636339,9e4cb297e02ef29f00941de5d7f2282b123be3a25d5cc82a3139da1a1e624844,mnist,7.6,30,30,300000,0.0,0.0,e311558ce6e4e1a1d345e2051c2d5e8ccaecccda,0.001,7.6,expert_prob_sr,AdamW,0.1077921502517247,article1-v3,a96d9b64b59dbeb37ade490f77bbe3b7b6d8967aca976988020a1c572b3711a9,0c710d4d5b2c5e064b2444fd8c0541add01b6425e0bc35a453b2dc93767844dd,10000,full_original_order,44,0c710d4d5b2c5e064b2444fd8c0541add01b6425e0bc35a453b2dc93767844dd,10000,deterministic_evaluation,alpha0p5,0ebf35ce24c0ad53,none,44,d1fa6b8c9eaef88e18d761d0098ab50ab008519a62df73f8ae9dbe745fc86787,0.7818976640701294,6838075722e64f2bbfba2fd720c2d2975cc93fc1fa1b02f4a7d78d497d5477e4,0.9826,0.0540420913833193,0.9941,1.8155209175527405,0.8273173863400202,2.0,8.0,"{""K"": 10, ""batch_size"": 256, ""epochs"": 30, ""lr"": 0.001, ""optimizer"": ""AdamW"", ""weight_decay"": 0.0001}",1200,0.0001,selected_uniform,/home/roi/PycharmProjects/KD_v5/OUTPUTS/article1_v3/results_baseline.csv,88,,,,,,,,,,True
99905278cc3440f8f543b794a44a1dcc228233c140cf853ac7b5d388880577c6,mean_probabilities,1f3034cbd83dc007bebbb86cb19474d4ce302552e2dd4f9a5af623e717861d58,256,7ec812be75663f47fb1c9726f93e3688d8b157f3,811d590e26b98e5ce2a005c04ccba0033f209e6b7e3daf41b3766e1c12636339,9e4cb297e02ef29f00941de5d7f2282b123be3a25d5cc82a3139da1a1e624844,mnist,8.5192,30,30,300000,13.0,0.0013,e311558ce6e4e1a1d345e2051c2d5e8ccaecccda,0.001,8.5062,oracle_prob,AdamW,,article1-v3,a96d9b64b59dbeb37ade490f77bbe3b7b6d8967aca976988020a1c572b3711a9,0c710d4d5b2c5e064b2444fd8c0541add01b6425e0bc35a453b2dc93767844dd,10000,full_original_order,44,0c710d4d5b2c5e064b2444fd8c0541add01b6425e0bc35a453b2dc93767844dd,10000,deterministic_evaluation,alpha0p5,04083fd7a69581e3,none,44,1a0d51c7547aca9b4e4dc2c4dfca3a9547c985dd17d59f30ae9feb8072551201,0.5931649208068848,6838075722e64f2bbfba2fd720c2d2975cc93fc1fa1b02f4a7d78d497d5477e4,0.9849,0.045071971319057,0.9987,1.955470045379948,0.971362044628982,1.0,8.0,"{""K"": 10, ""batch_size"": 256, ""epochs"": 30, ""lr"": 0.001, ""optimizer"": ""AdamW"", ""weight_decay"": 0.0001}",1200,0.0001,selected_uniform,/home/roi/PycharmProjects/KD_v5/OUTPUTS/article1_v3/results_baseline.csv,89,,,,,,,,,,True
99905278cc3440f8f543b794a44a1dcc228233c140cf853ac7b5d388880577c6,weighted_mean_logits,1f3034cbd83dc007bebbb86cb19474d4ce302552e2dd4f9a5af623e717861d58,256,7ec812be75663f47fb1c9726f93e3688d8b157f3,811d590e26b98e5ce2a005c04ccba0033f209e6b7e3daf41b3766e1c12636339,9e4cb297e02ef29f00941de5d7f2282b123be3a25d5cc82a3139da1a1e624844,mnist,9.999999999999998,30,30,300000,0.0,0.0,e311558ce6e4e1a1d345e2051c2d5e8ccaecccda,0.001,10.0,feddf_logit,AdamW,,article1-v3,a96d9b64b59dbeb37ade490f77bbe3b7b6d8967aca976988020a1c572b3711a9,0c710d4d5b2c5e064b2444fd8c0541add01b6425e0bc35a453b2dc93767844dd,10000,full_original_order,44,0c710d4d5b2c5e064b2444fd8c0541add01b6425e0bc35a453b2dc93767844dd,10000,deterministic_evaluation,alpha0p5,c4535b293e125477,none,44,502e1ae8b290e4960356297a8aed5d64acafa99549cba21a96d21620c834e7fc,0.5079066157341003,6838075722e64f2bbfba2fd720c2d2975cc93fc1fa1b02f4a7d78d497d5477e4,0.974,0.0820990600779652,0.9757,2.012823931906733,1.1098532445938152,1.0,8.0,"{""K"": 10, ""batch_size"": 256, ""epochs"": 30, ""lr"": 0.001, ""optimizer"": ""AdamW"", ""weight_decay"": 0.0001}",1200,0.0001,uniform,/home/roi/PycharmProjects/KD_v5/OUTPUTS/article1_v3/results_baseline.csv,90,,,,,,,,,,True
99905278cc3440f8f543b794a44a1dcc228233c140cf853ac7b5d388880577c6,weighted_mean_logits,1f3034cbd83dc007bebbb86cb19474d4ce302552e2dd4f9a5af623e717861d58,256,7ec812be75663f47fb1c9726f93e3688d8b157f3,811d590e26b98e5ce2a005c04ccba0033f209e6b7e3daf41b3766e1c12636339,9e4cb297e02ef29f00941de5d7f2282b123be3a25d5cc82a3139da1a1e624844,mnist,8.5192,30,30,300000,13.0,0.0013,e311558ce6e4e1a1d345e2051c2d5e8ccaecccda,0.001,8.5062,oracle_logit,AdamW,,article1-v3,a96d9b64b59dbeb37ade490f77bbe3b7b6d8967aca976988020a1c572b3711a9,0c710d4d5b2c5e064b2444fd8c0541add01b6425e0bc35a453b2dc93767844dd,10000,full_original_order,44,0c710d4d5b2c5e064b2444fd8c0541add01b6425e0bc35a453b2dc93767844dd,10000,deterministic_evaluation,alpha0p5,623b5bf47ff948e6,none,44,e1795f386d1d8c830d8dda7ffb3f0ed6ca59353b2245a2e62f639757374da822,0.6603619456291199,6838075722e64f2bbfba2fd720c2d2975cc93fc1fa1b02f4a7d78d497d5477e4,0.9853,0.0464492830076254,0.9987,1.936005336618299,0.9492200786496507,1.0,8.0,"{""K"": 10, ""batch_size"": 256, ""epochs"": 30, ""lr"": 0.001, ""optimizer"": ""AdamW"", ""weight_decay"": 0.0001}",1200,0.0001,selected_uniform,/home/roi/PycharmProjects/KD_v5/OUTPUTS/article1_v3/results_baseline.csv,91,,,,,,,,,,True
4d75b0676840088df372a47c165d585d1ede45e6b38daecb354187587ffaa225,mean_probabilities,1f3034cbd83dc007bebbb86cb19474d4ce302552e2dd4f9a5af623e717861d58,256,7ec812be75663f47fb1c9726f93e3688d8b157f3,89e2b2babe994a4bc9dc9c00465e2203d56ed18e4e614d4f39a8bdae3a52889a,9e4cb297e02ef29f00941de5d7f2282b123be3a25d5cc82a3139da1a1e624844,mnist,9.999999999999998,30,30,300000,0.0,0.0,e311558ce6e4e1a1d345e2051c2d5e8ccaecccda,0.001,10.0,feddf_prob,AdamW,,article1-v3,a96d9b64b59dbeb37ade490f77bbe3b7b6d8967aca976988020a1c572b3711a9,0c710d4d5b2c5e064b2444fd8c0541add01b6425e0bc35a453b2dc93767844dd,10000,full_original_order,44,0c710d4d5b2c5e064b2444fd8c0541add01b6425e0bc35a453b2dc93767844dd,10000,deterministic_evaluation,alpha0p1,088d73400827b025,none,44,0dbe8a9a12631baf2be5e39bd5e2aa6eb3836c3df662c0ec10ff07d246c3b07c,0.8934162855148315,6838075722e64f2bbfba2fd720c2d2975cc93fc1fa1b02f4a7d78d497d5477e4,0.7989,0.5397906281471252,0.8193,2.1236259942226448,1.4157085100353313,1.0,8.0,"{""K"": 10, ""batch_size"": 256, ""epochs"": 30, ""lr"": 0.001, ""optimizer"": ""AdamW"", ""weight_decay"": 0.0001}",1200,0.0001,uniform,/home/roi/PycharmProjects/KD_v5/OUTPUTS/article1_v3/results_baseline.csv,92,,,,,,,,,,True
4d75b0676840088df372a47c165d585d1ede45e6b38daecb354187587ffaa225,mean_probabilities,1f3034cbd83dc007bebbb86cb19474d4ce302552e2dd4f9a5af623e717861d58,256,7ec812be75663f47fb1c9726f93e3688d8b157f3,89e2b2babe994a4bc9dc9c00465e2203d56ed18e4e614d4f39a8bdae3a52889a,9e4cb297e02ef29f00941de5d7f2282b123be3a25d5cc82a3139da1a1e624844,mnist,4.1,30,30,300000,0.0,0.0,e311558ce6e4e1a1d345e2051c2d5e8ccaecccda,0.001,4.1,expert_prob,AdamW,0.1824866432992606,article1-v3,a96d9b64b59dbeb37ade490f77bbe3b7b6d8967aca976988020a1c572b3711a9,0c710d4d5b2c5e064b2444fd8c0541add01b6425e0bc35a453b2dc93767844dd,10000,full_original_order,44,0c710d4d5b2c5e064b2444fd8c0541add01b6425e0bc35a453b2dc93767844dd,10000,deterministic_evaluation,alpha0p1,cc4acf0198322c91,none,44,efa548cf8e7e546709a81f8a05f3ed77fce68de2c3167f8718551b234d7799e5,1.0436959266662598,6838075722e64f2bbfba2fd720c2d2975cc93fc1fa1b02f4a7d78d497d5477e4,0.9868,0.0523772425275761,0.9984,1.6167379445371357,0.6610174143662864,1.0,8.0,"{""K"": 10, ""batch_size"": 256, ""epochs"": 30, ""lr"": 0.001, ""optimizer"": ""AdamW"", ""weight_decay"": 0.0001}",1200,0.0001,selected_uniform,/home/roi/PycharmProjects/KD_v5/OUTPUTS/article1_v3/results_baseline.csv,93,,,,,,,,,,True
4d75b0676840088df372a47c165d585d1ede45e6b38daecb354187587ffaa225,mean_support_restricted_probabilities,1f3034cbd83dc007bebbb86cb19474d4ce302552e2dd4f9a5af623e717861d58,256,7ec812be75663f47fb1c9726f93e3688d8b157f3,89e2b2babe994a4bc9dc9c00465e2203d56ed18e4e614d4f39a8bdae3a52889a,9e4cb297e02ef29f00941de5d7f2282b123be3a25d5cc82a3139da1a1e624844,mnist,4.1,30,30,300000,0.0,0.0,e311558ce6e4e1a1d345e2051c2d5e8ccaecccda,0.001,4.1,expert_prob_sr,AdamW,0.1824866432992606,article1-v3,a96d9b64b59dbeb37ade490f77bbe3b7b6d8967aca976988020a1c572b3711a9,0c710d4d5b2c5e064b2444fd8c0541add01b6425e0bc35a453b2dc93767844dd,10000,full_original_order,44,0c710d4d5b2c5e064b2444fd8c0541add01b6425e0bc35a453b2dc93767844dd,10000,deterministic_evaluation,alpha0p1,e667c3e35d84b7d8,none,44,84bdcbc45aaa69690fac73e2316870f7583e258d9fdf8305326c221659aeb32a,1.6778852939605713,6838075722e64f2bbfba2fd720c2d2975cc93fc1fa1b02f4a7d78d497d5477e4,0.9868,0.0728152121481311,0.999,1.3184931570693004,0.4757965444072906,2.0,8.0,"{""K"": 10, ""batch_size"": 256, ""epochs"": 30, ""lr"": 0.001, ""optimizer"": ""AdamW"", ""weight_decay"": 0.0001}",1200,0.0001,selected_uniform,/home/roi/PycharmProjects/KD_v5/OUTPUTS/article1_v3/results_baseline.csv,94,,,,,,,,,,True
4d75b0676840088df372a47c165d585d1ede45e6b38daecb354187587ffaa225,mean_probabilities,1f3034cbd83dc007bebbb86cb19474d4ce302552e2dd4f9a5af623e717861d58,256,7ec812be75663f47fb1c9726f93e3688d8b157f3,89e2b2babe994a4bc9dc9c00465e2203d56ed18e4e614d4f39a8bdae3a52889a,9e4cb297e02ef29f00941de5d7f2282b123be3a25d5cc82a3139da1a1e624844,mnist,4.6031,30,30,300000,4.0,0.0004,e311558ce6e4e1a1d345e2051c2d5e8ccaecccda,0.001,4.5991,oracle_prob,AdamW,,article1-v3,a96d9b64b59dbeb37ade490f77bbe3b7b6d8967aca976988020a1c572b3711a9,0c710d4d5b2c5e064b2444fd8c0541add01b6425e0bc35a453b2dc93767844dd,10000,full_original_order,44,0c710d4d5b2c5e064b2444fd8c0541add01b6425e0bc35a453b2dc93767844dd,10000,deterministic_evaluation,alpha0p1,e8871b2f0749cfe9,none,44,382d4fce18616c4f502c7832caa207b92ed7e8340a23347412d6668a9ba653c3,1.4341357946395874,6838075722e64f2bbfba2fd720c2d2975cc93fc1fa1b02f4a7d78d497d5477e4,0.9887,0.0442178172621468,0.9996,1.6895918669413204,0.7041385300921593,1.0,8.0,"{""K"": 10, ""batch_size"": 256, ""epochs"": 30, ""lr"": 0.001, ""optimizer"": ""AdamW"", ""weight_decay"": 0.0001}",1200,0.0001,selected_uniform,/home/roi/PycharmProjects/KD_v5/OUTPUTS/article1_v3/results_baseline.csv,95,,,,,,,,,,True
4d75b0676840088df372a47c165d585d1ede45e6b38daecb354187587ffaa225,weighted_mean_logits,1f3034cbd83dc007bebbb86cb19474d4ce302552e2dd4f9a5af623e717861d58,256,7ec812be75663f47fb1c9726f93e3688d8b157f3,89e2b2babe994a4bc9dc9c00465e2203d56ed18e4e614d4f39a8bdae3a52889a,9e4cb297e02ef29f00941de5d7f2282b123be3a25d5cc82a3139da1a1e624844,mnist,9.999999999999998,30,30,300000,0.0,0.0,e311558ce6e4e1a1d345e2051c2d5e8ccaecccda,0.001,10.0,feddf_logit,AdamW,,article1-v3,a96d9b64b59dbeb37ade490f77bbe3b7b6d8967aca976988020a1c572b3711a9,0c710d4d5b2c5e064b2444fd8c0541add01b6425e0bc35a453b2dc93767844dd,10000,full_original_order,44,0c710d4d5b2c5e064b2444fd8c0541add01b6425e0bc35a453b2dc93767844dd,10000,deterministic_evaluation,alpha0p1,63849b8e3a08d7b5,none,44,a20b7ce4a5531064dc6611e04a635904b9f6d134e6337f2fba023f3a6bc45cbb,0.3207713365554809,6838075722e64f2bbfba2fd720c2d2975cc93fc1fa1b02f4a7d78d497d5477e4,0.6764,1.509930434417725,0.6636,2.1764934988926963,1.6750667206114958,1.0,8.0,"{""K"": 10, ""batch_size"": 256, ""epochs"": 30, ""lr"": 0.001, ""optimizer"": ""AdamW"", ""weight_decay"": 0.0001}",1200,0.0001,uniform,/home/roi/PycharmProjects/KD_v5/OUTPUTS/article1_v3/results_baseline.csv,96,,,,,,,,,,True
4d75b0676840088df372a47c165d585d1ede45e6b38daecb354187587ffaa225,weighted_mean_logits,1f3034cbd83dc007bebbb86cb19474d4ce302552e2dd4f9a5af623e717861d58,256,7ec812be75663f47fb1c9726f93e3688d8b157f3,89e2b2babe994a4bc9dc9c00465e2203d56ed18e4e614d4f39a8bdae3a52889a,9e4cb297e02ef29f00941de5d7f2282b123be3a25d5cc82a3139da1a1e624844,mnist,4.6031,30,30,300000,4.0,0.0004,e311558ce6e4e1a1d345e2051c2d5e8ccaecccda,0.001,4.5991,oracle_logit,AdamW,,article1-v3,a96d9b64b59dbeb37ade490f77bbe3b7b6d8967aca976988020a1c572b3711a9,0c710d4d5b2c5e064b2444fd8c0541add01b6425e0bc35a453b2dc93767844dd,10000,full_original_order,44,0c710d4d5b2c5e064b2444fd8c0541add01b6425e0bc35a453b2dc93767844dd,10000,deterministic_evaluation,alpha0p1,7970529beaeb8427,none,44,4a07527551fb646327a19269b9e6b8cd24cc22fde5b9510285d91f147be7ec90,1.6163328886032104,6838075722e64f2bbfba2fd720c2d2975cc93fc1fa1b02f4a7d78d497d5477e4,0.9877,0.0485830526825448,0.9996,1.5752147558151444,0.6126558374189759,1.0,8.0,"{""K"": 10, ""batch_size"": 256, ""epochs"": 30, ""lr"": 0.001, ""optimizer"": ""AdamW"", ""weight_decay"": 0.0001}",1200,0.0001,selected_uniform,/home/roi/PycharmProjects/KD_v5/OUTPUTS/article1_v3/results_baseline.csv,97,,,,,,,,,,True
ce4b9886dc3da23c4ec80937dca96608fe5f8454c6299680143dd031516e5403,mean_probabilities,1f3034cbd83dc007bebbb86cb19474d4ce302552e2dd4f9a5af623e717861d58,256,7ec812be75663f47fb1c9726f93e3688d8b157f3,e00f27b557db655dd0a0aada07c39075616fd95678bd62130f3d170502d068a2,9e4cb297e02ef29f00941de5d7f2282b123be3a25d5cc82a3139da1a1e624844,mnist,9.999999999999998,30,30,300000,0.0,0.0,e311558ce6e4e1a1d345e2051c2d5e8ccaecccda,0.001,10.0,feddf_prob,AdamW,,article1-v3,a96d9b64b59dbeb37ade490f77bbe3b7b6d8967aca976988020a1c572b3711a9,0c710d4d5b2c5e064b2444fd8c0541add01b6425e0bc35a453b2dc93767844dd,10000,full_original_order,44,0c710d4d5b2c5e064b2444fd8c0541add01b6425e0bc35a453b2dc93767844dd,10000,deterministic_evaluation,multi,63baf7db4eb05884,none,44,a9568ae5126bc8005ff0dabd6fc93bb0fa63df745c428c48063b08d5636ac396,0.3144923448562622,6838075722e64f2bbfba2fd720c2d2975cc93fc1fa1b02f4a7d78d497d5477e4,0.5725,1.0897900736808777,0.5783,2.099789232797046,1.7003228343757215,1.0,8.0,"{""K"": 10, ""batch_size"": 256, ""epochs"": 30, ""lr"": 0.001, ""optimizer"": ""AdamW"", ""weight_decay"": 0.0001}",1200,0.0001,uniform,/home/roi/PycharmProjects/KD_v5/OUTPUTS/article1_v3/results_baseline.csv,98,,,,,,,,,,True
ce4b9886dc3da23c4ec80937dca96608fe5f8454c6299680143dd031516e5403,mean_probabilities,1f3034cbd83dc007bebbb86cb19474d4ce302552e2dd4f9a5af623e717861d58,256,7ec812be75663f47fb1c9726f93e3688d8b157f3,e00f27b557db655dd0a0aada07c39075616fd95678bd62130f3d170502d068a2,9e4cb297e02ef29f00941de5d7f2282b123be3a25d5cc82a3139da1a1e624844,mnist,2.0,30,30,300000,0.0,0.0,e311558ce6e4e1a1d345e2051c2d5e8ccaecccda,0.001,2.0,expert_prob,AdamW,0.0384211594732403,article1-v3,a96d9b64b59dbeb37ade490f77bbe3b7b6d8967aca976988020a1c572b3711a9,0c710d4d5b2c5e064b2444fd8c0541add01b6425e0bc35a453b2dc93767844dd,10000,full_original_order,44,0c710d4d5b2c5e064b2444fd8c0541add01b6425e0bc35a453b2dc93767844dd,10000,deterministic_evaluation,multi,514513f25daa1b3d,none,44,d6421b0163ee01065db82ed3db0fe35fb102865c7cf03669e24ebe86f0515d79,1.2207181453704834,6838075722e64f2bbfba2fd720c2d2975cc93fc1fa1b02f4a7d78d497d5477e4,0.987,0.1306410345173557,0.9981,0.4386234762197089,0.1308013064927663,1.0,8.0,"{""K"": 10, ""batch_size"": 256, ""epochs"": 30, ""lr"": 0.001, ""optimizer"": ""AdamW"", ""weight_decay"": 0.0001}",1200,0.0001,selected_uniform,/home/roi/PycharmProjects/KD_v5/OUTPUTS/article1_v3/results_baseline.csv,99,,,,,,,,,,True
ce4b9886dc3da23c4ec80937dca96608fe5f8454c6299680143dd031516e5403,mean_support_restricted_probabilities,1f3034cbd83dc007bebbb86cb19474d4ce302552e2dd4f9a5af623e717861d58,256,7ec812be75663f47fb1c9726f93e3688d8b157f3,e00f27b557db655dd0a0aada07c39075616fd95678bd62130f3d170502d068a2,9e4cb297e02ef29f00941de5d7f2282b123be3a25d5cc82a3139da1a1e624844,mnist,2.0,30,30,300000,0.0,0.0,e311558ce6e4e1a1d345e2051c2d5e8ccaecccda,0.001,2.0,expert_prob_sr,AdamW,0.0384211594732403,article1-v3,a96d9b64b59dbeb37ade490f77bbe3b7b6d8967aca976988020a1c572b3711a9,0c710d4d5b2c5e064b2444fd8c0541add01b6425e0bc35a453b2dc93767844dd,10000,full_original_order,44,0c710d4d5b2c5e064b2444fd8c0541add01b6425e0bc35a453b2dc93767844dd,10000,deterministic_evaluation,multi,823c02188f2e65c3,none,44,286b744cf5c69fac473c735a3decfb0e8939fd23cc0c729ecb46b6e96b1c6865,0.2980174422264099,6838075722e64f2bbfba2fd720c2d2975cc93fc1fa1b02f4a7d78d497d5477e4,0.9836,0.3411632026289182,0.9982,0.239262645137927,0.0901270524929867,2.0,8.0,"{""K"": 10, ""batch_size"": 256, ""epochs"": 30, ""lr"": 0.001, ""optimizer"": ""AdamW"", ""weight_decay"": 0.0001}",1200,0.0001,selected_uniform,/home/roi/PycharmProjects/KD_v5/OUTPUTS/article1_v3/results_baseline.csv,100,,,,,,,,,,True
ce4b9886dc3da23c4ec80937dca96608fe5f8454c6299680143dd031516e5403,mean_probabilities,1f3034cbd83dc007bebbb86cb19474d4ce302552e2dd4f9a5af623e717861d58,256,7ec812be75663f47fb1c9726f93e3688d8b157f3,e00f27b557db655dd0a0aada07c39075616fd95678bd62130f3d170502d068a2,9e4cb297e02ef29f00941de5d7f2282b123be3a25d5cc82a3139da1a1e624844,mnist,2.0038,30,30,300000,10.0,0.001,e311558ce6e4e1a1d345e2051c2d5e8ccaecccda,0.001,1.9938,oracle_prob,AdamW,,article1-v3,a96d9b64b59dbeb37ade490f77bbe3b7b6d8967aca976988020a1c572b3711a9,0c710d4d5b2c5e064b2444fd8c0541add01b6425e0bc35a453b2dc93767844dd,10000,full_original_order,44,0c710d4d5b2c5e064b2444fd8c0541add01b6425e0bc35a453b2dc93767844dd,10000,deterministic_evaluation,multi,e0e83e43f52745a7,none,44,6846e6aa9dd1ab5a1d29221e6a0de87168a3d966c32b2a809e45081ea54dbc79,1.2867529392242432,6838075722e64f2bbfba2fd720c2d2975cc93fc1fa1b02f4a7d78d497d5477e4,0.9873,0.1258108745437522,0.999,0.4396934681455539,0.1315287433662303,1.0,8.0,"{""K"": 10, ""batch_size"": 256, ""epochs"": 30, ""lr"": 0.001, ""optimizer"": ""AdamW"", ""weight_decay"": 0.0001}",1200,0.0001,selected_uniform,/home/roi/PycharmProjects/KD_v5/OUTPUTS/article1_v3/results_baseline.csv,101,,,,,,,,,,True
ce4b9886dc3da23c4ec80937dca96608fe5f8454c6299680143dd031516e5403,weighted_mean_logits,1f3034cbd83dc007bebbb86cb19474d4ce302552e2dd4f9a5af623e717861d58,256,7ec812be75663f47fb1c9726f93e3688d8b157f3,e00f27b557db655dd0a0aada07c39075616fd95678bd62130f3d170502d068a2,9e4cb297e02ef29f00941de5d7f2282b123be3a25d5cc82a3139da1a1e624844,mnist,9.999999999999998,30,30,300000,0.0,0.0,e311558ce6e4e1a1d345e2051c2d5e8ccaecccda,0.001,10.0,feddf_logit,AdamW,,article1-v3,a96d9b64b59dbeb37ade490f77bbe3b7b6d8967aca976988020a1c572b3711a9,0c710d4d5b2c5e064b2444fd8c0541add01b6425e0bc35a453b2dc93767844dd,10000,full_original_order,44,0c710d4d5b2c5e064b2444fd8c0541add01b6425e0bc35a453b2dc93767844dd,10000,deterministic_evaluation,multi,35fd882ad9198f17,none,44,736f1d93f3aa5ef6bf2668722e30718f1c70545409c1621df5fca5ec986cfee1,0.2455124258995056,6838075722e64f2bbfba2fd720c2d2975cc93fc1fa1b02f4a7d78d497d5477e4,0.3899,3.283249951171875,0.384,2.2161248796346045,2.008113371330019,1.0,8.0,"{""K"": 10, ""batch_size"": 256, ""epochs"": 30, ""lr"": 0.001, ""optimizer"": ""AdamW"", ""weight_decay"": 0.0001}",1200,0.0001,uniform,/home/roi/PycharmProjects/KD_v5/OUTPUTS/article1_v3/results_baseline.csv,102,,,,,,,,,,True
ce4b9886dc3da23c4ec80937dca96608fe5f8454c6299680143dd031516e5403,weighted_mean_logits,1f3034cbd83dc007bebbb86cb19474d4ce302552e2dd4f9a5af623e717861d58,256,7ec812be75663f47fb1c9726f93e3688d8b157f3,e00f27b557db655dd0a0aada07c39075616fd95678bd62130f3d170502d068a2,9e4cb297e02ef29f00941de5d7f2282b123be3a25d5cc82a3139da1a1e624844,mnist,2.0038,30,30,300000,10.0,0.001,e311558ce6e4e1a1d345e2051c2d5e8ccaecccda,0.001,1.9938,oracle_logit,AdamW,,article1-v3,a96d9b64b59dbeb37ade490f77bbe3b7b6d8967aca976988020a1c572b3711a9,0c710d4d5b2c5e064b2444fd8c0541add01b6425e0bc35a453b2dc93767844dd,10000,full_original_order,44,0c710d4d5b2c5e064b2444fd8c0541add01b6425e0bc35a453b2dc93767844dd,10000,deterministic_evaluation,multi,123821e429cb7a59,none,44,3f3d4bdbcf62bcd140744cea2859e22aec868b0cf0ebe062218ddb38a3ac5a40,1.2844501733779907,6838075722e64f2bbfba2fd720c2d2975cc93fc1fa1b02f4a7d78d497d5477e4,0.9869,0.1478187866040447,0.999,0.3995374792957861,0.1207839675818084,1.0,8.0,"{""K"": 10, ""batch_size"": 256, ""epochs"": 30, ""lr"": 0.001, ""optimizer"": ""AdamW"", ""weight_decay"": 0.0001}",1200,0.0001,selected_uniform,/home/roi/PycharmProjects/KD_v5/OUTPUTS/article1_v3/results_baseline.csv,103,,,,,,,,,,True
e6f1e0016bd69e5208d7779bafd908447f0ffbf5bd505201465dc3d9494ee864,mean_probabilities,1f3034cbd83dc007bebbb86cb19474d4ce302552e2dd4f9a5af623e717861d58,256,7ec812be75663f47fb1c9726f93e3688d8b157f3,903d5c20c5303780503007d818c6635a60e9ae7c6dca69bec9c12960238a9504,9e4cb297e02ef29f00941de5d7f2282b123be3a25d5cc82a3139da1a1e624844,mnist,9.999999999999998,30,30,300000,0.0,0.0,e311558ce6e4e1a1d345e2051c2d5e8ccaecccda,0.001,10.0,feddf_prob,AdamW,,article1-v3,a96d9b64b59dbeb37ade490f77bbe3b7b6d8967aca976988020a1c572b3711a9,0c710d4d5b2c5e064b2444fd8c0541add01b6425e0bc35a453b2dc93767844dd,10000,full_original_order,44,0c710d4d5b2c5e064b2444fd8c0541add01b6425e0bc35a453b2dc93767844dd,10000,deterministic_evaluation,single,77fc3b9cf56a03d8,none,44,0f129bb61d83d4321c7412400361ce8de750f051e88706c284af7ed08ef16067,1.132488250732422e-05,6838075722e64f2bbfba2fd720c2d2975cc93fc1fa1b02f4a7d78d497d5477e4,0.1009,2.302584172439575,0.1011,2.302585092887376,2.3025837395795423,1.0,8.0,"{""K"": 10, ""batch_size"": 256, ""epochs"": 30, ""lr"": 0.001, ""optimizer"": ""AdamW"", ""weight_decay"": 0.0001}",1200,0.0001,uniform,/home/roi/PycharmProjects/KD_v5/OUTPUTS/article1_v3/results_baseline.csv,104,,,,,,,,,,True
e6f1e0016bd69e5208d7779bafd908447f0ffbf5bd505201465dc3d9494ee864,mean_probabilities,1f3034cbd83dc007bebbb86cb19474d4ce302552e2dd4f9a5af623e717861d58,256,7ec812be75663f47fb1c9726f93e3688d8b157f3,903d5c20c5303780503007d818c6635a60e9ae7c6dca69bec9c12960238a9504,9e4cb297e02ef29f00941de5d7f2282b123be3a25d5cc82a3139da1a1e624844,mnist,1.0,30,30,300000,0.0,0.0,e311558ce6e4e1a1d345e2051c2d5e8ccaecccda,0.001,1.0,expert_prob,AdamW,1.7691828426377732e-06,article1-v3,a96d9b64b59dbeb37ade490f77bbe3b7b6d8967aca976988020a1c572b3711a9,0c710d4d5b2c5e064b2444fd8c0541add01b6425e0bc35a453b2dc93767844dd,10000,full_original_order,44,0c710d4d5b2c5e064b2444fd8c0541add01b6425e0bc35a453b2dc93767844dd,10000,deterministic_evaluation,single,0c88e9d2da5109c1,none,44,c99b5ababa93fc96930f4f59d1c9d6087f1fb7013796d66474245bcf8a4aa055,0.0372141115367412,6838075722e64f2bbfba2fd720c2d2975cc93fc1fa1b02f4a7d78d497d5477e4,0.9877,0.3314238826915592,1.0,2.450097363089091e-05,1.76922698566619e-06,1.0,8.0,"{""K"": 10, ""batch_size"": 256, ""epochs"": 30, ""lr"": 0.001, ""optimizer"": ""AdamW"", ""weight_decay"": 0.0001}",1200,0.0001,selected_uniform,/home/roi/PycharmProjects/KD_v5/OUTPUTS/article1_v3/results_baseline.csv,105,,,,,,,,,,True
e6f1e0016bd69e5208d7779bafd908447f0ffbf5bd505201465dc3d9494ee864,mean_support_restricted_probabilities,1f3034cbd83dc007bebbb86cb19474d4ce302552e2dd4f9a5af623e717861d58,256,7ec812be75663f47fb1c9726f93e3688d8b157f3,903d5c20c5303780503007d818c6635a60e9ae7c6dca69bec9c12960238a9504,9e4cb297e02ef29f00941de5d7f2282b123be3a25d5cc82a3139da1a1e624844,mnist,1.0,30,30,300000,0.0,0.0,e311558ce6e4e1a1d345e2051c2d5e8ccaecccda,0.001,1.0,expert_prob_sr,AdamW,1.7691828426377732e-06,article1-v3,a96d9b64b59dbeb37ade490f77bbe3b7b6d8967aca976988020a1c572b3711a9,0c710d4d5b2c5e064b2444fd8c0541add01b6425e0bc35a453b2dc93767844dd,10000,full_original_order,44,0c710d4d5b2c5e064b2444fd8c0541add01b6425e0bc35a453b2dc93767844dd,10000,deterministic_evaluation,single,efd18aef92142fdd,none,44,9587b3c63d4e4ef3bdc3b754aef8698e010d2df64e19b874fdea6c0a3b1b068d,0.020958537235856,6838075722e64f2bbfba2fd720c2d2975cc93fc1fa1b02f4a7d78d497d5477e4,0.9875,0.3184751088936209,1.0,-0.0,-0.0,2.0,8.0,"{""K"": 10, ""batch_size"": 256, ""epochs"": 30, ""lr"": 0.001, ""optimizer"": ""AdamW"", ""weight_decay"": 0.0001}",1200,0.0001,selected_uniform,/home/roi/PycharmProjects/KD_v5/OUTPUTS/article1_v3/results_baseline.csv,106,,,,,,,,,,True
e6f1e0016bd69e5208d7779bafd908447f0ffbf5bd505201465dc3d9494ee864,mean_probabilities,1f3034cbd83dc007bebbb86cb19474d4ce302552e2dd4f9a5af623e717861d58,256,7ec812be75663f47fb1c9726f93e3688d8b157f3,903d5c20c5303780503007d818c6635a60e9ae7c6dca69bec9c12960238a9504,9e4cb297e02ef29f00941de5d7f2282b123be3a25d5cc82a3139da1a1e624844,mnist,1.0,30,30,300000,0.0,0.0,e311558ce6e4e1a1d345e2051c2d5e8ccaecccda,0.001,1.0,oracle_prob,AdamW,,article1-v3,a96d9b64b59dbeb37ade490f77bbe3b7b6d8967aca976988020a1c572b3711a9,0c710d4d5b2c5e064b2444fd8c0541add01b6425e0bc35a453b2dc93767844dd,10000,full_original_order,44,0c710d4d5b2c5e064b2444fd8c0541add01b6425e0bc35a453b2dc93767844dd,10000,deterministic_evaluation,single,4b7203578badf355,none,44,c99b5ababa93fc96930f4f59d1c9d6087f1fb7013796d66474245bcf8a4aa055,0.0372141115367412,6838075722e64f2bbfba2fd720c2d2975cc93fc1fa1b02f4a7d78d497d5477e4,0.9877,0.3314238826915592,1.0,2.450097363089091e-05,1.76922698566619e-06,1.0,8.0,"{""K"": 10, ""batch_size"": 256, ""epochs"": 30, ""lr"": 0.001, ""optimizer"": ""AdamW"", ""weight_decay"": 0.0001}",1200,0.0001,selected_uniform,/home/roi/PycharmProjects/KD_v5/OUTPUTS/article1_v3/results_baseline.csv,107,,,,,,,,,,True
e6f1e0016bd69e5208d7779bafd908447f0ffbf5bd505201465dc3d9494ee864,weighted_mean_logits,1f3034cbd83dc007bebbb86cb19474d4ce302552e2dd4f9a5af623e717861d58,256,7ec812be75663f47fb1c9726f93e3688d8b157f3,903d5c20c5303780503007d818c6635a60e9ae7c6dca69bec9c12960238a9504,9e4cb297e02ef29f00941de5d7f2282b123be3a25d5cc82a3139da1a1e624844,mnist,9.999999999999998,30,30,300000,0.0,0.0,e311558ce6e4e1a1d345e2051c2d5e8ccaecccda,0.001,10.0,feddf_logit,AdamW,,article1-v3,a96d9b64b59dbeb37ade490f77bbe3b7b6d8967aca976988020a1c572b3711a9,0c710d4d5b2c5e064b2444fd8c0541add01b6425e0bc35a453b2dc93767844dd,10000,full_original_order,44,0c710d4d5b2c5e064b2444fd8c0541add01b6425e0bc35a453b2dc93767844dd,10000,deterministic_evaluation,single,5c2e7760fffa79a1,none,44,711a6a2bfa97d4f971ba3ff23a1988767fbf0cfffb5204e17fb64d1b0200a8ed,0.1027719378471374,6838075722e64f2bbfba2fd720c2d2975cc93fc1fa1b02f4a7d78d497d5477e4,0.1028,4.36812208404541,0.1,2.2666238556886737,2.344334391191601,1.0,8.0,"{""K"": 10, ""batch_size"": 256, ""epochs"": 30, ""lr"": 0.001, ""optimizer"": ""AdamW"", ""weight_decay"": 0.0001}",1200,0.0001,uniform,/home/roi/PycharmProjects/KD_v5/OUTPUTS/article1_v3/results_baseline.csv,108,,,,,,,,,,True
e6f1e0016bd69e5208d7779bafd908447f0ffbf5bd505201465dc3d9494ee864,weighted_mean_logits,1f3034cbd83dc007bebbb86cb19474d4ce302552e2dd4f9a5af623e717861d58,256,7ec812be75663f47fb1c9726f93e3688d8b157f3,903d5c20c5303780503007d818c6635a60e9ae7c6dca69bec9c12960238a9504,9e4cb297e02ef29f00941de5d7f2282b123be3a25d5cc82a3139da1a1e624844,mnist,1.0,30,30,300000,0.0,0.0,e311558ce6e4e1a1d345e2051c2d5e8ccaecccda,0.001,1.0,oracle_logit,AdamW,,article1-v3,a96d9b64b59dbeb37ade490f77bbe3b7b6d8967aca976988020a1c572b3711a9,0c710d4d5b2c5e064b2444fd8c0541add01b6425e0bc35a453b2dc93767844dd,10000,full_original_order,44,0c710d4d5b2c5e064b2444fd8c0541add01b6425e0bc35a453b2dc93767844dd,10000,deterministic_evaluation,single,7dfc4d42f04d618f,none,44,c99b5ababa93fc96930f4f59d1c9d6087f1fb7013796d66474245bcf8a4aa055,0.0372141115367412,6838075722e64f2bbfba2fd720c2d2975cc93fc1fa1b02f4a7d78d497d5477e4,0.9877,0.3314238826915592,1.0,2.450097363089091e-05,1.76922698566619e-06,1.0,8.0,"{""K"": 10, ""batch_size"": 256, ""epochs"": 30, ""lr"": 0.001, ""optimizer"": ""AdamW"", ""weight_decay"": 0.0001}",1200,0.0001,selected_uniform,/home/roi/PycharmProjects/KD_v5/OUTPUTS/article1_v3/results_baseline.csv,109,,,,,,,,,,True
057549e5b22e8d5a5258dac530d5e87654ab28b81ca368095db268cba296593a,mean_probabilities,2a836581bb03cec96f509a87a0a27efbc0afc37c6522a54562e03a18504b0346,256,7ec812be75663f47fb1c9726f93e3688d8b157f3,11f2a57ac7ab8b260a04aee442bd9113ffd4c757a1885314e2713bc07532585d,f74999f0ad6bfdb6f9b48a6e37793deb9dc5f57b0afd11b381dc0b8f04b7cdd4,fmnist,9.999999999999998,30,30,300000,0.0,0.0,e311558ce6e4e1a1d345e2051c2d5e8ccaecccda,0.001,10.0,feddf_prob,AdamW,,article1-v3,1f50734fff13fb3a38b67f2458855d5abf7c3f2c44e5854886e8419c50ebe421,aa87fb2b4d24946ad5c94ef0f1a84aade8c60c333a8e794e81c010e4a202506a,10000,full_original_order,42,aa87fb2b4d24946ad5c94ef0f1a84aade8c60c333a8e794e81c010e4a202506a,10000,deterministic_evaluation,iid,37c69faf67040e53,none,42,235858da2fbc40d9ac33927c2813cd7d30c7a3eeec2661fb9419c7b482284810,0.7309330701828003,1902c4d403a1e7249ac2616fe137aefc66e55a6b36798d693b04186999168c34,0.889,0.3474234825372695,0.905,1.863078003278348,1.0158217554505784,1.0,8.0,"{""K"": 10, ""batch_size"": 256, ""epochs"": 30, ""lr"": 0.001, ""optimizer"": ""AdamW"", ""weight_decay"": 0.0001}",1200,0.0001,uniform,/home/roi/PycharmProjects/KD_v5/OUTPUTS/article1_v3/results_baseline.csv,110,,,,,,,,,,True
057549e5b22e8d5a5258dac530d5e87654ab28b81ca368095db268cba296593a,mean_probabilities,2a836581bb03cec96f509a87a0a27efbc0afc37c6522a54562e03a18504b0346,256,7ec812be75663f47fb1c9726f93e3688d8b157f3,11f2a57ac7ab8b260a04aee442bd9113ffd4c757a1885314e2713bc07532585d,f74999f0ad6bfdb6f9b48a6e37793deb9dc5f57b0afd11b381dc0b8f04b7cdd4,fmnist,9.4,30,30,300000,1000.0,0.1,e311558ce6e4e1a1d345e2051c2d5e8ccaecccda,0.001,8.4,expert_prob,AdamW,0.1252321631537859,article1-v3,1f50734fff13fb3a38b67f2458855d5abf7c3f2c44e5854886e8419c50ebe421,aa87fb2b4d24946ad5c94ef0f1a84aade8c60c333a8e794e81c010e4a202506a,10000,full_original_order,42,aa87fb2b4d24946ad5c94ef0f1a84aade8c60c333a8e794e81c010e4a202506a,10000,deterministic_evaluation,iid,a893354e6047afe2,none,42,9f97fdc021d2a7044a7ffb701d88b9c6e0b5667132c2fa42db1274ea015adea5,0.7267484664916992,1902c4d403a1e7249ac2616fe137aefc66e55a6b36798d693b04186999168c34,0.8889,0.3470938858985901,0.9058,1.8598360223689687,1.0085101611818006,1.0,8.0,"{""K"": 10, ""batch_size"": 256, ""epochs"": 30, ""lr"": 0.001, ""optimizer"": ""AdamW"", ""weight_decay"": 0.0001}",1200,0.0001,selected_uniform,/home/roi/PycharmProjects/KD_v5/OUTPUTS/article1_v3/results_baseline.csv,111,,,,,,,,,,True
057549e5b22e8d5a5258dac530d5e87654ab28b81ca368095db268cba296593a,mean_support_restricted_probabilities,2a836581bb03cec96f509a87a0a27efbc0afc37c6522a54562e03a18504b0346,256,7ec812be75663f47fb1c9726f93e3688d8b157f3,11f2a57ac7ab8b260a04aee442bd9113ffd4c757a1885314e2713bc07532585d,f74999f0ad6bfdb6f9b48a6e37793deb9dc5f57b0afd11b381dc0b8f04b7cdd4,fmnist,9.4,30,30,300000,1000.0,0.1,e311558ce6e4e1a1d345e2051c2d5e8ccaecccda,0.001,8.4,expert_prob_sr,AdamW,0.1252321631537859,article1-v3,1f50734fff13fb3a38b67f2458855d5abf7c3f2c44e5854886e8419c50ebe421,aa87fb2b4d24946ad5c94ef0f1a84aade8c60c333a8e794e81c010e4a202506a,10000,full_original_order,42,aa87fb2b4d24946ad5c94ef0f1a84aade8c60c333a8e794e81c010e4a202506a,10000,deterministic_evaluation,iid,6fa09ca35c17f60d,none,42,015a1e58c8ff08524430ce6f2ed3c68b0990f23cc28bcc64a972aefdf810faf7,1.1898157596588137,1902c4d403a1e7249ac2616fe137aefc66e55a6b36798d693b04186999168c34,0.8722,1.7194272636413577,0.9285,1.7229934486891012,0.8795327066441945,2.0,8.0,"{""K"": 10, ""batch_size"": 256, ""epochs"": 30, ""lr"": 0.001, ""optimizer"": ""AdamW"", ""weight_decay"": 0.0001}",1200,0.0001,selected_uniform,/home/roi/PycharmProjects/KD_v5/OUTPUTS/article1_v3/results_baseline.csv,112,,,,,,,,,,True
057549e5b22e8d5a5258dac530d5e87654ab28b81ca368095db268cba296593a,mean_probabilities,2a836581bb03cec96f509a87a0a27efbc0afc37c6522a54562e03a18504b0346,256,7ec812be75663f47fb1c9726f93e3688d8b157f3,11f2a57ac7ab8b260a04aee442bd9113ffd4c757a1885314e2713bc07532585d,f74999f0ad6bfdb6f9b48a6e37793deb9dc5f57b0afd11b381dc0b8f04b7cdd4,fmnist,9.0227,30,30,300000,256.0,0.0256,e311558ce6e4e1a1d345e2051c2d5e8ccaecccda,0.001,8.7667,oracle_prob,AdamW,,article1-v3,1f50734fff13fb3a38b67f2458855d5abf7c3f2c44e5854886e8419c50ebe421,aa87fb2b4d24946ad5c94ef0f1a84aade8c60c333a8e794e81c010e4a202506a,10000,full_original_order,42,aa87fb2b4d24946ad5c94ef0f1a84aade8c60c333a8e794e81c010e4a202506a,10000,deterministic_evaluation,iid,9c0026a52c30a040,none,42,2bc744353e52add1e83ca1b995b7ba04d040fd83bd8d75ebc07c8470c2585326,0.7423974871635437,1902c4d403a1e7249ac2616fe137aefc66e55a6b36798d693b04186999168c34,0.8965,0.3225015666723251,0.9744,1.8593849802658304,0.9896303604112124,1.0,8.0,"{""K"": 10, ""batch_size"": 256, ""epochs"": 30, ""lr"": 0.001, ""optimizer"": ""AdamW"", ""weight_decay"": 0.0001}",1200,0.0001,selected_uniform,/home/roi/PycharmProjects/KD_v5/OUTPUTS/article1_v3/results_baseline.csv,113,,,,,,,,,,True
057549e5b22e8d5a5258dac530d5e87654ab28b81ca368095db268cba296593a,weighted_mean_logits,2a836581bb03cec96f509a87a0a27efbc0afc37c6522a54562e03a18504b0346,256,7ec812be75663f47fb1c9726f93e3688d8b157f3,11f2a57ac7ab8b260a04aee442bd9113ffd4c757a1885314e2713bc07532585d,f74999f0ad6bfdb6f9b48a6e37793deb9dc5f57b0afd11b381dc0b8f04b7cdd4,fmnist,9.999999999999998,30,30,300000,0.0,0.0,e311558ce6e4e1a1d345e2051c2d5e8ccaecccda,0.001,10.0,feddf_logit,AdamW,,article1-v3,1f50734fff13fb3a38b67f2458855d5abf7c3f2c44e5854886e8419c50ebe421,aa87fb2b4d24946ad5c94ef0f1a84aade8c60c333a8e794e81c010e4a202506a,10000,full_original_order,42,aa87fb2b4d24946ad5c94ef0f1a84aade8c60c333a8e794e81c010e4a202506a,10000,deterministic_evaluation,iid,f4fb2218d388dced,none,42,9a1a1aea1fb8de5aa42e776672e8dcd8e5623d7edfc18da3fcb5c043f521bd0c,0.8576899766921997,1902c4d403a1e7249ac2616fe137aefc66e55a6b36798d693b04186999168c34,0.8895,0.3444983666181564,0.9029,1.8341072542782708,0.9988370694247874,1.0,8.0,"{""K"": 10, ""batch_size"": 256, ""epochs"": 30, ""lr"": 0.001, ""optimizer"": ""AdamW"", ""weight_decay"": 0.0001}",1200,0.0001,uniform,/home/roi/PycharmProjects/KD_v5/OUTPUTS/article1_v3/results_baseline.csv,114,,,,,,,,,,True
057549e5b22e8d5a5258dac530d5e87654ab28b81ca368095db268cba296593a,weighted_mean_logits,2a836581bb03cec96f509a87a0a27efbc0afc37c6522a54562e03a18504b0346,256,7ec812be75663f47fb1c9726f93e3688d8b157f3,11f2a57ac7ab8b260a04aee442bd9113ffd4c757a1885314e2713bc07532585d,f74999f0ad6bfdb6f9b48a6e37793deb9dc5f57b0afd11b381dc0b8f04b7cdd4,fmnist,9.0227,30,30,300000,256.0,0.0256,e311558ce6e4e1a1d345e2051c2d5e8ccaecccda,0.001,8.7667,oracle_logit,AdamW,,article1-v3,1f50734fff13fb3a38b67f2458855d5abf7c3f2c44e5854886e8419c50ebe421,aa87fb2b4d24946ad5c94ef0f1a84aade8c60c333a8e794e81c010e4a202506a,10000,full_original_order,42,aa87fb2b4d24946ad5c94ef0f1a84aade8c60c333a8e794e81c010e4a202506a,10000,deterministic_evaluation,iid,c74227f7a462d768,none,42,83566ed2293df8fc5668bd752b4d2c023ee2d6feedef4dd5bee2612522d87480,0.8378423452377319,1902c4d403a1e7249ac2616fe137aefc66e55a6b36798d693b04186999168c34,0.8976,0.3181846098661423,0.9744,1.830396988472,0.9725081927443134,1.0,8.0,"{""K"": 10, ""batch_size"": 256, ""epochs"": 30, ""lr"": 0.001, ""optimizer"": ""AdamW"", ""weight_decay"": 0.0001}",1200,0.0001,selected_uniform,/home/roi/PycharmProjects/KD_v5/OUTPUTS/article1_v3/results_baseline.csv,115,,,,,,,,,,True
45161d3d81583743f3ef8a7f856a947d65089dceebaae90382edbb9449e69ad1,mean_probabilities,2a836581bb03cec96f509a87a0a27efbc0afc37c6522a54562e03a18504b0346,256,7ec812be75663f47fb1c9726f93e3688d8b157f3,eb662a1351013584635740f166236c6183703e915024b589fe4f7cb6ef40e271,f74999f0ad6bfdb6f9b48a6e37793deb9dc5f57b0afd11b381dc0b8f04b7cdd4,fmnist,9.999999999999998,30,30,300000,0.0,0.0,e311558ce6e4e1a1d345e2051c2d5e8ccaecccda,0.001,10.0,feddf_prob,AdamW,,article1-v3,1f50734fff13fb3a38b67f2458855d5abf7c3f2c44e5854886e8419c50ebe421,aa87fb2b4d24946ad5c94ef0f1a84aade8c60c333a8e794e81c010e4a202506a,10000,full_original_order,42,aa87fb2b4d24946ad5c94ef0f1a84aade8c60c333a8e794e81c010e4a202506a,10000,deterministic_evaluation,alpha1p0,d42d35c0a068f3dc,none,42,3aa8368c797d837d7b743eabc9eeb72c0bf3adfc6c681b08be6548b6b6e65902,0.6210594177246094,1902c4d403a1e7249ac2616fe137aefc66e55a6b36798d693b04186999168c34,0.8769,0.3590002907991409,0.8909,2.003996660100352,1.1833412825486465,1.0,8.0,"{""K"": 10, ""batch_size"": 256, ""epochs"": 30, ""lr"": 0.001, ""optimizer"": ""AdamW"", ""weight_decay"": 0.0001}",1200,0.0001,uniform,/home/roi/PycharmProjects/KD_v5/OUTPUTS/article1_v3/results_baseline.csv,116,,,,,,,,,,True
45161d3d81583743f3ef8a7f856a947d65089dceebaae90382edbb9449e69ad1,mean_probabilities,2a836581bb03cec96f509a87a0a27efbc0afc37c6522a54562e03a18504b0346,256,7ec812be75663f47fb1c9726f93e3688d8b157f3,eb662a1351013584635740f166236c6183703e915024b589fe4f7cb6ef40e271,f74999f0ad6bfdb6f9b48a6e37793deb9dc5f57b0afd11b381dc0b8f04b7cdd4,fmnist,6.3,30,30,300000,0.0,0.0,e311558ce6e4e1a1d345e2051c2d5e8ccaecccda,0.001,6.3,expert_prob,AdamW,0.2224813304600187,article1-v3,1f50734fff13fb3a38b67f2458855d5abf7c3f2c44e5854886e8419c50ebe421,aa87fb2b4d24946ad5c94ef0f1a84aade8c60c333a8e794e81c010e4a202506a,10000,full_original_order,42,aa87fb2b4d24946ad5c94ef0f1a84aade8c60c333a8e794e81c010e4a202506a,10000,deterministic_evaluation,alpha1p0,be206107d3b9963a,none,42,5ac59ee2bdc2d83a2fe2c87546bc305ea50a448c0ecaf39cb697e644c48616db,0.8964890241622925,1902c4d403a1e7249ac2616fe137aefc66e55a6b36798d693b04186999168c34,0.8874,0.3842929750204086,0.9586,1.9279512240975885,1.034836182053455,1.0,8.0,"{""K"": 10, ""batch_size"": 256, ""epochs"": 30, ""lr"": 0.001, ""optimizer"": ""AdamW"", ""weight_decay"": 0.0001}",1200,0.0001,selected_uniform,/home/roi/PycharmProjects/KD_v5/OUTPUTS/article1_v3/results_baseline.csv,117,,,,,,,,,,True
45161d3d81583743f3ef8a7f856a947d65089dceebaae90382edbb9449e69ad1,mean_support_restricted_probabilities,2a836581bb03cec96f509a87a0a27efbc0afc37c6522a54562e03a18504b0346,256,7ec812be75663f47fb1c9726f93e3688d8b157f3,eb662a1351013584635740f166236c6183703e915024b589fe4f7cb6ef40e271,f74999f0ad6bfdb6f9b48a6e37793deb9dc5f57b0afd11b381dc0b8f04b7cdd4,fmnist,6.3,30,30,300000,0.0,0.0,e311558ce6e4e1a1d345e2051c2d5e8ccaecccda,0.001,6.3,expert_prob_sr,AdamW,0.2224813304600187,article1-v3,1f50734fff13fb3a38b67f2458855d5abf7c3f2c44e5854886e8419c50ebe421,aa87fb2b4d24946ad5c94ef0f1a84aade8c60c333a8e794e81c010e4a202506a,10000,full_original_order,42,aa87fb2b4d24946ad5c94ef0f1a84aade8c60c333a8e794e81c010e4a202506a,10000,deterministic_evaluation,alpha1p0,e59b5e501645941b,none,42,73049aa25abef9044d2dba47a56856ec109f03e848042f44715d2506ca933e32,1.4329631328582764,1902c4d403a1e7249ac2616fe137aefc66e55a6b36798d693b04186999168c34,0.8833,1.132607513809204,0.9888,1.6637667806952507,0.733717568438548,2.0,8.0,"{""K"": 10, ""batch_size"": 256, ""epochs"": 30, ""lr"": 0.001, ""optimizer"": ""AdamW"", ""weight_decay"": 0.0001}",1200,0.0001,selected_uniform,/home/roi/PycharmProjects/KD_v5/OUTPUTS/article1_v3/results_baseline.csv,118,,,,,,,,,,True
45161d3d81583743f3ef8a7f856a947d65089dceebaae90382edbb9449e69ad1,mean_probabilities,2a836581bb03cec96f509a87a0a27efbc0afc37c6522a54562e03a18504b0346,256,7ec812be75663f47fb1c9726f93e3688d8b157f3,eb662a1351013584635740f166236c6183703e915024b589fe4f7cb6ef40e271,f74999f0ad6bfdb6f9b48a6e37793deb9dc5f57b0afd11b381dc0b8f04b7cdd4,fmnist,7.9499,30,30,300000,90.0,0.009,e311558ce6e4e1a1d345e2051c2d5e8ccaecccda,0.001,7.8599,oracle_prob,AdamW,,article1-v3,1f50734fff13fb3a38b67f2458855d5abf7c3f2c44e5854886e8419c50ebe421,aa87fb2b4d24946ad5c94ef0f1a84aade8c60c333a8e794e81c010e4a202506a,10000,full_original_order,42,aa87fb2b4d24946ad5c94ef0f1a84aade8c60c333a8e794e81c010e4a202506a,10000,deterministic_evaluation,alpha1p0,98b42d11fba448b5,none,42,e3947f2ae8ad1cf5ea51ae692ab1a4737711cba14ec3d1abfff9d8a1a5969292,0.7990390062332153,1902c4d403a1e7249ac2616fe137aefc66e55a6b36798d693b04186999168c34,0.8956,0.3126590858221054,0.9911,1.9808714459533991,1.095387755937093,1.0,8.0,"{""K"": 10, ""batch_size"": 256, ""epochs"": 30, ""lr"": 0.001, ""optimizer"": ""AdamW"", ""weight_decay"": 0.0001}",1200,0.0001,selected_uniform,/home/roi/PycharmProjects/KD_v5/OUTPUTS/article1_v3/results_baseline.csv,119,,,,,,,,,,True
45161d3d81583743f3ef8a7f856a947d65089dceebaae90382edbb9449e69ad1,weighted_mean_logits,2a836581bb03cec96f509a87a0a27efbc0afc37c6522a54562e03a18504b0346,256,7ec812be75663f47fb1c9726f93e3688d8b157f3,eb662a1351013584635740f166236c6183703e915024b589fe4f7cb6ef40e271,f74999f0ad6bfdb6f9b48a6e37793deb9dc5f57b0afd11b381dc0b8f04b7cdd4,fmnist,9.999999999999998,30,30,300000,0.0,0.0,e311558ce6e4e1a1d345e2051c2d5e8ccaecccda,0.001,10.0,feddf_logit,AdamW,,article1-v3,1f50734fff13fb3a38b67f2458855d5abf7c3f2c44e5854886e8419c50ebe421,aa87fb2b4d24946ad5c94ef0f1a84aade8c60c333a8e794e81c010e4a202506a,10000,full_original_order,42,aa87fb2b4d24946ad5c94ef0f1a84aade8c60c333a8e794e81c010e4a202506a,10000,deterministic_evaluation,alpha1p0,749fed178afa09e1,none,42,0e5b559158134fb52e745370af07734ac6c4c4d802b5366ed94f069da43a2bdb,0.6097440719604492,1902c4d403a1e7249ac2616fe137aefc66e55a6b36798d693b04186999168c34,0.8742,0.3687738227367401,0.8905,1.9909285080461705,1.1794050091568742,1.0,8.0,"{""K"": 10, ""batch_size"": 256, ""epochs"": 30, ""lr"": 0.001, ""optimizer"": ""AdamW"", ""weight_decay"": 0.0001}",1200,0.0001,uniform,/home/roi/PycharmProjects/KD_v5/OUTPUTS/article1_v3/results_baseline.csv,120,,,,,,,,,,True
45161d3d81583743f3ef8a7f856a947d65089dceebaae90382edbb9449e69ad1,weighted_mean_logits,2a836581bb03cec96f509a87a0a27efbc0afc37c6522a54562e03a18504b0346,256,7ec812be75663f47fb1c9726f93e3688d8b157f3,eb662a1351013584635740f166236c6183703e915024b589fe4f7cb6ef40e271,f74999f0ad6bfdb6f9b48a6e37793deb9dc5f57b0afd11b381dc0b8f04b7cdd4,fmnist,7.9499,30,30,300000,90.0,0.009,e311558ce6e4e1a1d345e2051c2d5e8ccaecccda,0.001,7.8599,oracle_logit,AdamW,,article1-v3,1f50734fff13fb3a38b67f2458855d5abf7c3f2c44e5854886e8419c50ebe421,aa87fb2b4d24946ad5c94ef0f1a84aade8c60c333a8e794e81c010e4a202506a,10000,full_original_order,42,aa87fb2b4d24946ad5c94ef0f1a84aade8c60c333a8e794e81c010e4a202506a,10000,deterministic_evaluation,alpha1p0,3a0157dcfe5d2d3c,none,42,069f46fe32947aede8ea131b6df7d60f67eebbc9d1b5dd934d4f1447141f0935,0.7109448909759521,1902c4d403a1e7249ac2616fe137aefc66e55a6b36798d693b04186999168c34,0.8944,0.3171691826939583,0.9911,1.9632674196216,1.0826202461805274,1.0,8.0,"{""K"": 10, ""batch_size"": 256, ""epochs"": 30, ""lr"": 0.001, ""optimizer"": ""AdamW"", ""weight_decay"": 0.0001}",1200,0.0001,selected_uniform,/home/roi/PycharmProjects/KD_v5/OUTPUTS/article1_v3/results_baseline.csv,121,,,,,,,,,,True
b769e384e9d5ae7ac5cc1c63468f1dd82541d0003deae819dedc295f4c75f61f,mean_probabilities,2a836581bb03cec96f509a87a0a27efbc0afc37c6522a54562e03a18504b0346,256,7ec812be75663f47fb1c9726f93e3688d8b157f3,20674465bc735deb70814ebfac924ec77394ab8ef02c262433abc96c7060bf61,f74999f0ad6bfdb6f9b48a6e37793deb9dc5f57b0afd11b381dc0b8f04b7cdd4,fmnist,9.999999999999998,30,30,300000,0.0,0.0,e311558ce6e4e1a1d345e2051c2d5e8ccaecccda,0.001,10.0,feddf_prob,AdamW,,article1-v3,1f50734fff13fb3a38b67f2458855d5abf7c3f2c44e5854886e8419c50ebe421,aa87fb2b4d24946ad5c94ef0f1a84aade8c60c333a8e794e81c010e4a202506a,10000,full_original_order,42,aa87fb2b4d24946ad5c94ef0f1a84aade8c60c333a8e794e81c010e4a202506a,10000,deterministic_evaluation,alpha0p5,75df60423010f895,none,42,997254aad496b3c64a33a9f84a793f33a2207141442995a3672d88f475639dde,0.3926767408847809,1902c4d403a1e7249ac2616fe137aefc66e55a6b36798d693b04186999168c34,0.8513,0.4102019186735153,0.8769,2.056588314798865,1.2765315370811252,1.0,8.0,"{""K"": 10, ""batch_size"": 256, ""epochs"": 30, ""lr"": 0.001, ""optimizer"": ""AdamW"", ""weight_decay"": 0.0001}",1200,0.0001,uniform,/home/roi/PycharmProjects/KD_v5/OUTPUTS/article1_v3/results_baseline.csv,122,,,,,,,,,,True
b769e384e9d5ae7ac5cc1c63468f1dd82541d0003deae819dedc295f4c75f61f,mean_probabilities,2a836581bb03cec96f509a87a0a27efbc0afc37c6522a54562e03a18504b0346,256,7ec812be75663f47fb1c9726f93e3688d8b157f3,20674465bc735deb70814ebfac924ec77394ab8ef02c262433abc96c7060bf61,f74999f0ad6bfdb6f9b48a6e37793deb9dc5f57b0afd11b381dc0b8f04b7cdd4,fmnist,6.0,30,30,300000,0.0,0.0,e311558ce6e4e1a1d345e2051c2d5e8ccaecccda,0.001,6.0,expert_prob,AdamW,0.1968731708145955,article1-v3,1f50734fff13fb3a38b67f2458855d5abf7c3f2c44e5854886e8419c50ebe421,aa87fb2b4d24946ad5c94ef0f1a84aade8c60c333a8e794e81c010e4a202506a,10000,full_original_order,42,aa87fb2b4d24946ad5c94ef0f1a84aade8c60c333a8e794e81c010e4a202506a,10000,deterministic_evaluation,alpha0p5,a94e698fa3ce41b2,none,42,2de260a07eb28f1d376f2ac341d16d94a8557a00512a8a4f73e012b28069d417,0.7700092792510986,1902c4d403a1e7249ac2616fe137aefc66e55a6b36798d693b04186999168c34,0.8968,0.3631809852600097,0.9692,1.9594785655630804,1.048163690914879,1.0,8.0,"{""K"": 10, ""batch_size"": 256, ""epochs"": 30, ""lr"": 0.001, ""optimizer"": ""AdamW"", ""weight_decay"": 0.0001}",1200,0.0001,selected_uniform,/home/roi/PycharmProjects/KD_v5/OUTPUTS/article1_v3/results_baseline.csv,123,,,,,,,,,,True
b769e384e9d5ae7ac5cc1c63468f1dd82541d0003deae819dedc295f4c75f61f,mean_support_restricted_probabilities,2a836581bb03cec96f509a87a0a27efbc0afc37c6522a54562e03a18504b0346,256,7ec812be75663f47fb1c9726f93e3688d8b157f3,20674465bc735deb70814ebfac924ec77394ab8ef02c262433abc96c7060bf61,f74999f0ad6bfdb6f9b48a6e37793deb9dc5f57b0afd11b381dc0b8f04b7cdd4,fmnist,6.0,30,30,300000,0.0,0.0,e311558ce6e4e1a1d345e2051c2d5e8ccaecccda,0.001,6.0,expert_prob_sr,AdamW,0.1968731708145955,article1-v3,1f50734fff13fb3a38b67f2458855d5abf7c3f2c44e5854886e8419c50ebe421,aa87fb2b4d24946ad5c94ef0f1a84aade8c60c333a8e794e81c010e4a202506a,10000,full_original_order,42,aa87fb2b4d24946ad5c94ef0f1a84aade8c60c333a8e794e81c010e4a202506a,10000,deterministic_evaluation,alpha0p5,edd7c54fe864b2a9,none,42,ea8cd4146adf64d346ebce9c49891d18f31c8e4807037958f50bd09005f01fa9,1.2300522327423096,1902c4d403a1e7249ac2616fe137aefc66e55a6b36798d693b04186999168c34,0.8912,0.6990519134521485,0.9847,1.7368567964179673,0.8043843195308863,2.0,8.0,"{""K"": 10, ""batch_size"": 256, ""epochs"": 30, ""lr"": 0.001, ""optimizer"": ""AdamW"", ""weight_decay"": 0.0001}",1200,0.0001,selected_uniform,/home/roi/PycharmProjects/KD_v5/OUTPUTS/article1_v3/results_baseline.csv,124,,,,,,,,,,True
b769e384e9d5ae7ac5cc1c63468f1dd82541d0003deae819dedc295f4c75f61f,mean_probabilities,2a836581bb03cec96f509a87a0a27efbc0afc37c6522a54562e03a18504b0346,256,7ec812be75663f47fb1c9726f93e3688d8b157f3,20674465bc735deb70814ebfac924ec77394ab8ef02c262433abc96c7060bf61,f74999f0ad6bfdb6f9b48a6e37793deb9dc5f57b0afd11b381dc0b8f04b7cdd4,fmnist,7.0849,30,30,300000,73.0,0.0073,e311558ce6e4e1a1d345e2051c2d5e8ccaecccda,0.001,7.0119,oracle_prob,AdamW,,article1-v3,1f50734fff13fb3a38b67f2458855d5abf7c3f2c44e5854886e8419c50ebe421,aa87fb2b4d24946ad5c94ef0f1a84aade8c60c333a8e794e81c010e4a202506a,10000,full_original_order,42,aa87fb2b4d24946ad5c94ef0f1a84aade8c60c333a8e794e81c010e4a202506a,10000,deterministic_evaluation,alpha0p5,eedbba9dd59308f4,none,42,12aca4080c894b60b0a84846e78e9a09fdf3de73e3ba0b85eeecf2c7249e6dca,0.6630561351776123,1902c4d403a1e7249ac2616fe137aefc66e55a6b36798d693b04186999168c34,0.8995,0.3186716992616653,0.9927,1.9988937364740005,1.0939909563822956,1.0,8.0,"{""K"": 10, ""batch_size"": 256, ""epochs"": 30, ""lr"": 0.001, ""optimizer"": ""AdamW"", ""weight_decay"": 0.0001}",1200,0.0001,selected_uniform,/home/roi/PycharmProjects/KD_v5/OUTPUTS/article1_v3/results_baseline.csv,125,,,,,,,,,,True
b769e384e9d5ae7ac5cc1c63468f1dd82541d0003deae819dedc295f4c75f61f,weighted_mean_logits,2a836581bb03cec96f509a87a0a27efbc0afc37c6522a54562e03a18504b0346,256,7ec812be75663f47fb1c9726f93e3688d8b157f3,20674465bc735deb70814ebfac924ec77394ab8ef02c262433abc96c7060bf61,f74999f0ad6bfdb6f9b48a6e37793deb9dc5f57b0afd11b381dc0b8f04b7cdd4,fmnist,9.999999999999998,30,30,300000,0.0,0.0,e311558ce6e4e1a1d345e2051c2d5e8ccaecccda,0.001,10.0,feddf_logit,AdamW,,article1-v3,1f50734fff13fb3a38b67f2458855d5abf7c3f2c44e5854886e8419c50ebe421,aa87fb2b4d24946ad5c94ef0f1a84aade8c60c333a8e794e81c010e4a202506a,10000,full_original_order,42,aa87fb2b4d24946ad5c94ef0f1a84aade8c60c333a8e794e81c010e4a202506a,10000,deterministic_evaluation,alpha0p5,4de4a759c90872f0,none,42,4a54415ac4effa580641f326f2c03fb0273b1bbab8fca0f60b7ed8364079d13f,0.4123632609844208,1902c4d403a1e7249ac2616fe137aefc66e55a6b36798d693b04186999168c34,0.8455,0.4410058173179626,0.8664,2.0444337554961103,1.2878403963193197,1.0,8.0,"{""K"": 10, ""batch_size"": 256, ""epochs"": 30, ""lr"": 0.001, ""optimizer"": ""AdamW"", ""weight_decay"": 0.0001}",1200,0.0001,uniform,/home/roi/PycharmProjects/KD_v5/OUTPUTS/article1_v3/results_baseline.csv,126,,,,,,,,,,True
b769e384e9d5ae7ac5cc1c63468f1dd82541d0003deae819dedc295f4c75f61f,weighted_mean_logits,2a836581bb03cec96f509a87a0a27efbc0afc37c6522a54562e03a18504b0346,256,7ec812be75663f47fb1c9726f93e3688d8b157f3,20674465bc735deb70814ebfac924ec77394ab8ef02c262433abc96c7060bf61,f74999f0ad6bfdb6f9b48a6e37793deb9dc5f57b0afd11b381dc0b8f04b7cdd4,fmnist,7.0849,30,30,300000,73.0,0.0073,e311558ce6e4e1a1d345e2051c2d5e8ccaecccda,0.001,7.0119,oracle_logit,AdamW,,article1-v3,1f50734fff13fb3a38b67f2458855d5abf7c3f2c44e5854886e8419c50ebe421,aa87fb2b4d24946ad5c94ef0f1a84aade8c60c333a8e794e81c010e4a202506a,10000,full_original_order,42,aa87fb2b4d24946ad5c94ef0f1a84aade8c60c333a8e794e81c010e4a202506a,10000,deterministic_evaluation,alpha0p5,ea9bb8b624780129,none,42,8d95601a2a555d823ab09e47ef0e4793380de065a384711c37727198012af289,0.779330313205719,1902c4d403a1e7249ac2616fe137aefc66e55a6b36798d693b04186999168c34,0.8974,0.3386049669027328,0.9927,1.960253822554452,1.0555133435089017,1.0,8.0,"{""K"": 10, ""batch_size"": 256, ""epochs"": 30, ""lr"": 0.001, ""optimizer"": ""AdamW"", ""weight_decay"": 0.0001}",1200,0.0001,selected_uniform,/home/roi/PycharmProjects/KD_v5/OUTPUTS/article1_v3/results_baseline.csv,127,,,,,,,,,,True
1d5f60b4392151c74d5e6f97cf77eac708c7c3ca5e82c276e71b1eb2f052d577,mean_probabilities,2a836581bb03cec96f509a87a0a27efbc0afc37c6522a54562e03a18504b0346,256,7ff045e85bdcdcb19da695baf49045e3320a14d4,ce2bf18f0d9889cb3d556494fa23be0fe9b556fbed2e0ce78a454b06ea98f885,f74999f0ad6bfdb6f9b48a6e37793deb9dc5f57b0afd11b381dc0b8f04b7cdd4,fmnist,9.999999999999998,30,30,300000,0.0,0.0,e311558ce6e4e1a1d345e2051c2d5e8ccaecccda,0.001,10.0,feddf_prob,AdamW,,article1-v3,1f50734fff13fb3a38b67f2458855d5abf7c3f2c44e5854886e8419c50ebe421,aa87fb2b4d24946ad5c94ef0f1a84aade8c60c333a8e794e81c010e4a202506a,10000,full_original_order,42,aa87fb2b4d24946ad5c94ef0f1a84aade8c60c333a8e794e81c010e4a202506a,10000,deterministic_evaluation,alpha0p1,d9e89fd40a0db3ea,none,42,a6d4ff0be4690dfc54e4575eec605f5066cb3622146752b83578718eb2767d22,0.2812379896640777,1902c4d403a1e7249ac2616fe137aefc66e55a6b36798d693b04186999168c34,0.4799,1.2675213376998902,0.5249,2.121057959195118,1.5635469043124448,1.0,8.0,"{""K"": 10, ""batch_size"": 256, ""epochs"": 30, ""lr"": 0.001, ""optimizer"": ""AdamW"", ""weight_decay"": 0.0001}",1200,0.0001,uniform,/home/roi/PycharmProjects/KD_v5/OUTPUTS/article1_v3/results_baseline.csv,128,,,,,,,,,,True
1d5f60b4392151c74d5e6f97cf77eac708c7c3ca5e82c276e71b1eb2f052d577,mean_probabilities,2a836581bb03cec96f509a87a0a27efbc0afc37c6522a54562e03a18504b0346,256,7ff045e85bdcdcb19da695baf49045e3320a14d4,ce2bf18f0d9889cb3d556494fa23be0fe9b556fbed2e0ce78a454b06ea98f885,f74999f0ad6bfdb6f9b48a6e37793deb9dc5f57b0afd11b381dc0b8f04b7cdd4,fmnist,3.5,30,30,300000,0.0,0.0,e311558ce6e4e1a1d345e2051c2d5e8ccaecccda,0.001,3.5,expert_prob,AdamW,0.2591209117084727,article1-v3,1f50734fff13fb3a38b67f2458855d5abf7c3f2c44e5854886e8419c50ebe421,aa87fb2b4d24946ad5c94ef0f1a84aade8c60c333a8e794e81c010e4a202506a,10000,full_original_order,42,aa87fb2b4d24946ad5c94ef0f1a84aade8c60c333a8e794e81c010e4a202506a,10000,deterministic_evaluation,alpha0p1,f003b578acbead11,none,42,d80f03b215a4c7c231299c35ea394201d2255a1dc60236733882a3dad2dd0ad9,1.2573654651641846,1902c4d403a1e7249ac2616fe137aefc66e55a6b36798d693b04186999168c34,0.8977,0.5442288514614105,0.9944,1.7517848960329214,0.7653004349788436,1.0,8.0,"{""K"": 10, ""batch_size"": 256, ""epochs"": 30, ""lr"": 0.001, ""optimizer"": ""AdamW"", ""weight_decay"": 0.0001}",1200,0.0001,selected_uniform,/home/roi/PycharmProjects/KD_v5/OUTPUTS/article1_v3/results_baseline.csv,129,,,,,,,,,,True
1d5f60b4392151c74d5e6f97cf77eac708c7c3ca5e82c276e71b1eb2f052d577,mean_support_restricted_probabilities,2a836581bb03cec96f509a87a0a27efbc0afc37c6522a54562e03a18504b0346,256,7ff045e85bdcdcb19da695baf49045e3320a14d4,ce2bf18f0d9889cb3d556494fa23be0fe9b556fbed2e0ce78a454b06ea98f885,f74999f0ad6bfdb6f9b48a6e37793deb9dc5f57b0afd11b381dc0b8f04b7cdd4,fmnist,3.5,30,30,300000,0.0,0.0,e311558ce6e4e1a1d345e2051c2d5e8ccaecccda,0.001,3.5,expert_prob_sr,AdamW,0.2591209117084727,article1-v3,1f50734fff13fb3a38b67f2458855d5abf7c3f2c44e5854886e8419c50ebe421,aa87fb2b4d24946ad5c94ef0f1a84aade8c60c333a8e794e81c010e4a202506a,10000,full_original_order,42,aa87fb2b4d24946ad5c94ef0f1a84aade8c60c333a8e794e81c010e4a202506a,10000,deterministic_evaluation,alpha0p1,7445a77f2eaba59f,none,42,b16df2bc1fe25a1674476e4d69923b03bde4ef7c9c0e7bd19e5eb7d22d9d9101,2.513150691986084,1902c4d403a1e7249ac2616fe137aefc66e55a6b36798d693b04186999168c34,0.8851,1.3527257932662964,0.9985,1.2730325989301858,0.5064056440802028,2.0,8.0,"{""K"": 10, ""batch_size"": 256, ""epochs"": 30, ""lr"": 0.001, ""optimizer"": ""AdamW"", ""weight_decay"": 0.0001}",1200,0.0001,selected_uniform,/home/roi/PycharmProjects/KD_v5/OUTPUTS/article1_v3/results_baseline.csv,130,,,,,,,,,,True
1d5f60b4392151c74d5e6f97cf77eac708c7c3ca5e82c276e71b1eb2f052d577,mean_probabilities,2a836581bb03cec96f509a87a0a27efbc0afc37c6522a54562e03a18504b0346,256,7ff045e85bdcdcb19da695baf49045e3320a14d4,ce2bf18f0d9889cb3d556494fa23be0fe9b556fbed2e0ce78a454b06ea98f885,f74999f0ad6bfdb6f9b48a6e37793deb9dc5f57b0afd11b381dc0b8f04b7cdd4,fmnist,3.8352,30,30,300000,39.0,0.0039,e311558ce6e4e1a1d345e2051c2d5e8ccaecccda,0.001,3.7962,oracle_prob,AdamW,,article1-v3,1f50734fff13fb3a38b67f2458855d5abf7c3f2c44e5854886e8419c50ebe421,aa87fb2b4d24946ad5c94ef0f1a84aade8c60c333a8e794e81c010e4a202506a,10000,full_original_order,42,aa87fb2b4d24946ad5c94ef0f1a84aade8c60c333a8e794e81c010e4a202506a,10000,deterministic_evaluation,alpha0p1,d1f61114c058d464,none,42,95d37f8bad593589bb4d35fc32a637cb129c9ee8eecc849e1d88e1eb7a6743f8,1.9780607223510744,1902c4d403a1e7249ac2616fe137aefc66e55a6b36798d693b04186999168c34,0.9005,0.4862975761890411,0.9961,1.7708594188858908,0.7750100527768446,1.0,8.0,"{""K"": 10, ""batch_size"": 256, ""epochs"": 30, ""lr"": 0.001, ""optimizer"": ""AdamW"", ""weight_decay"": 0.0001}",1200,0.0001,selected_uniform,/home/roi/PycharmProjects/KD_v5/OUTPUTS/article1_v3/results_baseline.csv,131,,,,,,,,,,True
1d5f60b4392151c74d5e6f97cf77eac708c7c3ca5e82c276e71b1eb2f052d577,weighted_mean_logits,2a836581bb03cec96f509a87a0a27efbc0afc37c6522a54562e03a18504b0346,256,7ff045e85bdcdcb19da695baf49045e3320a14d4,ce2bf18f0d9889cb3d556494fa23be0fe9b556fbed2e0ce78a454b06ea98f885,f74999f0ad6bfdb6f9b48a6e37793deb9dc5f57b0afd11b381dc0b8f04b7cdd4,fmnist,9.999999999999998,30,30,300000,0.0,0.0,e311558ce6e4e1a1d345e2051c2d5e8ccaecccda,0.001,10.0,feddf_logit,AdamW,,article1-v3,1f50734fff13fb3a38b67f2458855d5abf7c3f2c44e5854886e8419c50ebe421,aa87fb2b4d24946ad5c94ef0f1a84aade8c60c333a8e794e81c010e4a202506a,10000,full_original_order,42,aa87fb2b4d24946ad5c94ef0f1a84aade8c60c333a8e794e81c010e4a202506a,10000,deterministic_evaluation,alpha0p1,eaad1c21866e0c07,none,42,d9fb2b4411fe77dfef7f20b52a380eb7826b11219c648ca8ca6fb7208c82ac7d,0.2283011376857757,1902c4d403a1e7249ac2616fe137aefc66e55a6b36798d693b04186999168c34,0.3887,3.241305366516113,0.3957,2.1612216791363275,1.8209750386768253,1.0,8.0,"{""K"": 10, ""batch_size"": 256, ""epochs"": 30, ""lr"": 0.001, ""optimizer"": ""AdamW"", ""weight_decay"": 0.0001}",1200,0.0001,uniform,/home/roi/PycharmProjects/KD_v5/OUTPUTS/article1_v3/results_baseline.csv,132,,,,,,,,,,True
1d5f60b4392151c74d5e6f97cf77eac708c7c3ca5e82c276e71b1eb2f052d577,weighted_mean_logits,2a836581bb03cec96f509a87a0a27efbc0afc37c6522a54562e03a18504b0346,256,7ff045e85bdcdcb19da695baf49045e3320a14d4,ce2bf18f0d9889cb3d556494fa23be0fe9b556fbed2e0ce78a454b06ea98f885,f74999f0ad6bfdb6f9b48a6e37793deb9dc5f57b0afd11b381dc0b8f04b7cdd4,fmnist,3.8352,30,30,300000,39.0,0.0039,e311558ce6e4e1a1d345e2051c2d5e8ccaecccda,0.001,3.7962,oracle_logit,AdamW,,article1-v3,1f50734fff13fb3a38b67f2458855d5abf7c3f2c44e5854886e8419c50ebe421,aa87fb2b4d24946ad5c94ef0f1a84aade8c60c333a8e794e81c010e4a202506a,10000,full_original_order,42,aa87fb2b4d24946ad5c94ef0f1a84aade8c60c333a8e794e81c010e4a202506a,10000,deterministic_evaluation,alpha0p1,ac79ecf816739412,none,42,da010e282e263238049889eff61585bceac93687127ea691085d47802533fd42,1.87006950378418,1902c4d403a1e7249ac2616fe137aefc66e55a6b36798d693b04186999168c34,0.8958,0.7276121450424194,0.9961,1.4478253021086165,0.5770092711751933,1.0,8.0,"{""K"": 10, ""batch_size"": 256, ""epochs"": 30, ""lr"": 0.001, ""optimizer"": ""AdamW"", ""weight_decay"": 0.0001}",1200,0.0001,selected_uniform,/home/roi/PycharmProjects/KD_v5/OUTPUTS/article1_v3/results_baseline.csv,133,,,,,,,,,,True
ce4b9886dc3da23c4ec80937dca96608fe5f8454c6299680143dd031516e5403,mean_probabilities,2a836581bb03cec96f509a87a0a27efbc0afc37c6522a54562e03a18504b0346,256,7ff045e85bdcdcb19da695baf49045e3320a14d4,6d10b27dfaace9c4a5feee2285dee50606a90e7786e709b69a487aaf14e902d6,f74999f0ad6bfdb6f9b48a6e37793deb9dc5f57b0afd11b381dc0b8f04b7cdd4,fmnist,9.999999999999998,30,30,300000,0.0,0.0,e311558ce6e4e1a1d345e2051c2d5e8ccaecccda,0.001,10.0,feddf_prob,AdamW,,article1-v3,1f50734fff13fb3a38b67f2458855d5abf7c3f2c44e5854886e8419c50ebe421,aa87fb2b4d24946ad5c94ef0f1a84aade8c60c333a8e794e81c010e4a202506a,10000,full_original_order,42,aa87fb2b4d24946ad5c94ef0f1a84aade8c60c333a8e794e81c010e4a202506a,10000,deterministic_evaluation,multi,e1ac67186c293ec6,none,42,3ca35f759c0c3a36e36294b72a817b70fdb18c6949526eb7b067d4c1f7b90eb8,0.3914317786693573,1902c4d403a1e7249ac2616fe137aefc66e55a6b36798d693b04186999168c34,0.3544,1.8199774547576903,0.3783,1.9881008076941005,1.7048461709541036,1.0,8.0,"{""K"": 10, ""batch_size"": 256, ""epochs"": 30, ""lr"": 0.001, ""optimizer"": ""AdamW"", ""weight_decay"": 0.0001}",1200,0.0001,uniform,/home/roi/PycharmProjects/KD_v5/OUTPUTS/article1_v3/results_baseline.csv,134,,,,,,,,,,True
ce4b9886dc3da23c4ec80937dca96608fe5f8454c6299680143dd031516e5403,mean_probabilities,2a836581bb03cec96f509a87a0a27efbc0afc37c6522a54562e03a18504b0346,256,7ff045e85bdcdcb19da695baf49045e3320a14d4,6d10b27dfaace9c4a5feee2285dee50606a90e7786e709b69a487aaf14e902d6,f74999f0ad6bfdb6f9b48a6e37793deb9dc5f57b0afd11b381dc0b8f04b7cdd4,fmnist,2.0,30,30,300000,0.0,0.0,e311558ce6e4e1a1d345e2051c2d5e8ccaecccda,0.001,2.0,expert_prob,AdamW,0.0354672970985642,article1-v3,1f50734fff13fb3a38b67f2458855d5abf7c3f2c44e5854886e8419c50ebe421,aa87fb2b4d24946ad5c94ef0f1a84aade8c60c333a8e794e81c010e4a202506a,10000,full_original_order,42,aa87fb2b4d24946ad5c94ef0f1a84aade8c60c333a8e794e81c010e4a202506a,10000,deterministic_evaluation,multi,1ae17f261134557f,none,42,3d8a5c9fe45209e529e8519b6fd8d5f16fb413f9b8d6ea3e9e99f8de50523a61,1.0186223983764648,1902c4d403a1e7249ac2616fe137aefc66e55a6b36798d693b04186999168c34,0.9018,1.6995739265441894,0.9934,0.3802350407623575,0.1276510817896113,1.0,8.0,"{""K"": 10, ""batch_size"": 256, ""epochs"": 30, ""lr"": 0.001, ""optimizer"": ""AdamW"", ""weight_decay"": 0.0001}",1200,0.0001,selected_uniform,/home/roi/PycharmProjects/KD_v5/OUTPUTS/article1_v3/results_baseline.csv,135,,,,,,,,,,True
ce4b9886dc3da23c4ec80937dca96608fe5f8454c6299680143dd031516e5403,mean_support_restricted_probabilities,2a836581bb03cec96f509a87a0a27efbc0afc37c6522a54562e03a18504b0346,256,7ff045e85bdcdcb19da695baf49045e3320a14d4,6d10b27dfaace9c4a5feee2285dee50606a90e7786e709b69a487aaf14e902d6,f74999f0ad6bfdb6f9b48a6e37793deb9dc5f57b0afd11b381dc0b8f04b7cdd4,fmnist,2.0,30,30,300000,0.0,0.0,e311558ce6e4e1a1d345e2051c2d5e8ccaecccda,0.001,2.0,expert_prob_sr,AdamW,0.0354672970985642,article1-v3,1f50734fff13fb3a38b67f2458855d5abf7c3f2c44e5854886e8419c50ebe421,aa87fb2b4d24946ad5c94ef0f1a84aade8c60c333a8e794e81c010e4a202506a,10000,full_original_order,42,aa87fb2b4d24946ad5c94ef0f1a84aade8c60c333a8e794e81c010e4a202506a,10000,deterministic_evaluation,multi,b5e386de593a3387,none,42,0f63aaba3f3ac2a401356c8b293a9347b90b09bdc816488472e5a20a3bf79b25,0.2970205545425415,1902c4d403a1e7249ac2616fe137aefc66e55a6b36798d693b04186999168c34,0.9024,2.721476068878174,0.9934,0.2137242003845722,0.0893616899079971,2.0,8.0,"{""K"": 10, ""batch_size"": 256, ""epochs"": 30, ""lr"": 0.001, ""optimizer"": ""AdamW"", ""weight_decay"": 0.0001}",1200,0.0001,selected_uniform,/home/roi/PycharmProjects/KD_v5/OUTPUTS/article1_v3/results_baseline.csv,136,,,,,,,,,,True
ce4b9886dc3da23c4ec80937dca96608fe5f8454c6299680143dd031516e5403,mean_probabilities,2a836581bb03cec96f509a87a0a27efbc0afc37c6522a54562e03a18504b0346,256,7ff045e85bdcdcb19da695baf49045e3320a14d4,6d10b27dfaace9c4a5feee2285dee50606a90e7786e709b69a487aaf14e902d6,f74999f0ad6bfdb6f9b48a6e37793deb9dc5f57b0afd11b381dc0b8f04b7cdd4,fmnist,2.0378,30,30,300000,53.0,0.0053,e311558ce6e4e1a1d345e2051c2d5e8ccaecccda,0.001,1.9848,oracle_prob,AdamW,,article1-v3,1f50734fff13fb3a38b67f2458855d5abf7c3f2c44e5854886e8419c50ebe421,aa87fb2b4d24946ad5c94ef0f1a84aade8c60c333a8e794e81c010e4a202506a,10000,full_original_order,42,aa87fb2b4d24946ad5c94ef0f1a84aade8c60c333a8e794e81c010e4a202506a,10000,deterministic_evaluation,multi,8635fbed6b20214f,none,42,c64cd94b82e3c4e4b115d634f29c21275d5c94b2047e2f9174e7eae66bfe5e67,1.103548288345337,1902c4d403a1e7249ac2616fe137aefc66e55a6b36798d693b04186999168c34,0.9044,1.6976526119232178,0.9947,0.3840806225318381,0.1361537089035806,1.0,8.0,"{""K"": 10, ""batch_size"": 256, ""epochs"": 30, ""lr"": 0.001, ""optimizer"": ""AdamW"", ""weight_decay"": 0.0001}",1200,0.0001,selected_uniform,/home/roi/PycharmProjects/KD_v5/OUTPUTS/article1_v3/results_baseline.csv,137,,,,,,,,,,True
ce4b9886dc3da23c4ec80937dca96608fe5f8454c6299680143dd031516e5403,weighted_mean_logits,2a836581bb03cec96f509a87a0a27efbc0afc37c6522a54562e03a18504b0346,256,7ff045e85bdcdcb19da695baf49045e3320a14d4,6d10b27dfaace9c4a5feee2285dee50606a90e7786e709b69a487aaf14e902d6,f74999f0ad6bfdb6f9b48a6e37793deb9dc5f57b0afd11b381dc0b8f04b7cdd4,fmnist,9.999999999999998,30,30,300000,0.0,0.0,e311558ce6e4e1a1d345e2051c2d5e8ccaecccda,0.001,10.0,feddf_logit,AdamW,,article1-v3,1f50734fff13fb3a38b67f2458855d5abf7c3f2c44e5854886e8419c50ebe421,aa87fb2b4d24946ad5c94ef0f1a84aade8c60c333a8e794e81c010e4a202506a,10000,full_original_order,42,aa87fb2b4d24946ad5c94ef0f1a84aade8c60c333a8e794e81c010e4a202506a,10000,deterministic_evaluation,multi,c518d5d5d782684b,none,42,261ed93030eb1aa90eafaca4fbf29ef5130a726832dd74e68e28996d5173f4fd,0.2419300675392151,1902c4d403a1e7249ac2616fe137aefc66e55a6b36798d693b04186999168c34,0.2045,6.554081993103027,0.2034,2.065095956622437,2.0968088235182814,1.0,8.0,"{""K"": 10, ""batch_size"": 256, ""epochs"": 30, ""lr"": 0.001, ""optimizer"": ""AdamW"", ""weight_decay"": 0.0001}",1200,0.0001,uniform,/home/roi/PycharmProjects/KD_v5/OUTPUTS/article1_v3/results_baseline.csv,138,,,,,,,,,,True
ce4b9886dc3da23c4ec80937dca96608fe5f8454c6299680143dd031516e5403,weighted_mean_logits,2a836581bb03cec96f509a87a0a27efbc0afc37c6522a54562e03a18504b0346,256,7ff045e85bdcdcb19da695baf49045e3320a14d4,6d10b27dfaace9c4a5feee2285dee50606a90e7786e709b69a487aaf14e902d6,f74999f0ad6bfdb6f9b48a6e37793deb9dc5f57b0afd11b381dc0b8f04b7cdd4,fmnist,2.0378,30,30,300000,53.0,0.0053,e311558ce6e4e1a1d345e2051c2d5e8ccaecccda,0.001,1.9848,oracle_logit,AdamW,,article1-v3,1f50734fff13fb3a38b67f2458855d5abf7c3f2c44e5854886e8419c50ebe421,aa87fb2b4d24946ad5c94ef0f1a84aade8c60c333a8e794e81c010e4a202506a,10000,full_original_order,42,aa87fb2b4d24946ad5c94ef0f1a84aade8c60c333a8e794e81c010e4a202506a,10000,deterministic_evaluation,multi,ef23bcac577da509,none,42,a023617b650de7f73e44d4f79930842cc53e8be72abbc5d40f5d62cd3108c4dd,0.8853448629379272,1902c4d403a1e7249ac2616fe137aefc66e55a6b36798d693b04186999168c34,0.9042,1.7233667530059815,0.9947,0.3639077902639833,0.1301590410882007,1.0,8.0,"{""K"": 10, ""batch_size"": 256, ""epochs"": 30, ""lr"": 0.001, ""optimizer"": ""AdamW"", ""weight_decay"": 0.0001}",1200,0.0001,selected_uniform,/home/roi/PycharmProjects/KD_v5/OUTPUTS/article1_v3/results_baseline.csv,139,,,,,,,,,,True
e6f1e0016bd69e5208d7779bafd908447f0ffbf5bd505201465dc3d9494ee864,mean_probabilities,2a836581bb03cec96f509a87a0a27efbc0afc37c6522a54562e03a18504b0346,256,7ff045e85bdcdcb19da695baf49045e3320a14d4,1944f74bb5cfec71f7352901b31e26b9002b539aeee6e16b26bc16662319aa65,f74999f0ad6bfdb6f9b48a6e37793deb9dc5f57b0afd11b381dc0b8f04b7cdd4,fmnist,9.999999999999998,30,30,300000,0.0,0.0,e311558ce6e4e1a1d345e2051c2d5e8ccaecccda,0.001,10.0,feddf_prob,AdamW,,article1-v3,1f50734fff13fb3a38b67f2458855d5abf7c3f2c44e5854886e8419c50ebe421,aa87fb2b4d24946ad5c94ef0f1a84aade8c60c333a8e794e81c010e4a202506a,10000,full_original_order,42,aa87fb2b4d24946ad5c94ef0f1a84aade8c60c333a8e794e81c010e4a202506a,10000,deterministic_evaluation,single,44824a144c9525c5,none,42,adf70b59be795a2fc9cf352cf2d1927a79470d1a6f04abfe43378a5464a3e7bf,-5.304813385009766e-06,1902c4d403a1e7249ac2616fe137aefc66e55a6b36798d693b04186999168c34,0.1,2.302585046005249,0.1006,2.302585092798063,2.302581869384575,1.0,8.0,"{""K"": 10, ""batch_size"": 256, ""epochs"": 30, ""lr"": 0.001, ""optimizer"": ""AdamW"", ""weight_decay"": 0.0001}",1200,0.0001,uniform,/home/roi/PycharmProjects/KD_v5/OUTPUTS/article1_v3/results_baseline.csv,140,,,,,,,,,,True
e6f1e0016bd69e5208d7779bafd908447f0ffbf5bd505201465dc3d9494ee864,mean_probabilities,2a836581bb03cec96f509a87a0a27efbc0afc37c6522a54562e03a18504b0346,256,7ff045e85bdcdcb19da695baf49045e3320a14d4,1944f74bb5cfec71f7352901b31e26b9002b539aeee6e16b26bc16662319aa65,f74999f0ad6bfdb6f9b48a6e37793deb9dc5f57b0afd11b381dc0b8f04b7cdd4,fmnist,1.0,30,30,300000,0.0,0.0,e311558ce6e4e1a1d345e2051c2d5e8ccaecccda,0.001,1.0,expert_prob,AdamW,3.920215139137595e-06,article1-v3,1f50734fff13fb3a38b67f2458855d5abf7c3f2c44e5854886e8419c50ebe421,aa87fb2b4d24946ad5c94ef0f1a84aade8c60c333a8e794e81c010e4a202506a,10000,full_original_order,42,aa87fb2b4d24946ad5c94ef0f1a84aade8c60c333a8e794e81c010e4a202506a,10000,deterministic_evaluation,single,d167fc214edc5c68,none,42,aa380df826cb147ef3489f72fcb766d995ed0e05a11cae9d1d41be92e13e7fe3,0.1253919899463653,1902c4d403a1e7249ac2616fe137aefc66e55a6b36798d693b04186999168c34,0.9042,2.942580070018768,1.0,5.1002922931681286e-05,3.920342750904092e-06,1.0,8.0,"{""K"": 10, ""batch_size"": 256, ""epochs"": 30, ""lr"": 0.001, ""optimizer"": ""AdamW"", ""weight_decay"": 0.0001}",1200,0.0001,selected_uniform,/home/roi/PycharmProjects/KD_v5/OUTPUTS/article1_v3/results_baseline.csv,141,,,,,,,,,,True
e6f1e0016bd69e5208d7779bafd908447f0ffbf5bd505201465dc3d9494ee864,mean_support_restricted_probabilities,2a836581bb03cec96f509a87a0a27efbc0afc37c6522a54562e03a18504b0346,256,7ff045e85bdcdcb19da695baf49045e3320a14d4,1944f74bb5cfec71f7352901b31e26b9002b539aeee6e16b26bc16662319aa65,f74999f0ad6bfdb6f9b48a6e37793deb9dc5f57b0afd11b381dc0b8f04b7cdd4,fmnist,1.0,30,30,300000,0.0,0.0,e311558ce6e4e1a1d345e2051c2d5e8ccaecccda,0.001,1.0,expert_prob_sr,AdamW,3.920215139137595e-06,article1-v3,1f50734fff13fb3a38b67f2458855d5abf7c3f2c44e5854886e8419c50ebe421,aa87fb2b4d24946ad5c94ef0f1a84aade8c60c333a8e794e81c010e4a202506a,10000,full_original_order,42,aa87fb2b4d24946ad5c94ef0f1a84aade8c60c333a8e794e81c010e4a202506a,10000,deterministic_evaluation,single,08eabbd992538a57,none,42,db559195337302f9154bfc01fc49f496745e0358c7264275a69940a893d9ebcd,0.0866568684577941,1902c4d403a1e7249ac2616fe137aefc66e55a6b36798d693b04186999168c34,0.905,2.8967273208618165,1.0,-0.0,-0.0,2.0,8.0,"{""K"": 10, ""batch_size"": 256, ""epochs"": 30, ""lr"": 0.001, ""optimizer"": ""AdamW"", ""weight_decay"": 0.0001}",1200,0.0001,selected_uniform,/home/roi/PycharmProjects/KD_v5/OUTPUTS/article1_v3/results_baseline.csv,142,,,,,,,,,,True
e6f1e0016bd69e5208d7779bafd908447f0ffbf5bd505201465dc3d9494ee864,mean_probabilities,2a836581bb03cec96f509a87a0a27efbc0afc37c6522a54562e03a18504b0346,256,7ff045e85bdcdcb19da695baf49045e3320a14d4,1944f74bb5cfec71f7352901b31e26b9002b539aeee6e16b26bc16662319aa65,f74999f0ad6bfdb6f9b48a6e37793deb9dc5f57b0afd11b381dc0b8f04b7cdd4,fmnist,1.0,30,30,300000,0.0,0.0,e311558ce6e4e1a1d345e2051c2d5e8ccaecccda,0.001,1.0,oracle_prob,AdamW,,article1-v3,1f50734fff13fb3a38b67f2458855d5abf7c3f2c44e5854886e8419c50ebe421,aa87fb2b4d24946ad5c94ef0f1a84aade8c60c333a8e794e81c010e4a202506a,10000,full_original_order,42,aa87fb2b4d24946ad5c94ef0f1a84aade8c60c333a8e794e81c010e4a202506a,10000,deterministic_evaluation,single,1bf1869b242b152c,none,42,aa380df826cb147ef3489f72fcb766d995ed0e05a11cae9d1d41be92e13e7fe3,0.1253919899463653,1902c4d403a1e7249ac2616fe137aefc66e55a6b36798d693b04186999168c34,0.9042,2.942580070018768,1.0,5.1002922931681286e-05,3.920342750904092e-06,1.0,8.0,"{""K"": 10, ""batch_size"": 256, ""epochs"": 30, ""lr"": 0.001, ""optimizer"": ""AdamW"", ""weight_decay"": 0.0001}",1200,0.0001,selected_uniform,/home/roi/PycharmProjects/KD_v5/OUTPUTS/article1_v3/results_baseline.csv,143,,,,,,,,,,True
e6f1e0016bd69e5208d7779bafd908447f0ffbf5bd505201465dc3d9494ee864,weighted_mean_logits,2a836581bb03cec96f509a87a0a27efbc0afc37c6522a54562e03a18504b0346,256,7ff045e85bdcdcb19da695baf49045e3320a14d4,1944f74bb5cfec71f7352901b31e26b9002b539aeee6e16b26bc16662319aa65,f74999f0ad6bfdb6f9b48a6e37793deb9dc5f57b0afd11b381dc0b8f04b7cdd4,fmnist,9.999999999999998,30,30,300000,0.0,0.0,e311558ce6e4e1a1d345e2051c2d5e8ccaecccda,0.001,10.0,feddf_logit,AdamW,,article1-v3,1f50734fff13fb3a38b67f2458855d5abf7c3f2c44e5854886e8419c50ebe421,aa87fb2b4d24946ad5c94ef0f1a84aade8c60c333a8e794e81c010e4a202506a,10000,full_original_order,42,aa87fb2b4d24946ad5c94ef0f1a84aade8c60c333a8e794e81c010e4a202506a,10000,deterministic_evaluation,single,bf43a7bbd0410f90,none,42,47b76d81403073a64927c0974eb180307f04f0834b60e66a0219488e12baf3ab,0.1486002206802368,1902c4d403a1e7249ac2616fe137aefc66e55a6b36798d693b04186999168c34,0.1,9.884842950439452,0.1,2.125242305226468,2.5309431267518665,1.0,8.0,"{""K"": 10, ""batch_size"": 256, ""epochs"": 30, ""lr"": 0.001, ""optimizer"": ""AdamW"", ""weight_decay"": 0.0001}",1200,0.0001,uniform,/home/roi/PycharmProjects/KD_v5/OUTPUTS/article1_v3/results_baseline.csv,144,,,,,,,,,,True
e6f1e0016bd69e5208d7779bafd908447f0ffbf5bd505201465dc3d9494ee864,weighted_mean_logits,2a836581bb03cec96f509a87a0a27efbc0afc37c6522a54562e03a18504b0346,256,7ff045e85bdcdcb19da695baf49045e3320a14d4,1944f74bb5cfec71f7352901b31e26b9002b539aeee6e16b26bc16662319aa65,f74999f0ad6bfdb6f9b48a6e37793deb9dc5f57b0afd11b381dc0b8f04b7cdd4,fmnist,1.0,30,30,300000,0.0,0.0,e311558ce6e4e1a1d345e2051c2d5e8ccaecccda,0.001,1.0,oracle_logit,AdamW,,article1-v3,1f50734fff13fb3a38b67f2458855d5abf7c3f2c44e5854886e8419c50ebe421,aa87fb2b4d24946ad5c94ef0f1a84aade8c60c333a8e794e81c010e4a202506a,10000,full_original_order,42,aa87fb2b4d24946ad5c94ef0f1a84aade8c60c333a8e794e81c010e4a202506a,10000,deterministic_evaluation,single,917488946fe48e61,none,42,aa380df826cb147ef3489f72fcb766d995ed0e05a11cae9d1d41be92e13e7fe3,0.1253919899463653,1902c4d403a1e7249ac2616fe137aefc66e55a6b36798d693b04186999168c34,0.9042,2.942580070018768,1.0,5.1002922931681286e-05,3.920342750904092e-06,1.0,8.0,"{""K"": 10, ""batch_size"": 256, ""epochs"": 30, ""lr"": 0.001, ""optimizer"": ""AdamW"", ""weight_decay"": 0.0001}",1200,0.0001,selected_uniform,/home/roi/PycharmProjects/KD_v5/OUTPUTS/article1_v3/results_baseline.csv,145,,,,,,,,,,True
825876b0d474d45d9bc98df9d6cc7479d12957ac856cbd1f3b3b7efd3c8e55a7,mean_probabilities,9dc3b75d34f50fd7e8121684c2e8b96473759a62ffdf4da9a899b6be2324c4f6,256,7ff045e85bdcdcb19da695baf49045e3320a14d4,d2db20c014f018c6d1b499dc41833e16ffd868b260b44a02cae77e851d26d72b,ce9759db14e15b98f4aaac7a43748cb8b6118bcf1e63a1c4e898b519fb3a46f9,fmnist,9.999999999999998,30,30,300000,0.0,0.0,e311558ce6e4e1a1d345e2051c2d5e8ccaecccda,0.001,10.0,feddf_prob,AdamW,,article1-v3,eecbcffdb3e52099e26ebd2485d479a2553a52a6901356aed1ef3b69e9218818,8c10e8dabb252578e55d8ceadb12f9b772d83f07a663edb06566b4924cf6d961,10000,full_original_order,43,8c10e8dabb252578e55d8ceadb12f9b772d83f07a663edb06566b4924cf6d961,10000,deterministic_evaluation,iid,e3ce02e81a31102c,none,43,06a68f1875a10b9c841d29cc11916dc262b56f57613a6feea5e761dd3702c5e5,0.7624630331993103,9f0b88d81119b57a6ae57eeb22a3257787c562e62cc7a83b1f6566c657fe7250,0.888,0.3618016066551208,0.9057,1.7872309007607847,0.947973109436022,1.0,8.0,"{""K"": 10, ""batch_size"": 256, ""epochs"": 30, ""lr"": 0.001, ""optimizer"": ""AdamW"", ""weight_decay"": 0.0001}",1200,0.0001,uniform,/home/roi/PycharmProjects/KD_v5/OUTPUTS/article1_v3/results_baseline.csv,146,,,,,,,,,,True
825876b0d474d45d9bc98df9d6cc7479d12957ac856cbd1f3b3b7efd3c8e55a7,mean_probabilities,9dc3b75d34f50fd7e8121684c2e8b96473759a62ffdf4da9a899b6be2324c4f6,256,7ff045e85bdcdcb19da695baf49045e3320a14d4,d2db20c014f018c6d1b499dc41833e16ffd868b260b44a02cae77e851d26d72b,ce9759db14e15b98f4aaac7a43748cb8b6118bcf1e63a1c4e898b519fb3a46f9,fmnist,8.599999999999998,30,30,300000,1000.0,0.1,e311558ce6e4e1a1d345e2051c2d5e8ccaecccda,0.001,7.6,expert_prob,AdamW,0.1484290341909986,article1-v3,eecbcffdb3e52099e26ebd2485d479a2553a52a6901356aed1ef3b69e9218818,8c10e8dabb252578e55d8ceadb12f9b772d83f07a663edb06566b4924cf6d961,10000,full_original_order,43,8c10e8dabb252578e55d8ceadb12f9b772d83f07a663edb06566b4924cf6d961,10000,deterministic_evaluation,iid,9f917542ec1bb40f,none,43,11030bbaf6b894308842280a816e881af3fd5166d3899bba2e70f48cb47f399c,0.7435073852539062,9f0b88d81119b57a6ae57eeb22a3257787c562e62cc7a83b1f6566c657fe7250,0.8885,0.3633231450796127,0.9099,1.7826279778695735,0.9423095926755356,1.0,8.0,"{""K"": 10, ""batch_size"": 256, ""epochs"": 30, ""lr"": 0.001, ""optimizer"": ""AdamW"", ""weight_decay"": 0.0001}",1200,0.0001,selected_uniform,/home/roi/PycharmProjects/KD_v5/OUTPUTS/article1_v3/results_baseline.csv,147,,,,,,,,,,True
825876b0d474d45d9bc98df9d6cc7479d12957ac856cbd1f3b3b7efd3c8e55a7,mean_support_restricted_probabilities,9dc3b75d34f50fd7e8121684c2e8b96473759a62ffdf4da9a899b6be2324c4f6,256,7ff045e85bdcdcb19da695baf49045e3320a14d4,d2db20c014f018c6d1b499dc41833e16ffd868b260b44a02cae77e851d26d72b,ce9759db14e15b98f4aaac7a43748cb8b6118bcf1e63a1c4e898b519fb3a46f9,fmnist,8.599999999999998,30,30,300000,1000.0,0.1,e311558ce6e4e1a1d345e2051c2d5e8ccaecccda,0.001,7.6,expert_prob_sr,AdamW,0.1484290341909986,article1-v3,eecbcffdb3e52099e26ebd2485d479a2553a52a6901356aed1ef3b69e9218818,8c10e8dabb252578e55d8ceadb12f9b772d83f07a663edb06566b4924cf6d961,10000,full_original_order,43,8c10e8dabb252578e55d8ceadb12f9b772d83f07a663edb06566b4924cf6d961,10000,deterministic_evaluation,iid,58ba9d6b1437c74f,none,43,3e0e8b4fd6e2934e5df3501a2dbb36f1c8e725a94b15c5c0d93cb7908beb4fc6,0.8673790097236633,9f0b88d81119b57a6ae57eeb22a3257787c562e62cc7a83b1f6566c657fe7250,0.8788,1.2964426853179931,0.9492,1.606860962724342,0.7651006371930006,2.0,8.0,"{""K"": 10, ""batch_size"": 256, ""epochs"": 30, ""lr"": 0.001, ""optimizer"": ""AdamW"", ""weight_decay"": 0.0001}",1200,0.0001,selected_uniform,/home/roi/PycharmProjects/KD_v5/OUTPUTS/article1_v3/results_baseline.csv,148,,,,,,,,,,True
825876b0d474d45d9bc98df9d6cc7479d12957ac856cbd1f3b3b7efd3c8e55a7,mean_probabilities,9dc3b75d34f50fd7e8121684c2e8b96473759a62ffdf4da9a899b6be2324c4f6,256,7ff045e85bdcdcb19da695baf49045e3320a14d4,d2db20c014f018c6d1b499dc41833e16ffd868b260b44a02cae77e851d26d72b,ce9759db14e15b98f4aaac7a43748cb8b6118bcf1e63a1c4e898b519fb3a46f9,fmnist,9.0419,30,30,300000,242.0,0.0242,e311558ce6e4e1a1d345e2051c2d5e8ccaecccda,0.001,8.7999,oracle_prob,AdamW,,article1-v3,eecbcffdb3e52099e26ebd2485d479a2553a52a6901356aed1ef3b69e9218818,8c10e8dabb252578e55d8ceadb12f9b772d83f07a663edb06566b4924cf6d961,10000,full_original_order,43,8c10e8dabb252578e55d8ceadb12f9b772d83f07a663edb06566b4924cf6d961,10000,deterministic_evaluation,iid,0b049594ce1353e9,none,43,808aff2db5636c5d13003683e73ad7cb851da4aea1c90610a699a9992e96728a,0.9575397968292236,9f0b88d81119b57a6ae57eeb22a3257787c562e62cc7a83b1f6566c657fe7250,0.8927,0.349083811545372,0.9758,1.783848008180715,0.9224328156058278,1.0,8.0,"{""K"": 10, ""batch_size"": 256, ""epochs"": 30, ""lr"": 0.001, ""optimizer"": ""AdamW"", ""weight_decay"": 0.0001}",1200,0.0001,selected_uniform,/home/roi/PycharmProjects/KD_v5/OUTPUTS/article1_v3/results_baseline.csv,149,,,,,,,,,,True
825876b0d474d45d9bc98df9d6cc7479d12957ac856cbd1f3b3b7efd3c8e55a7,weighted_mean_logits,9dc3b75d34f50fd7e8121684c2e8b96473759a62ffdf4da9a899b6be2324c4f6,256,7ff045e85bdcdcb19da695baf49045e3320a14d4,d2db20c014f018c6d1b499dc41833e16ffd868b260b44a02cae77e851d26d72b,ce9759db14e15b98f4aaac7a43748cb8b6118bcf1e63a1c4e898b519fb3a46f9,fmnist,9.999999999999998,30,30,300000,0.0,0.0,e311558ce6e4e1a1d345e2051c2d5e8ccaecccda,0.001,10.0,feddf_logit,AdamW,,article1-v3,eecbcffdb3e52099e26ebd2485d479a2553a52a6901356aed1ef3b69e9218818,8c10e8dabb252578e55d8ceadb12f9b772d83f07a663edb06566b4924cf6d961,10000,full_original_order,43,8c10e8dabb252578e55d8ceadb12f9b772d83f07a663edb06566b4924cf6d961,10000,deterministic_evaluation,iid,14d0015b3f9f9051,none,43,59fdbacf2c9fc8418a40f65b6cb0afb2de8ad711d88039019bbc4084e4ce2b1c,0.7622197866439819,9f0b88d81119b57a6ae57eeb22a3257787c562e62cc7a83b1f6566c657fe7250,0.8887,0.3623528841257095,0.9055,1.7514116926059735,0.9291063477424109,1.0,8.0,"{""K"": 10, ""batch_size"": 256, ""epochs"": 30, ""lr"": 0.001, ""optimizer"": ""AdamW"", ""weight_decay"": 0.0001}",1200,0.0001,uniform,/home/roi/PycharmProjects/KD_v5/OUTPUTS/article1_v3/results_baseline.csv,150,,,,,,,,,,True
825876b0d474d45d9bc98df9d6cc7479d12957ac856cbd1f3b3b7efd3c8e55a7,weighted_mean_logits,9dc3b75d34f50fd7e8121684c2e8b96473759a62ffdf4da9a899b6be2324c4f6,256,7ff045e85bdcdcb19da695baf49045e3320a14d4,d2db20c014f018c6d1b499dc41833e16ffd868b260b44a02cae77e851d26d72b,ce9759db14e15b98f4aaac7a43748cb8b6118bcf1e63a1c4e898b519fb3a46f9,fmnist,9.0419,30,30,300000,242.0,0.0242,e311558ce6e4e1a1d345e2051c2d5e8ccaecccda,0.001,8.7999,oracle_logit,AdamW,,article1-v3,eecbcffdb3e52099e26ebd2485d479a2553a52a6901356aed1ef3b69e9218818,8c10e8dabb252578e55d8ceadb12f9b772d83f07a663edb06566b4924cf6d961,10000,full_original_order,43,8c10e8dabb252578e55d8ceadb12f9b772d83f07a663edb06566b4924cf6d961,10000,deterministic_evaluation,iid,9ba41bf7e86421d9,none,43,0c33966f7770c4faf677038fec89e9a7203128fc8e032131f02b3a1a92f2b9d3,0.8748387098312378,9f0b88d81119b57a6ae57eeb22a3257787c562e62cc7a83b1f6566c657fe7250,0.8921,0.3468603282213211,0.9758,1.748233223881299,0.90369880393991,1.0,8.0,"{""K"": 10, ""batch_size"": 256, ""epochs"": 30, ""lr"": 0.001, ""optimizer"": ""AdamW"", ""weight_decay"": 0.0001}",1200,0.0001,selected_uniform,/home/roi/PycharmProjects/KD_v5/OUTPUTS/article1_v3/results_baseline.csv,151,,,,,,,,,,True
cca1df8b70663f0f4e33e98b1ddae9913b8913e88f4d6a8609494e7039c28b6c,mean_probabilities,9dc3b75d34f50fd7e8121684c2e8b96473759a62ffdf4da9a899b6be2324c4f6,256,7ff045e85bdcdcb19da695baf49045e3320a14d4,73def971a2a1c29fdabc16124b77beb9011e4be4eb24fbaacd07c4bab9143525,ce9759db14e15b98f4aaac7a43748cb8b6118bcf1e63a1c4e898b519fb3a46f9,fmnist,9.999999999999998,30,30,300000,0.0,0.0,e311558ce6e4e1a1d345e2051c2d5e8ccaecccda,0.001,10.0,feddf_prob,AdamW,,article1-v3,eecbcffdb3e52099e26ebd2485d479a2553a52a6901356aed1ef3b69e9218818,8c10e8dabb252578e55d8ceadb12f9b772d83f07a663edb06566b4924cf6d961,10000,full_original_order,43,8c10e8dabb252578e55d8ceadb12f9b772d83f07a663edb06566b4924cf6d961,10000,deterministic_evaluation,alpha1p0,23f187a69efd33f6,none,43,ed58c27a3d99594108429a951ba34a09be8b608c7eeae85b18c70c0894655d05,0.7302861213684082,9f0b88d81119b57a6ae57eeb22a3257787c562e62cc7a83b1f6566c657fe7250,0.876,0.3535811014652252,0.8955,1.9638368892344984,1.1331556632232969,1.0,8.0,"{""K"": 10, ""batch_size"": 256, ""epochs"": 30, ""lr"": 0.001, ""optimizer"": ""AdamW"", ""weight_decay"": 0.0001}",1200,0.0001,uniform,/home/roi/PycharmProjects/KD_v5/OUTPUTS/article1_v3/results_baseline.csv,152,,,,,,,,,,True
cca1df8b70663f0f4e33e98b1ddae9913b8913e88f4d6a8609494e7039c28b6c,mean_probabilities,9dc3b75d34f50fd7e8121684c2e8b96473759a62ffdf4da9a899b6be2324c4f6,256,7ff045e85bdcdcb19da695baf49045e3320a14d4,73def971a2a1c29fdabc16124b77beb9011e4be4eb24fbaacd07c4bab9143525,ce9759db14e15b98f4aaac7a43748cb8b6118bcf1e63a1c4e898b519fb3a46f9,fmnist,7.1,30,30,300000,0.0,0.0,e311558ce6e4e1a1d345e2051c2d5e8ccaecccda,0.001,7.1,expert_prob,AdamW,0.1877086357973824,article1-v3,eecbcffdb3e52099e26ebd2485d479a2553a52a6901356aed1ef3b69e9218818,8c10e8dabb252578e55d8ceadb12f9b772d83f07a663edb06566b4924cf6d961,10000,full_original_order,43,8c10e8dabb252578e55d8ceadb12f9b772d83f07a663edb06566b4924cf6d961,10000,deterministic_evaluation,alpha1p0,b98312a1293a366c,none,43,5ec4c5e1a95c5a98ac1abcfc68e8b2e547f9a83940878c03a67586ba15470943,0.8255119919776917,9f0b88d81119b57a6ae57eeb22a3257787c562e62cc7a83b1f6566c657fe7250,0.8868,0.3831658036231994,0.9532,1.9165883487258173,1.0204859116563016,1.0,8.0,"{""K"": 10, ""batch_size"": 256, ""epochs"": 30, ""lr"": 0.001, ""optimizer"": ""AdamW"", ""weight_decay"": 0.0001}",1200,0.0001,selected_uniform,/home/roi/PycharmProjects/KD_v5/OUTPUTS/article1_v3/results_baseline.csv,153,,,,,,,,,,True
cca1df8b70663f0f4e33e98b1ddae9913b8913e88f4d6a8609494e7039c28b6c,mean_support_restricted_probabilities,9dc3b75d34f50fd7e8121684c2e8b96473759a62ffdf4da9a899b6be2324c4f6,256,7ff045e85bdcdcb19da695baf49045e3320a14d4,73def971a2a1c29fdabc16124b77beb9011e4be4eb24fbaacd07c4bab9143525,ce9759db14e15b98f4aaac7a43748cb8b6118bcf1e63a1c4e898b519fb3a46f9,fmnist,7.1,30,30,300000,0.0,0.0,e311558ce6e4e1a1d345e2051c2d5e8ccaecccda,0.001,7.1,expert_prob_sr,AdamW,0.1877086357973824,article1-v3,eecbcffdb3e52099e26ebd2485d479a2553a52a6901356aed1ef3b69e9218818,8c10e8dabb252578e55d8ceadb12f9b772d83f07a663edb06566b4924cf6d961,10000,full_original_order,43,8c10e8dabb252578e55d8ceadb12f9b772d83f07a663edb06566b4924cf6d961,10000,deterministic_evaluation,alpha1p0,3d73044bea5d30f8,none,43,ec4eeb1adf54da936c9325ad46138f46e405d1945adcd6483ef94f2645e18e19,1.1801255941390991,9f0b88d81119b57a6ae57eeb22a3257787c562e62cc7a83b1f6566c657fe7250,0.8866,0.9341209600448608,0.9845,1.7192837371055167,0.7817951644790059,2.0,8.0,"{""K"": 10, ""batch_size"": 256, ""epochs"": 30, ""lr"": 0.001, ""optimizer"": ""AdamW"", ""weight_decay"": 0.0001}",1200,0.0001,selected_uniform,/home/roi/PycharmProjects/KD_v5/OUTPUTS/article1_v3/results_baseline.csv,154,,,,,,,,,,True
cca1df8b70663f0f4e33e98b1ddae9913b8913e88f4d6a8609494e7039c28b6c,mean_probabilities,9dc3b75d34f50fd7e8121684c2e8b96473759a62ffdf4da9a899b6be2324c4f6,256,7ff045e85bdcdcb19da695baf49045e3320a14d4,73def971a2a1c29fdabc16124b77beb9011e4be4eb24fbaacd07c4bab9143525,ce9759db14e15b98f4aaac7a43748cb8b6118bcf1e63a1c4e898b519fb3a46f9,fmnist,8.2589,30,30,300000,131.0,0.0131,e311558ce6e4e1a1d345e2051c2d5e8ccaecccda,0.001,8.1279,oracle_prob,AdamW,,article1-v3,eecbcffdb3e52099e26ebd2485d479a2553a52a6901356aed1ef3b69e9218818,8c10e8dabb252578e55d8ceadb12f9b772d83f07a663edb06566b4924cf6d961,10000,full_original_order,43,8c10e8dabb252578e55d8ceadb12f9b772d83f07a663edb06566b4924cf6d961,10000,deterministic_evaluation,alpha1p0,e972c097c653d5ce,none,43,1b143e176a03a01b205fba458fd513bcb410dedd830575ba6c79fff6e2470c80,1.0489739179611206,9f0b88d81119b57a6ae57eeb22a3257787c562e62cc7a83b1f6566c657fe7250,0.8971,0.3065837687969208,0.9869,1.944375106711272,1.0500658055491283,1.0,8.0,"{""K"": 10, ""batch_size"": 256, ""epochs"": 30, ""lr"": 0.001, ""optimizer"": ""AdamW"", ""weight_decay"": 0.0001}",1200,0.0001,selected_uniform,/home/roi/PycharmProjects/KD_v5/OUTPUTS/article1_v3/results_baseline.csv,155,,,,,,,,,,True
cca1df8b70663f0f4e33e98b1ddae9913b8913e88f4d6a8609494e7039c28b6c,weighted_mean_logits,9dc3b75d34f50fd7e8121684c2e8b96473759a62ffdf4da9a899b6be2324c4f6,256,7ff045e85bdcdcb19da695baf49045e3320a14d4,73def971a2a1c29fdabc16124b77beb9011e4be4eb24fbaacd07c4bab9143525,ce9759db14e15b98f4aaac7a43748cb8b6118bcf1e63a1c4e898b519fb3a46f9,fmnist,9.999999999999998,30,30,300000,0.0,0.0,e311558ce6e4e1a1d345e2051c2d5e8ccaecccda,0.001,10.0,feddf_logit,AdamW,,article1-v3,eecbcffdb3e52099e26ebd2485d479a2553a52a6901356aed1ef3b69e9218818,8c10e8dabb252578e55d8ceadb12f9b772d83f07a663edb06566b4924cf6d961,10000,full_original_order,43,8c10e8dabb252578e55d8ceadb12f9b772d83f07a663edb06566b4924cf6d961,10000,deterministic_evaluation,alpha1p0,e104a8552b32d4ad,none,43,ef759d51015073cc84f4d2c8902b47faa51e3b3789baea500d2567a3f2295d2e,0.7730395793914795,9f0b88d81119b57a6ae57eeb22a3257787c562e62cc7a83b1f6566c657fe7250,0.8519,0.4161886858463287,0.8746,1.9380246384632287,1.1307147685757917,1.0,8.0,"{""K"": 10, ""batch_size"": 256, ""epochs"": 30, ""lr"": 0.001, ""optimizer"": ""AdamW"", ""weight_decay"": 0.0001}",1200,0.0001,uniform,/home/roi/PycharmProjects/KD_v5/OUTPUTS/article1_v3/results_baseline.csv,156,,,,,,,,,,True
cca1df8b70663f0f4e33e98b1ddae9913b8913e88f4d6a8609494e7039c28b6c,weighted_mean_logits,9dc3b75d34f50fd7e8121684c2e8b96473759a62ffdf4da9a899b6be2324c4f6,256,7ff045e85bdcdcb19da695baf49045e3320a14d4,73def971a2a1c29fdabc16124b77beb9011e4be4eb24fbaacd07c4bab9143525,ce9759db14e15b98f4aaac7a43748cb8b6118bcf1e63a1c4e898b519fb3a46f9,fmnist,8.2589,30,30,300000,131.0,0.0131,e311558ce6e4e1a1d345e2051c2d5e8ccaecccda,0.001,8.1279,oracle_logit,AdamW,,article1-v3,eecbcffdb3e52099e26ebd2485d479a2553a52a6901356aed1ef3b69e9218818,8c10e8dabb252578e55d8ceadb12f9b772d83f07a663edb06566b4924cf6d961,10000,full_original_order,43,8c10e8dabb252578e55d8ceadb12f9b772d83f07a663edb06566b4924cf6d961,10000,deterministic_evaluation,alpha1p0,88020e3423038857,none,43,61229c70423abbdd279e72dad35e84ef70d5d6dc090ccbf599a64044c7ca11fc,1.1919234991073608,9f0b88d81119b57a6ae57eeb22a3257787c562e62cc7a83b1f6566c657fe7250,0.8952,0.3205214066982269,0.9869,1.910580280391947,1.0216530860429451,1.0,8.0,"{""K"": 10, ""batch_size"": 256, ""epochs"": 30, ""lr"": 0.001, ""optimizer"": ""AdamW"", ""weight_decay"": 0.0001}",1200,0.0001,selected_uniform,/home/roi/PycharmProjects/KD_v5/OUTPUTS/article1_v3/results_baseline.csv,157,,,,,,,,,,True
75deb844b9a7e241e896c1c951fb1cd435d473dead215f5c9fa74bee72170ce0,mean_probabilities,9dc3b75d34f50fd7e8121684c2e8b96473759a62ffdf4da9a899b6be2324c4f6,256,7ff045e85bdcdcb19da695baf49045e3320a14d4,2a057311d99ac3f194298094a9bbf40cf6097b66fad43ca4fd46d89a36b9d586,ce9759db14e15b98f4aaac7a43748cb8b6118bcf1e63a1c4e898b519fb3a46f9,fmnist,9.999999999999998,30,30,300000,0.0,0.0,e311558ce6e4e1a1d345e2051c2d5e8ccaecccda,0.001,10.0,feddf_prob,AdamW,,article1-v3,eecbcffdb3e52099e26ebd2485d479a2553a52a6901356aed1ef3b69e9218818,8c10e8dabb252578e55d8ceadb12f9b772d83f07a663edb06566b4924cf6d961,10000,full_original_order,43,8c10e8dabb252578e55d8ceadb12f9b772d83f07a663edb06566b4924cf6d961,10000,deterministic_evaluation,alpha0p5,925a59ea8d0143c2,none,43,4da7509100df3f897a4227928801164c0471712a8e47ca4da722c5273ed98761,0.6081491112709045,9f0b88d81119b57a6ae57eeb22a3257787c562e62cc7a83b1f6566c657fe7250,0.8684,0.3619626990556717,0.8867,2.0601324374825296,1.2733308997321084,1.0,8.0,"{""K"": 10, ""batch_size"": 256, ""epochs"": 30, ""lr"": 0.001, ""optimizer"": ""AdamW"", ""weight_decay"": 0.0001}",1200,0.0001,uniform,/home/roi/PycharmProjects/KD_v5/OUTPUTS/article1_v3/results_baseline.csv,158,,,,,,,,,,True
75deb844b9a7e241e896c1c951fb1cd435d473dead215f5c9fa74bee72170ce0,mean_probabilities,9dc3b75d34f50fd7e8121684c2e8b96473759a62ffdf4da9a899b6be2324c4f6,256,7ff045e85bdcdcb19da695baf49045e3320a14d4,2a057311d99ac3f194298094a9bbf40cf6097b66fad43ca4fd46d89a36b9d586,ce9759db14e15b98f4aaac7a43748cb8b6118bcf1e63a1c4e898b519fb3a46f9,fmnist,5.7,30,30,300000,0.0,0.0,e311558ce6e4e1a1d345e2051c2d5e8ccaecccda,0.001,5.7,expert_prob,AdamW,0.2689370120480211,article1-v3,eecbcffdb3e52099e26ebd2485d479a2553a52a6901356aed1ef3b69e9218818,8c10e8dabb252578e55d8ceadb12f9b772d83f07a663edb06566b4924cf6d961,10000,full_original_order,43,8c10e8dabb252578e55d8ceadb12f9b772d83f07a663edb06566b4924cf6d961,10000,deterministic_evaluation,alpha0p5,a9382d7e110e1b4f,none,43,dcac2d9f5128443e63568b91963f2c980a71784b6cc92b2e57ba591b0a07790b,1.0192162990570068,9f0b88d81119b57a6ae57eeb22a3257787c562e62cc7a83b1f6566c657fe7250,0.8915,0.3744296416997909,0.9531,1.949756345254559,1.0695800526396888,1.0,8.0,"{""K"": 10, ""batch_size"": 256, ""epochs"": 30, ""lr"": 0.001, ""optimizer"": ""AdamW"", ""weight_decay"": 0.0001}",1200,0.0001,selected_uniform,/home/roi/PycharmProjects/KD_v5/OUTPUTS/article1_v3/results_baseline.csv,159,,,,,,,,,,True
75deb844b9a7e241e896c1c951fb1cd435d473dead215f5c9fa74bee72170ce0,mean_support_restricted_probabilities,9dc3b75d34f50fd7e8121684c2e8b96473759a62ffdf4da9a899b6be2324c4f6,256,7ff045e85bdcdcb19da695baf49045e3320a14d4,2a057311d99ac3f194298094a9bbf40cf6097b66fad43ca4fd46d89a36b9d586,ce9759db14e15b98f4aaac7a43748cb8b6118bcf1e63a1c4e898b519fb3a46f9,fmnist,5.7,30,30,300000,0.0,0.0,e311558ce6e4e1a1d345e2051c2d5e8ccaecccda,0.001,5.7,expert_prob_sr,AdamW,0.2689370120480211,article1-v3,eecbcffdb3e52099e26ebd2485d479a2553a52a6901356aed1ef3b69e9218818,8c10e8dabb252578e55d8ceadb12f9b772d83f07a663edb06566b4924cf6d961,10000,full_original_order,43,8c10e8dabb252578e55d8ceadb12f9b772d83f07a663edb06566b4924cf6d961,10000,deterministic_evaluation,alpha0p5,e7bd87226c652046,none,43,7408d71954d1f12aa3083ae9eaf2821683cb996c5ef9eaffa5d1fb5d2ec8bf00,1.6143605709075928,9f0b88d81119b57a6ae57eeb22a3257787c562e62cc7a83b1f6566c657fe7250,0.8748,1.30000802898407,0.9833,1.6049838160513377,0.7315828775201566,2.0,8.0,"{""K"": 10, ""batch_size"": 256, ""epochs"": 30, ""lr"": 0.001, ""optimizer"": ""AdamW"", ""weight_decay"": 0.0001}",1200,0.0001,selected_uniform,/home/roi/PycharmProjects/KD_v5/OUTPUTS/article1_v3/results_baseline.csv,160,,,,,,,,,,True
75deb844b9a7e241e896c1c951fb1cd435d473dead215f5c9fa74bee72170ce0,mean_probabilities,9dc3b75d34f50fd7e8121684c2e8b96473759a62ffdf4da9a899b6be2324c4f6,256,7ff045e85bdcdcb19da695baf49045e3320a14d4,2a057311d99ac3f194298094a9bbf40cf6097b66fad43ca4fd46d89a36b9d586,ce9759db14e15b98f4aaac7a43748cb8b6118bcf1e63a1c4e898b519fb3a46f9,fmnist,7.3298,30,30,300000,108.0,0.0108,e311558ce6e4e1a1d345e2051c2d5e8ccaecccda,0.001,7.2218,oracle_prob,AdamW,,article1-v3,eecbcffdb3e52099e26ebd2485d479a2553a52a6901356aed1ef3b69e9218818,8c10e8dabb252578e55d8ceadb12f9b772d83f07a663edb06566b4924cf6d961,10000,full_original_order,43,8c10e8dabb252578e55d8ceadb12f9b772d83f07a663edb06566b4924cf6d961,10000,deterministic_evaluation,alpha0p5,9309311bf9a7cb97,none,43,a5130253a3fb0d1f83d1731798b8426723ec1710ce084aaeabf88eaeedb8d6df,0.9375659227371216,9f0b88d81119b57a6ae57eeb22a3257787c562e62cc7a83b1f6566c657fe7250,0.8914,0.3120695802927017,0.9893,2.0002777939167165,1.1294842558351403,1.0,8.0,"{""K"": 10, ""batch_size"": 256, ""epochs"": 30, ""lr"": 0.001, ""optimizer"": ""AdamW"", ""weight_decay"": 0.0001}",1200,0.0001,selected_uniform,/home/roi/PycharmProjects/KD_v5/OUTPUTS/article1_v3/results_baseline.csv,161,,,,,,,,,,True
75deb844b9a7e241e896c1c951fb1cd435d473dead215f5c9fa74bee72170ce0,weighted_mean_logits,9dc3b75d34f50fd7e8121684c2e8b96473759a62ffdf4da9a899b6be2324c4f6,256,7ff045e85bdcdcb19da695baf49045e3320a14d4,2a057311d99ac3f194298094a9bbf40cf6097b66fad43ca4fd46d89a36b9d586,ce9759db14e15b98f4aaac7a43748cb8b6118bcf1e63a1c4e898b519fb3a46f9,fmnist,9.999999999999998,30,30,300000,0.0,0.0,e311558ce6e4e1a1d345e2051c2d5e8ccaecccda,0.001,10.0,feddf_logit,AdamW,,article1-v3,eecbcffdb3e52099e26ebd2485d479a2553a52a6901356aed1ef3b69e9218818,8c10e8dabb252578e55d8ceadb12f9b772d83f07a663edb06566b4924cf6d961,10000,full_original_order,43,8c10e8dabb252578e55d8ceadb12f9b772d83f07a663edb06566b4924cf6d961,10000,deterministic_evaluation,alpha0p5,f3bc3d7e5cbb4acb,none,43,723853f484e4e36042f089b4b13b99bcfde82611ee9542252df075e9828da43b,0.6426843404769897,9f0b88d81119b57a6ae57eeb22a3257787c562e62cc7a83b1f6566c657fe7250,0.8629,0.378203005695343,0.8803,2.0524082583543537,1.2880715257369308,1.0,8.0,"{""K"": 10, ""batch_size"": 256, ""epochs"": 30, ""lr"": 0.001, ""optimizer"": ""AdamW"", ""weight_decay"": 0.0001}",1200,0.0001,uniform,/home/roi/PycharmProjects/KD_v5/OUTPUTS/article1_v3/results_baseline.csv,162,,,,,,,,,,True
75deb844b9a7e241e896c1c951fb1cd435d473dead215f5c9fa74bee72170ce0,weighted_mean_logits,9dc3b75d34f50fd7e8121684c2e8b96473759a62ffdf4da9a899b6be2324c4f6,256,7ff045e85bdcdcb19da695baf49045e3320a14d4,2a057311d99ac3f194298094a9bbf40cf6097b66fad43ca4fd46d89a36b9d586,ce9759db14e15b98f4aaac7a43748cb8b6118bcf1e63a1c4e898b519fb3a46f9,fmnist,7.3298,30,30,300000,108.0,0.0108,e311558ce6e4e1a1d345e2051c2d5e8ccaecccda,0.001,7.2218,oracle_logit,AdamW,,article1-v3,eecbcffdb3e52099e26ebd2485d479a2553a52a6901356aed1ef3b69e9218818,8c10e8dabb252578e55d8ceadb12f9b772d83f07a663edb06566b4924cf6d961,10000,full_original_order,43,8c10e8dabb252578e55d8ceadb12f9b772d83f07a663edb06566b4924cf6d961,10000,deterministic_evaluation,alpha0p5,acac8afe47bf20bf,none,43,7ffb0df31d1eb07b8a6f01159a359cc042d23b3ac4cf5260eaea957445b741b8,1.0424013137817385,9f0b88d81119b57a6ae57eeb22a3257787c562e62cc7a83b1f6566c657fe7250,0.8905,0.3233836337327957,0.9893,1.9743425148398728,1.1098625034104757,1.0,8.0,"{""K"": 10, ""batch_size"": 256, ""epochs"": 30, ""lr"": 0.001, ""optimizer"": ""AdamW"", ""weight_decay"": 0.0001}",1200,0.0001,selected_uniform,/home/roi/PycharmProjects/KD_v5/OUTPUTS/article1_v3/results_baseline.csv,163,,,,,,,,,,True
71a8c9248302350eb7ac28adb94bc15c293486b4e8058a10079bdb72962804b5,mean_probabilities,9dc3b75d34f50fd7e8121684c2e8b96473759a62ffdf4da9a899b6be2324c4f6,256,7ff045e85bdcdcb19da695baf49045e3320a14d4,4789b5133591bc0eb275a2285796cc8a66586e764bdeca50de645b6db0db73d6,ce9759db14e15b98f4aaac7a43748cb8b6118bcf1e63a1c4e898b519fb3a46f9,fmnist,9.999999999999998,30,30,300000,0.0,0.0,e311558ce6e4e1a1d345e2051c2d5e8ccaecccda,0.001,10.0,feddf_prob,AdamW,,article1-v3,eecbcffdb3e52099e26ebd2485d479a2553a52a6901356aed1ef3b69e9218818,8c10e8dabb252578e55d8ceadb12f9b772d83f07a663edb06566b4924cf6d961,10000,full_original_order,43,8c10e8dabb252578e55d8ceadb12f9b772d83f07a663edb06566b4924cf6d961,10000,deterministic_evaluation,alpha0p1,0f339439e469a9ed,none,43,b65e9a97ddf4a1cf71bf08f6dfb4a812a52c2b32262836a9404b3dae25e75c70,0.364749014377594,9f0b88d81119b57a6ae57eeb22a3257787c562e62cc7a83b1f6566c657fe7250,0.699,0.8512351243972779,0.7327,2.1718788289751187,1.569219488744456,1.0,8.0,"{""K"": 10, ""batch_size"": 256, ""epochs"": 30, ""lr"": 0.001, ""optimizer"": ""AdamW"", ""weight_decay"": 0.0001}",1200,0.0001,uniform,/home/roi/PycharmProjects/KD_v5/OUTPUTS/article1_v3/results_baseline.csv,164,,,,,,,,,,True
71a8c9248302350eb7ac28adb94bc15c293486b4e8058a10079bdb72962804b5,mean_probabilities,9dc3b75d34f50fd7e8121684c2e8b96473759a62ffdf4da9a899b6be2324c4f6,256,7ff045e85bdcdcb19da695baf49045e3320a14d4,4789b5133591bc0eb275a2285796cc8a66586e764bdeca50de645b6db0db73d6,ce9759db14e15b98f4aaac7a43748cb8b6118bcf1e63a1c4e898b519fb3a46f9,fmnist,3.8,30,30,300000,0.0,0.0,e311558ce6e4e1a1d345e2051c2d5e8ccaecccda,0.001,3.8,expert_prob,AdamW,0.255540003123923,article1-v3,eecbcffdb3e52099e26ebd2485d479a2553a52a6901356aed1ef3b69e9218818,8c10e8dabb252578e55d8ceadb12f9b772d83f07a663edb06566b4924cf6d961,10000,full_original_order,43,8c10e8dabb252578e55d8ceadb12f9b772d83f07a663edb06566b4924cf6d961,10000,deterministic_evaluation,alpha0p1,89b7a98af918a190,none,43,fb8a759a5f65cb22899cda23cd2594f448e7358ada7d16c5d0b2c2585882036e,1.4516140222549438,9f0b88d81119b57a6ae57eeb22a3257787c562e62cc7a83b1f6566c657fe7250,0.894,0.4541786133289337,0.9934,1.8190037290807028,0.8561923499609259,1.0,8.0,"{""K"": 10, ""batch_size"": 256, ""epochs"": 30, ""lr"": 0.001, ""optimizer"": ""AdamW"", ""weight_decay"": 0.0001}",1200,0.0001,selected_uniform,/home/roi/PycharmProjects/KD_v5/OUTPUTS/article1_v3/results_baseline.csv,165,,,,,,,,,,True
71a8c9248302350eb7ac28adb94bc15c293486b4e8058a10079bdb72962804b5,mean_support_restricted_probabilities,9dc3b75d34f50fd7e8121684c2e8b96473759a62ffdf4da9a899b6be2324c4f6,256,7ff045e85bdcdcb19da695baf49045e3320a14d4,4789b5133591bc0eb275a2285796cc8a66586e764bdeca50de645b6db0db73d6,ce9759db14e15b98f4aaac7a43748cb8b6118bcf1e63a1c4e898b519fb3a46f9,fmnist,3.8,30,30,300000,0.0,0.0,e311558ce6e4e1a1d345e2051c2d5e8ccaecccda,0.001,3.8,expert_prob_sr,AdamW,0.255540003123923,article1-v3,eecbcffdb3e52099e26ebd2485d479a2553a52a6901356aed1ef3b69e9218818,8c10e8dabb252578e55d8ceadb12f9b772d83f07a663edb06566b4924cf6d961,10000,full_original_order,43,8c10e8dabb252578e55d8ceadb12f9b772d83f07a663edb06566b4924cf6d961,10000,deterministic_evaluation,alpha0p1,347239177a9e6dfd,none,43,72d0b525be505c0874127cb931f009513b2398fb00d105211ad0677b50cab28f,1.838090419769287,9f0b88d81119b57a6ae57eeb22a3257787c562e62cc7a83b1f6566c657fe7250,0.8779,1.2659784241199494,0.9983,1.3505262650537382,0.5494399430466876,2.0,8.0,"{""K"": 10, ""batch_size"": 256, ""epochs"": 30, ""lr"": 0.001, ""optimizer"": ""AdamW"", ""weight_decay"": 0.0001}",1200,0.0001,selected_uniform,/home/roi/PycharmProjects/KD_v5/OUTPUTS/article1_v3/results_baseline.csv,166,,,,,,,,,,True
71a8c9248302350eb7ac28adb94bc15c293486b4e8058a10079bdb72962804b5,mean_probabilities,9dc3b75d34f50fd7e8121684c2e8b96473759a62ffdf4da9a899b6be2324c4f6,256,7ff045e85bdcdcb19da695baf49045e3320a14d4,4789b5133591bc0eb275a2285796cc8a66586e764bdeca50de645b6db0db73d6,ce9759db14e15b98f4aaac7a43748cb8b6118bcf1e63a1c4e898b519fb3a46f9,fmnist,4.2151,30,30,300000,49.0,0.0049,e311558ce6e4e1a1d345e2051c2d5e8ccaecccda,0.001,4.1661,oracle_prob,AdamW,,article1-v3,eecbcffdb3e52099e26ebd2485d479a2553a52a6901356aed1ef3b69e9218818,8c10e8dabb252578e55d8ceadb12f9b772d83f07a663edb06566b4924cf6d961,10000,full_original_order,43,8c10e8dabb252578e55d8ceadb12f9b772d83f07a663edb06566b4924cf6d961,10000,deterministic_evaluation,alpha0p1,6855966ae85d639d,none,43,e76d92b31e2882949fa7b775c53ef25a941dc06afffe43fe892101ec24620025,2.050558567047119,9f0b88d81119b57a6ae57eeb22a3257787c562e62cc7a83b1f6566c657fe7250,0.8943,0.4271069768190383,0.9952,1.8726642795994053,0.895353228373227,1.0,8.0,"{""K"": 10, ""batch_size"": 256, ""epochs"": 30, ""lr"": 0.001, ""optimizer"": ""AdamW"", ""weight_decay"": 0.0001}",1200,0.0001,selected_uniform,/home/roi/PycharmProjects/KD_v5/OUTPUTS/article1_v3/results_baseline.csv,167,,,,,,,,,,True
71a8c9248302350eb7ac28adb94bc15c293486b4e8058a10079bdb72962804b5,weighted_mean_logits,9dc3b75d34f50fd7e8121684c2e8b96473759a62ffdf4da9a899b6be2324c4f6,256,7ff045e85bdcdcb19da695baf49045e3320a14d4,4789b5133591bc0eb275a2285796cc8a66586e764bdeca50de645b6db0db73d6,ce9759db14e15b98f4aaac7a43748cb8b6118bcf1e63a1c4e898b519fb3a46f9,fmnist,9.999999999999998,30,30,300000,0.0,0.0,e311558ce6e4e1a1d345e2051c2d5e8ccaecccda,0.001,10.0,feddf_logit,AdamW,,article1-v3,eecbcffdb3e52099e26ebd2485d479a2553a52a6901356aed1ef3b69e9218818,8c10e8dabb252578e55d8ceadb12f9b772d83f07a663edb06566b4924cf6d961,10000,full_original_order,43,8c10e8dabb252578e55d8ceadb12f9b772d83f07a663edb06566b4924cf6d961,10000,deterministic_evaluation,alpha0p1,c01e14c52eb9457b,none,43,542e2a106a5014377e0fa33d6c5ab57bbf96a7a7609411a7f547446f680b35d8,0.2478573322296142,9f0b88d81119b57a6ae57eeb22a3257787c562e62cc7a83b1f6566c657fe7250,0.6101,1.1971780921936035,0.6615,2.221673031184081,1.75644935072037,1.0,8.0,"{""K"": 10, ""batch_size"": 256, ""epochs"": 30, ""lr"": 0.001, ""optimizer"": ""AdamW"", ""weight_decay"": 0.0001}",1200,0.0001,uniform,/home/roi/PycharmProjects/KD_v5/OUTPUTS/article1_v3/results_baseline.csv,168,,,,,,,,,,True
71a8c9248302350eb7ac28adb94bc15c293486b4e8058a10079bdb72962804b5,weighted_mean_logits,9dc3b75d34f50fd7e8121684c2e8b96473759a62ffdf4da9a899b6be2324c4f6,256,7ff045e85bdcdcb19da695baf49045e3320a14d4,4789b5133591bc0eb275a2285796cc8a66586e764bdeca50de645b6db0db73d6,ce9759db14e15b98f4aaac7a43748cb8b6118bcf1e63a1c4e898b519fb3a46f9,fmnist,4.2151,30,30,300000,49.0,0.0049,e311558ce6e4e1a1d345e2051c2d5e8ccaecccda,0.001,4.1661,oracle_logit,AdamW,,article1-v3,eecbcffdb3e52099e26ebd2485d479a2553a52a6901356aed1ef3b69e9218818,8c10e8dabb252578e55d8ceadb12f9b772d83f07a663edb06566b4924cf6d961,10000,full_original_order,43,8c10e8dabb252578e55d8ceadb12f9b772d83f07a663edb06566b4924cf6d961,10000,deterministic_evaluation,alpha0p1,5f6a723f7af6ec99,none,43,1170a8deb492ab1ed9e9ab003c2a842475207ea31db1ea19ed5d2a4bbd639580,2.433994770050049,9f0b88d81119b57a6ae57eeb22a3257787c562e62cc7a83b1f6566c657fe7250,0.8984,0.4716526759624481,0.9952,1.745270413065184,0.7765074518438794,1.0,8.0,"{""K"": 10, ""batch_size"": 256, ""epochs"": 30, ""lr"": 0.001, ""optimizer"": ""AdamW"", ""weight_decay"": 0.0001}",1200,0.0001,selected_uniform,/home/roi/PycharmProjects/KD_v5/OUTPUTS/article1_v3/results_baseline.csv,169,,,,,,,,,,True
ce4b9886dc3da23c4ec80937dca96608fe5f8454c6299680143dd031516e5403,mean_probabilities,9dc3b75d34f50fd7e8121684c2e8b96473759a62ffdf4da9a899b6be2324c4f6,256,7ff045e85bdcdcb19da695baf49045e3320a14d4,d7e372943c8cefd690b4c3f86847f56783ad27f230c06c93b659f4ced9a20803,ce9759db14e15b98f4aaac7a43748cb8b6118bcf1e63a1c4e898b519fb3a46f9,fmnist,9.999999999999998,30,30,300000,0.0,0.0,e311558ce6e4e1a1d345e2051c2d5e8ccaecccda,0.001,10.0,feddf_prob,AdamW,,article1-v3,eecbcffdb3e52099e26ebd2485d479a2553a52a6901356aed1ef3b69e9218818,8c10e8dabb252578e55d8ceadb12f9b772d83f07a663edb06566b4924cf6d961,10000,full_original_order,43,8c10e8dabb252578e55d8ceadb12f9b772d83f07a663edb06566b4924cf6d961,10000,deterministic_evaluation,multi,c72caa26e20d2ceb,none,43,f43aebb02e49940c8afeff1fbbb17fae9d36d0a3fa9487ac875af598bf9a5283,0.3445883393287658,9f0b88d81119b57a6ae57eeb22a3257787c562e62cc7a83b1f6566c657fe7250,0.4219,1.9147898292541503,0.4437,1.9763150576650568,1.7059682791639146,1.0,8.0,"{""K"": 10, ""batch_size"": 256, ""epochs"": 30, ""lr"": 0.001, ""optimizer"": ""AdamW"", ""weight_decay"": 0.0001}",1200,0.0001,uniform,/home/roi/PycharmProjects/KD_v5/OUTPUTS/article1_v3/results_baseline.csv,170,,,,,,,,,,True
ce4b9886dc3da23c4ec80937dca96608fe5f8454c6299680143dd031516e5403,mean_probabilities,9dc3b75d34f50fd7e8121684c2e8b96473759a62ffdf4da9a899b6be2324c4f6,256,7ff045e85bdcdcb19da695baf49045e3320a14d4,d7e372943c8cefd690b4c3f86847f56783ad27f230c06c93b659f4ced9a20803,ce9759db14e15b98f4aaac7a43748cb8b6118bcf1e63a1c4e898b519fb3a46f9,fmnist,2.0,30,30,300000,0.0,0.0,e311558ce6e4e1a1d345e2051c2d5e8ccaecccda,0.001,2.0,expert_prob,AdamW,0.0436184932866837,article1-v3,eecbcffdb3e52099e26ebd2485d479a2553a52a6901356aed1ef3b69e9218818,8c10e8dabb252578e55d8ceadb12f9b772d83f07a663edb06566b4924cf6d961,10000,full_original_order,43,8c10e8dabb252578e55d8ceadb12f9b772d83f07a663edb06566b4924cf6d961,10000,deterministic_evaluation,multi,938891f0341da58b,none,43,473a9505837360c9322bca528222f3a056f03ade1bc3bc04316ddf762a672775,2.4666786193847656,9f0b88d81119b57a6ae57eeb22a3257787c562e62cc7a83b1f6566c657fe7250,0.8963,1.7926450607299804,0.9952,0.3903763836934794,0.1348430670673133,1.0,8.0,"{""K"": 10, ""batch_size"": 256, ""epochs"": 30, ""lr"": 0.001, ""optimizer"": ""AdamW"", ""weight_decay"": 0.0001}",1200,0.0001,selected_uniform,/home/roi/PycharmProjects/KD_v5/OUTPUTS/article1_v3/results_baseline.csv,171,,,,,,,,,,True
ce4b9886dc3da23c4ec80937dca96608fe5f8454c6299680143dd031516e5403,mean_support_restricted_probabilities,9dc3b75d34f50fd7e8121684c2e8b96473759a62ffdf4da9a899b6be2324c4f6,256,7ff045e85bdcdcb19da695baf49045e3320a14d4,d7e372943c8cefd690b4c3f86847f56783ad27f230c06c93b659f4ced9a20803,ce9759db14e15b98f4aaac7a43748cb8b6118bcf1e63a1c4e898b519fb3a46f9,fmnist,2.0,30,30,300000,0.0,0.0,e311558ce6e4e1a1d345e2051c2d5e8ccaecccda,0.001,2.0,expert_prob_sr,AdamW,0.0436184932866837,article1-v3,eecbcffdb3e52099e26ebd2485d479a2553a52a6901356aed1ef3b69e9218818,8c10e8dabb252578e55d8ceadb12f9b772d83f07a663edb06566b4924cf6d961,10000,full_original_order,43,8c10e8dabb252578e55d8ceadb12f9b772d83f07a663edb06566b4924cf6d961,10000,deterministic_evaluation,multi,bcc8c81d85f2294b,none,43,e8ecd92076979a1107216a550b11f79de1d0ad19e567c76fc35eab1ce601c6f8,0.8501313924789429,9f0b88d81119b57a6ae57eeb22a3257787c562e62cc7a83b1f6566c657fe7250,0.896,2.8118395656585693,0.9952,0.2041743786435037,0.0856754526271397,2.0,8.0,"{""K"": 10, ""batch_size"": 256, ""epochs"": 30, ""lr"": 0.001, ""optimizer"": ""AdamW"", ""weight_decay"": 0.0001}",1200,0.0001,selected_uniform,/home/roi/PycharmProjects/KD_v5/OUTPUTS/article1_v3/results_baseline.csv,172,,,,,,,,,,True
ce4b9886dc3da23c4ec80937dca96608fe5f8454c6299680143dd031516e5403,mean_probabilities,9dc3b75d34f50fd7e8121684c2e8b96473759a62ffdf4da9a899b6be2324c4f6,256,7ff045e85bdcdcb19da695baf49045e3320a14d4,d7e372943c8cefd690b4c3f86847f56783ad27f230c06c93b659f4ced9a20803,ce9759db14e15b98f4aaac7a43748cb8b6118bcf1e63a1c4e898b519fb3a46f9,fmnist,2.0187,30,30,300000,30.0,0.003,e311558ce6e4e1a1d345e2051c2d5e8ccaecccda,0.001,1.9887,oracle_prob,AdamW,,article1-v3,eecbcffdb3e52099e26ebd2485d479a2553a52a6901356aed1ef3b69e9218818,8c10e8dabb252578e55d8ceadb12f9b772d83f07a663edb06566b4924cf6d961,10000,full_original_order,43,8c10e8dabb252578e55d8ceadb12f9b772d83f07a663edb06566b4924cf6d961,10000,deterministic_evaluation,multi,6501ab93d87857b0,none,43,a382ca17b0122dda6ba2cb02ad3b5a9764ed4f0dc2738bd55d16a791616988b3,1.6706621646881104,9f0b88d81119b57a6ae57eeb22a3257787c562e62cc7a83b1f6566c657fe7250,0.8956,1.812428429794312,0.997,0.3924325713712459,0.139762192940497,1.0,8.0,"{""K"": 10, ""batch_size"": 256, ""epochs"": 30, ""lr"": 0.001, ""optimizer"": ""AdamW"", ""weight_decay"": 0.0001}",1200,0.0001,selected_uniform,/home/roi/PycharmProjects/KD_v5/OUTPUTS/article1_v3/results_baseline.csv,173,,,,,,,,,,True
ce4b9886dc3da23c4ec80937dca96608fe5f8454c6299680143dd031516e5403,weighted_mean_logits,9dc3b75d34f50fd7e8121684c2e8b96473759a62ffdf4da9a899b6be2324c4f6,256,7ff045e85bdcdcb19da695baf49045e3320a14d4,d7e372943c8cefd690b4c3f86847f56783ad27f230c06c93b659f4ced9a20803,ce9759db14e15b98f4aaac7a43748cb8b6118bcf1e63a1c4e898b519fb3a46f9,fmnist,9.999999999999998,30,30,300000,0.0,0.0,e311558ce6e4e1a1d345e2051c2d5e8ccaecccda,0.001,10.0,feddf_logit,AdamW,,article1-v3,eecbcffdb3e52099e26ebd2485d479a2553a52a6901356aed1ef3b69e9218818,8c10e8dabb252578e55d8ceadb12f9b772d83f07a663edb06566b4924cf6d961,10000,full_original_order,43,8c10e8dabb252578e55d8ceadb12f9b772d83f07a663edb06566b4924cf6d961,10000,deterministic_evaluation,multi,8cdc7a5ce2c46b0c,none,43,80a9085b2a7f04bbf53c9edb9be011cc172b09f1e8184b90efcab6e5f4617feb,0.1851751506328582,9f0b88d81119b57a6ae57eeb22a3257787c562e62cc7a83b1f6566c657fe7250,0.2109,6.331410443115234,0.2117,2.082319689360213,2.1088599905280185,1.0,8.0,"{""K"": 10, ""batch_size"": 256, ""epochs"": 30, ""lr"": 0.001, ""optimizer"": ""AdamW"", ""weight_decay"": 0.0001}",1200,0.0001,uniform,/home/roi/PycharmProjects/KD_v5/OUTPUTS/article1_v3/results_baseline.csv,174,,,,,,,,,,True
ce4b9886dc3da23c4ec80937dca96608fe5f8454c6299680143dd031516e5403,weighted_mean_logits,9dc3b75d34f50fd7e8121684c2e8b96473759a62ffdf4da9a899b6be2324c4f6,256,7ff045e85bdcdcb19da695baf49045e3320a14d4,d7e372943c8cefd690b4c3f86847f56783ad27f230c06c93b659f4ced9a20803,ce9759db14e15b98f4aaac7a43748cb8b6118bcf1e63a1c4e898b519fb3a46f9,fmnist,2.0187,30,30,300000,30.0,0.003,e311558ce6e4e1a1d345e2051c2d5e8ccaecccda,0.001,1.9887,oracle_logit,AdamW,,article1-v3,eecbcffdb3e52099e26ebd2485d479a2553a52a6901356aed1ef3b69e9218818,8c10e8dabb252578e55d8ceadb12f9b772d83f07a663edb06566b4924cf6d961,10000,full_original_order,43,8c10e8dabb252578e55d8ceadb12f9b772d83f07a663edb06566b4924cf6d961,10000,deterministic_evaluation,multi,551289fd4ceb7269,none,43,6b158564ae5f062f276404e1d678fd5b64d0a9abd36dbedf9256d2e9ada694be,2.528057336807251,9f0b88d81119b57a6ae57eeb22a3257787c562e62cc7a83b1f6566c657fe7250,0.8965,1.9588876976013183,0.997,0.3725779544403558,0.1345346477136823,1.0,8.0,"{""K"": 10, ""batch_size"": 256, ""epochs"": 30, ""lr"": 0.001, ""optimizer"": ""AdamW"", ""weight_decay"": 0.0001}",1200,0.0001,selected_uniform,/home/roi/PycharmProjects/KD_v5/OUTPUTS/article1_v3/results_baseline.csv,175,,,,,,,,,,True
e6f1e0016bd69e5208d7779bafd908447f0ffbf5bd505201465dc3d9494ee864,mean_probabilities,9dc3b75d34f50fd7e8121684c2e8b96473759a62ffdf4da9a899b6be2324c4f6,256,7ff045e85bdcdcb19da695baf49045e3320a14d4,52f3cfdd6fc3f7cde0f491f8d9a2856977cdf26a4c756ae607619d987aa00d6c,ce9759db14e15b98f4aaac7a43748cb8b6118bcf1e63a1c4e898b519fb3a46f9,fmnist,9.999999999999998,30,30,300000,0.0,0.0,e311558ce6e4e1a1d345e2051c2d5e8ccaecccda,0.001,10.0,feddf_prob,AdamW,,article1-v3,eecbcffdb3e52099e26ebd2485d479a2553a52a6901356aed1ef3b69e9218818,8c10e8dabb252578e55d8ceadb12f9b772d83f07a663edb06566b4924cf6d961,10000,full_original_order,43,8c10e8dabb252578e55d8ceadb12f9b772d83f07a663edb06566b4924cf6d961,10000,deterministic_evaluation,single,b3da8b08e20abcef,none,43,efba2906598528deaa6b4263568986196edb2b2a67a3c0bde59a94603ed6d7fd,-5.364418029785156e-06,9f0b88d81119b57a6ae57eeb22a3257787c562e62cc7a83b1f6566c657fe7250,0.1,2.3025866592407227,0.0996,2.302585092545105,2.3025811179188023,1.0,8.0,"{""K"": 10, ""batch_size"": 256, ""epochs"": 30, ""lr"": 0.001, ""optimizer"": ""AdamW"", ""weight_decay"": 0.0001}",1200,0.0001,uniform,/home/roi/PycharmProjects/KD_v5/OUTPUTS/article1_v3/results_baseline.csv,176,,,,,,,,,,True
e6f1e0016bd69e5208d7779bafd908447f0ffbf5bd505201465dc3d9494ee864,mean_probabilities,9dc3b75d34f50fd7e8121684c2e8b96473759a62ffdf4da9a899b6be2324c4f6,256,7ff045e85bdcdcb19da695baf49045e3320a14d4,52f3cfdd6fc3f7cde0f491f8d9a2856977cdf26a4c756ae607619d987aa00d6c,ce9759db14e15b98f4aaac7a43748cb8b6118bcf1e63a1c4e898b519fb3a46f9,fmnist,1.0,30,30,300000,0.0,0.0,e311558ce6e4e1a1d345e2051c2d5e8ccaecccda,0.001,1.0,expert_prob,AdamW,2.784743646954635e-06,article1-v3,eecbcffdb3e52099e26ebd2485d479a2553a52a6901356aed1ef3b69e9218818,8c10e8dabb252578e55d8ceadb12f9b772d83f07a663edb06566b4924cf6d961,10000,full_original_order,43,8c10e8dabb252578e55d8ceadb12f9b772d83f07a663edb06566b4924cf6d961,10000,deterministic_evaluation,single,e73aba17d579b084,none,43,21874da5ab769d76364f6a7acab209d4b7a6ab3d459a8adb46cf4ba3202dec82,1.2384073734283447,9f0b88d81119b57a6ae57eeb22a3257787c562e62cc7a83b1f6566c657fe7250,0.899,3.1933379768371584,1.0,3.786881728638407e-05,2.784811898827674e-06,1.0,8.0,"{""K"": 10, ""batch_size"": 256, ""epochs"": 30, ""lr"": 0.001, ""optimizer"": ""AdamW"", ""weight_decay"": 0.0001}",1200,0.0001,selected_uniform,/home/roi/PycharmProjects/KD_v5/OUTPUTS/article1_v3/results_baseline.csv,177,,,,,,,,,,True
e6f1e0016bd69e5208d7779bafd908447f0ffbf5bd505201465dc3d9494ee864,mean_support_restricted_probabilities,9dc3b75d34f50fd7e8121684c2e8b96473759a62ffdf4da9a899b6be2324c4f6,256,7ff045e85bdcdcb19da695baf49045e3320a14d4,52f3cfdd6fc3f7cde0f491f8d9a2856977cdf26a4c756ae607619d987aa00d6c,ce9759db14e15b98f4aaac7a43748cb8b6118bcf1e63a1c4e898b519fb3a46f9,fmnist,1.0,30,30,300000,0.0,0.0,e311558ce6e4e1a1d345e2051c2d5e8ccaecccda,0.001,1.0,expert_prob_sr,AdamW,2.784743646954635e-06,article1-v3,eecbcffdb3e52099e26ebd2485d479a2553a52a6901356aed1ef3b69e9218818,8c10e8dabb252578e55d8ceadb12f9b772d83f07a663edb06566b4924cf6d961,10000,full_original_order,43,8c10e8dabb252578e55d8ceadb12f9b772d83f07a663edb06566b4924cf6d961,10000,deterministic_evaluation,single,0d2bda7ebfd8f566,none,43,14a57182ad47bde3dcd433f66ff45531f78ee7c0f9ad19ca9426ae8ca16e496f,0.3264302313327789,9f0b88d81119b57a6ae57eeb22a3257787c562e62cc7a83b1f6566c657fe7250,0.9045,2.831175816345215,1.0,-0.0,-0.0,2.0,8.0,"{""K"": 10, ""batch_size"": 256, ""epochs"": 30, ""lr"": 0.001, ""optimizer"": ""AdamW"", ""weight_decay"": 0.0001}",1200,0.0001,selected_uniform,/home/roi/PycharmProjects/KD_v5/OUTPUTS/article1_v3/results_baseline.csv,178,,,,,,,,,,True
e6f1e0016bd69e5208d7779bafd908447f0ffbf5bd505201465dc3d9494ee864,mean_probabilities,9dc3b75d34f50fd7e8121684c2e8b96473759a62ffdf4da9a899b6be2324c4f6,256,7ff045e85bdcdcb19da695baf49045e3320a14d4,52f3cfdd6fc3f7cde0f491f8d9a2856977cdf26a4c756ae607619d987aa00d6c,ce9759db14e15b98f4aaac7a43748cb8b6118bcf1e63a1c4e898b519fb3a46f9,fmnist,1.0,30,30,300000,0.0,0.0,e311558ce6e4e1a1d345e2051c2d5e8ccaecccda,0.001,1.0,oracle_prob,AdamW,,article1-v3,eecbcffdb3e52099e26ebd2485d479a2553a52a6901356aed1ef3b69e9218818,8c10e8dabb252578e55d8ceadb12f9b772d83f07a663edb06566b4924cf6d961,10000,full_original_order,43,8c10e8dabb252578e55d8ceadb12f9b772d83f07a663edb06566b4924cf6d961,10000,deterministic_evaluation,single,1ba7b32f81110e9f,none,43,21874da5ab769d76364f6a7acab209d4b7a6ab3d459a8adb46cf4ba3202dec82,1.2384073734283447,9f0b88d81119b57a6ae57eeb22a3257787c562e62cc7a83b1f6566c657fe7250,0.899,3.1933379768371584,1.0,3.786881728638407e-05,2.784811898827674e-06,1.0,8.0,"{""K"": 10, ""batch_size"": 256, ""epochs"": 30, ""lr"": 0.001, ""optimizer"": ""AdamW"", ""weight_decay"": 0.0001}",1200,0.0001,selected_uniform,/home/roi/PycharmProjects/KD_v5/OUTPUTS/article1_v3/results_baseline.csv,179,,,,,,,,,,True
e6f1e0016bd69e5208d7779bafd908447f0ffbf5bd505201465dc3d9494ee864,weighted_mean_logits,9dc3b75d34f50fd7e8121684c2e8b96473759a62ffdf4da9a899b6be2324c4f6,256,7ff045e85bdcdcb19da695baf49045e3320a14d4,52f3cfdd6fc3f7cde0f491f8d9a2856977cdf26a4c756ae607619d987aa00d6c,ce9759db14e15b98f4aaac7a43748cb8b6118bcf1e63a1c4e898b519fb3a46f9,fmnist,9.999999999999998,30,30,300000,0.0,0.0,e311558ce6e4e1a1d345e2051c2d5e8ccaecccda,0.001,10.0,feddf_logit,AdamW,,article1-v3,eecbcffdb3e52099e26ebd2485d479a2553a52a6901356aed1ef3b69e9218818,8c10e8dabb252578e55d8ceadb12f9b772d83f07a663edb06566b4924cf6d961,10000,full_original_order,43,8c10e8dabb252578e55d8ceadb12f9b772d83f07a663edb06566b4924cf6d961,10000,deterministic_evaluation,single,c48ba5ab037c39aa,none,43,c97a5abffcec5c374f1a465500adf35b0a31a097ba47fa4b0f0f7dd2a175ac84,0.1352314352989196,9f0b88d81119b57a6ae57eeb22a3257787c562e62cc7a83b1f6566c657fe7250,0.114,7.666078952026367,0.1123,2.1539295060092583,2.524838727328719,1.0,8.0,"{""K"": 10, ""batch_size"": 256, ""epochs"": 30, ""lr"": 0.001, ""optimizer"": ""AdamW"", ""weight_decay"": 0.0001}",1200,0.0001,uniform,/home/roi/PycharmProjects/KD_v5/OUTPUTS/article1_v3/results_baseline.csv,180,,,,,,,,,,True
e6f1e0016bd69e5208d7779bafd908447f0ffbf5bd505201465dc3d9494ee864,weighted_mean_logits,9dc3b75d34f50fd7e8121684c2e8b96473759a62ffdf4da9a899b6be2324c4f6,256,7ff045e85bdcdcb19da695baf49045e3320a14d4,52f3cfdd6fc3f7cde0f491f8d9a2856977cdf26a4c756ae607619d987aa00d6c,ce9759db14e15b98f4aaac7a43748cb8b6118bcf1e63a1c4e898b519fb3a46f9,fmnist,1.0,30,30,300000,0.0,0.0,e311558ce6e4e1a1d345e2051c2d5e8ccaecccda,0.001,1.0,oracle_logit,AdamW,,article1-v3,eecbcffdb3e52099e26ebd2485d479a2553a52a6901356aed1ef3b69e9218818,8c10e8dabb252578e55d8ceadb12f9b772d83f07a663edb06566b4924cf6d961,10000,full_original_order,43,8c10e8dabb252578e55d8ceadb12f9b772d83f07a663edb06566b4924cf6d961,10000,deterministic_evaluation,single,09c178bb4ee615c5,none,43,21874da5ab769d76364f6a7acab209d4b7a6ab3d459a8adb46cf4ba3202dec82,1.2384073734283447,9f0b88d81119b57a6ae57eeb22a3257787c562e62cc7a83b1f6566c657fe7250,0.899,3.1933379768371584,1.0,3.786881728638407e-05,2.784811898827674e-06,1.0,8.0,"{""K"": 10, ""batch_size"": 256, ""epochs"": 30, ""lr"": 0.001, ""optimizer"": ""AdamW"", ""weight_decay"": 0.0001}",1200,0.0001,selected_uniform,/home/roi/PycharmProjects/KD_v5/OUTPUTS/article1_v3/results_baseline.csv,181,,,,,,,,,,True
9ddda7b4e88c4257d9e04a7ec98f634bb22469cbe3da21d3243126fbec3889cc,mean_probabilities,1f3034cbd83dc007bebbb86cb19474d4ce302552e2dd4f9a5af623e717861d58,256,7ff045e85bdcdcb19da695baf49045e3320a14d4,e7169a2b15de5fbd761d720bd03abf6b7e5caa82f9359dd3848268d4aebf693c,849f1b74cefdcc2362df172533df7980cabfd485ce2302f165ed502a7d40f4b8,fmnist,9.999999999999998,30,30,300000,0.0,0.0,e311558ce6e4e1a1d345e2051c2d5e8ccaecccda,0.001,10.0,feddf_prob,AdamW,,article1-v3,a25cfd1d4a95d4f7a5edf37eefaaa8cfce5b3a5a5bd3b7fc84fc495052c80a57,56169d4fdedbe0732b5f4cc31ed6d66f01e7e1069f3e908130357af6f5652296,10000,full_original_order,44,56169d4fdedbe0732b5f4cc31ed6d66f01e7e1069f3e908130357af6f5652296,10000,deterministic_evaluation,iid,bfbd813f77ac3bed,none,44,9945401d0c3f2094531eaf0abb911318a6645495c3a26482cb8582ddb79e20be,0.4816579520702362,6838075722e64f2bbfba2fd720c2d2975cc93fc1fa1b02f4a7d78d497d5477e4,0.8852,0.3307384666800499,0.8992,1.8869574781419425,1.045781610244268,1.0,8.0,"{""K"": 10, ""batch_size"": 256, ""epochs"": 30, ""lr"": 0.001, ""optimizer"": ""AdamW"", ""weight_decay"": 0.0001}",1200,0.0001,uniform,/home/roi/PycharmProjects/KD_v5/OUTPUTS/article1_v3/results_baseline.csv,182,,,,,,,,,,True
9ddda7b4e88c4257d9e04a7ec98f634bb22469cbe3da21d3243126fbec3889cc,mean_probabilities,1f3034cbd83dc007bebbb86cb19474d4ce302552e2dd4f9a5af623e717861d58,256,7ff045e85bdcdcb19da695baf49045e3320a14d4,e7169a2b15de5fbd761d720bd03abf6b7e5caa82f9359dd3848268d4aebf693c,849f1b74cefdcc2362df172533df7980cabfd485ce2302f165ed502a7d40f4b8,fmnist,9.0,30,30,300000,1000.0,0.1,e311558ce6e4e1a1d345e2051c2d5e8ccaecccda,0.001,8.0,expert_prob,AdamW,0.148927460625238,article1-v3,a25cfd1d4a95d4f7a5edf37eefaaa8cfce5b3a5a5bd3b7fc84fc495052c80a57,56169d4fdedbe0732b5f4cc31ed6d66f01e7e1069f3e908130357af6f5652296,10000,full_original_order,44,56169d4fdedbe0732b5f4cc31ed6d66f01e7e1069f3e908130357af6f5652296,10000,deterministic_evaluation,iid,fdee26de7f721f8c,none,44,1e882df7f1f7a11278978adb9d6e05db01664e77de5d0135b9c9ab8b0cacc5e3,0.50840163230896,6838075722e64f2bbfba2fd720c2d2975cc93fc1fa1b02f4a7d78d497d5477e4,0.8868,0.330677905523777,0.9021,1.881078573229309,1.0351135974297914,1.0,8.0,"{""K"": 10, ""batch_size"": 256, ""epochs"": 30, ""lr"": 0.001, ""optimizer"": ""AdamW"", ""weight_decay"": 0.0001}",1200,0.0001,selected_uniform,/home/roi/PycharmProjects/KD_v5/OUTPUTS/article1_v3/results_baseline.csv,183,,,,,,,,,,True
9ddda7b4e88c4257d9e04a7ec98f634bb22469cbe3da21d3243126fbec3889cc,mean_support_restricted_probabilities,1f3034cbd83dc007bebbb86cb19474d4ce302552e2dd4f9a5af623e717861d58,256,7ff045e85bdcdcb19da695baf49045e3320a14d4,e7169a2b15de5fbd761d720bd03abf6b7e5caa82f9359dd3848268d4aebf693c,849f1b74cefdcc2362df172533df7980cabfd485ce2302f165ed502a7d40f4b8,fmnist,9.0,30,30,300000,1000.0,0.1,e311558ce6e4e1a1d345e2051c2d5e8ccaecccda,0.001,8.0,expert_prob_sr,AdamW,0.148927460625238,article1-v3,a25cfd1d4a95d4f7a5edf37eefaaa8cfce5b3a5a5bd3b7fc84fc495052c80a57,56169d4fdedbe0732b5f4cc31ed6d66f01e7e1069f3e908130357af6f5652296,10000,full_original_order,44,56169d4fdedbe0732b5f4cc31ed6d66f01e7e1069f3e908130357af6f5652296,10000,deterministic_evaluation,iid,ddac7c41f6623345,none,44,e33db80ca5a45f3db3190c08cd366044bd5074b47c6146469c09dfac7a005835,0.7083885669708252,6838075722e64f2bbfba2fd720c2d2975cc93fc1fa1b02f4a7d78d497d5477e4,0.8753,1.263984032058716,0.9356,1.722732725208716,0.8775377593690248,2.0,8.0,"{""K"": 10, ""batch_size"": 256, ""epochs"": 30, ""lr"": 0.001, ""optimizer"": ""AdamW"", ""weight_decay"": 0.0001}",1200,0.0001,selected_uniform,/home/roi/PycharmProjects/KD_v5/OUTPUTS/article1_v3/results_baseline.csv,184,,,,,,,,,,True
9ddda7b4e88c4257d9e04a7ec98f634bb22469cbe3da21d3243126fbec3889cc,mean_probabilities,1f3034cbd83dc007bebbb86cb19474d4ce302552e2dd4f9a5af623e717861d58,256,7ff045e85bdcdcb19da695baf49045e3320a14d4,e7169a2b15de5fbd761d720bd03abf6b7e5caa82f9359dd3848268d4aebf693c,849f1b74cefdcc2362df172533df7980cabfd485ce2302f165ed502a7d40f4b8,fmnist,9.037,30,30,300000,284.0,0.0284,e311558ce6e4e1a1d345e2051c2d5e8ccaecccda,0.001,8.753,oracle_prob,AdamW,,article1-v3,a25cfd1d4a95d4f7a5edf37eefaaa8cfce5b3a5a5bd3b7fc84fc495052c80a57,56169d4fdedbe0732b5f4cc31ed6d66f01e7e1069f3e908130357af6f5652296,10000,full_original_order,44,56169d4fdedbe0732b5f4cc31ed6d66f01e7e1069f3e908130357af6f5652296,10000,deterministic_evaluation,iid,05e3d24c3760d4a4,none,44,e6bf1fa77cd37d35fe6196c8a549bf9058c832710c42d73b485ad5c6d4866ec0,0.6535829305648804,6838075722e64f2bbfba2fd720c2d2975cc93fc1fa1b02f4a7d78d497d5477e4,0.893,0.3119846238136291,0.9716,1.8846663456233967,1.0240674470240096,1.0,8.0,"{""K"": 10, ""batch_size"": 256, ""epochs"": 30, ""lr"": 0.001, ""optimizer"": ""AdamW"", ""weight_decay"": 0.0001}",1200,0.0001,selected_uniform,/home/roi/PycharmProjects/KD_v5/OUTPUTS/article1_v3/results_baseline.csv,185,,,,,,,,,,True
9ddda7b4e88c4257d9e04a7ec98f634bb22469cbe3da21d3243126fbec3889cc,weighted_mean_logits,1f3034cbd83dc007bebbb86cb19474d4ce302552e2dd4f9a5af623e717861d58,256,7ff045e85bdcdcb19da695baf49045e3320a14d4,e7169a2b15de5fbd761d720bd03abf6b7e5caa82f9359dd3848268d4aebf693c,849f1b74cefdcc2362df172533df7980cabfd485ce2302f165ed502a7d40f4b8,fmnist,9.999999999999998,30,30,300000,0.0,0.0,e311558ce6e4e1a1d345e2051c2d5e8ccaecccda,0.001,10.0,feddf_logit,AdamW,,article1-v3,a25cfd1d4a95d4f7a5edf37eefaaa8cfce5b3a5a5bd3b7fc84fc495052c80a57,56169d4fdedbe0732b5f4cc31ed6d66f01e7e1069f3e908130357af6f5652296,10000,full_original_order,44,56169d4fdedbe0732b5f4cc31ed6d66f01e7e1069f3e908130357af6f5652296,10000,deterministic_evaluation,iid,43f9dab37ad9198d,none,44,a94c328467d2b438fc4cbfdac5b70ea1db3aed4ad3b07cfcb31a773d514e61f1,0.4515919685363769,6838075722e64f2bbfba2fd720c2d2975cc93fc1fa1b02f4a7d78d497d5477e4,0.8849,0.3328397986531257,0.8984,1.8644291578816548,1.0309083951026154,1.0,8.0,"{""K"": 10, ""batch_size"": 256, ""epochs"": 30, ""lr"": 0.001, ""optimizer"": ""AdamW"", ""weight_decay"": 0.0001}",1200,0.0001,uniform,/home/roi/PycharmProjects/KD_v5/OUTPUTS/article1_v3/results_baseline.csv,186,,,,,,,,,,True
9ddda7b4e88c4257d9e04a7ec98f634bb22469cbe3da21d3243126fbec3889cc,weighted_mean_logits,1f3034cbd83dc007bebbb86cb19474d4ce302552e2dd4f9a5af623e717861d58,256,7ff045e85bdcdcb19da695baf49045e3320a14d4,e7169a2b15de5fbd761d720bd03abf6b7e5caa82f9359dd3848268d4aebf693c,849f1b74cefdcc2362df172533df7980cabfd485ce2302f165ed502a7d40f4b8,fmnist,9.037,30,30,300000,284.0,0.0284,e311558ce6e4e1a1d345e2051c2d5e8ccaecccda,0.001,8.753,oracle_logit,AdamW,,article1-v3,a25cfd1d4a95d4f7a5edf37eefaaa8cfce5b3a5a5bd3b7fc84fc495052c80a57,56169d4fdedbe0732b5f4cc31ed6d66f01e7e1069f3e908130357af6f5652296,10000,full_original_order,44,56169d4fdedbe0732b5f4cc31ed6d66f01e7e1069f3e908130357af6f5652296,10000,deterministic_evaluation,iid,17672c75c6ba8f26,none,44,2f85736ac1d2079660fdfe322af1f62483eff2e12fd7093053d7727855e70aad,0.6698567867279053,6838075722e64f2bbfba2fd720c2d2975cc93fc1fa1b02f4a7d78d497d5477e4,0.8905,0.3151839064836502,0.9716,1.8622594337028493,1.0093121052731315,1.0,8.0,"{""K"": 10, ""batch_size"": 256, ""epochs"": 30, ""lr"": 0.001, ""optimizer"": ""AdamW"", ""weight_decay"": 0.0001}",1200,0.0001,selected_uniform,/home/roi/PycharmProjects/KD_v5/OUTPUTS/article1_v3/results_baseline.csv,187,,,,,,,,,,True
5ac7a53b6128e21ea0477cb372e4a56daf4f6f82226f3a6fe28ad079114814da,mean_probabilities,1f3034cbd83dc007bebbb86cb19474d4ce302552e2dd4f9a5af623e717861d58,256,7ff045e85bdcdcb19da695baf49045e3320a14d4,a7e04e10a278a041fa68c771fa9c98d8916cb2f3831289eff95fd5e2a9ca6230,849f1b74cefdcc2362df172533df7980cabfd485ce2302f165ed502a7d40f4b8,fmnist,9.999999999999998,30,30,300000,0.0,0.0,e311558ce6e4e1a1d345e2051c2d5e8ccaecccda,0.001,10.0,feddf_prob,AdamW,,article1-v3,a25cfd1d4a95d4f7a5edf37eefaaa8cfce5b3a5a5bd3b7fc84fc495052c80a57,56169d4fdedbe0732b5f4cc31ed6d66f01e7e1069f3e908130357af6f5652296,10000,full_original_order,44,56169d4fdedbe0732b5f4cc31ed6d66f01e7e1069f3e908130357af6f5652296,10000,deterministic_evaluation,alpha1p0,804cc87340de6597,none,44,cc082d3397ac6b175b33b4ca9f7361dfcc7d8c68c633fb70da296cea6cc799c4,0.3966183960437774,6838075722e64f2bbfba2fd720c2d2975cc93fc1fa1b02f4a7d78d497d5477e4,0.88,0.3470136012077331,0.8907,1.9172713476462653,1.0864310361209206,1.0,8.0,"{""K"": 10, ""batch_size"": 256, ""epochs"": 30, ""lr"": 0.001, ""optimizer"": ""AdamW"", ""weight_decay"": 0.0001}",1200,0.0001,uniform,/home/roi/PycharmProjects/KD_v5/OUTPUTS/article1_v3/results_baseline.csv,188,,,,,,,,,,True
5ac7a53b6128e21ea0477cb372e4a56daf4f6f82226f3a6fe28ad079114814da,mean_probabilities,1f3034cbd83dc007bebbb86cb19474d4ce302552e2dd4f9a5af623e717861d58,256,7ff045e85bdcdcb19da695baf49045e3320a14d4,a7e04e10a278a041fa68c771fa9c98d8916cb2f3831289eff95fd5e2a9ca6230,849f1b74cefdcc2362df172533df7980cabfd485ce2302f165ed502a7d40f4b8,fmnist,7.4,30,30,300000,0.0,0.0,e311558ce6e4e1a1d345e2051c2d5e8ccaecccda,0.001,7.4,expert_prob,AdamW,0.1661342740492915,article1-v3,a25cfd1d4a95d4f7a5edf37eefaaa8cfce5b3a5a5bd3b7fc84fc495052c80a57,56169d4fdedbe0732b5f4cc31ed6d66f01e7e1069f3e908130357af6f5652296,10000,full_original_order,44,56169d4fdedbe0732b5f4cc31ed6d66f01e7e1069f3e908130357af6f5652296,10000,deterministic_evaluation,alpha1p0,81815007cc97fb81,none,44,fb8c6ba60f35fbc575881834d567133a4e22693363ab68f8d35a89ef17b5b814,0.4254064261913299,6838075722e64f2bbfba2fd720c2d2975cc93fc1fa1b02f4a7d78d497d5477e4,0.8882,0.3645029945135116,0.9441,1.8764394490048013,0.9947318411612378,1.0,8.0,"{""K"": 10, ""batch_size"": 256, ""epochs"": 30, ""lr"": 0.001, ""optimizer"": ""AdamW"", ""weight_decay"": 0.0001}",1200,0.0001,selected_uniform,/home/roi/PycharmProjects/KD_v5/OUTPUTS/article1_v3/results_baseline.csv,189,,,,,,,,,,True
5ac7a53b6128e21ea0477cb372e4a56daf4f6f82226f3a6fe28ad079114814da,mean_support_restricted_probabilities,1f3034cbd83dc007bebbb86cb19474d4ce302552e2dd4f9a5af623e717861d58,256,7ff045e85bdcdcb19da695baf49045e3320a14d4,a7e04e10a278a041fa68c771fa9c98d8916cb2f3831289eff95fd5e2a9ca6230,849f1b74cefdcc2362df172533df7980cabfd485ce2302f165ed502a7d40f4b8,fmnist,7.4,30,30,300000,0.0,0.0,e311558ce6e4e1a1d345e2051c2d5e8ccaecccda,0.001,7.4,expert_prob_sr,AdamW,0.1661342740492915,article1-v3,a25cfd1d4a95d4f7a5edf37eefaaa8cfce5b3a5a5bd3b7fc84fc495052c80a57,56169d4fdedbe0732b5f4cc31ed6d66f01e7e1069f3e908130357af6f5652296,10000,full_original_order,44,56169d4fdedbe0732b5f4cc31ed6d66f01e7e1069f3e908130357af6f5652296,10000,deterministic_evaluation,alpha1p0,e78d61971b9e4e5e,none,44,6359422ff50aeaaf4bab53dae044288fbc8bcef2e929247fd3d70b34b827a92e,0.9698693752288818,6838075722e64f2bbfba2fd720c2d2975cc93fc1fa1b02f4a7d78d497d5477e4,0.8839,1.0112562257766724,0.9772,1.672868455668684,0.7721789463793514,2.0,8.0,"{""K"": 10, ""batch_size"": 256, ""epochs"": 30, ""lr"": 0.001, ""optimizer"": ""AdamW"", ""weight_decay"": 0.0001}",1200,0.0001,selected_uniform,/home/roi/PycharmProjects/KD_v5/OUTPUTS/article1_v3/results_baseline.csv,190,,,,,,,,,,True
5ac7a53b6128e21ea0477cb372e4a56daf4f6f82226f3a6fe28ad079114814da,mean_probabilities,1f3034cbd83dc007bebbb86cb19474d4ce302552e2dd4f9a5af623e717861d58,256,7ff045e85bdcdcb19da695baf49045e3320a14d4,a7e04e10a278a041fa68c771fa9c98d8916cb2f3831289eff95fd5e2a9ca6230,849f1b74cefdcc2362df172533df7980cabfd485ce2302f165ed502a7d40f4b8,fmnist,8.4223,30,30,300000,155.0,0.0155,e311558ce6e4e1a1d345e2051c2d5e8ccaecccda,0.001,8.2673,oracle_prob,AdamW,,article1-v3,a25cfd1d4a95d4f7a5edf37eefaaa8cfce5b3a5a5bd3b7fc84fc495052c80a57,56169d4fdedbe0732b5f4cc31ed6d66f01e7e1069f3e908130357af6f5652296,10000,full_original_order,44,56169d4fdedbe0732b5f4cc31ed6d66f01e7e1069f3e908130357af6f5652296,10000,deterministic_evaluation,alpha1p0,cb0d9dd9731954d3,none,44,cbc4478d4d9ea17914309f3108781cc6623a04253548ee0bbf352fa725c51cc4,0.5603029131889343,6838075722e64f2bbfba2fd720c2d2975cc93fc1fa1b02f4a7d78d497d5477e4,0.896,0.3099384118080139,0.9845,1.9065171039616688,1.0288319126289955,1.0,8.0,"{""K"": 10, ""batch_size"": 256, ""epochs"": 30, ""lr"": 0.001, ""optimizer"": ""AdamW"", ""weight_decay"": 0.0001}",1200,0.0001,selected_uniform,/home/roi/PycharmProjects/KD_v5/OUTPUTS/article1_v3/results_baseline.csv,191,,,,,,,,,,True
5ac7a53b6128e21ea0477cb372e4a56daf4f6f82226f3a6fe28ad079114814da,weighted_mean_logits,1f3034cbd83dc007bebbb86cb19474d4ce302552e2dd4f9a5af623e717861d58,256,7ff045e85bdcdcb19da695baf49045e3320a14d4,a7e04e10a278a041fa68c771fa9c98d8916cb2f3831289eff95fd5e2a9ca6230,849f1b74cefdcc2362df172533df7980cabfd485ce2302f165ed502a7d40f4b8,fmnist,9.999999999999998,30,30,300000,0.0,0.0,e311558ce6e4e1a1d345e2051c2d5e8ccaecccda,0.001,10.0,feddf_logit,AdamW,,article1-v3,a25cfd1d4a95d4f7a5edf37eefaaa8cfce5b3a5a5bd3b7fc84fc495052c80a57,56169d4fdedbe0732b5f4cc31ed6d66f01e7e1069f3e908130357af6f5652296,10000,full_original_order,44,56169d4fdedbe0732b5f4cc31ed6d66f01e7e1069f3e908130357af6f5652296,10000,deterministic_evaluation,alpha1p0,f7567aeb7e842b49,none,44,acbdd3467dfadf35dacd09e74af3ffb21a666a6a7c899b3e1894c23b23e695d6,0.4130670130252838,6838075722e64f2bbfba2fd720c2d2975cc93fc1fa1b02f4a7d78d497d5477e4,0.8802,0.3507755892753601,0.89,1.8956830222706835,1.0744925311058202,1.0,8.0,"{""K"": 10, ""batch_size"": 256, ""epochs"": 30, ""lr"": 0.001, ""optimizer"": ""AdamW"", ""weight_decay"": 0.0001}",1200,0.0001,uniform,/home/roi/PycharmProjects/KD_v5/OUTPUTS/article1_v3/results_baseline.csv,192,,,,,,,,,,True
5ac7a53b6128e21ea0477cb372e4a56daf4f6f82226f3a6fe28ad079114814da,weighted_mean_logits,1f3034cbd83dc007bebbb86cb19474d4ce302552e2dd4f9a5af623e717861d58,256,7ff045e85bdcdcb19da695baf49045e3320a14d4,a7e04e10a278a041fa68c771fa9c98d8916cb2f3831289eff95fd5e2a9ca6230,849f1b74cefdcc2362df172533df7980cabfd485ce2302f165ed502a7d40f4b8,fmnist,8.4223,30,30,300000,155.0,0.0155,e311558ce6e4e1a1d345e2051c2d5e8ccaecccda,0.001,8.2673,oracle_logit,AdamW,,article1-v3,a25cfd1d4a95d4f7a5edf37eefaaa8cfce5b3a5a5bd3b7fc84fc495052c80a57,56169d4fdedbe0732b5f4cc31ed6d66f01e7e1069f3e908130357af6f5652296,10000,full_original_order,44,56169d4fdedbe0732b5f4cc31ed6d66f01e7e1069f3e908130357af6f5652296,10000,deterministic_evaluation,alpha1p0,ed283616f9067e56,none,44,3fa567390c57e12a6370a7de02aa2ea7ab2f7981d91d7d8b8795b308d4388e77,0.5576815605163574,6838075722e64f2bbfba2fd720c2d2975cc93fc1fa1b02f4a7d78d497d5477e4,0.8969,0.3131386821269989,0.9845,1.883096527608876,1.012922563466374,1.0,8.0,"{""K"": 10, ""batch_size"": 256, ""epochs"": 30, ""lr"": 0.001, ""optimizer"": ""AdamW"", ""weight_decay"": 0.0001}",1200,0.0001,selected_uniform,/home/roi/PycharmProjects/KD_v5/OUTPUTS/article1_v3/results_baseline.csv,193,,,,,,,,,,True
857a25bd92266db7695da7c8c651f01e785d89bd91b00dc100646971a665bb00,mean_probabilities,1f3034cbd83dc007bebbb86cb19474d4ce302552e2dd4f9a5af623e717861d58,256,7ff045e85bdcdcb19da695baf49045e3320a14d4,b81389a3da5ca7673413ccd30ccd9b50d31d325183da5e7643bbdac06426d0f3,849f1b74cefdcc2362df172533df7980cabfd485ce2302f165ed502a7d40f4b8,fmnist,9.999999999999998,30,30,300000,0.0,0.0,e311558ce6e4e1a1d345e2051c2d5e8ccaecccda,0.001,10.0,feddf_prob,AdamW,,article1-v3,a25cfd1d4a95d4f7a5edf37eefaaa8cfce5b3a5a5bd3b7fc84fc495052c80a57,56169d4fdedbe0732b5f4cc31ed6d66f01e7e1069f3e908130357af6f5652296,10000,full_original_order,44,56169d4fdedbe0732b5f4cc31ed6d66f01e7e1069f3e908130357af6f5652296,10000,deterministic_evaluation,alpha0p5,bd30161cf5b0aeaf,none,44,78237595156c19299f1c06f2b9abe08093d4e941ac684b5d3b7c2df68d9b3168,0.3725863099098205,6838075722e64f2bbfba2fd720c2d2975cc93fc1fa1b02f4a7d78d497d5477e4,0.8528,0.4227892777442932,0.8627,2.0020325358031745,1.2003459449618288,1.0,8.0,"{""K"": 10, ""batch_size"": 256, ""epochs"": 30, ""lr"": 0.001, ""optimizer"": ""AdamW"", ""weight_decay"": 0.0001}",1200,0.0001,uniform,/home/roi/PycharmProjects/KD_v5/OUTPUTS/article1_v3/results_baseline.csv,194,,,,,,,,,,True
857a25bd92266db7695da7c8c651f01e785d89bd91b00dc100646971a665bb00,mean_probabilities,1f3034cbd83dc007bebbb86cb19474d4ce302552e2dd4f9a5af623e717861d58,256,7ff045e85bdcdcb19da695baf49045e3320a14d4,b81389a3da5ca7673413ccd30ccd9b50d31d325183da5e7643bbdac06426d0f3,849f1b74cefdcc2362df172533df7980cabfd485ce2302f165ed502a7d40f4b8,fmnist,6.6,30,30,300000,0.0,0.0,e311558ce6e4e1a1d345e2051c2d5e8ccaecccda,0.001,6.6,expert_prob,AdamW,0.1999707040884788,article1-v3,a25cfd1d4a95d4f7a5edf37eefaaa8cfce5b3a5a5bd3b7fc84fc495052c80a57,56169d4fdedbe0732b5f4cc31ed6d66f01e7e1069f3e908130357af6f5652296,10000,full_original_order,44,56169d4fdedbe0732b5f4cc31ed6d66f01e7e1069f3e908130357af6f5652296,10000,deterministic_evaluation,alpha0p5,4fe5e732841bca5c,none,44,1a354121fd7066d7d7eca021221eb49057d801873d7a6a961a07f2e36ba267af,0.4530810415744781,6838075722e64f2bbfba2fd720c2d2975cc93fc1fa1b02f4a7d78d497d5477e4,0.8786,0.4166844233036041,0.9397,1.929947258204454,1.0386216388416214,1.0,8.0,"{""K"": 10, ""batch_size"": 256, ""epochs"": 30, ""lr"": 0.001, ""optimizer"": ""AdamW"", ""weight_decay"": 0.0001}",1200,0.0001,selected_uniform,/home/roi/PycharmProjects/KD_v5/OUTPUTS/article1_v3/results_baseline.csv,195,,,,,,,,,,True
857a25bd92266db7695da7c8c651f01e785d89bd91b00dc100646971a665bb00,mean_support_restricted_probabilities,1f3034cbd83dc007bebbb86cb19474d4ce302552e2dd4f9a5af623e717861d58,256,7ff045e85bdcdcb19da695baf49045e3320a14d4,b81389a3da5ca7673413ccd30ccd9b50d31d325183da5e7643bbdac06426d0f3,849f1b74cefdcc2362df172533df7980cabfd485ce2302f165ed502a7d40f4b8,fmnist,6.6,30,30,300000,0.0,0.0,e311558ce6e4e1a1d345e2051c2d5e8ccaecccda,0.001,6.6,expert_prob_sr,AdamW,0.1999707040884788,article1-v3,a25cfd1d4a95d4f7a5edf37eefaaa8cfce5b3a5a5bd3b7fc84fc495052c80a57,56169d4fdedbe0732b5f4cc31ed6d66f01e7e1069f3e908130357af6f5652296,10000,full_original_order,44,56169d4fdedbe0732b5f4cc31ed6d66f01e7e1069f3e908130357af6f5652296,10000,deterministic_evaluation,alpha0p5,d402586b0ab9b100,none,44,c848e855bb563f12ecc281e350bb1afced01abd49dce6b060e72302d0e29e8c4,1.1083301305770874,6838075722e64f2bbfba2fd720c2d2975cc93fc1fa1b02f4a7d78d497d5477e4,0.8758,0.9006833738327026,0.9699,1.716823276921791,0.8013933053791177,2.0,8.0,"{""K"": 10, ""batch_size"": 256, ""epochs"": 30, ""lr"": 0.001, ""optimizer"": ""AdamW"", ""weight_decay"": 0.0001}",1200,0.0001,selected_uniform,/home/roi/PycharmProjects/KD_v5/OUTPUTS/article1_v3/results_baseline.csv,196,,,,,,,,,,True
857a25bd92266db7695da7c8c651f01e785d89bd91b00dc100646971a665bb00,mean_probabilities,1f3034cbd83dc007bebbb86cb19474d4ce302552e2dd4f9a5af623e717861d58,256,7ff045e85bdcdcb19da695baf49045e3320a14d4,b81389a3da5ca7673413ccd30ccd9b50d31d325183da5e7643bbdac06426d0f3,849f1b74cefdcc2362df172533df7980cabfd485ce2302f165ed502a7d40f4b8,fmnist,7.398,30,30,300000,113.0,0.0113,e311558ce6e4e1a1d345e2051c2d5e8ccaecccda,0.001,7.285,oracle_prob,AdamW,,article1-v3,a25cfd1d4a95d4f7a5edf37eefaaa8cfce5b3a5a5bd3b7fc84fc495052c80a57,56169d4fdedbe0732b5f4cc31ed6d66f01e7e1069f3e908130357af6f5652296,10000,full_original_order,44,56169d4fdedbe0732b5f4cc31ed6d66f01e7e1069f3e908130357af6f5652296,10000,deterministic_evaluation,alpha0p5,c30f478ff960c420,none,44,20f9dd79475781de6bee701e5c5206e9ef272c308b785f64f8e2ce3928046454,0.44297856092453,6838075722e64f2bbfba2fd720c2d2975cc93fc1fa1b02f4a7d78d497d5477e4,0.8946,0.3410059230089187,0.9888,1.9555330149513368,1.054767653162848,1.0,8.0,"{""K"": 10, ""batch_size"": 256, ""epochs"": 30, ""lr"": 0.001, ""optimizer"": ""AdamW"", ""weight_decay"": 0.0001}",1200,0.0001,selected_uniform,/home/roi/PycharmProjects/KD_v5/OUTPUTS/article1_v3/results_baseline.csv,197,,,,,,,,,,True
857a25bd92266db7695da7c8c651f01e785d89bd91b00dc100646971a665bb00,weighted_mean_logits,1f3034cbd83dc007bebbb86cb19474d4ce302552e2dd4f9a5af623e717861d58,256,7ff045e85bdcdcb19da695baf49045e3320a14d4,b81389a3da5ca7673413ccd30ccd9b50d31d325183da5e7643bbdac06426d0f3,849f1b74cefdcc2362df172533df7980cabfd485ce2302f165ed502a7d40f4b8,fmnist,9.999999999999998,30,30,300000,0.0,0.0,e311558ce6e4e1a1d345e2051c2d5e8ccaecccda,0.001,10.0,feddf_logit,AdamW,,article1-v3,a25cfd1d4a95d4f7a5edf37eefaaa8cfce5b3a5a5bd3b7fc84fc495052c80a57,56169d4fdedbe0732b5f4cc31ed6d66f01e7e1069f3e908130357af6f5652296,10000,full_original_order,44,56169d4fdedbe0732b5f4cc31ed6d66f01e7e1069f3e908130357af6f5652296,10000,deterministic_evaluation,alpha0p5,5ac7898abb301455,none,44,ebec26487f5cc59c63169b56d0d1876bc08a15fdd2379683096682e649e9e3d5,0.3117921948432922,6838075722e64f2bbfba2fd720c2d2975cc93fc1fa1b02f4a7d78d497d5477e4,0.8395,0.4584830131530761,0.8517,1.9853486596083432,1.2028635256628302,1.0,8.0,"{""K"": 10, ""batch_size"": 256, ""epochs"": 30, ""lr"": 0.001, ""optimizer"": ""AdamW"", ""weight_decay"": 0.0001}",1200,0.0001,uniform,/home/roi/PycharmProjects/KD_v5/OUTPUTS/article1_v3/results_baseline.csv,198,,,,,,,,,,True
857a25bd92266db7695da7c8c651f01e785d89bd91b00dc100646971a665bb00,weighted_mean_logits,1f3034cbd83dc007bebbb86cb19474d4ce302552e2dd4f9a5af623e717861d58,256,7ff045e85bdcdcb19da695baf49045e3320a14d4,b81389a3da5ca7673413ccd30ccd9b50d31d325183da5e7643bbdac06426d0f3,849f1b74cefdcc2362df172533df7980cabfd485ce2302f165ed502a7d40f4b8,fmnist,7.398,30,30,300000,113.0,0.0113,e311558ce6e4e1a1d345e2051c2d5e8ccaecccda,0.001,7.285,oracle_logit,AdamW,,article1-v3,a25cfd1d4a95d4f7a5edf37eefaaa8cfce5b3a5a5bd3b7fc84fc495052c80a57,56169d4fdedbe0732b5f4cc31ed6d66f01e7e1069f3e908130357af6f5652296,10000,full_original_order,44,56169d4fdedbe0732b5f4cc31ed6d66f01e7e1069f3e908130357af6f5652296,10000,deterministic_evaluation,alpha0p5,b4cd97713252b444,none,44,e11668553a217371f8edb1edec19b3b4a0a370c00be67e57c8f93f454c48373d,0.4555347859859466,6838075722e64f2bbfba2fd720c2d2975cc93fc1fa1b02f4a7d78d497d5477e4,0.889,0.3570194903850555,0.9888,1.9206017271177536,1.0227036067929045,1.0,8.0,"{""K"": 10, ""batch_size"": 256, ""epochs"": 30, ""lr"": 0.001, ""optimizer"": ""AdamW"", ""weight_decay"": 0.0001}",1200,0.0001,selected_uniform,/home/roi/PycharmProjects/KD_v5/OUTPUTS/article1_v3/results_baseline.csv,199,,,,,,,,,,True
6a9aa8491e74ec75c7cf558640a5e2c0e3da77c11b35ae0cb96809f7192314f6,mean_probabilities,1f3034cbd83dc007bebbb86cb19474d4ce302552e2dd4f9a5af623e717861d58,256,7ff045e85bdcdcb19da695baf49045e3320a14d4,774771f37d7ff253d090474398a8c62c845efec21dbd006f76cde7cfc97957b2,849f1b74cefdcc2362df172533df7980cabfd485ce2302f165ed502a7d40f4b8,fmnist,9.999999999999998,30,30,300000,0.0,0.0,e311558ce6e4e1a1d345e2051c2d5e8ccaecccda,0.001,10.0,feddf_prob,AdamW,,article1-v3,a25cfd1d4a95d4f7a5edf37eefaaa8cfce5b3a5a5bd3b7fc84fc495052c80a57,56169d4fdedbe0732b5f4cc31ed6d66f01e7e1069f3e908130357af6f5652296,10000,full_original_order,44,56169d4fdedbe0732b5f4cc31ed6d66f01e7e1069f3e908130357af6f5652296,10000,deterministic_evaluation,alpha0p1,ca21d7e1641c3b6d,none,44,8f810bf847b0ac5f4a055b43029629d83a251990ee1fff420c0e78bcdeccae96,0.3069254159927368,6838075722e64f2bbfba2fd720c2d2975cc93fc1fa1b02f4a7d78d497d5477e4,0.7625,0.6539599994659424,0.7907,2.154498787995853,1.506705087794878,1.0,8.0,"{""K"": 10, ""batch_size"": 256, ""epochs"": 30, ""lr"": 0.001, ""optimizer"": ""AdamW"", ""weight_decay"": 0.0001}",1200,0.0001,uniform,/home/roi/PycharmProjects/KD_v5/OUTPUTS/article1_v3/results_baseline.csv,200,,,,,,,,,,True
6a9aa8491e74ec75c7cf558640a5e2c0e3da77c11b35ae0cb96809f7192314f6,mean_probabilities,1f3034cbd83dc007bebbb86cb19474d4ce302552e2dd4f9a5af623e717861d58,256,7ff045e85bdcdcb19da695baf49045e3320a14d4,774771f37d7ff253d090474398a8c62c845efec21dbd006f76cde7cfc97957b2,849f1b74cefdcc2362df172533df7980cabfd485ce2302f165ed502a7d40f4b8,fmnist,4.2,30,30,300000,0.0,0.0,e311558ce6e4e1a1d345e2051c2d5e8ccaecccda,0.001,4.2,expert_prob,AdamW,0.2237345526999465,article1-v3,a25cfd1d4a95d4f7a5edf37eefaaa8cfce5b3a5a5bd3b7fc84fc495052c80a57,56169d4fdedbe0732b5f4cc31ed6d66f01e7e1069f3e908130357af6f5652296,10000,full_original_order,44,56169d4fdedbe0732b5f4cc31ed6d66f01e7e1069f3e908130357af6f5652296,10000,deterministic_evaluation,alpha0p1,0319b4e50dba203c,none,44,d3849e44b30d4a70f4ad5c61744f7d857d8357881572a89d792be19bc685bbfa,0.6561319231987,6838075722e64f2bbfba2fd720c2d2975cc93fc1fa1b02f4a7d78d497d5477e4,0.8941,0.5301061787128448,0.9874,1.853686467433205,0.880189226585599,1.0,8.0,"{""K"": 10, ""batch_size"": 256, ""epochs"": 30, ""lr"": 0.001, ""optimizer"": ""AdamW"", ""weight_decay"": 0.0001}",1200,0.0001,selected_uniform,/home/roi/PycharmProjects/KD_v5/OUTPUTS/article1_v3/results_baseline.csv,201,,,,,,,,,,True
6a9aa8491e74ec75c7cf558640a5e2c0e3da77c11b35ae0cb96809f7192314f6,mean_support_restricted_probabilities,1f3034cbd83dc007bebbb86cb19474d4ce302552e2dd4f9a5af623e717861d58,256,7ff045e85bdcdcb19da695baf49045e3320a14d4,774771f37d7ff253d090474398a8c62c845efec21dbd006f76cde7cfc97957b2,849f1b74cefdcc2362df172533df7980cabfd485ce2302f165ed502a7d40f4b8,fmnist,4.2,30,30,300000,0.0,0.0,e311558ce6e4e1a1d345e2051c2d5e8ccaecccda,0.001,4.2,expert_prob_sr,AdamW,0.2237345526999465,article1-v3,a25cfd1d4a95d4f7a5edf37eefaaa8cfce5b3a5a5bd3b7fc84fc495052c80a57,56169d4fdedbe0732b5f4cc31ed6d66f01e7e1069f3e908130357af6f5652296,10000,full_original_order,44,56169d4fdedbe0732b5f4cc31ed6d66f01e7e1069f3e908130357af6f5652296,10000,deterministic_evaluation,alpha0p1,4be9e2408b94c0cb,none,44,143bcbd6d10c4e3e2954f18f1ac559ab0b41a059cb8040653947a09d4a7cff9b,1.487783908843994,6838075722e64f2bbfba2fd720c2d2975cc93fc1fa1b02f4a7d78d497d5477e4,0.8926,1.0960302507400512,0.9944,1.5048052829783969,0.62627620459903,2.0,8.0,"{""K"": 10, ""batch_size"": 256, ""epochs"": 30, ""lr"": 0.001, ""optimizer"": ""AdamW"", ""weight_decay"": 0.0001}",1200,0.0001,selected_uniform,/home/roi/PycharmProjects/KD_v5/OUTPUTS/article1_v3/results_baseline.csv,202,,,,,,,,,,True
6a9aa8491e74ec75c7cf558640a5e2c0e3da77c11b35ae0cb96809f7192314f6,mean_probabilities,1f3034cbd83dc007bebbb86cb19474d4ce302552e2dd4f9a5af623e717861d58,256,7ff045e85bdcdcb19da695baf49045e3320a14d4,774771f37d7ff253d090474398a8c62c845efec21dbd006f76cde7cfc97957b2,849f1b74cefdcc2362df172533df7980cabfd485ce2302f165ed502a7d40f4b8,fmnist,4.6832,30,30,300000,45.0,0.0045,e311558ce6e4e1a1d345e2051c2d5e8ccaecccda,0.001,4.6382,oracle_prob,AdamW,,article1-v3,a25cfd1d4a95d4f7a5edf37eefaaa8cfce5b3a5a5bd3b7fc84fc495052c80a57,56169d4fdedbe0732b5f4cc31ed6d66f01e7e1069f3e908130357af6f5652296,10000,full_original_order,44,56169d4fdedbe0732b5f4cc31ed6d66f01e7e1069f3e908130357af6f5652296,10000,deterministic_evaluation,alpha0p1,454a77ebf6bf67c4,none,44,1069e64b506dee95bbdb4f7aa4c0328d6d5d474c8fab93776e390da3227f7cde,1.1694788932800293,6838075722e64f2bbfba2fd720c2d2975cc93fc1fa1b02f4a7d78d497d5477e4,0.9019,0.418821428155899,0.9957,1.9035043148968784,0.9129797473444904,1.0,8.0,"{""K"": 10, ""batch_size"": 256, ""epochs"": 30, ""lr"": 0.001, ""optimizer"": ""AdamW"", ""weight_decay"": 0.0001}",1200,0.0001,selected_uniform,/home/roi/PycharmProjects/KD_v5/OUTPUTS/article1_v3/results_baseline.csv,203,,,,,,,,,,True
6a9aa8491e74ec75c7cf558640a5e2c0e3da77c11b35ae0cb96809f7192314f6,weighted_mean_logits,1f3034cbd83dc007bebbb86cb19474d4ce302552e2dd4f9a5af623e717861d58,256,7ff045e85bdcdcb19da695baf49045e3320a14d4,774771f37d7ff253d090474398a8c62c845efec21dbd006f76cde7cfc97957b2,849f1b74cefdcc2362df172533df7980cabfd485ce2302f165ed502a7d40f4b8,fmnist,9.999999999999998,30,30,300000,0.0,0.0,e311558ce6e4e1a1d345e2051c2d5e8ccaecccda,0.001,10.0,feddf_logit,AdamW,,article1-v3,a25cfd1d4a95d4f7a5edf37eefaaa8cfce5b3a5a5bd3b7fc84fc495052c80a57,56169d4fdedbe0732b5f4cc31ed6d66f01e7e1069f3e908130357af6f5652296,10000,full_original_order,44,56169d4fdedbe0732b5f4cc31ed6d66f01e7e1069f3e908130357af6f5652296,10000,deterministic_evaluation,alpha0p1,411b30d625d92426,none,44,9d42b2243d725397515041816d70736ed72b86b62182c686d0ae240bde51711f,0.232434868812561,6838075722e64f2bbfba2fd720c2d2975cc93fc1fa1b02f4a7d78d497d5477e4,0.6545,0.94419387550354,0.6686,2.206651445576111,1.6905627146345308,1.0,8.0,"{""K"": 10, ""batch_size"": 256, ""epochs"": 30, ""lr"": 0.001, ""optimizer"": ""AdamW"", ""weight_decay"": 0.0001}",1200,0.0001,uniform,/home/roi/PycharmProjects/KD_v5/OUTPUTS/article1_v3/results_baseline.csv,204,,,,,,,,,,True
6a9aa8491e74ec75c7cf558640a5e2c0e3da77c11b35ae0cb96809f7192314f6,weighted_mean_logits,1f3034cbd83dc007bebbb86cb19474d4ce302552e2dd4f9a5af623e717861d58,256,7ff045e85bdcdcb19da695baf49045e3320a14d4,774771f37d7ff253d090474398a8c62c845efec21dbd006f76cde7cfc97957b2,849f1b74cefdcc2362df172533df7980cabfd485ce2302f165ed502a7d40f4b8,fmnist,4.6832,30,30,300000,45.0,0.0045,e311558ce6e4e1a1d345e2051c2d5e8ccaecccda,0.001,4.6382,oracle_logit,AdamW,,article1-v3,a25cfd1d4a95d4f7a5edf37eefaaa8cfce5b3a5a5bd3b7fc84fc495052c80a57,56169d4fdedbe0732b5f4cc31ed6d66f01e7e1069f3e908130357af6f5652296,10000,full_original_order,44,56169d4fdedbe0732b5f4cc31ed6d66f01e7e1069f3e908130357af6f5652296,10000,deterministic_evaluation,alpha0p1,926999dfb235a311,none,44,6677c15b3e28eca26ebde0ac12191f286bccba7f3df532a8de035622c3105803,1.2065577507019043,6838075722e64f2bbfba2fd720c2d2975cc93fc1fa1b02f4a7d78d497d5477e4,0.8979,0.4875296553611755,0.9957,1.7897744976924668,0.7996736731380499,1.0,8.0,"{""K"": 10, ""batch_size"": 256, ""epochs"": 30, ""lr"": 0.001, ""optimizer"": ""AdamW"", ""weight_decay"": 0.0001}",1200,0.0001,selected_uniform,/home/roi/PycharmProjects/KD_v5/OUTPUTS/article1_v3/results_baseline.csv,205,,,,,,,,,,True
ce4b9886dc3da23c4ec80937dca96608fe5f8454c6299680143dd031516e5403,mean_probabilities,1f3034cbd83dc007bebbb86cb19474d4ce302552e2dd4f9a5af623e717861d58,256,7ff045e85bdcdcb19da695baf49045e3320a14d4,d4833ed743c2fd17384c1be96b47d29968f87f23895aed4c099af547b4f59361,849f1b74cefdcc2362df172533df7980cabfd485ce2302f165ed502a7d40f4b8,fmnist,9.999999999999998,30,30,300000,0.0,0.0,e311558ce6e4e1a1d345e2051c2d5e8ccaecccda,0.001,10.0,feddf_prob,AdamW,,article1-v3,a25cfd1d4a95d4f7a5edf37eefaaa8cfce5b3a5a5bd3b7fc84fc495052c80a57,56169d4fdedbe0732b5f4cc31ed6d66f01e7e1069f3e908130357af6f5652296,10000,full_original_order,44,56169d4fdedbe0732b5f4cc31ed6d66f01e7e1069f3e908130357af6f5652296,10000,deterministic_evaluation,multi,ec0dd92c67c94986,none,44,8ac3a56eaedbbd0cd4ad71a31f172df740624e07f35dd548d5de44aa362737d6,0.439957857131958,6838075722e64f2bbfba2fd720c2d2975cc93fc1fa1b02f4a7d78d497d5477e4,0.3956,1.9263315893173216,0.4162,1.987301944193313,1.7163621466730372,1.0,8.0,"{""K"": 10, ""batch_size"": 256, ""epochs"": 30, ""lr"": 0.001, ""optimizer"": ""AdamW"", ""weight_decay"": 0.0001}",1200,0.0001,uniform,/home/roi/PycharmProjects/KD_v5/OUTPUTS/article1_v3/results_baseline.csv,206,,,,,,,,,,True
ce4b9886dc3da23c4ec80937dca96608fe5f8454c6299680143dd031516e5403,mean_probabilities,1f3034cbd83dc007bebbb86cb19474d4ce302552e2dd4f9a5af623e717861d58,256,7ff045e85bdcdcb19da695baf49045e3320a14d4,d4833ed743c2fd17384c1be96b47d29968f87f23895aed4c099af547b4f59361,849f1b74cefdcc2362df172533df7980cabfd485ce2302f165ed502a7d40f4b8,fmnist,2.0,30,30,300000,0.0,0.0,e311558ce6e4e1a1d345e2051c2d5e8ccaecccda,0.001,2.0,expert_prob,AdamW,0.0486963399168962,article1-v3,a25cfd1d4a95d4f7a5edf37eefaaa8cfce5b3a5a5bd3b7fc84fc495052c80a57,56169d4fdedbe0732b5f4cc31ed6d66f01e7e1069f3e908130357af6f5652296,10000,full_original_order,44,56169d4fdedbe0732b5f4cc31ed6d66f01e7e1069f3e908130357af6f5652296,10000,deterministic_evaluation,multi,393db1feef47cf9d,none,44,04d1414b42394bd6bb7aa0c83731447914535791e2643aa987d8a46f11964faa,1.481835126876831,6838075722e64f2bbfba2fd720c2d2975cc93fc1fa1b02f4a7d78d497d5477e4,0.9028,1.6088323692321778,0.9939,0.4291062887388214,0.1518579201260208,1.0,8.0,"{""K"": 10, ""batch_size"": 256, ""epochs"": 30, ""lr"": 0.001, ""optimizer"": ""AdamW"", ""weight_decay"": 0.0001}",1200,0.0001,selected_uniform,/home/roi/PycharmProjects/KD_v5/OUTPUTS/article1_v3/results_baseline.csv,207,,,,,,,,,,True
ce4b9886dc3da23c4ec80937dca96608fe5f8454c6299680143dd031516e5403,mean_support_restricted_probabilities,1f3034cbd83dc007bebbb86cb19474d4ce302552e2dd4f9a5af623e717861d58,256,7ff045e85bdcdcb19da695baf49045e3320a14d4,d4833ed743c2fd17384c1be96b47d29968f87f23895aed4c099af547b4f59361,849f1b74cefdcc2362df172533df7980cabfd485ce2302f165ed502a7d40f4b8,fmnist,2.0,30,30,300000,0.0,0.0,e311558ce6e4e1a1d345e2051c2d5e8ccaecccda,0.001,2.0,expert_prob_sr,AdamW,0.0486963399168962,article1-v3,a25cfd1d4a95d4f7a5edf37eefaaa8cfce5b3a5a5bd3b7fc84fc495052c80a57,56169d4fdedbe0732b5f4cc31ed6d66f01e7e1069f3e908130357af6f5652296,10000,full_original_order,44,56169d4fdedbe0732b5f4cc31ed6d66f01e7e1069f3e908130357af6f5652296,10000,deterministic_evaluation,multi,54850265efe0762c,none,44,9ad576a7809b287d9ae379e890d7480647ac1701ab715effede53ebf07ff49d5,1.4381738901138306,6838075722e64f2bbfba2fd720c2d2975cc93fc1fa1b02f4a7d78d497d5477e4,0.9009,2.296750054359436,0.9943,0.2156792533349912,0.0968987996959109,2.0,8.0,"{""K"": 10, ""batch_size"": 256, ""epochs"": 30, ""lr"": 0.001, ""optimizer"": ""AdamW"", ""weight_decay"": 0.0001}",1200,0.0001,selected_uniform,/home/roi/PycharmProjects/KD_v5/OUTPUTS/article1_v3/results_baseline.csv,208,,,,,,,,,,True
ce4b9886dc3da23c4ec80937dca96608fe5f8454c6299680143dd031516e5403,mean_probabilities,1f3034cbd83dc007bebbb86cb19474d4ce302552e2dd4f9a5af623e717861d58,256,7ff045e85bdcdcb19da695baf49045e3320a14d4,d4833ed743c2fd17384c1be96b47d29968f87f23895aed4c099af547b4f59361,849f1b74cefdcc2362df172533df7980cabfd485ce2302f165ed502a7d40f4b8,fmnist,2.0241,30,30,300000,38.0,0.0038,e311558ce6e4e1a1d345e2051c2d5e8ccaecccda,0.001,1.9861,oracle_prob,AdamW,,article1-v3,a25cfd1d4a95d4f7a5edf37eefaaa8cfce5b3a5a5bd3b7fc84fc495052c80a57,56169d4fdedbe0732b5f4cc31ed6d66f01e7e1069f3e908130357af6f5652296,10000,full_original_order,44,56169d4fdedbe0732b5f4cc31ed6d66f01e7e1069f3e908130357af6f5652296,10000,deterministic_evaluation,multi,fa116c17331b2e03,none,44,ec0a1fe6088ad96df763ed871d10baa98bec26929a4e7491993409bb2c6b0ba8,2.227085828781128,6838075722e64f2bbfba2fd720c2d2975cc93fc1fa1b02f4a7d78d497d5477e4,0.8991,1.717380214500427,0.9962,0.4309442166084065,0.158810087922515,1.0,8.0,"{""K"": 10, ""batch_size"": 256, ""epochs"": 30, ""lr"": 0.001, ""optimizer"": ""AdamW"", ""weight_decay"": 0.0001}",1200,0.0001,selected_uniform,/home/roi/PycharmProjects/KD_v5/OUTPUTS/article1_v3/results_baseline.csv,209,,,,,,,,,,True
ce4b9886dc3da23c4ec80937dca96608fe5f8454c6299680143dd031516e5403,weighted_mean_logits,1f3034cbd83dc007bebbb86cb19474d4ce302552e2dd4f9a5af623e717861d58,256,7ff045e85bdcdcb19da695baf49045e3320a14d4,d4833ed743c2fd17384c1be96b47d29968f87f23895aed4c099af547b4f59361,849f1b74cefdcc2362df172533df7980cabfd485ce2302f165ed502a7d40f4b8,fmnist,9.999999999999998,30,30,300000,0.0,0.0,e311558ce6e4e1a1d345e2051c2d5e8ccaecccda,0.001,10.0,feddf_logit,AdamW,,article1-v3,a25cfd1d4a95d4f7a5edf37eefaaa8cfce5b3a5a5bd3b7fc84fc495052c80a57,56169d4fdedbe0732b5f4cc31ed6d66f01e7e1069f3e908130357af6f5652296,10000,full_original_order,44,56169d4fdedbe0732b5f4cc31ed6d66f01e7e1069f3e908130357af6f5652296,10000,deterministic_evaluation,multi,8b5619e1467492ea,none,44,8398c4b35cbebb1221cdc343d6cc9118191cd0d7b953b409918c15f4375a92e6,0.4180374443531036,6838075722e64f2bbfba2fd720c2d2975cc93fc1fa1b02f4a7d78d497d5477e4,0.2,8.613065730285644,0.2006,1.9637304452024733,2.2280514149901816,1.0,8.0,"{""K"": 10, ""batch_size"": 256, ""epochs"": 30, ""lr"": 0.001, ""optimizer"": ""AdamW"", ""weight_decay"": 0.0001}",1200,0.0001,uniform,/home/roi/PycharmProjects/KD_v5/OUTPUTS/article1_v3/results_baseline.csv,210,,,,,,,,,,True
ce4b9886dc3da23c4ec80937dca96608fe5f8454c6299680143dd031516e5403,weighted_mean_logits,1f3034cbd83dc007bebbb86cb19474d4ce302552e2dd4f9a5af623e717861d58,256,7ff045e85bdcdcb19da695baf49045e3320a14d4,d4833ed743c2fd17384c1be96b47d29968f87f23895aed4c099af547b4f59361,849f1b74cefdcc2362df172533df7980cabfd485ce2302f165ed502a7d40f4b8,fmnist,2.0241,30,30,300000,38.0,0.0038,e311558ce6e4e1a1d345e2051c2d5e8ccaecccda,0.001,1.9861,oracle_logit,AdamW,,article1-v3,a25cfd1d4a95d4f7a5edf37eefaaa8cfce5b3a5a5bd3b7fc84fc495052c80a57,56169d4fdedbe0732b5f4cc31ed6d66f01e7e1069f3e908130357af6f5652296,10000,full_original_order,44,56169d4fdedbe0732b5f4cc31ed6d66f01e7e1069f3e908130357af6f5652296,10000,deterministic_evaluation,multi,eeb7d4198c4a1924,none,44,19d94495dc31834708fc06135e22e4520932164c205f8f8c22a1ec62a65b399e,2.0056231021881104,6838075722e64f2bbfba2fd720c2d2975cc93fc1fa1b02f4a7d78d497d5477e4,0.8912,1.8104853691101075,0.9962,0.3874781131543555,0.1448547734032402,1.0,8.0,"{""K"": 10, ""batch_size"": 256, ""epochs"": 30, ""lr"": 0.001, ""optimizer"": ""AdamW"", ""weight_decay"": 0.0001}",1200,0.0001,selected_uniform,/home/roi/PycharmProjects/KD_v5/OUTPUTS/article1_v3/results_baseline.csv,211,,,,,,,,,,True
e6f1e0016bd69e5208d7779bafd908447f0ffbf5bd505201465dc3d9494ee864,mean_probabilities,1f3034cbd83dc007bebbb86cb19474d4ce302552e2dd4f9a5af623e717861d58,256,7ff045e85bdcdcb19da695baf49045e3320a14d4,a0d714f7bc71ad4493f0e5464bb6a5f65205d7082adf9c71bfb90ec754807d5e,849f1b74cefdcc2362df172533df7980cabfd485ce2302f165ed502a7d40f4b8,fmnist,9.999999999999998,30,30,300000,0.0,0.0,e311558ce6e4e1a1d345e2051c2d5e8ccaecccda,0.001,10.0,feddf_prob,AdamW,,article1-v3,a25cfd1d4a95d4f7a5edf37eefaaa8cfce5b3a5a5bd3b7fc84fc495052c80a57,56169d4fdedbe0732b5f4cc31ed6d66f01e7e1069f3e908130357af6f5652296,10000,full_original_order,44,56169d4fdedbe0732b5f4cc31ed6d66f01e7e1069f3e908130357af6f5652296,10000,deterministic_evaluation,single,cd05b1f48ae157c4,none,44,6b34f741dc874c12d332163fc0058648a27428de8767fc2888a36cf20fcd7b4a,-1.1920928955078125e-07,6838075722e64f2bbfba2fd720c2d2975cc93fc1fa1b02f4a7d78d497d5477e4,0.1,2.302585038757324,0.1193,2.302585092656829,2.302583151356476,1.0,8.0,"{""K"": 10, ""batch_size"": 256, ""epochs"": 30, ""lr"": 0.001, ""optimizer"": ""AdamW"", ""weight_decay"": 0.0001}",1200,0.0001,uniform,/home/roi/PycharmProjects/KD_v5/OUTPUTS/article1_v3/results_baseline.csv,212,,,,,,,,,,True
e6f1e0016bd69e5208d7779bafd908447f0ffbf5bd505201465dc3d9494ee864,mean_probabilities,1f3034cbd83dc007bebbb86cb19474d4ce302552e2dd4f9a5af623e717861d58,256,7ff045e85bdcdcb19da695baf49045e3320a14d4,a0d714f7bc71ad4493f0e5464bb6a5f65205d7082adf9c71bfb90ec754807d5e,849f1b74cefdcc2362df172533df7980cabfd485ce2302f165ed502a7d40f4b8,fmnist,1.0,30,30,300000,0.0,0.0,e311558ce6e4e1a1d345e2051c2d5e8ccaecccda,0.001,1.0,expert_prob,AdamW,3.87235840681367e-06,article1-v3,a25cfd1d4a95d4f7a5edf37eefaaa8cfce5b3a5a5bd3b7fc84fc495052c80a57,56169d4fdedbe0732b5f4cc31ed6d66f01e7e1069f3e908130357af6f5652296,10000,full_original_order,44,56169d4fdedbe0732b5f4cc31ed6d66f01e7e1069f3e908130357af6f5652296,10000,deterministic_evaluation,single,ab8e9ca45adc2256,none,44,fc0b5aeb74b9629e3dd1611a306b7d3dd12501eb9954b82c082c18ae3cdf5ee3,0.1593122780323028,6838075722e64f2bbfba2fd720c2d2975cc93fc1fa1b02f4a7d78d497d5477e4,0.9057,2.6762206501960755,1.0,4.910081560201257e-05,3.872599766735031e-06,1.0,8.0,"{""K"": 10, ""batch_size"": 256, ""epochs"": 30, ""lr"": 0.001, ""optimizer"": ""AdamW"", ""weight_decay"": 0.0001}",1200,0.0001,selected_uniform,/home/roi/PycharmProjects/KD_v5/OUTPUTS/article1_v3/results_baseline.csv,213,,,,,,,,,,True
e6f1e0016bd69e5208d7779bafd908447f0ffbf5bd505201465dc3d9494ee864,mean_support_restricted_probabilities,1f3034cbd83dc007bebbb86cb19474d4ce302552e2dd4f9a5af623e717861d58,256,7ff045e85bdcdcb19da695baf49045e3320a14d4,a0d714f7bc71ad4493f0e5464bb6a5f65205d7082adf9c71bfb90ec754807d5e,849f1b74cefdcc2362df172533df7980cabfd485ce2302f165ed502a7d40f4b8,fmnist,1.0,30,30,300000,0.0,0.0,e311558ce6e4e1a1d345e2051c2d5e8ccaecccda,0.001,1.0,expert_prob_sr,AdamW,3.87235840681367e-06,article1-v3,a25cfd1d4a95d4f7a5edf37eefaaa8cfce5b3a5a5bd3b7fc84fc495052c80a57,56169d4fdedbe0732b5f4cc31ed6d66f01e7e1069f3e908130357af6f5652296,10000,full_original_order,44,56169d4fdedbe0732b5f4cc31ed6d66f01e7e1069f3e908130357af6f5652296,10000,deterministic_evaluation,single,45d2e0d5b1a6931a,none,44,d268d9c54ac5a97e046863a49795592421456376659a48178fe5e7ba50cf4d4b,0.2102586328983307,6838075722e64f2bbfba2fd720c2d2975cc93fc1fa1b02f4a7d78d497d5477e4,0.9041,2.4949923821397126,1.0,-0.0,-0.0,2.0,8.0,"{""K"": 10, ""batch_size"": 256, ""epochs"": 30, ""lr"": 0.001, ""optimizer"": ""AdamW"", ""weight_decay"": 0.0001}",1200,0.0001,selected_uniform,/home/roi/PycharmProjects/KD_v5/OUTPUTS/article1_v3/results_baseline.csv,214,,,,,,,,,,True
e6f1e0016bd69e5208d7779bafd908447f0ffbf5bd505201465dc3d9494ee864,mean_probabilities,1f3034cbd83dc007bebbb86cb19474d4ce302552e2dd4f9a5af623e717861d58,256,7ff045e85bdcdcb19da695baf49045e3320a14d4,a0d714f7bc71ad4493f0e5464bb6a5f65205d7082adf9c71bfb90ec754807d5e,849f1b74cefdcc2362df172533df7980cabfd485ce2302f165ed502a7d40f4b8,fmnist,1.0,30,30,300000,0.0,0.0,e311558ce6e4e1a1d345e2051c2d5e8ccaecccda,0.001,1.0,oracle_prob,AdamW,,article1-v3,a25cfd1d4a95d4f7a5edf37eefaaa8cfce5b3a5a5bd3b7fc84fc495052c80a57,56169d4fdedbe0732b5f4cc31ed6d66f01e7e1069f3e908130357af6f5652296,10000,full_original_order,44,56169d4fdedbe0732b5f4cc31ed6d66f01e7e1069f3e908130357af6f5652296,10000,deterministic_evaluation,single,40700dc4636bdaee,none,44,fc0b5aeb74b9629e3dd1611a306b7d3dd12501eb9954b82c082c18ae3cdf5ee3,0.1593122780323028,6838075722e64f2bbfba2fd720c2d2975cc93fc1fa1b02f4a7d78d497d5477e4,0.9057,2.6762206501960755,1.0,4.910081560201257e-05,3.872599766735031e-06,1.0,8.0,"{""K"": 10, ""batch_size"": 256, ""epochs"": 30, ""lr"": 0.001, ""optimizer"": ""AdamW"", ""weight_decay"": 0.0001}",1200,0.0001,selected_uniform,/home/roi/PycharmProjects/KD_v5/OUTPUTS/article1_v3/results_baseline.csv,215,,,,,,,,,,True
e6f1e0016bd69e5208d7779bafd908447f0ffbf5bd505201465dc3d9494ee864,weighted_mean_logits,1f3034cbd83dc007bebbb86cb19474d4ce302552e2dd4f9a5af623e717861d58,256,7ff045e85bdcdcb19da695baf49045e3320a14d4,a0d714f7bc71ad4493f0e5464bb6a5f65205d7082adf9c71bfb90ec754807d5e,849f1b74cefdcc2362df172533df7980cabfd485ce2302f165ed502a7d40f4b8,fmnist,9.999999999999998,30,30,300000,0.0,0.0,e311558ce6e4e1a1d345e2051c2d5e8ccaecccda,0.001,10.0,feddf_logit,AdamW,,article1-v3,a25cfd1d4a95d4f7a5edf37eefaaa8cfce5b3a5a5bd3b7fc84fc495052c80a57,56169d4fdedbe0732b5f4cc31ed6d66f01e7e1069f3e908130357af6f5652296,10000,full_original_order,44,56169d4fdedbe0732b5f4cc31ed6d66f01e7e1069f3e908130357af6f5652296,10000,deterministic_evaluation,single,084dd4c334767c68,none,44,dea1a3d94227f80d25e19cec17d70f16e7a7b21881a259db5fa5d2696bcd81ec,0.1564753949642181,6838075722e64f2bbfba2fd720c2d2975cc93fc1fa1b02f4a7d78d497d5477e4,0.0964,7.572461312866211,0.0978,2.1855847471412124,2.504474913963897,1.0,8.0,"{""K"": 10, ""batch_size"": 256, ""epochs"": 30, ""lr"": 0.001, ""optimizer"": ""AdamW"", ""weight_decay"": 0.0001}",1200,0.0001,uniform,/home/roi/PycharmProjects/KD_v5/OUTPUTS/article1_v3/results_baseline.csv,216,,,,,,,,,,True
e6f1e0016bd69e5208d7779bafd908447f0ffbf5bd505201465dc3d9494ee864,weighted_mean_logits,1f3034cbd83dc007bebbb86cb19474d4ce302552e2dd4f9a5af623e717861d58,256,7ff045e85bdcdcb19da695baf49045e3320a14d4,a0d714f7bc71ad4493f0e5464bb6a5f65205d7082adf9c71bfb90ec754807d5e,849f1b74cefdcc2362df172533df7980cabfd485ce2302f165ed502a7d40f4b8,fmnist,1.0,30,30,300000,0.0,0.0,e311558ce6e4e1a1d345e2051c2d5e8ccaecccda,0.001,1.0,oracle_logit,AdamW,,article1-v3,a25cfd1d4a95d4f7a5edf37eefaaa8cfce5b3a5a5bd3b7fc84fc495052c80a57,56169d4fdedbe0732b5f4cc31ed6d66f01e7e1069f3e908130357af6f5652296,10000,full_original_order,44,56169d4fdedbe0732b5f4cc31ed6d66f01e7e1069f3e908130357af6f5652296,10000,deterministic_evaluation,single,631932254a7a791e,none,44,fc0b5aeb74b9629e3dd1611a306b7d3dd12501eb9954b82c082c18ae3cdf5ee3,0.1593122780323028,6838075722e64f2bbfba2fd720c2d2975cc93fc1fa1b02f4a7d78d497d5477e4,0.9057,2.6762206501960755,1.0,4.910081560201257e-05,3.872599766735031e-06,1.0,8.0,"{""K"": 10, ""batch_size"": 256, ""epochs"": 30, ""lr"": 0.001, ""optimizer"": ""AdamW"", ""weight_decay"": 0.0001}",1200,0.0001,selected_uniform,/home/roi/PycharmProjects/KD_v5/OUTPUTS/article1_v3/results_baseline.csv,217,,,,,,,,,,True
a549aff87e6ef58b5926807f91025e7e405b52c4fe466412a04e29956c72609c,mean_probabilities,2a836581bb03cec96f509a87a0a27efbc0afc37c6522a54562e03a18504b0346,256,7ff045e85bdcdcb19da695baf49045e3320a14d4,d2636da84362f05b2a0ab8ebb5039b941c6b9310b42eddd0e6007451ba624b46,7d19cf95b4de564f3b35de7f267e55fb595e5b2a9d5e5d7408d2b7653541ba98,cifar,9.999999999999998,30,30,300000,0.0,0.0,e311558ce6e4e1a1d345e2051c2d5e8ccaecccda,0.001,10.0,feddf_prob,AdamW,,article1-v3,117be76002e0123f5252e2b78c50cbfb9fcbe971247b5af9c3e1b9dfba92df89,66af2fbb33f1e089245500600db030610ac3b47e91dba7cbb7dbf193a5c1ef13,10000,full_original_order,42,66af2fbb33f1e089245500600db030610ac3b47e91dba7cbb7dbf193a5c1ef13,10000,deterministic_evaluation,iid,a00f0c26cb8bbcde,none,42,6e1f642602a6c3b8d565a6101bcc91a0910e35ccf1a7ed5795695e08c60efd67,0.2703052163124084,185356aa1824f8622c4cedfce3d940f5365857f2d6541013f0f2d87bf8820d24,0.7522,0.7609709712982178,0.7964,2.162036171763306,1.5508668901104945,1.0,8.0,"{""K"": 10, ""batch_size"": 256, ""epochs"": 30, ""lr"": 0.001, ""optimizer"": ""AdamW"", ""weight_decay"": 0.0001}",1200,0.0001,uniform,/home/roi/PycharmProjects/KD_v5/OUTPUTS/article1_v3/results_baseline.csv,218,,,,,,,,,,True
a549aff87e6ef58b5926807f91025e7e405b52c4fe466412a04e29956c72609c,mean_probabilities,2a836581bb03cec96f509a87a0a27efbc0afc37c6522a54562e03a18504b0346,256,7ff045e85bdcdcb19da695baf49045e3320a14d4,d2636da84362f05b2a0ab8ebb5039b941c6b9310b42eddd0e6007451ba624b46,7d19cf95b4de564f3b35de7f267e55fb595e5b2a9d5e5d7408d2b7653541ba98,cifar,6.5,30,30,300000,1000.0,0.1,e311558ce6e4e1a1d345e2051c2d5e8ccaecccda,0.001,5.5,expert_prob,AdamW,0.346011268219641,article1-v3,117be76002e0123f5252e2b78c50cbfb9fcbe971247b5af9c3e1b9dfba92df89,66af2fbb33f1e089245500600db030610ac3b47e91dba7cbb7dbf193a5c1ef13,10000,full_original_order,42,66af2fbb33f1e089245500600db030610ac3b47e91dba7cbb7dbf193a5c1ef13,10000,deterministic_evaluation,iid,b25818fe5626557a,none,42,b1e08d85d47a61c03c58d4a121491872790fa303b37b35ffeb9371a5f0a8a7e1,0.2797413468360901,185356aa1824f8622c4cedfce3d940f5365857f2d6541013f0f2d87bf8820d24,0.7475,0.8006440430164338,0.7923,2.14505773788061,1.5140357059241016,1.0,8.0,"{""K"": 10, ""batch_size"": 256, ""epochs"": 30, ""lr"": 0.001, ""optimizer"": ""AdamW"", ""weight_decay"": 0.0001}",1200,0.0001,selected_uniform,/home/roi/PycharmProjects/KD_v5/OUTPUTS/article1_v3/results_baseline.csv,219,,,,,,,,,,True
a549aff87e6ef58b5926807f91025e7e405b52c4fe466412a04e29956c72609c,mean_support_restricted_probabilities,2a836581bb03cec96f509a87a0a27efbc0afc37c6522a54562e03a18504b0346,256,7ff045e85bdcdcb19da695baf49045e3320a14d4,d2636da84362f05b2a0ab8ebb5039b941c6b9310b42eddd0e6007451ba624b46,7d19cf95b4de564f3b35de7f267e55fb595e5b2a9d5e5d7408d2b7653541ba98,cifar,6.5,30,30,300000,1000.0,0.1,e311558ce6e4e1a1d345e2051c2d5e8ccaecccda,0.001,5.5,expert_prob_sr,AdamW,0.346011268219641,article1-v3,117be76002e0123f5252e2b78c50cbfb9fcbe971247b5af9c3e1b9dfba92df89,66af2fbb33f1e089245500600db030610ac3b47e91dba7cbb7dbf193a5c1ef13,10000,full_original_order,42,66af2fbb33f1e089245500600db030610ac3b47e91dba7cbb7dbf193a5c1ef13,10000,deterministic_evaluation,iid,aadc4f910a8966d5,none,42,d9a5b39868b8709edddb55bcb2a89ddae1efd0b0627da2f2c5ef4a7dfe019308,1.0798231363296509,185356aa1824f8622c4cedfce3d940f5365857f2d6541013f0f2d87bf8820d24,0.6692,4.334282697296143,0.8626,1.7453132497509778,1.104086775619892,2.0,8.0,"{""K"": 10, ""batch_size"": 256, ""epochs"": 30, ""lr"": 0.001, ""optimizer"": ""AdamW"", ""weight_decay"": 0.0001}",1200,0.0001,selected_uniform,/home/roi/PycharmProjects/KD_v5/OUTPUTS/article1_v3/results_baseline.csv,220,,,,,,,,,,True
a549aff87e6ef58b5926807f91025e7e405b52c4fe466412a04e29956c72609c,mean_probabilities,2a836581bb03cec96f509a87a0a27efbc0afc37c6522a54562e03a18504b0346,256,7ff045e85bdcdcb19da695baf49045e3320a14d4,d2636da84362f05b2a0ab8ebb5039b941c6b9310b42eddd0e6007451ba624b46,7d19cf95b4de564f3b35de7f267e55fb595e5b2a9d5e5d7408d2b7653541ba98,cifar,7.4146,30,30,300000,470.0,0.047,e311558ce6e4e1a1d345e2051c2d5e8ccaecccda,0.001,6.9446,oracle_prob,AdamW,,article1-v3,117be76002e0123f5252e2b78c50cbfb9fcbe971247b5af9c3e1b9dfba92df89,66af2fbb33f1e089245500600db030610ac3b47e91dba7cbb7dbf193a5c1ef13,10000,full_original_order,42,66af2fbb33f1e089245500600db030610ac3b47e91dba7cbb7dbf193a5c1ef13,10000,deterministic_evaluation,iid,c5960233e7e78787,none,42,2b2af151c65f8a2b16e2df01e4e1942622fad307f1b3f65df3f567d04a742a05,0.3355502188205719,185356aa1824f8622c4cedfce3d940f5365857f2d6541013f0f2d87bf8820d24,0.762,0.7252334352016448,0.953,2.1536808567381662,1.4714634789580352,1.0,8.0,"{""K"": 10, ""batch_size"": 256, ""epochs"": 30, ""lr"": 0.001, ""optimizer"": ""AdamW"", ""weight_decay"": 0.0001}",1200,0.0001,selected_uniform,/home/roi/PycharmProjects/KD_v5/OUTPUTS/article1_v3/results_baseline.csv,221,,,,,,,,,,True
a549aff87e6ef58b5926807f91025e7e405b52c4fe466412a04e29956c72609c,weighted_mean_logits,2a836581bb03cec96f509a87a0a27efbc0afc37c6522a54562e03a18504b0346,256,7ff045e85bdcdcb19da695baf49045e3320a14d4,d2636da84362f05b2a0ab8ebb5039b941c6b9310b42eddd0e6007451ba624b46,7d19cf95b4de564f3b35de7f267e55fb595e5b2a9d5e5d7408d2b7653541ba98,cifar,9.999999999999998,30,30,300000,0.0,0.0,e311558ce6e4e1a1d345e2051c2d5e8ccaecccda,0.001,10.0,feddf_logit,AdamW,,article1-v3,117be76002e0123f5252e2b78c50cbfb9fcbe971247b5af9c3e1b9dfba92df89,66af2fbb33f1e089245500600db030610ac3b47e91dba7cbb7dbf193a5c1ef13,10000,full_original_order,42,66af2fbb33f1e089245500600db030610ac3b47e91dba7cbb7dbf193a5c1ef13,10000,deterministic_evaluation,iid,b0a9335fd8631103,none,42,edbcc8d87448b6ce0d7417446fed201a078cd683b5819100078b324d2a06c86d,0.2631261348724365,185356aa1824f8622c4cedfce3d940f5365857f2d6541013f0f2d87bf8820d24,0.7503,0.7584363522052765,0.7953,2.159372890827451,1.5488693710734205,1.0,8.0,"{""K"": 10, ""batch_size"": 256, ""epochs"": 30, ""lr"": 0.001, ""optimizer"": ""AdamW"", ""weight_decay"": 0.0001}",1200,0.0001,uniform,/home/roi/PycharmProjects/KD_v5/OUTPUTS/article1_v3/results_baseline.csv,222,,,,,,,,,,True
a549aff87e6ef58b5926807f91025e7e405b52c4fe466412a04e29956c72609c,weighted_mean_logits,2a836581bb03cec96f509a87a0a27efbc0afc37c6522a54562e03a18504b0346,256,7ff045e85bdcdcb19da695baf49045e3320a14d4,d2636da84362f05b2a0ab8ebb5039b941c6b9310b42eddd0e6007451ba624b46,7d19cf95b4de564f3b35de7f267e55fb595e5b2a9d5e5d7408d2b7653541ba98,cifar,7.4146,30,30,300000,470.0,0.047,e311558ce6e4e1a1d345e2051c2d5e8ccaecccda,0.001,6.9446,oracle_logit,AdamW,,article1-v3,117be76002e0123f5252e2b78c50cbfb9fcbe971247b5af9c3e1b9dfba92df89,66af2fbb33f1e089245500600db030610ac3b47e91dba7cbb7dbf193a5c1ef13,10000,full_original_order,42,66af2fbb33f1e089245500600db030610ac3b47e91dba7cbb7dbf193a5c1ef13,10000,deterministic_evaluation,iid,fda178d0340937a9,none,42,5465ca639349de5ed949095791882de760c68a95049ec2183edfa33003c374c1,0.3441672027111053,185356aa1824f8622c4cedfce3d940f5365857f2d6541013f0f2d87bf8820d24,0.7716,0.689916472864151,0.953,2.150367559626355,1.466790159394075,1.0,8.0,"{""K"": 10, ""batch_size"": 256, ""epochs"": 30, ""lr"": 0.001, ""optimizer"": ""AdamW"", ""weight_decay"": 0.0001}",1200,0.0001,selected_uniform,/home/roi/PycharmProjects/KD_v5/OUTPUTS/article1_v3/results_baseline.csv,223,,,,,,,,,,True
307c12102e5bfafaa4901428358ed03a348f46cc8bb17d41a8b8916ca9f0f084,mean_probabilities,2a836581bb03cec96f509a87a0a27efbc0afc37c6522a54562e03a18504b0346,256,7ff045e85bdcdcb19da695baf49045e3320a14d4,2fced72dc2506882a06adaefd23cf09c1932e340f877eea2188cd1df360bfb89,7d19cf95b4de564f3b35de7f267e55fb595e5b2a9d5e5d7408d2b7653541ba98,cifar,9.999999999999998,30,30,300000,0.0,0.0,e311558ce6e4e1a1d345e2051c2d5e8ccaecccda,0.001,10.0,feddf_prob,AdamW,,article1-v3,117be76002e0123f5252e2b78c50cbfb9fcbe971247b5af9c3e1b9dfba92df89,66af2fbb33f1e089245500600db030610ac3b47e91dba7cbb7dbf193a5c1ef13,10000,full_original_order,42,66af2fbb33f1e089245500600db030610ac3b47e91dba7cbb7dbf193a5c1ef13,10000,deterministic_evaluation,alpha1p0,2857c6e300930494,none,42,93db85463fc1d01bac6b1ba88c1acc442f3e25c7988922db7dd9dc7ad97e3566,0.2451469898223877,185356aa1824f8622c4cedfce3d940f5365857f2d6541013f0f2d87bf8820d24,0.7559,0.7122387742519378,0.7935,2.171959650650655,1.571173702944407,1.0,8.0,"{""K"": 10, ""batch_size"": 256, ""epochs"": 30, ""lr"": 0.001, ""optimizer"": ""AdamW"", ""weight_decay"": 0.0001}",1200,0.0001,uniform,/home/roi/PycharmProjects/KD_v5/OUTPUTS/article1_v3/results_baseline.csv,224,,,,,,,,,,True
307c12102e5bfafaa4901428358ed03a348f46cc8bb17d41a8b8916ca9f0f084,mean_probabilities,2a836581bb03cec96f509a87a0a27efbc0afc37c6522a54562e03a18504b0346,256,7ff045e85bdcdcb19da695baf49045e3320a14d4,2fced72dc2506882a06adaefd23cf09c1932e340f877eea2188cd1df360bfb89,7d19cf95b4de564f3b35de7f267e55fb595e5b2a9d5e5d7408d2b7653541ba98,cifar,4.1,30,30,300000,0.0,0.0,e311558ce6e4e1a1d345e2051c2d5e8ccaecccda,0.001,4.1,expert_prob,AdamW,0.4062777878094895,article1-v3,117be76002e0123f5252e2b78c50cbfb9fcbe971247b5af9c3e1b9dfba92df89,66af2fbb33f1e089245500600db030610ac3b47e91dba7cbb7dbf193a5c1ef13,10000,full_original_order,42,66af2fbb33f1e089245500600db030610ac3b47e91dba7cbb7dbf193a5c1ef13,10000,deterministic_evaluation,alpha1p0,647850f543c3374a,none,42,d60ad41bdeaa64162cd242d377660abe057306daedd681caa4697eec61c542a8,0.7226990461349487,185356aa1824f8622c4cedfce3d940f5365857f2d6541013f0f2d87bf8820d24,0.771,0.7500233968734741,0.9052,2.0940857089282034,1.3401403479531933,1.0,8.0,"{""K"": 10, ""batch_size"": 256, ""epochs"": 30, ""lr"": 0.001, ""optimizer"": ""AdamW"", ""weight_decay"": 0.0001}",1200,0.0001,selected_uniform,/home/roi/PycharmProjects/KD_v5/OUTPUTS/article1_v3/results_baseline.csv,225,,,,,,,,,,True
307c12102e5bfafaa4901428358ed03a348f46cc8bb17d41a8b8916ca9f0f084,mean_support_restricted_probabilities,2a836581bb03cec96f509a87a0a27efbc0afc37c6522a54562e03a18504b0346,256,7ff045e85bdcdcb19da695baf49045e3320a14d4,2fced72dc2506882a06adaefd23cf09c1932e340f877eea2188cd1df360bfb89,7d19cf95b4de564f3b35de7f267e55fb595e5b2a9d5e5d7408d2b7653541ba98,cifar,4.1,30,30,300000,0.0,0.0,e311558ce6e4e1a1d345e2051c2d5e8ccaecccda,0.001,4.1,expert_prob_sr,AdamW,0.4062777878094895,article1-v3,117be76002e0123f5252e2b78c50cbfb9fcbe971247b5af9c3e1b9dfba92df89,66af2fbb33f1e089245500600db030610ac3b47e91dba7cbb7dbf193a5c1ef13,10000,full_original_order,42,66af2fbb33f1e089245500600db030610ac3b47e91dba7cbb7dbf193a5c1ef13,10000,deterministic_evaluation,alpha1p0,901f3616ed554925,none,42,043044cf140491bad11ea6e77ab54bcacfd133691dadc55938dbf12fadfefbff,2.0929386615753174,185356aa1824f8622c4cedfce3d940f5365857f2d6541013f0f2d87bf8820d24,0.7446,2.081092249298096,0.9883,1.6731147278828349,0.7793729925185585,2.0,8.0,"{""K"": 10, ""batch_size"": 256, ""epochs"": 30, ""lr"": 0.001, ""optimizer"": ""AdamW"", ""weight_decay"": 0.0001}",1200,0.0001,selected_uniform,/home/roi/PycharmProjects/KD_v5/OUTPUTS/article1_v3/results_baseline.csv,226,,,,,,,,,,True
307c12102e5bfafaa4901428358ed03a348f46cc8bb17d41a8b8916ca9f0f084,mean_probabilities,2a836581bb03cec96f509a87a0a27efbc0afc37c6522a54562e03a18504b0346,256,7ff045e85bdcdcb19da695baf49045e3320a14d4,2fced72dc2506882a06adaefd23cf09c1932e340f877eea2188cd1df360bfb89,7d19cf95b4de564f3b35de7f267e55fb595e5b2a9d5e5d7408d2b7653541ba98,cifar,6.1384,30,30,300000,300.0,0.03,e311558ce6e4e1a1d345e2051c2d5e8ccaecccda,0.001,5.8384,oracle_prob,AdamW,,article1-v3,117be76002e0123f5252e2b78c50cbfb9fcbe971247b5af9c3e1b9dfba92df89,66af2fbb33f1e089245500600db030610ac3b47e91dba7cbb7dbf193a5c1ef13,10000,full_original_order,42,66af2fbb33f1e089245500600db030610ac3b47e91dba7cbb7dbf193a5c1ef13,10000,deterministic_evaluation,alpha1p0,bd0b8b1cafbe0b59,none,42,8e1e1d3c746a822d7b43cf82d8f43b938de94f277b17fa89e094ac0feca7891b,0.461958646774292,185356aa1824f8622c4cedfce3d940f5365857f2d6541013f0f2d87bf8820d24,0.7738,0.6953941226005554,0.97,2.127372079033881,1.3739057978443223,1.0,8.0,"{""K"": 10, ""batch_size"": 256, ""epochs"": 30, ""lr"": 0.001, ""optimizer"": ""AdamW"", ""weight_decay"": 0.0001}",1200,0.0001,selected_uniform,/home/roi/PycharmProjects/KD_v5/OUTPUTS/article1_v3/results_baseline.csv,227,,,,,,,,,,True
307c12102e5bfafaa4901428358ed03a348f46cc8bb17d41a8b8916ca9f0f084,weighted_mean_logits,2a836581bb03cec96f509a87a0a27efbc0afc37c6522a54562e03a18504b0346,256,7ff045e85bdcdcb19da695baf49045e3320a14d4,2fced72dc2506882a06adaefd23cf09c1932e340f877eea2188cd1df360bfb89,7d19cf95b4de564f3b35de7f267e55fb595e5b2a9d5e5d7408d2b7653541ba98,cifar,9.999999999999998,30,30,300000,0.0,0.0,e311558ce6e4e1a1d345e2051c2d5e8ccaecccda,0.001,10.0,feddf_logit,AdamW,,article1-v3,117be76002e0123f5252e2b78c50cbfb9fcbe971247b5af9c3e1b9dfba92df89,66af2fbb33f1e089245500600db030610ac3b47e91dba7cbb7dbf193a5c1ef13,10000,full_original_order,42,66af2fbb33f1e089245500600db030610ac3b47e91dba7cbb7dbf193a5c1ef13,10000,deterministic_evaluation,alpha1p0,6630d293af8401fd,none,42,70ce086226a4922c2f1cf31f5699054125f90c8b99365b134a66e0a7186fff30,0.2460450232028961,185356aa1824f8622c4cedfce3d940f5365857f2d6541013f0f2d87bf8820d24,0.7383,0.7546076863765716,0.7665,2.175681106875566,1.5974883834991511,1.0,8.0,"{""K"": 10, ""batch_size"": 256, ""epochs"": 30, ""lr"": 0.001, ""optimizer"": ""AdamW"", ""weight_decay"": 0.0001}",1200,0.0001,uniform,/home/roi/PycharmProjects/KD_v5/OUTPUTS/article1_v3/results_baseline.csv,228,,,,,,,,,,True
307c12102e5bfafaa4901428358ed03a348f46cc8bb17d41a8b8916ca9f0f084,weighted_mean_logits,2a836581bb03cec96f509a87a0a27efbc0afc37c6522a54562e03a18504b0346,256,7ff045e85bdcdcb19da695baf49045e3320a14d4,2fced72dc2506882a06adaefd23cf09c1932e340f877eea2188cd1df360bfb89,7d19cf95b4de564f3b35de7f267e55fb595e5b2a9d5e5d7408d2b7653541ba98,cifar,6.1384,30,30,300000,300.0,0.03,e311558ce6e4e1a1d345e2051c2d5e8ccaecccda,0.001,5.8384,oracle_logit,AdamW,,article1-v3,117be76002e0123f5252e2b78c50cbfb9fcbe971247b5af9c3e1b9dfba92df89,66af2fbb33f1e089245500600db030610ac3b47e91dba7cbb7dbf193a5c1ef13,10000,full_original_order,42,66af2fbb33f1e089245500600db030610ac3b47e91dba7cbb7dbf193a5c1ef13,10000,deterministic_evaluation,alpha1p0,74970e4ab28b3d1a,none,42,92f03543084d0be93d202787ad0b8155cb28f10704f90f06925b17d8fafdb341,0.4414014220237732,185356aa1824f8622c4cedfce3d940f5365857f2d6541013f0f2d87bf8820d24,0.7709,0.7054270444393158,0.97,2.120926361823202,1.3646442979403048,1.0,8.0,"{""K"": 10, ""batch_size"": 256, ""epochs"": 30, ""lr"": 0.001, ""optimizer"": ""AdamW"", ""weight_decay"": 0.0001}",1200,0.0001,selected_uniform,/home/roi/PycharmProjects/KD_v5/OUTPUTS/article1_v3/results_baseline.csv,229,,,,,,,,,,True
22761dd5334f162c8815801a3cf0f9fa93a691bd808e949c32b45509b9351ae9,mean_probabilities,2a836581bb03cec96f509a87a0a27efbc0afc37c6522a54562e03a18504b0346,256,7ff045e85bdcdcb19da695baf49045e3320a14d4,49787a4c00aa71a0b9d980bbbcb54e215aa71ff8388ef7d3c0f859811473975a,7d19cf95b4de564f3b35de7f267e55fb595e5b2a9d5e5d7408d2b7653541ba98,cifar,9.999999999999998,30,30,300000,0.0,0.0,e311558ce6e4e1a1d345e2051c2d5e8ccaecccda,0.001,10.0,feddf_prob,AdamW,,article1-v3,117be76002e0123f5252e2b78c50cbfb9fcbe971247b5af9c3e1b9dfba92df89,66af2fbb33f1e089245500600db030610ac3b47e91dba7cbb7dbf193a5c1ef13,10000,full_original_order,42,66af2fbb33f1e089245500600db030610ac3b47e91dba7cbb7dbf193a5c1ef13,10000,deterministic_evaluation,alpha0p5,e8ebfd1b97838513,none,42,e2de95e56b6dbb3cfe95734b5316482a992959141bd969e8c224c0efd2bf13d3,0.1195740699768066,185356aa1824f8622c4cedfce3d940f5365857f2d6541013f0f2d87bf8820d24,0.6758,0.9005568826675415,0.708,2.2345380273410296,1.7930206170764436,1.0,8.0,"{""K"": 10, ""batch_size"": 256, ""epochs"": 30, ""lr"": 0.001, ""optimizer"": ""AdamW"", ""weight_decay"": 0.0001}",1200,0.0001,uniform,/home/roi/PycharmProjects/KD_v5/OUTPUTS/article1_v3/results_baseline.csv,230,,,,,,,,,,True
22761dd5334f162c8815801a3cf0f9fa93a691bd808e949c32b45509b9351ae9,mean_probabilities,2a836581bb03cec96f509a87a0a27efbc0afc37c6522a54562e03a18504b0346,256,7ff045e85bdcdcb19da695baf49045e3320a14d4,49787a4c00aa71a0b9d980bbbcb54e215aa71ff8388ef7d3c0f859811473975a,7d19cf95b4de564f3b35de7f267e55fb595e5b2a9d5e5d7408d2b7653541ba98,cifar,4.0,30,30,300000,0.0,0.0,e311558ce6e4e1a1d345e2051c2d5e8ccaecccda,0.001,4.0,expert_prob,AdamW,0.433931584242359,article1-v3,117be76002e0123f5252e2b78c50cbfb9fcbe971247b5af9c3e1b9dfba92df89,66af2fbb33f1e089245500600db030610ac3b47e91dba7cbb7dbf193a5c1ef13,10000,full_original_order,42,66af2fbb33f1e089245500600db030610ac3b47e91dba7cbb7dbf193a5c1ef13,10000,deterministic_evaluation,alpha0p5,1a5ec00c049ea18a,none,42,7cb4a42b4843a3bdd5322bb9d7254e0fd4b0b6a91581c4482d6220b2468cfe01,0.260499358177185,185356aa1824f8622c4cedfce3d940f5365857f2d6541013f0f2d87bf8820d24,0.7499,0.785844102859497,0.9293,2.1757462467084903,1.489613779940019,1.0,8.0,"{""K"": 10, ""batch_size"": 256, ""epochs"": 30, ""lr"": 0.001, ""optimizer"": ""AdamW"", ""weight_decay"": 0.0001}",1200,0.0001,selected_uniform,/home/roi/PycharmProjects/KD_v5/OUTPUTS/article1_v3/results_baseline.csv,231,,,,,,,,,,True
22761dd5334f162c8815801a3cf0f9fa93a691bd808e949c32b45509b9351ae9,mean_support_restricted_probabilities,2a836581bb03cec96f509a87a0a27efbc0afc37c6522a54562e03a18504b0346,256,7ff045e85bdcdcb19da695baf49045e3320a14d4,49787a4c00aa71a0b9d980bbbcb54e215aa71ff8388ef7d3c0f859811473975a,7d19cf95b4de564f3b35de7f267e55fb595e5b2a9d5e5d7408d2b7653541ba98,cifar,4.0,30,30,300000,0.0,0.0,e311558ce6e4e1a1d345e2051c2d5e8ccaecccda,0.001,4.0,expert_prob_sr,AdamW,0.433931584242359,article1-v3,117be76002e0123f5252e2b78c50cbfb9fcbe971247b5af9c3e1b9dfba92df89,66af2fbb33f1e089245500600db030610ac3b47e91dba7cbb7dbf193a5c1ef13,10000,full_original_order,42,66af2fbb33f1e089245500600db030610ac3b47e91dba7cbb7dbf193a5c1ef13,10000,deterministic_evaluation,alpha0p5,313f884cd8366ccc,none,42,0063a63132de6a157637709ebbcb766eae9d8b2c2e55b70e2ee916a820bf4347,2.18723726272583,185356aa1824f8622c4cedfce3d940f5365857f2d6541013f0f2d87bf8820d24,0.7232,2.6434200553894045,0.9902,1.685351002430472,0.8486370522518684,2.0,8.0,"{""K"": 10, ""batch_size"": 256, ""epochs"": 30, ""lr"": 0.001, ""optimizer"": ""AdamW"", ""weight_decay"": 0.0001}",1200,0.0001,selected_uniform,/home/roi/PycharmProjects/KD_v5/OUTPUTS/article1_v3/results_baseline.csv,232,,,,,,,,,,True
22761dd5334f162c8815801a3cf0f9fa93a691bd808e949c32b45509b9351ae9,mean_probabilities,2a836581bb03cec96f509a87a0a27efbc0afc37c6522a54562e03a18504b0346,256,7ff045e85bdcdcb19da695baf49045e3320a14d4,49787a4c00aa71a0b9d980bbbcb54e215aa71ff8388ef7d3c0f859811473975a,7d19cf95b4de564f3b35de7f267e55fb595e5b2a9d5e5d7408d2b7653541ba98,cifar,4.9674,30,30,300000,287.0,0.0287,e311558ce6e4e1a1d345e2051c2d5e8ccaecccda,0.001,4.6804,oracle_prob,AdamW,,article1-v3,117be76002e0123f5252e2b78c50cbfb9fcbe971247b5af9c3e1b9dfba92df89,66af2fbb33f1e089245500600db030610ac3b47e91dba7cbb7dbf193a5c1ef13,10000,full_original_order,42,66af2fbb33f1e089245500600db030610ac3b47e91dba7cbb7dbf193a5c1ef13,10000,deterministic_evaluation,alpha0p5,5fc434b11f27e147,none,42,32194ba9675ccf761fa8356e6e6af801b71d57608f70ddb8e4fdfda5c0e405c0,0.2898096442222595,185356aa1824f8622c4cedfce3d940f5365857f2d6541013f0f2d87bf8820d24,0.7638,0.6917625277519226,0.9715,2.1931450165025352,1.5245548823583304,1.0,8.0,"{""K"": 10, ""batch_size"": 256, ""epochs"": 30, ""lr"": 0.001, ""optimizer"": ""AdamW"", ""weight_decay"": 0.0001}",1200,0.0001,selected_uniform,/home/roi/PycharmProjects/KD_v5/OUTPUTS/article1_v3/results_baseline.csv,233,,,,,,,,,,True
22761dd5334f162c8815801a3cf0f9fa93a691bd808e949c32b45509b9351ae9,weighted_mean_logits,2a836581bb03cec96f509a87a0a27efbc0afc37c6522a54562e03a18504b0346,256,7ff045e85bdcdcb19da695baf49045e3320a14d4,49787a4c00aa71a0b9d980bbbcb54e215aa71ff8388ef7d3c0f859811473975a,7d19cf95b4de564f3b35de7f267e55fb595e5b2a9d5e5d7408d2b7653541ba98,cifar,9.999999999999998,30,30,300000,0.0,0.0,e311558ce6e4e1a1d345e2051c2d5e8ccaecccda,0.001,10.0,feddf_logit,AdamW,,article1-v3,117be76002e0123f5252e2b78c50cbfb9fcbe971247b5af9c3e1b9dfba92df89,66af2fbb33f1e089245500600db030610ac3b47e91dba7cbb7dbf193a5c1ef13,10000,full_original_order,42,66af2fbb33f1e089245500600db030610ac3b47e91dba7cbb7dbf193a5c1ef13,10000,deterministic_evaluation,alpha0p5,d0e835345f988a49,none,42,9bcd13319c83531e1e49eda6250a9bd64780ba6da0919c8ad54f868b2cd3a8bf,0.1190220713615417,185356aa1824f8622c4cedfce3d940f5365857f2d6541013f0f2d87bf8820d24,0.6178,1.0466298574447632,0.6303,2.2380536237822533,1.8307664241801267,1.0,8.0,"{""K"": 10, ""batch_size"": 256, ""epochs"": 30, ""lr"": 0.001, ""optimizer"": ""AdamW"", ""weight_decay"": 0.0001}",1200,0.0001,uniform,/home/roi/PycharmProjects/KD_v5/OUTPUTS/article1_v3/results_baseline.csv,234,,,,,,,,,,True
22761dd5334f162c8815801a3cf0f9fa93a691bd808e949c32b45509b9351ae9,weighted_mean_logits,2a836581bb03cec96f509a87a0a27efbc0afc37c6522a54562e03a18504b0346,256,7ff045e85bdcdcb19da695baf49045e3320a14d4,49787a4c00aa71a0b9d980bbbcb54e215aa71ff8388ef7d3c0f859811473975a,7d19cf95b4de564f3b35de7f267e55fb595e5b2a9d5e5d7408d2b7653541ba98,cifar,4.9674,30,30,300000,287.0,0.0287,e311558ce6e4e1a1d345e2051c2d5e8ccaecccda,0.001,4.6804,oracle_logit,AdamW,,article1-v3,117be76002e0123f5252e2b78c50cbfb9fcbe971247b5af9c3e1b9dfba92df89,66af2fbb33f1e089245500600db030610ac3b47e91dba7cbb7dbf193a5c1ef13,10000,full_original_order,42,66af2fbb33f1e089245500600db030610ac3b47e91dba7cbb7dbf193a5c1ef13,10000,deterministic_evaluation,alpha0p5,27dffcb093acc0f5,none,42,6193fb6b4da1be6720f590953e7afb12a80d86deb4a62c538722fb1f97b4b29b,0.3171400427818298,185356aa1824f8622c4cedfce3d940f5365857f2d6541013f0f2d87bf8820d24,0.7521,0.7475920793533325,0.9715,2.187996726770024,1.5124011099098404,1.0,8.0,"{""K"": 10, ""batch_size"": 256, ""epochs"": 30, ""lr"": 0.001, ""optimizer"": ""AdamW"", ""weight_decay"": 0.0001}",1200,0.0001,selected_uniform,/home/roi/PycharmProjects/KD_v5/OUTPUTS/article1_v3/results_baseline.csv,235,,,,,,,,,,True
34f84e2343874e1a7b9b815529aa22768f81a356597ec5e338c60b3904ca2c75,mean_probabilities,2a836581bb03cec96f509a87a0a27efbc0afc37c6522a54562e03a18504b0346,256,7ff045e85bdcdcb19da695baf49045e3320a14d4,131d0b9efcd1c7294a6cc1cf94110c75b2bab77a718c2909d085900d8a7a96f6,7d19cf95b4de564f3b35de7f267e55fb595e5b2a9d5e5d7408d2b7653541ba98,cifar,9.999999999999998,30,30,300000,0.0,0.0,e311558ce6e4e1a1d345e2051c2d5e8ccaecccda,0.001,10.0,feddf_prob,AdamW,,article1-v3,117be76002e0123f5252e2b78c50cbfb9fcbe971247b5af9c3e1b9dfba92df89,66af2fbb33f1e089245500600db030610ac3b47e91dba7cbb7dbf193a5c1ef13,10000,full_original_order,42,66af2fbb33f1e089245500600db030610ac3b47e91dba7cbb7dbf193a5c1ef13,10000,deterministic_evaluation,alpha0p1,a9de3e3fa5f06018,none,42,c97e6a30f44e5a67c49798dd3d72165141fee0467b3154e13111282be655960c,0.1184835433959961,185356aa1824f8622c4cedfce3d940f5365857f2d6541013f0f2d87bf8820d24,0.3653,1.8135118171691893,0.4307,2.259694693225501,1.979957070068027,1.0,8.0,"{""K"": 10, ""batch_size"": 256, ""epochs"": 30, ""lr"": 0.001, ""optimizer"": ""AdamW"", ""weight_decay"": 0.0001}",1200,0.0001,uniform,/home/roi/PycharmProjects/KD_v5/OUTPUTS/article1_v3/results_baseline.csv,236,,,,,,,,,,True
34f84e2343874e1a7b9b815529aa22768f81a356597ec5e338c60b3904ca2c75,mean_probabilities,2a836581bb03cec96f509a87a0a27efbc0afc37c6522a54562e03a18504b0346,256,7ff045e85bdcdcb19da695baf49045e3320a14d4,131d0b9efcd1c7294a6cc1cf94110c75b2bab77a718c2909d085900d8a7a96f6,7d19cf95b4de564f3b35de7f267e55fb595e5b2a9d5e5d7408d2b7653541ba98,cifar,2.4,30,30,300000,0.0,0.0,e311558ce6e4e1a1d345e2051c2d5e8ccaecccda,0.001,2.4,expert_prob,AdamW,0.4164458532925953,article1-v3,117be76002e0123f5252e2b78c50cbfb9fcbe971247b5af9c3e1b9dfba92df89,66af2fbb33f1e089245500600db030610ac3b47e91dba7cbb7dbf193a5c1ef13,10000,full_original_order,42,66af2fbb33f1e089245500600db030610ac3b47e91dba7cbb7dbf193a5c1ef13,10000,deterministic_evaluation,alpha0p1,b64a38c9c8e7fb27,none,42,c1257430f400405dc2887a2f4b56ee8265fdc29491697cd999c4e025ee9eb247,0.5592794418334961,185356aa1824f8622c4cedfce3d940f5365857f2d6541013f0f2d87bf8820d24,0.7773,0.9024679542541504,0.9877,1.9856955647391008,1.1238261880797793,1.0,8.0,"{""K"": 10, ""batch_size"": 256, ""epochs"": 30, ""lr"": 0.001, ""optimizer"": ""AdamW"", ""weight_decay"": 0.0001}",1200,0.0001,selected_uniform,/home/roi/PycharmProjects/KD_v5/OUTPUTS/article1_v3/results_baseline.csv,237,,,,,,,,,,True
34f84e2343874e1a7b9b815529aa22768f81a356597ec5e338c60b3904ca2c75,mean_support_restricted_probabilities,2a836581bb03cec96f509a87a0a27efbc0afc37c6522a54562e03a18504b0346,256,7ff045e85bdcdcb19da695baf49045e3320a14d4,131d0b9efcd1c7294a6cc1cf94110c75b2bab77a718c2909d085900d8a7a96f6,7d19cf95b4de564f3b35de7f267e55fb595e5b2a9d5e5d7408d2b7653541ba98,cifar,2.4,30,30,300000,0.0,0.0,e311558ce6e4e1a1d345e2051c2d5e8ccaecccda,0.001,2.4,expert_prob_sr,AdamW,0.4164458532925953,article1-v3,117be76002e0123f5252e2b78c50cbfb9fcbe971247b5af9c3e1b9dfba92df89,66af2fbb33f1e089245500600db030610ac3b47e91dba7cbb7dbf193a5c1ef13,10000,full_original_order,42,66af2fbb33f1e089245500600db030610ac3b47e91dba7cbb7dbf193a5c1ef13,10000,deterministic_evaluation,alpha0p1,628816ccf6575c87,none,42,89206d75b3326965b01fa27533b0c67984b86c007fa1bb0d201c4974c12adcf2,1.7335326671600342,185356aa1824f8622c4cedfce3d940f5365857f2d6541013f0f2d87bf8820d24,0.7271,3.2176220165252687,0.9971,1.1684840422473917,0.5527423964073912,2.0,8.0,"{""K"": 10, ""batch_size"": 256, ""epochs"": 30, ""lr"": 0.001, ""optimizer"": ""AdamW"", ""weight_decay"": 0.0001}",1200,0.0001,selected_uniform,/home/roi/PycharmProjects/KD_v5/OUTPUTS/article1_v3/results_baseline.csv,238,,,,,,,,,,True
34f84e2343874e1a7b9b815529aa22768f81a356597ec5e338c60b3904ca2c75,mean_probabilities,2a836581bb03cec96f509a87a0a27efbc0afc37c6522a54562e03a18504b0346,256,7ff045e85bdcdcb19da695baf49045e3320a14d4,131d0b9efcd1c7294a6cc1cf94110c75b2bab77a718c2909d085900d8a7a96f6,7d19cf95b4de564f3b35de7f267e55fb595e5b2a9d5e5d7408d2b7653541ba98,cifar,2.8263,30,30,300000,166.0,0.0166,e311558ce6e4e1a1d345e2051c2d5e8ccaecccda,0.001,2.6603,oracle_prob,AdamW,,article1-v3,117be76002e0123f5252e2b78c50cbfb9fcbe971247b5af9c3e1b9dfba92df89,66af2fbb33f1e089245500600db030610ac3b47e91dba7cbb7dbf193a5c1ef13,10000,full_original_order,42,66af2fbb33f1e089245500600db030610ac3b47e91dba7cbb7dbf193a5c1ef13,10000,deterministic_evaluation,alpha0p1,00686f5118aeb695,none,42,5a0613bcc0e373d782137140fe4727d465f6d21a864e8ba73fc1c4e8afc86606,0.8006560802459717,185356aa1824f8622c4cedfce3d940f5365857f2d6541013f0f2d87bf8820d24,0.7518,0.986020357131958,0.9838,2.027184539839382,1.1692050592594467,1.0,8.0,"{""K"": 10, ""batch_size"": 256, ""epochs"": 30, ""lr"": 0.001, ""optimizer"": ""AdamW"", ""weight_decay"": 0.0001}",1200,0.0001,selected_uniform,/home/roi/PycharmProjects/KD_v5/OUTPUTS/article1_v3/results_baseline.csv,239,,,,,,,,,,True
34f84e2343874e1a7b9b815529aa22768f81a356597ec5e338c60b3904ca2c75,weighted_mean_logits,2a836581bb03cec96f509a87a0a27efbc0afc37c6522a54562e03a18504b0346,256,7ff045e85bdcdcb19da695baf49045e3320a14d4,131d0b9efcd1c7294a6cc1cf94110c75b2bab77a718c2909d085900d8a7a96f6,7d19cf95b4de564f3b35de7f267e55fb595e5b2a9d5e5d7408d2b7653541ba98,cifar,9.999999999999998,30,30,300000,0.0,0.0,e311558ce6e4e1a1d345e2051c2d5e8ccaecccda,0.001,10.0,feddf_logit,AdamW,,article1-v3,117be76002e0123f5252e2b78c50cbfb9fcbe971247b5af9c3e1b9dfba92df89,66af2fbb33f1e089245500600db030610ac3b47e91dba7cbb7dbf193a5c1ef13,10000,full_original_order,42,66af2fbb33f1e089245500600db030610ac3b47e91dba7cbb7dbf193a5c1ef13,10000,deterministic_evaluation,alpha0p1,d650066873623ff7,none,42,5347cd6139cd01e2ba067aed202b3134f31b6db117f75c9093cf6f07f8e086d2,0.0529825091361999,185356aa1824f8622c4cedfce3d940f5365857f2d6541013f0f2d87bf8820d24,0.2319,2.561540500640869,0.2639,2.266241273697546,2.1017735786204854,1.0,8.0,"{""K"": 10, ""batch_size"": 256, ""epochs"": 30, ""lr"": 0.001, ""optimizer"": ""AdamW"", ""weight_decay"": 0.0001}",1200,0.0001,uniform,/home/roi/PycharmProjects/KD_v5/OUTPUTS/article1_v3/results_baseline.csv,240,,,,,,,,,,True
34f84e2343874e1a7b9b815529aa22768f81a356597ec5e338c60b3904ca2c75,weighted_mean_logits,2a836581bb03cec96f509a87a0a27efbc0afc37c6522a54562e03a18504b0346,256,7ff045e85bdcdcb19da695baf49045e3320a14d4,131d0b9efcd1c7294a6cc1cf94110c75b2bab77a718c2909d085900d8a7a96f6,7d19cf95b4de564f3b35de7f267e55fb595e5b2a9d5e5d7408d2b7653541ba98,cifar,2.8263,30,30,300000,166.0,0.0166,e311558ce6e4e1a1d345e2051c2d5e8ccaecccda,0.001,2.6603,oracle_logit,AdamW,,article1-v3,117be76002e0123f5252e2b78c50cbfb9fcbe971247b5af9c3e1b9dfba92df89,66af2fbb33f1e089245500600db030610ac3b47e91dba7cbb7dbf193a5c1ef13,10000,full_original_order,42,66af2fbb33f1e089245500600db030610ac3b47e91dba7cbb7dbf193a5c1ef13,10000,deterministic_evaluation,alpha0p1,bb8cfa5cd29f2199,none,42,e30c8f6b6e2f3c3c11adf17d6b100ad87e4ca510ad6bb898f8f008a03d677428,0.7200714349746704,185356aa1824f8622c4cedfce3d940f5365857f2d6541013f0f2d87bf8820d24,0.745,1.118831376075745,0.9838,1.9841868586443707,1.0906267292352787,1.0,8.0,"{""K"": 10, ""batch_size"": 256, ""epochs"": 30, ""lr"": 0.001, ""optimizer"": ""AdamW"", ""weight_decay"": 0.0001}",1200,0.0001,selected_uniform,/home/roi/PycharmProjects/KD_v5/OUTPUTS/article1_v3/results_baseline.csv,241,,,,,,,,,,True
ce4b9886dc3da23c4ec80937dca96608fe5f8454c6299680143dd031516e5403,mean_probabilities,2a836581bb03cec96f509a87a0a27efbc0afc37c6522a54562e03a18504b0346,256,7ff045e85bdcdcb19da695baf49045e3320a14d4,cda92e09f816aadc89145939b2cfdec713c27790786ec486e5e9906a86ce436e,7d19cf95b4de564f3b35de7f267e55fb595e5b2a9d5e5d7408d2b7653541ba98,cifar,9.999999999999998,30,30,300000,0.0,0.0,e311558ce6e4e1a1d345e2051c2d5e8ccaecccda,0.001,10.0,feddf_prob,AdamW,,article1-v3,117be76002e0123f5252e2b78c50cbfb9fcbe971247b5af9c3e1b9dfba92df89,66af2fbb33f1e089245500600db030610ac3b47e91dba7cbb7dbf193a5c1ef13,10000,full_original_order,42,66af2fbb33f1e089245500600db030610ac3b47e91dba7cbb7dbf193a5c1ef13,10000,deterministic_evaluation,multi,faf19ceb1b28e46e,none,42,5b717d17076bd94037ce946c441084b9493fe1d39673ec66e7c2845bd17d54eb,0.0735715627670288,185356aa1824f8622c4cedfce3d940f5365857f2d6541013f0f2d87bf8820d24,0.5142,1.4455529586791993,0.5249,2.2824704548036423,2.063125837837762,1.0,8.0,"{""K"": 10, ""batch_size"": 256, ""epochs"": 30, ""lr"": 0.001, ""optimizer"": ""AdamW"", ""weight_decay"": 0.0001}",1200,0.0001,uniform,/home/roi/PycharmProjects/KD_v5/OUTPUTS/article1_v3/results_baseline.csv,242,,,,,,,,,,True
ce4b9886dc3da23c4ec80937dca96608fe5f8454c6299680143dd031516e5403,mean_probabilities,2a836581bb03cec96f509a87a0a27efbc0afc37c6522a54562e03a18504b0346,256,7ff045e85bdcdcb19da695baf49045e3320a14d4,cda92e09f816aadc89145939b2cfdec713c27790786ec486e5e9906a86ce436e,7d19cf95b4de564f3b35de7f267e55fb595e5b2a9d5e5d7408d2b7653541ba98,cifar,2.0,30,30,300000,0.0,0.0,e311558ce6e4e1a1d345e2051c2d5e8ccaecccda,0.001,2.0,expert_prob,AdamW,0.2952676545814151,article1-v3,117be76002e0123f5252e2b78c50cbfb9fcbe971247b5af9c3e1b9dfba92df89,66af2fbb33f1e089245500600db030610ac3b47e91dba7cbb7dbf193a5c1ef13,10000,full_original_order,42,66af2fbb33f1e089245500600db030610ac3b47e91dba7cbb7dbf193a5c1ef13,10000,deterministic_evaluation,multi,e45d743ef17dcac0,none,42,ce02c8129fef8586b57bb769e01ae6e2d099d62942e2db517f048f627979db55,1.7693862915039062,185356aa1824f8622c4cedfce3d940f5365857f2d6541013f0f2d87bf8820d24,0.7485,1.5690236114501954,0.942,1.6246264559525458,0.774684495313124,1.0,8.0,"{""K"": 10, ""batch_size"": 256, ""epochs"": 30, ""lr"": 0.001, ""optimizer"": ""AdamW"", ""weight_decay"": 0.0001}",1200,0.0001,selected_uniform,/home/roi/PycharmProjects/KD_v5/OUTPUTS/article1_v3/results_baseline.csv,243,,,,,,,,,,True
ce4b9886dc3da23c4ec80937dca96608fe5f8454c6299680143dd031516e5403,mean_support_restricted_probabilities,2a836581bb03cec96f509a87a0a27efbc0afc37c6522a54562e03a18504b0346,256,7ff045e85bdcdcb19da695baf49045e3320a14d4,cda92e09f816aadc89145939b2cfdec713c27790786ec486e5e9906a86ce436e,7d19cf95b4de564f3b35de7f267e55fb595e5b2a9d5e5d7408d2b7653541ba98,cifar,2.0,30,30,300000,0.0,0.0,e311558ce6e4e1a1d345e2051c2d5e8ccaecccda,0.001,2.0,expert_prob_sr,AdamW,0.2952676545814151,article1-v3,117be76002e0123f5252e2b78c50cbfb9fcbe971247b5af9c3e1b9dfba92df89,66af2fbb33f1e089245500600db030610ac3b47e91dba7cbb7dbf193a5c1ef13,10000,full_original_order,42,66af2fbb33f1e089245500600db030610ac3b47e91dba7cbb7dbf193a5c1ef13,10000,deterministic_evaluation,multi,63cb0042b37a39fd,none,42,0239f2594e909461eb196f5c83c2eae4343b8103d3f0d2792ff68ccd2c18abd8,0.5620571374893188,185356aa1824f8622c4cedfce3d940f5365857f2d6541013f0f2d87bf8820d24,0.747,5.470599186706543,0.9425,0.6138848669211681,0.4194302707471702,2.0,8.0,"{""K"": 10, ""batch_size"": 256, ""epochs"": 30, ""lr"": 0.001, ""optimizer"": ""AdamW"", ""weight_decay"": 0.0001}",1200,0.0001,selected_uniform,/home/roi/PycharmProjects/KD_v5/OUTPUTS/article1_v3/results_baseline.csv,244,,,,,,,,,,True
ce4b9886dc3da23c4ec80937dca96608fe5f8454c6299680143dd031516e5403,mean_probabilities,2a836581bb03cec96f509a87a0a27efbc0afc37c6522a54562e03a18504b0346,256,7ff045e85bdcdcb19da695baf49045e3320a14d4,cda92e09f816aadc89145939b2cfdec713c27790786ec486e5e9906a86ce436e,7d19cf95b4de564f3b35de7f267e55fb595e5b2a9d5e5d7408d2b7653541ba98,cifar,2.1793,30,30,300000,328.0,0.0328,e311558ce6e4e1a1d345e2051c2d5e8ccaecccda,0.001,1.8513,oracle_prob,AdamW,,article1-v3,117be76002e0123f5252e2b78c50cbfb9fcbe971247b5af9c3e1b9dfba92df89,66af2fbb33f1e089245500600db030610ac3b47e91dba7cbb7dbf193a5c1ef13,10000,full_original_order,42,66af2fbb33f1e089245500600db030610ac3b47e91dba7cbb7dbf193a5c1ef13,10000,deterministic_evaluation,multi,8890e361e723bfaf,none,42,5f59f38ceb267ac406814bf52b1a731bc11330a81b57a91ecafb16434ba0c96a,2.0790786743164062,185356aa1824f8622c4cedfce3d940f5365857f2d6541013f0f2d87bf8820d24,0.756,1.4651527351379394,0.9682,1.6386350275178208,0.8011927884259293,1.0,8.0,"{""K"": 10, ""batch_size"": 256, ""epochs"": 30, ""lr"": 0.001, ""optimizer"": ""AdamW"", ""weight_decay"": 0.0001}",1200,0.0001,selected_uniform,/home/roi/PycharmProjects/KD_v5/OUTPUTS/article1_v3/results_baseline.csv,245,,,,,,,,,,True
ce4b9886dc3da23c4ec80937dca96608fe5f8454c6299680143dd031516e5403,weighted_mean_logits,2a836581bb03cec96f509a87a0a27efbc0afc37c6522a54562e03a18504b0346,256,7ff045e85bdcdcb19da695baf49045e3320a14d4,cda92e09f816aadc89145939b2cfdec713c27790786ec486e5e9906a86ce436e,7d19cf95b4de564f3b35de7f267e55fb595e5b2a9d5e5d7408d2b7653541ba98,cifar,9.999999999999998,30,30,300000,0.0,0.0,e311558ce6e4e1a1d345e2051c2d5e8ccaecccda,0.001,10.0,feddf_logit,AdamW,,article1-v3,117be76002e0123f5252e2b78c50cbfb9fcbe971247b5af9c3e1b9dfba92df89,66af2fbb33f1e089245500600db030610ac3b47e91dba7cbb7dbf193a5c1ef13,10000,full_original_order,42,66af2fbb33f1e089245500600db030610ac3b47e91dba7cbb7dbf193a5c1ef13,10000,deterministic_evaluation,multi,2b1f3cf2af74e691,none,42,0ea9cb57572df479404ff6ac95ec696468dd3c04450263d7e4667c4124f046d9,0.0162584781646728,185356aa1824f8622c4cedfce3d940f5365857f2d6541013f0f2d87bf8820d24,0.4399,1.7961317916870116,0.4292,2.298526466647272,2.2041199782962657,1.0,8.0,"{""K"": 10, ""batch_size"": 256, ""epochs"": 30, ""lr"": 0.001, ""optimizer"": ""AdamW"", ""weight_decay"": 0.0001}",1200,0.0001,uniform,/home/roi/PycharmProjects/KD_v5/OUTPUTS/article1_v3/results_baseline.csv,246,,,,,,,,,,True
ce4b9886dc3da23c4ec80937dca96608fe5f8454c6299680143dd031516e5403,weighted_mean_logits,2a836581bb03cec96f509a87a0a27efbc0afc37c6522a54562e03a18504b0346,256,7ff045e85bdcdcb19da695baf49045e3320a14d4,cda92e09f816aadc89145939b2cfdec713c27790786ec486e5e9906a86ce436e,7d19cf95b4de564f3b35de7f267e55fb595e5b2a9d5e5d7408d2b7653541ba98,cifar,2.1793,30,30,300000,328.0,0.0328,2c00a459f5ebecc09fecffe118266d7e3efc7473,0.001,1.8513,oracle_logit,AdamW,,article1-v3,117be76002e0123f5252e2b78c50cbfb9fcbe971247b5af9c3e1b9dfba92df89,66af2fbb33f1e089245500600db030610ac3b47e91dba7cbb7dbf193a5c1ef13,10000,full_original_order,42,66af2fbb33f1e089245500600db030610ac3b47e91dba7cbb7dbf193a5c1ef13,10000,deterministic_evaluation,multi,dfcb4f0cd06f2dec,none,42,bbc7150ec85186337f41046f930f8f61e24430e5f901e75d73fe68300f923d49,2.0205256938934326,185356aa1824f8622c4cedfce3d940f5365857f2d6541013f0f2d87bf8820d24,0.747,1.5731992031097413,0.9682,1.6276772206398804,0.7953528857083626,1.0,8.0,"{""K"": 10, ""batch_size"": 256, ""epochs"": 30, ""lr"": 0.001, ""optimizer"": ""AdamW"", ""weight_decay"": 0.0001}",1200,0.0001,selected_uniform,/home/roi/PycharmProjects/KD_v5/OUTPUTS/article1_v3/results_baseline.csv,247,,,,,,,,,,True
e6f1e0016bd69e5208d7779bafd908447f0ffbf5bd505201465dc3d9494ee864,mean_probabilities,2a836581bb03cec96f509a87a0a27efbc0afc37c6522a54562e03a18504b0346,256,7ff045e85bdcdcb19da695baf49045e3320a14d4,df8172495f9d3fae3dc1d602b20cc4278ee8df7d87c004ad0754949c37f0bc7f,7d19cf95b4de564f3b35de7f267e55fb595e5b2a9d5e5d7408d2b7653541ba98,cifar,9.999999999999998,30,30,300000,0.0,0.0,2c00a459f5ebecc09fecffe118266d7e3efc7473,0.001,10.0,feddf_prob,AdamW,,article1-v3,117be76002e0123f5252e2b78c50cbfb9fcbe971247b5af9c3e1b9dfba92df89,66af2fbb33f1e089245500600db030610ac3b47e91dba7cbb7dbf193a5c1ef13,10000,full_original_order,42,66af2fbb33f1e089245500600db030610ac3b47e91dba7cbb7dbf193a5c1ef13,10000,deterministic_evaluation,single,dcc1cd8b8d9e76db,none,42,c20d70f5e4bf64418147cff7c14da69b4127e5091383bade18388aae8017ae43,0.1257355809211731,185356aa1824f8622c4cedfce3d940f5365857f2d6541013f0f2d87bf8820d24,0.0844,2.788810957336426,0.0861,2.2964527709495712,2.319675674428428,1.0,8.0,"{""K"": 10, ""batch_size"": 256, ""epochs"": 30, ""lr"": 0.001, ""optimizer"": ""AdamW"", ""weight_decay"": 0.0001}",1200,0.0001,uniform,/home/roi/PycharmProjects/KD_v5/OUTPUTS/article1_v3/results_baseline.csv,248,,,,,,,,,,True
e6f1e0016bd69e5208d7779bafd908447f0ffbf5bd505201465dc3d9494ee864,mean_probabilities,2a836581bb03cec96f509a87a0a27efbc0afc37c6522a54562e03a18504b0346,256,7ff045e85bdcdcb19da695baf49045e3320a14d4,df8172495f9d3fae3dc1d602b20cc4278ee8df7d87c004ad0754949c37f0bc7f,7d19cf95b4de564f3b35de7f267e55fb595e5b2a9d5e5d7408d2b7653541ba98,cifar,1.0,30,30,300000,0.0,0.0,2c00a459f5ebecc09fecffe118266d7e3efc7473,0.001,1.0,expert_prob,AdamW,0.280443784953507,article1-v3,117be76002e0123f5252e2b78c50cbfb9fcbe971247b5af9c3e1b9dfba92df89,66af2fbb33f1e089245500600db030610ac3b47e91dba7cbb7dbf193a5c1ef13,10000,full_original_order,42,66af2fbb33f1e089245500600db030610ac3b47e91dba7cbb7dbf193a5c1ef13,10000,deterministic_evaluation,single,f384e4ed50945edc,none,42,204faef1dd12d8eb852f7da927c4bda306af11a95749b12b0859ac49e8d4ff57,0.9905948042869568,185356aa1824f8622c4cedfce3d940f5365857f2d6541013f0f2d87bf8820d24,0.7827,1.7387799139022828,1.0,1.1749363584860764,0.3454380084591673,1.0,8.0,"{""K"": 10, ""batch_size"": 256, ""epochs"": 30, ""lr"": 0.001, ""optimizer"": ""AdamW"", ""weight_decay"": 0.0001}",1200,0.0001,selected_uniform,/home/roi/PycharmProjects/KD_v5/OUTPUTS/article1_v3/results_baseline.csv,249,,,,,,,,,,True
e6f1e0016bd69e5208d7779bafd908447f0ffbf5bd505201465dc3d9494ee864,mean_support_restricted_probabilities,2a836581bb03cec96f509a87a0a27efbc0afc37c6522a54562e03a18504b0346,256,7ff045e85bdcdcb19da695baf49045e3320a14d4,df8172495f9d3fae3dc1d602b20cc4278ee8df7d87c004ad0754949c37f0bc7f,7d19cf95b4de564f3b35de7f267e55fb595e5b2a9d5e5d7408d2b7653541ba98,cifar,1.0,30,30,300000,0.0,0.0,2c00a459f5ebecc09fecffe118266d7e3efc7473,0.001,1.0,expert_prob_sr,AdamW,0.280443784953507,article1-v3,117be76002e0123f5252e2b78c50cbfb9fcbe971247b5af9c3e1b9dfba92df89,66af2fbb33f1e089245500600db030610ac3b47e91dba7cbb7dbf193a5c1ef13,10000,full_original_order,42,66af2fbb33f1e089245500600db030610ac3b47e91dba7cbb7dbf193a5c1ef13,10000,deterministic_evaluation,single,054560e06a5eca83,none,42,3f7207a144da6081e11ef729dd2c5ef20d19acbadb1860351f9ffdde40cd862c,0.3395126461982727,185356aa1824f8622c4cedfce3d940f5365857f2d6541013f0f2d87bf8820d24,0.786,5.506922094726563,1.0,-0.0,-0.0,2.0,8.0,"{""K"": 10, ""batch_size"": 256, ""epochs"": 30, ""lr"": 0.001, ""optimizer"": ""AdamW"", ""weight_decay"": 0.0001}",1200,0.0001,selected_uniform,/home/roi/PycharmProjects/KD_v5/OUTPUTS/article1_v3/results_baseline.csv,250,,,,,,,,,,True
e6f1e0016bd69e5208d7779bafd908447f0ffbf5bd505201465dc3d9494ee864,mean_probabilities,2a836581bb03cec96f509a87a0a27efbc0afc37c6522a54562e03a18504b0346,256,7ff045e85bdcdcb19da695baf49045e3320a14d4,df8172495f9d3fae3dc1d602b20cc4278ee8df7d87c004ad0754949c37f0bc7f,7d19cf95b4de564f3b35de7f267e55fb595e5b2a9d5e5d7408d2b7653541ba98,cifar,1.0,30,30,300000,0.0,0.0,2c00a459f5ebecc09fecffe118266d7e3efc7473,0.001,1.0,oracle_prob,AdamW,,article1-v3,117be76002e0123f5252e2b78c50cbfb9fcbe971247b5af9c3e1b9dfba92df89,66af2fbb33f1e089245500600db030610ac3b47e91dba7cbb7dbf193a5c1ef13,10000,full_original_order,42,66af2fbb33f1e089245500600db030610ac3b47e91dba7cbb7dbf193a5c1ef13,10000,deterministic_evaluation,single,a331dc9eabe1e5b8,none,42,204faef1dd12d8eb852f7da927c4bda306af11a95749b12b0859ac49e8d4ff57,0.9905948042869568,185356aa1824f8622c4cedfce3d940f5365857f2d6541013f0f2d87bf8820d24,0.7827,1.7387799139022828,1.0,1.1749363584860764,0.3454380084591673,1.0,8.0,"{""K"": 10, ""batch_size"": 256, ""epochs"": 30, ""lr"": 0.001, ""optimizer"": ""AdamW"", ""weight_decay"": 0.0001}",1200,0.0001,selected_uniform,/home/roi/PycharmProjects/KD_v5/OUTPUTS/article1_v3/results_baseline.csv,251,,,,,,,,,,True
e6f1e0016bd69e5208d7779bafd908447f0ffbf5bd505201465dc3d9494ee864,weighted_mean_logits,2a836581bb03cec96f509a87a0a27efbc0afc37c6522a54562e03a18504b0346,256,7ff045e85bdcdcb19da695baf49045e3320a14d4,df8172495f9d3fae3dc1d602b20cc4278ee8df7d87c004ad0754949c37f0bc7f,7d19cf95b4de564f3b35de7f267e55fb595e5b2a9d5e5d7408d2b7653541ba98,cifar,9.999999999999998,30,30,300000,0.0,0.0,2c00a459f5ebecc09fecffe118266d7e3efc7473,0.001,10.0,feddf_logit,AdamW,,article1-v3,117be76002e0123f5252e2b78c50cbfb9fcbe971247b5af9c3e1b9dfba92df89,66af2fbb33f1e089245500600db030610ac3b47e91dba7cbb7dbf193a5c1ef13,10000,full_original_order,42,66af2fbb33f1e089245500600db030610ac3b47e91dba7cbb7dbf193a5c1ef13,10000,deterministic_evaluation,single,5d961fd8d996b192,none,42,3cf679a2b35bc4c905768bcab15d9abb4d0cc985526e1f513269dc65fc882dd9,0.0927217602729797,185356aa1824f8622c4cedfce3d940f5365857f2d6541013f0f2d87bf8820d24,0.0834,3.129751706314087,0.0789,2.294809425052991,2.3285264305424813,1.0,8.0,"{""K"": 10, ""batch_size"": 256, ""epochs"": 30, ""lr"": 0.001, ""optimizer"": ""AdamW"", ""weight_decay"": 0.0001}",1200,0.0001,uniform,/home/roi/PycharmProjects/KD_v5/OUTPUTS/article1_v3/results_baseline.csv,252,,,,,,,,,,True
e6f1e0016bd69e5208d7779bafd908447f0ffbf5bd505201465dc3d9494ee864,weighted_mean_logits,2a836581bb03cec96f509a87a0a27efbc0afc37c6522a54562e03a18504b0346,256,7ff045e85bdcdcb19da695baf49045e3320a14d4,df8172495f9d3fae3dc1d602b20cc4278ee8df7d87c004ad0754949c37f0bc7f,7d19cf95b4de564f3b35de7f267e55fb595e5b2a9d5e5d7408d2b7653541ba98,cifar,1.0,30,30,300000,0.0,0.0,2c00a459f5ebecc09fecffe118266d7e3efc7473,0.001,1.0,oracle_logit,AdamW,,article1-v3,117be76002e0123f5252e2b78c50cbfb9fcbe971247b5af9c3e1b9dfba92df89,66af2fbb33f1e089245500600db030610ac3b47e91dba7cbb7dbf193a5c1ef13,10000,full_original_order,42,66af2fbb33f1e089245500600db030610ac3b47e91dba7cbb7dbf193a5c1ef13,10000,deterministic_evaluation,single,28bbd20b734ca0ba,none,42,204faef1dd12d8eb852f7da927c4bda306af11a95749b12b0859ac49e8d4ff57,0.9905948042869568,185356aa1824f8622c4cedfce3d940f5365857f2d6541013f0f2d87bf8820d24,0.7827,1.7387799139022828,1.0,1.1749363584860764,0.3454380084591673,1.0,8.0,"{""K"": 10, ""batch_size"": 256, ""epochs"": 30, ""lr"": 0.001, ""optimizer"": ""AdamW"", ""weight_decay"": 0.0001}",1200,0.0001,selected_uniform,/home/roi/PycharmProjects/KD_v5/OUTPUTS/article1_v3/results_baseline.csv,253,,,,,,,,,,True
11f91107f69eaf1c882605cd16eb48579ee7dfc8e92323ee1b304604abe55df7,mean_probabilities,9dc3b75d34f50fd7e8121684c2e8b96473759a62ffdf4da9a899b6be2324c4f6,256,7ff045e85bdcdcb19da695baf49045e3320a14d4,313d08a4063e2e70f69684825648a6997881288513eb04c35886ca8ab551e5ca,c704b120a3cb73aa8c8df617232d6058a17a3bc42b1535cd8876b14fac92544e,cifar,9.999999999999998,30,30,300000,0.0,0.0,2c00a459f5ebecc09fecffe118266d7e3efc7473,0.001,10.0,feddf_prob,AdamW,,article1-v3,70730ee6b1ff4436096773eaa579a3febb5bee8fe240bc9c1038b82de74afdcb,bed4be8cbbddf6b7e019ee5f865d0201821d40925ca2b78a28d00ef0bde4d7bb,10000,full_original_order,43,bed4be8cbbddf6b7e019ee5f865d0201821d40925ca2b78a28d00ef0bde4d7bb,10000,deterministic_evaluation,iid,e87c11f117ac21ff,none,43,28bce5b7f6d72c937413f5a47e74a19b7b2c6ea4ed77da024bc7898a8a3e4959,0.1824236810207367,335be889b9913daeb5005a38607982797a1f0f6633ae7459498f792989576a97,0.7615,0.6973574625968934,0.7827,2.1760931220498123,1.5913698524649196,1.0,8.0,"{""K"": 10, ""batch_size"": 256, ""epochs"": 30, ""lr"": 0.001, ""optimizer"": ""AdamW"", ""weight_decay"": 0.0001}",1200,0.0001,uniform,/home/roi/PycharmProjects/KD_v5/OUTPUTS/article1_v3/results_baseline.csv,254,,,,,,,,,,True
11f91107f69eaf1c882605cd16eb48579ee7dfc8e92323ee1b304604abe55df7,mean_probabilities,9dc3b75d34f50fd7e8121684c2e8b96473759a62ffdf4da9a899b6be2324c4f6,256,7ff045e85bdcdcb19da695baf49045e3320a14d4,313d08a4063e2e70f69684825648a6997881288513eb04c35886ca8ab551e5ca,c704b120a3cb73aa8c8df617232d6058a17a3bc42b1535cd8876b14fac92544e,cifar,5.7,30,30,300000,1000.0,0.1,2c00a459f5ebecc09fecffe118266d7e3efc7473,0.001,4.7,expert_prob,AdamW,0.3899714209869451,article1-v3,70730ee6b1ff4436096773eaa579a3febb5bee8fe240bc9c1038b82de74afdcb,bed4be8cbbddf6b7e019ee5f865d0201821d40925ca2b78a28d00ef0bde4d7bb,10000,full_original_order,43,bed4be8cbbddf6b7e019ee5f865d0201821d40925ca2b78a28d00ef0bde4d7bb,10000,deterministic_evaluation,iid,732fa36ec846a6f7,none,43,68e64b57995816d04fdf073d7fed3ffe63e52cbe0b2d3d2c2cf667db1a12d0e4,0.2416433691978454,335be889b9913daeb5005a38607982797a1f0f6633ae7459498f792989576a97,0.7609,0.742044600391388,0.8183,2.1448883830815526,1.500048393402514,1.0,8.0,"{""K"": 10, ""batch_size"": 256, ""epochs"": 30, ""lr"": 0.001, ""optimizer"": ""AdamW"", ""weight_decay"": 0.0001}",1200,0.0001,selected_uniform,/home/roi/PycharmProjects/KD_v5/OUTPUTS/article1_v3/results_baseline.csv,255,,,,,,,,,,True
11f91107f69eaf1c882605cd16eb48579ee7dfc8e92323ee1b304604abe55df7,mean_support_restricted_probabilities,9dc3b75d34f50fd7e8121684c2e8b96473759a62ffdf4da9a899b6be2324c4f6,256,7ff045e85bdcdcb19da695baf49045e3320a14d4,313d08a4063e2e70f69684825648a6997881288513eb04c35886ca8ab551e5ca,c704b120a3cb73aa8c8df617232d6058a17a3bc42b1535cd8876b14fac92544e,cifar,5.7,30,30,300000,1000.0,0.1,2c00a459f5ebecc09fecffe118266d7e3efc7473,0.001,4.7,expert_prob_sr,AdamW,0.3899714209869451,article1-v3,70730ee6b1ff4436096773eaa579a3febb5bee8fe240bc9c1038b82de74afdcb,bed4be8cbbddf6b7e019ee5f865d0201821d40925ca2b78a28d00ef0bde4d7bb,10000,full_original_order,43,bed4be8cbbddf6b7e019ee5f865d0201821d40925ca2b78a28d00ef0bde4d7bb,10000,deterministic_evaluation,iid,b91bf6f15b0520dd,none,43,ca5bc2c2b0b14c4e738174e18fb891cf1b0bee50f2ef1036ce134e7ab6f8bfda,1.394020438194275,335be889b9913daeb5005a38607982797a1f0f6633ae7459498f792989576a97,0.6969,3.283147610473633,0.9259,1.7678188329876396,1.0154268761426737,2.0,8.0,"{""K"": 10, ""batch_size"": 256, ""epochs"": 30, ""lr"": 0.001, ""optimizer"": ""AdamW"", ""weight_decay"": 0.0001}",1200,0.0001,selected_uniform,/home/roi/PycharmProjects/KD_v5/OUTPUTS/article1_v3/results_baseline.csv,256,,,,,,,,,,True
11f91107f69eaf1c882605cd16eb48579ee7dfc8e92323ee1b304604abe55df7,mean_probabilities,9dc3b75d34f50fd7e8121684c2e8b96473759a62ffdf4da9a899b6be2324c4f6,256,7ff045e85bdcdcb19da695baf49045e3320a14d4,313d08a4063e2e70f69684825648a6997881288513eb04c35886ca8ab551e5ca,c704b120a3cb73aa8c8df617232d6058a17a3bc42b1535cd8876b14fac92544e,cifar,7.1064,30,30,300000,460.0,0.046,2c00a459f5ebecc09fecffe118266d7e3efc7473,0.001,6.6464,oracle_prob,AdamW,,article1-v3,70730ee6b1ff4436096773eaa579a3febb5bee8fe240bc9c1038b82de74afdcb,bed4be8cbbddf6b7e019ee5f865d0201821d40925ca2b78a28d00ef0bde4d7bb,10000,full_original_order,43,bed4be8cbbddf6b7e019ee5f865d0201821d40925ca2b78a28d00ef0bde4d7bb,10000,deterministic_evaluation,iid,ebd4fe9dbb3a6e0a,none,43,5c03cf8de0dcf59be9727a692fcb23b4f700512cf9551b9fa2543bf76a244c44,0.1576201319694519,335be889b9913daeb5005a38607982797a1f0f6633ae7459498f792989576a97,0.7689,0.6935678791046143,0.9542,2.164529142237381,1.4978063688242211,1.0,8.0,"{""K"": 10, ""batch_size"": 256, ""epochs"": 30, ""lr"": 0.001, ""optimizer"": ""AdamW"", ""weight_decay"": 0.0001}",1200,0.0001,selected_uniform,/home/roi/PycharmProjects/KD_v5/OUTPUTS/article1_v3/results_baseline.csv,257,,,,,,,,,,True
11f91107f69eaf1c882605cd16eb48579ee7dfc8e92323ee1b304604abe55df7,weighted_mean_logits,9dc3b75d34f50fd7e8121684c2e8b96473759a62ffdf4da9a899b6be2324c4f6,256,7ff045e85bdcdcb19da695baf49045e3320a14d4,313d08a4063e2e70f69684825648a6997881288513eb04c35886ca8ab551e5ca,c704b120a3cb73aa8c8df617232d6058a17a3bc42b1535cd8876b14fac92544e,cifar,9.999999999999998,30,30,300000,0.0,0.0,2c00a459f5ebecc09fecffe118266d7e3efc7473,0.001,10.0,feddf_logit,AdamW,,article1-v3,70730ee6b1ff4436096773eaa579a3febb5bee8fe240bc9c1038b82de74afdcb,bed4be8cbbddf6b7e019ee5f865d0201821d40925ca2b78a28d00ef0bde4d7bb,10000,full_original_order,43,bed4be8cbbddf6b7e019ee5f865d0201821d40925ca2b78a28d00ef0bde4d7bb,10000,deterministic_evaluation,iid,66b66282ed861eb0,none,43,caffce1fbd5f720e44d283c1508150a63db6f2bb0a7767793a46312de06e2af8,0.204155296087265,335be889b9913daeb5005a38607982797a1f0f6633ae7459498f792989576a97,0.7569,0.6968411563873291,0.7816,2.174438754065124,1.5924936018916662,1.0,8.0,"{""K"": 10, ""batch_size"": 256, ""epochs"": 30, ""lr"": 0.001, ""optimizer"": ""AdamW"", ""weight_decay"": 0.0001}",1200,0.0001,uniform,/home/roi/PycharmProjects/KD_v5/OUTPUTS/article1_v3/results_baseline.csv,258,,,,,,,,,,True
11f91107f69eaf1c882605cd16eb48579ee7dfc8e92323ee1b304604abe55df7,weighted_mean_logits,9dc3b75d34f50fd7e8121684c2e8b96473759a62ffdf4da9a899b6be2324c4f6,256,7ff045e85bdcdcb19da695baf49045e3320a14d4,313d08a4063e2e70f69684825648a6997881288513eb04c35886ca8ab551e5ca,c704b120a3cb73aa8c8df617232d6058a17a3bc42b1535cd8876b14fac92544e,cifar,7.1064,30,30,300000,460.0,0.046,2c00a459f5ebecc09fecffe118266d7e3efc7473,0.001,6.6464,oracle_logit,AdamW,,article1-v3,70730ee6b1ff4436096773eaa579a3febb5bee8fe240bc9c1038b82de74afdcb,bed4be8cbbddf6b7e019ee5f865d0201821d40925ca2b78a28d00ef0bde4d7bb,10000,full_original_order,43,bed4be8cbbddf6b7e019ee5f865d0201821d40925ca2b78a28d00ef0bde4d7bb,10000,deterministic_evaluation,iid,d7e3b9469fcd56bf,none,43,291fd728da9db78559fd5ed03e091fcbb1608ce2906ce201e1ca2b3f4225e749,0.1776897609233856,335be889b9913daeb5005a38607982797a1f0f6633ae7459498f792989576a97,0.7625,0.7131249617576599,0.9542,2.1620069356311578,1.495656109470209,1.0,8.0,"{""K"": 10, ""batch_size"": 256, ""epochs"": 30, ""lr"": 0.001, ""optimizer"": ""AdamW"", ""weight_decay"": 0.0001}",1200,0.0001,selected_uniform,/home/roi/PycharmProjects/KD_v5/OUTPUTS/article1_v3/results_baseline.csv,259,,,,,,,,,,True
6b72a8fb46f07739cf1f388e9162c046d4bf2a53517978e48460aa746fbd56f0,mean_probabilities,9dc3b75d34f50fd7e8121684c2e8b96473759a62ffdf4da9a899b6be2324c4f6,256,7ff045e85bdcdcb19da695baf49045e3320a14d4,57cedbe6832891658c68c31967c118a76c45427dea92dce5983ff9569de4839a,c704b120a3cb73aa8c8df617232d6058a17a3bc42b1535cd8876b14fac92544e,cifar,9.999999999999998,30,30,300000,0.0,0.0,2c00a459f5ebecc09fecffe118266d7e3efc7473,0.001,10.0,feddf_prob,AdamW,,article1-v3,70730ee6b1ff4436096773eaa579a3febb5bee8fe240bc9c1038b82de74afdcb,bed4be8cbbddf6b7e019ee5f865d0201821d40925ca2b78a28d00ef0bde4d7bb,10000,full_original_order,43,bed4be8cbbddf6b7e019ee5f865d0201821d40925ca2b78a28d00ef0bde4d7bb,10000,deterministic_evaluation,alpha1p0,91ad428d435968d6,none,43,d237a4a806d02c06e132c333728bbca26021e14d1416fdb714f90d08e41ff05e,0.1504265666007995,335be889b9913daeb5005a38607982797a1f0f6633ae7459498f792989576a97,0.7312,0.7610089792251586,0.7539,2.216283150209995,1.721840387010635,1.0,8.0,"{""K"": 10, ""batch_size"": 256, ""epochs"": 30, ""lr"": 0.001, ""optimizer"": ""AdamW"", ""weight_decay"": 0.0001}",1200,0.0001,uniform,/home/roi/PycharmProjects/KD_v5/OUTPUTS/article1_v3/results_baseline.csv,260,,,,,,,,,,True
6b72a8fb46f07739cf1f388e9162c046d4bf2a53517978e48460aa746fbd56f0,mean_probabilities,9dc3b75d34f50fd7e8121684c2e8b96473759a62ffdf4da9a899b6be2324c4f6,256,7ff045e85bdcdcb19da695baf49045e3320a14d4,57cedbe6832891658c68c31967c118a76c45427dea92dce5983ff9569de4839a,c704b120a3cb73aa8c8df617232d6058a17a3bc42b1535cd8876b14fac92544e,cifar,4.9,30,30,300000,1000.0,0.1,2c00a459f5ebecc09fecffe118266d7e3efc7473,0.001,3.9,expert_prob,AdamW,0.4880842055889165,article1-v3,70730ee6b1ff4436096773eaa579a3febb5bee8fe240bc9c1038b82de74afdcb,bed4be8cbbddf6b7e019ee5f865d0201821d40925ca2b78a28d00ef0bde4d7bb,10000,full_original_order,43,bed4be8cbbddf6b7e019ee5f865d0201821d40925ca2b78a28d00ef0bde4d7bb,10000,deterministic_evaluation,alpha1p0,342176127b0855ce,none,43,04ef2b65faca72f8c68aab51603686a31a5c5d41927a89be6ef64ed17afbfbb7,0.2098901867866516,335be889b9913daeb5005a38607982797a1f0f6633ae7459498f792989576a97,0.7454,0.7433933478355408,0.8689,2.1900683708490165,1.5763668522951644,1.0,8.0,"{""K"": 10, ""batch_size"": 256, ""epochs"": 30, ""lr"": 0.001, ""optimizer"": ""AdamW"", ""weight_decay"": 0.0001}",1200,0.0001,selected_uniform,/home/roi/PycharmProjects/KD_v5/OUTPUTS/article1_v3/results_baseline.csv,261,,,,,,,,,,True
6b72a8fb46f07739cf1f388e9162c046d4bf2a53517978e48460aa746fbd56f0,mean_support_restricted_probabilities,9dc3b75d34f50fd7e8121684c2e8b96473759a62ffdf4da9a899b6be2324c4f6,256,7ff045e85bdcdcb19da695baf49045e3320a14d4,57cedbe6832891658c68c31967c118a76c45427dea92dce5983ff9569de4839a,c704b120a3cb73aa8c8df617232d6058a17a3bc42b1535cd8876b14fac92544e,cifar,4.9,30,30,300000,1000.0,0.1,2c00a459f5ebecc09fecffe118266d7e3efc7473,0.001,3.9,expert_prob_sr,AdamW,0.4880842055889165,article1-v3,70730ee6b1ff4436096773eaa579a3febb5bee8fe240bc9c1038b82de74afdcb,bed4be8cbbddf6b7e019ee5f865d0201821d40925ca2b78a28d00ef0bde4d7bb,10000,full_original_order,43,bed4be8cbbddf6b7e019ee5f865d0201821d40925ca2b78a28d00ef0bde4d7bb,10000,deterministic_evaluation,alpha1p0,7b7ee002fd688e63,none,43,98bcc95e7755fd00d1b2763b4926c3d8ff833c30321b883636894dac274917c7,0.7020531892776489,335be889b9913daeb5005a38607982797a1f0f6633ae7459498f792989576a97,0.7107,3.010198476409912,0.9438,1.6779912192434836,0.925943889155579,2.0,8.0,"{""K"": 10, ""batch_size"": 256, ""epochs"": 30, ""lr"": 0.001, ""optimizer"": ""AdamW"", ""weight_decay"": 0.0001}",1200,0.0001,selected_uniform,/home/roi/PycharmProjects/KD_v5/OUTPUTS/article1_v3/results_baseline.csv,262,,,,,,,,,,True
6b72a8fb46f07739cf1f388e9162c046d4bf2a53517978e48460aa746fbd56f0,mean_probabilities,9dc3b75d34f50fd7e8121684c2e8b96473759a62ffdf4da9a899b6be2324c4f6,256,7ff045e85bdcdcb19da695baf49045e3320a14d4,57cedbe6832891658c68c31967c118a76c45427dea92dce5983ff9569de4839a,c704b120a3cb73aa8c8df617232d6058a17a3bc42b1535cd8876b14fac92544e,cifar,6.1059,30,30,300000,384.0,0.0384,2c00a459f5ebecc09fecffe118266d7e3efc7473,0.001,5.7219,oracle_prob,AdamW,,article1-v3,70730ee6b1ff4436096773eaa579a3febb5bee8fe240bc9c1038b82de74afdcb,bed4be8cbbddf6b7e019ee5f865d0201821d40925ca2b78a28d00ef0bde4d7bb,10000,full_original_order,43,bed4be8cbbddf6b7e019ee5f865d0201821d40925ca2b78a28d00ef0bde4d7bb,10000,deterministic_evaluation,alpha1p0,188b73fd6991bb7b,none,43,242e70a1431586d763e37b873c06e82d61c826458665cf54aab74246c9872b42,0.1979425549507141,335be889b9913daeb5005a38607982797a1f0f6633ae7459498f792989576a97,0.7583,0.6978022964477539,0.9617,2.1991748867691947,1.5759577152979167,1.0,8.0,"{""K"": 10, ""batch_size"": 256, ""epochs"": 30, ""lr"": 0.001, ""optimizer"": ""AdamW"", ""weight_decay"": 0.0001}",1200,0.0001,selected_uniform,/home/roi/PycharmProjects/KD_v5/OUTPUTS/article1_v3/results_baseline.csv,263,,,,,,,,,,True
6b72a8fb46f07739cf1f388e9162c046d4bf2a53517978e48460aa746fbd56f0,weighted_mean_logits,9dc3b75d34f50fd7e8121684c2e8b96473759a62ffdf4da9a899b6be2324c4f6,256,7ff045e85bdcdcb19da695baf49045e3320a14d4,57cedbe6832891658c68c31967c118a76c45427dea92dce5983ff9569de4839a,c704b120a3cb73aa8c8df617232d6058a17a3bc42b1535cd8876b14fac92544e,cifar,9.999999999999998,30,30,300000,0.0,0.0,2c00a459f5ebecc09fecffe118266d7e3efc7473,0.001,10.0,feddf_logit,AdamW,,article1-v3,70730ee6b1ff4436096773eaa579a3febb5bee8fe240bc9c1038b82de74afdcb,bed4be8cbbddf6b7e019ee5f865d0201821d40925ca2b78a28d00ef0bde4d7bb,10000,full_original_order,43,bed4be8cbbddf6b7e019ee5f865d0201821d40925ca2b78a28d00ef0bde4d7bb,10000,deterministic_evaluation,alpha1p0,f1e88c621a2262bb,none,43,08747487ea397341449974a0076d03a48ef1ea8a2b4d8b08a51b51d7f09e4d29,0.1597203016281128,335be889b9913daeb5005a38607982797a1f0f6633ae7459498f792989576a97,0.7243,0.7733401244163514,0.7468,2.2172523786761653,1.7301636613387623,1.0,8.0,"{""K"": 10, ""batch_size"": 256, ""epochs"": 30, ""lr"": 0.001, ""optimizer"": ""AdamW"", ""weight_decay"": 0.0001}",1200,0.0001,uniform,/home/roi/PycharmProjects/KD_v5/OUTPUTS/article1_v3/results_baseline.csv,264,,,,,,,,,,True
6b72a8fb46f07739cf1f388e9162c046d4bf2a53517978e48460aa746fbd56f0,weighted_mean_logits,9dc3b75d34f50fd7e8121684c2e8b96473759a62ffdf4da9a899b6be2324c4f6,256,7ff045e85bdcdcb19da695baf49045e3320a14d4,57cedbe6832891658c68c31967c118a76c45427dea92dce5983ff9569de4839a,c704b120a3cb73aa8c8df617232d6058a17a3bc42b1535cd8876b14fac92544e,cifar,6.1059,30,30,300000,384.0,0.0384,2c00a459f5ebecc09fecffe118266d7e3efc7473,0.001,5.7219,oracle_logit,AdamW,,article1-v3,70730ee6b1ff4436096773eaa579a3febb5bee8fe240bc9c1038b82de74afdcb,bed4be8cbbddf6b7e019ee5f865d0201821d40925ca2b78a28d00ef0bde4d7bb,10000,full_original_order,43,bed4be8cbbddf6b7e019ee5f865d0201821d40925ca2b78a28d00ef0bde4d7bb,10000,deterministic_evaluation,alpha1p0,009ad8beb224298c,none,43,7ec1c087ce698e4bb23f5abbf1b5e523f5d34d24e8df49e3d8abba82f039110a,0.195259541273117,335be889b9913daeb5005a38607982797a1f0f6633ae7459498f792989576a97,0.7585,0.6897539072990417,0.9617,2.1971722808773784,1.570019035447589,1.0,8.0,"{""K"": 10, ""batch_size"": 256, ""epochs"": 30, ""lr"": 0.001, ""optimizer"": ""AdamW"", ""weight_decay"": 0.0001}",1200,0.0001,selected_uniform,/home/roi/PycharmProjects/KD_v5/OUTPUTS/article1_v3/results_baseline.csv,265,,,,,,,,,,True
f74c4e886f1bb9d5e5a81465e5ef7f9055ac94c042b4a7036b184efd4e860f9d,mean_probabilities,9dc3b75d34f50fd7e8121684c2e8b96473759a62ffdf4da9a899b6be2324c4f6,256,7ff045e85bdcdcb19da695baf49045e3320a14d4,3c758e02bde055cf00d2396e9bb9a8600ce98dae355c6c1362d2eae1150220f2,c704b120a3cb73aa8c8df617232d6058a17a3bc42b1535cd8876b14fac92544e,cifar,9.999999999999998,30,30,300000,0.0,0.0,2c00a459f5ebecc09fecffe118266d7e3efc7473,0.001,10.0,feddf_prob,AdamW,,article1-v3,70730ee6b1ff4436096773eaa579a3febb5bee8fe240bc9c1038b82de74afdcb,bed4be8cbbddf6b7e019ee5f865d0201821d40925ca2b78a28d00ef0bde4d7bb,10000,full_original_order,43,bed4be8cbbddf6b7e019ee5f865d0201821d40925ca2b78a28d00ef0bde4d7bb,10000,deterministic_evaluation,alpha0p5,97a3221726ba6a99,none,43,7c63916cc00e440cfee88514c7138236087a0e7c4825b8b204974f2e0cebb5a9,0.1455473899841308,335be889b9913daeb5005a38607982797a1f0f6633ae7459498f792989576a97,0.6949,0.8666470393180847,0.7203,2.232264580027308,1.782453391486718,1.0,8.0,"{""K"": 10, ""batch_size"": 256, ""epochs"": 30, ""lr"": 0.001, ""optimizer"": ""AdamW"", ""weight_decay"": 0.0001}",1200,0.0001,uniform,/home/roi/PycharmProjects/KD_v5/OUTPUTS/article1_v3/results_baseline.csv,266,,,,,,,,,,True
f74c4e886f1bb9d5e5a81465e5ef7f9055ac94c042b4a7036b184efd4e860f9d,mean_probabilities,9dc3b75d34f50fd7e8121684c2e8b96473759a62ffdf4da9a899b6be2324c4f6,256,7ff045e85bdcdcb19da695baf49045e3320a14d4,3c758e02bde055cf00d2396e9bb9a8600ce98dae355c6c1362d2eae1150220f2,c704b120a3cb73aa8c8df617232d6058a17a3bc42b1535cd8876b14fac92544e,cifar,3.6,30,30,300000,0.0,0.0,2c00a459f5ebecc09fecffe118266d7e3efc7473,0.001,3.6,expert_prob,AdamW,0.4729918534413872,article1-v3,70730ee6b1ff4436096773eaa579a3febb5bee8fe240bc9c1038b82de74afdcb,bed4be8cbbddf6b7e019ee5f865d0201821d40925ca2b78a28d00ef0bde4d7bb,10000,full_original_order,43,bed4be8cbbddf6b7e019ee5f865d0201821d40925ca2b78a28d00ef0bde4d7bb,10000,deterministic_evaluation,alpha0p5,fcb2d6b803bea567,none,43,971ae5bb9f4d47097c7da38cc20b9434a55b71a604381622f7c824292d88691a,0.2546079158782959,335be889b9913daeb5005a38607982797a1f0f6633ae7459498f792989576a97,0.7615,0.7460794727325439,0.9344,2.155654102811356,1.4642761844890415,1.0,8.0,"{""K"": 10, ""batch_size"": 256, ""epochs"": 30, ""lr"": 0.001, ""optimizer"": ""AdamW"", ""weight_decay"": 0.0001}",1200,0.0001,selected_uniform,/home/roi/PycharmProjects/KD_v5/OUTPUTS/article1_v3/results_baseline.csv,267,,,,,,,,,,True
f74c4e886f1bb9d5e5a81465e5ef7f9055ac94c042b4a7036b184efd4e860f9d,mean_support_restricted_probabilities,9dc3b75d34f50fd7e8121684c2e8b96473759a62ffdf4da9a899b6be2324c4f6,256,7ff045e85bdcdcb19da695baf49045e3320a14d4,3c758e02bde055cf00d2396e9bb9a8600ce98dae355c6c1362d2eae1150220f2,c704b120a3cb73aa8c8df617232d6058a17a3bc42b1535cd8876b14fac92544e,cifar,3.6,30,30,300000,0.0,0.0,2c00a459f5ebecc09fecffe118266d7e3efc7473,0.001,3.6,expert_prob_sr,AdamW,0.4729918534413872,article1-v3,70730ee6b1ff4436096773eaa579a3febb5bee8fe240bc9c1038b82de74afdcb,bed4be8cbbddf6b7e019ee5f865d0201821d40925ca2b78a28d00ef0bde4d7bb,10000,full_original_order,43,bed4be8cbbddf6b7e019ee5f865d0201821d40925ca2b78a28d00ef0bde4d7bb,10000,deterministic_evaluation,alpha0p5,649b5421aad84b2e,none,43,a9867a6b50abc6e698a81e0f6cf61e5a8b05a65861bd57eaad5dc014b26f44b2,1.4656078815460205,335be889b9913daeb5005a38607982797a1f0f6633ae7459498f792989576a97,0.7193,2.375699154663086,0.9913,1.5994285426528658,0.7698326612555626,2.0,8.0,"{""K"": 10, ""batch_size"": 256, ""epochs"": 30, ""lr"": 0.001, ""optimizer"": ""AdamW"", ""weight_decay"": 0.0001}",1200,0.0001,selected_uniform,/home/roi/PycharmProjects/KD_v5/OUTPUTS/article1_v3/results_baseline.csv,268,,,,,,,,,,True
f74c4e886f1bb9d5e5a81465e5ef7f9055ac94c042b4a7036b184efd4e860f9d,mean_probabilities,9dc3b75d34f50fd7e8121684c2e8b96473759a62ffdf4da9a899b6be2324c4f6,256,7ff045e85bdcdcb19da695baf49045e3320a14d4,3c758e02bde055cf00d2396e9bb9a8600ce98dae355c6c1362d2eae1150220f2,c704b120a3cb73aa8c8df617232d6058a17a3bc42b1535cd8876b14fac92544e,cifar,4.78,30,30,300000,303.0,0.0303,2c00a459f5ebecc09fecffe118266d7e3efc7473,0.001,4.477,oracle_prob,AdamW,,article1-v3,70730ee6b1ff4436096773eaa579a3febb5bee8fe240bc9c1038b82de74afdcb,bed4be8cbbddf6b7e019ee5f865d0201821d40925ca2b78a28d00ef0bde4d7bb,10000,full_original_order,43,bed4be8cbbddf6b7e019ee5f865d0201821d40925ca2b78a28d00ef0bde4d7bb,10000,deterministic_evaluation,alpha0p5,1433645606357b07,none,43,9bdbe2e3943e407891fb1b36e9c5762da7a4d8db2767c8d34ca49c9eebe70a77,0.2467270493507385,335be889b9913daeb5005a38607982797a1f0f6633ae7459498f792989576a97,0.7504,0.7900759433746338,0.9703,2.180695431841676,1.4955917009759745,1.0,8.0,"{""K"": 10, ""batch_size"": 256, ""epochs"": 30, ""lr"": 0.001, ""optimizer"": ""AdamW"", ""weight_decay"": 0.0001}",1200,0.0001,selected_uniform,/home/roi/PycharmProjects/KD_v5/OUTPUTS/article1_v3/results_baseline.csv,269,,,,,,,,,,True
f74c4e886f1bb9d5e5a81465e5ef7f9055ac94c042b4a7036b184efd4e860f9d,weighted_mean_logits,9dc3b75d34f50fd7e8121684c2e8b96473759a62ffdf4da9a899b6be2324c4f6,256,7ff045e85bdcdcb19da695baf49045e3320a14d4,3c758e02bde055cf00d2396e9bb9a8600ce98dae355c6c1362d2eae1150220f2,c704b120a3cb73aa8c8df617232d6058a17a3bc42b1535cd8876b14fac92544e,cifar,9.999999999999998,30,30,300000,0.0,0.0,2c00a459f5ebecc09fecffe118266d7e3efc7473,0.001,10.0,feddf_logit,AdamW,,article1-v3,70730ee6b1ff4436096773eaa579a3febb5bee8fe240bc9c1038b82de74afdcb,bed4be8cbbddf6b7e019ee5f865d0201821d40925ca2b78a28d00ef0bde4d7bb,10000,full_original_order,43,bed4be8cbbddf6b7e019ee5f865d0201821d40925ca2b78a28d00ef0bde4d7bb,10000,deterministic_evaluation,alpha0p5,8ba70c907e4eeffa,none,43,a5e5f5df8635ab73e959665de0aaaf27d1a2d866304c60c3c06594a5b8256f33,0.1431311964988708,335be889b9913daeb5005a38607982797a1f0f6633ae7459498f792989576a97,0.6637,0.9793743072509764,0.6842,2.235627527087343,1.8149324198295649,1.0,8.0,"{""K"": 10, ""batch_size"": 256, ""epochs"": 30, ""lr"": 0.001, ""optimizer"": ""AdamW"", ""weight_decay"": 0.0001}",1200,0.0001,uniform,/home/roi/PycharmProjects/KD_v5/OUTPUTS/article1_v3/results_baseline.csv,270,,,,,,,,,,True
f74c4e886f1bb9d5e5a81465e5ef7f9055ac94c042b4a7036b184efd4e860f9d,weighted_mean_logits,9dc3b75d34f50fd7e8121684c2e8b96473759a62ffdf4da9a899b6be2324c4f6,256,7ff045e85bdcdcb19da695baf49045e3320a14d4,3c758e02bde055cf00d2396e9bb9a8600ce98dae355c6c1362d2eae1150220f2,c704b120a3cb73aa8c8df617232d6058a17a3bc42b1535cd8876b14fac92544e,cifar,4.78,30,30,300000,303.0,0.0303,2c00a459f5ebecc09fecffe118266d7e3efc7473,0.001,4.477,oracle_logit,AdamW,,article1-v3,70730ee6b1ff4436096773eaa579a3febb5bee8fe240bc9c1038b82de74afdcb,bed4be8cbbddf6b7e019ee5f865d0201821d40925ca2b78a28d00ef0bde4d7bb,10000,full_original_order,43,bed4be8cbbddf6b7e019ee5f865d0201821d40925ca2b78a28d00ef0bde4d7bb,10000,deterministic_evaluation,alpha0p5,d056c98fd184e3c4,none,43,fe8316c1e9e59f4e0350cdd53e014fb645b4274fea79f9be40b0240a3580f600,0.2816010117530823,335be889b9913daeb5005a38607982797a1f0f6633ae7459498f792989576a97,0.7423,0.8683688417434693,0.9703,2.172936747950559,1.4789153286973058,1.0,8.0,"{""K"": 10, ""batch_size"": 256, ""epochs"": 30, ""lr"": 0.001, ""optimizer"": ""AdamW"", ""weight_decay"": 0.0001}",1200,0.0001,selected_uniform,/home/roi/PycharmProjects/KD_v5/OUTPUTS/article1_v3/results_baseline.csv,271,,,,,,,,,,True
ad0320c63be8b9c50a5e28d376bbbd9e9c5f13fb47ba0982501f08b414baf9c6,mean_probabilities,9dc3b75d34f50fd7e8121684c2e8b96473759a62ffdf4da9a899b6be2324c4f6,256,7ff045e85bdcdcb19da695baf49045e3320a14d4,cc524a8ddd5e02a659e62aedf04a4b8066364d34da98c377c658ce77c4fab266,c704b120a3cb73aa8c8df617232d6058a17a3bc42b1535cd8876b14fac92544e,cifar,9.999999999999998,30,30,300000,0.0,0.0,2c00a459f5ebecc09fecffe118266d7e3efc7473,0.001,10.0,feddf_prob,AdamW,,article1-v3,70730ee6b1ff4436096773eaa579a3febb5bee8fe240bc9c1038b82de74afdcb,bed4be8cbbddf6b7e019ee5f865d0201821d40925ca2b78a28d00ef0bde4d7bb,10000,full_original_order,43,bed4be8cbbddf6b7e019ee5f865d0201821d40925ca2b78a28d00ef0bde4d7bb,10000,deterministic_evaluation,alpha0p1,16fbdea328414ca8,none,43,f50f9de4d1a0de1adbbbb1edb153e88263b36251f05c09e28e0f8fe1c277e312,0.0617946982383728,335be889b9913daeb5005a38607982797a1f0f6633ae7459498f792989576a97,0.5193,1.310298741722107,0.5436,2.255948474961182,1.928491496105181,1.0,8.0,"{""K"": 10, ""batch_size"": 256, ""epochs"": 30, ""lr"": 0.001, ""optimizer"": ""AdamW"", ""weight_decay"": 0.0001}",1200,0.0001,uniform,/home/roi/PycharmProjects/KD_v5/OUTPUTS/article1_v3/results_baseline.csv,272,,,,,,,,,,True
ad0320c63be8b9c50a5e28d376bbbd9e9c5f13fb47ba0982501f08b414baf9c6,mean_probabilities,9dc3b75d34f50fd7e8121684c2e8b96473759a62ffdf4da9a899b6be2324c4f6,256,7ff045e85bdcdcb19da695baf49045e3320a14d4,cc524a8ddd5e02a659e62aedf04a4b8066364d34da98c377c658ce77c4fab266,c704b120a3cb73aa8c8df617232d6058a17a3bc42b1535cd8876b14fac92544e,cifar,2.4,30,30,300000,0.0,0.0,2c00a459f5ebecc09fecffe118266d7e3efc7473,0.001,2.4,expert_prob,AdamW,0.4363367568377116,article1-v3,70730ee6b1ff4436096773eaa579a3febb5bee8fe240bc9c1038b82de74afdcb,bed4be8cbbddf6b7e019ee5f865d0201821d40925ca2b78a28d00ef0bde4d7bb,10000,full_original_order,43,bed4be8cbbddf6b7e019ee5f865d0201821d40925ca2b78a28d00ef0bde4d7bb,10000,deterministic_evaluation,alpha0p1,1ada48c9639e6d5c,none,43,e84599b992c34369dab627d7c10f0751c1873872e97ca48152026c54c7b6f9d0,0.4184534847736358,335be889b9913daeb5005a38607982797a1f0f6633ae7459498f792989576a97,0.7641,1.0589100246429444,0.9577,1.9720120680167648,1.1223862432089349,1.0,8.0,"{""K"": 10, ""batch_size"": 256, ""epochs"": 30, ""lr"": 0.001, ""optimizer"": ""AdamW"", ""weight_decay"": 0.0001}",1200,0.0001,selected_uniform,/home/roi/PycharmProjects/KD_v5/OUTPUTS/article1_v3/results_baseline.csv,273,,,,,,,,,,True
ad0320c63be8b9c50a5e28d376bbbd9e9c5f13fb47ba0982501f08b414baf9c6,mean_support_restricted_probabilities,9dc3b75d34f50fd7e8121684c2e8b96473759a62ffdf4da9a899b6be2324c4f6,256,7ff045e85bdcdcb19da695baf49045e3320a14d4,cc524a8ddd5e02a659e62aedf04a4b8066364d34da98c377c658ce77c4fab266,c704b120a3cb73aa8c8df617232d6058a17a3bc42b1535cd8876b14fac92544e,cifar,2.4,30,30,300000,0.0,0.0,2c00a459f5ebecc09fecffe118266d7e3efc7473,0.001,2.4,expert_prob_sr,AdamW,0.4363367568377116,article1-v3,70730ee6b1ff4436096773eaa579a3febb5bee8fe240bc9c1038b82de74afdcb,bed4be8cbbddf6b7e019ee5f865d0201821d40925ca2b78a28d00ef0bde4d7bb,10000,full_original_order,43,bed4be8cbbddf6b7e019ee5f865d0201821d40925ca2b78a28d00ef0bde4d7bb,10000,deterministic_evaluation,alpha0p1,a22684050910f5a4,none,43,540d1d7901455be782cce17df77772fc4bc80e302394a4a04485f2a4f62525ac,0.8860621452331543,335be889b9913daeb5005a38607982797a1f0f6633ae7459498f792989576a97,0.7048,3.667044135284424,0.9833,1.1489264599530318,0.5393550167663829,2.0,8.0,"{""K"": 10, ""batch_size"": 256, ""epochs"": 30, ""lr"": 0.001, ""optimizer"": ""AdamW"", ""weight_decay"": 0.0001}",1200,0.0001,selected_uniform,/home/roi/PycharmProjects/KD_v5/OUTPUTS/article1_v3/results_baseline.csv,274,,,,,,,,,,True
ad0320c63be8b9c50a5e28d376bbbd9e9c5f13fb47ba0982501f08b414baf9c6,mean_probabilities,9dc3b75d34f50fd7e8121684c2e8b96473759a62ffdf4da9a899b6be2324c4f6,256,7ff045e85bdcdcb19da695baf49045e3320a14d4,cc524a8ddd5e02a659e62aedf04a4b8066364d34da98c377c658ce77c4fab266,c704b120a3cb73aa8c8df617232d6058a17a3bc42b1535cd8876b14fac92544e,cifar,3.13,30,30,300000,253.0,0.0253,2c00a459f5ebecc09fecffe118266d7e3efc7473,0.001,2.877,oracle_prob,AdamW,,article1-v3,70730ee6b1ff4436096773eaa579a3febb5bee8fe240bc9c1038b82de74afdcb,bed4be8cbbddf6b7e019ee5f865d0201821d40925ca2b78a28d00ef0bde4d7bb,10000,full_original_order,43,bed4be8cbbddf6b7e019ee5f865d0201821d40925ca2b78a28d00ef0bde4d7bb,10000,deterministic_evaluation,alpha0p1,6afa9f7cfd9ff638,none,43,30dd8b84c58e76b318b62f01c6a81bfa85323862495bd5e4bcfd52b5c14bce33,0.6783674359321594,335be889b9913daeb5005a38607982797a1f0f6633ae7459498f792989576a97,0.7159,1.3151249069213866,0.976,2.023952632805094,1.1769675869374612,1.0,8.0,"{""K"": 10, ""batch_size"": 256, ""epochs"": 30, ""lr"": 0.001, ""optimizer"": ""AdamW"", ""weight_decay"": 0.0001}",1200,0.0001,selected_uniform,/home/roi/PycharmProjects/KD_v5/OUTPUTS/article1_v3/results_baseline.csv,275,,,,,,,,,,True
ad0320c63be8b9c50a5e28d376bbbd9e9c5f13fb47ba0982501f08b414baf9c6,weighted_mean_logits,9dc3b75d34f50fd7e8121684c2e8b96473759a62ffdf4da9a899b6be2324c4f6,256,7ff045e85bdcdcb19da695baf49045e3320a14d4,cc524a8ddd5e02a659e62aedf04a4b8066364d34da98c377c658ce77c4fab266,c704b120a3cb73aa8c8df617232d6058a17a3bc42b1535cd8876b14fac92544e,cifar,9.999999999999998,30,30,300000,0.0,0.0,2c00a459f5ebecc09fecffe118266d7e3efc7473,0.001,10.0,feddf_logit,AdamW,,article1-v3,70730ee6b1ff4436096773eaa579a3febb5bee8fe240bc9c1038b82de74afdcb,bed4be8cbbddf6b7e019ee5f865d0201821d40925ca2b78a28d00ef0bde4d7bb,10000,full_original_order,43,bed4be8cbbddf6b7e019ee5f865d0201821d40925ca2b78a28d00ef0bde4d7bb,10000,deterministic_evaluation,alpha0p1,e6d006cfc727d3f5,none,43,e0eace0205ae607ab068bae9aa90039e5743a81bb0c84f7d51666b3c8e94ade8,0.0474872589111328,335be889b9913daeb5005a38607982797a1f0f6633ae7459498f792989576a97,0.3844,1.7341556615829468,0.3976,2.273506647496911,2.060180525846457,1.0,8.0,"{""K"": 10, ""batch_size"": 256, ""epochs"": 30, ""lr"": 0.001, ""optimizer"": ""AdamW"", ""weight_decay"": 0.0001}",1200,0.0001,uniform,/home/roi/PycharmProjects/KD_v5/OUTPUTS/article1_v3/results_baseline.csv,276,,,,,,,,,,True
ad0320c63be8b9c50a5e28d376bbbd9e9c5f13fb47ba0982501f08b414baf9c6,weighted_mean_logits,9dc3b75d34f50fd7e8121684c2e8b96473759a62ffdf4da9a899b6be2324c4f6,256,7ff045e85bdcdcb19da695baf49045e3320a14d4,cc524a8ddd5e02a659e62aedf04a4b8066364d34da98c377c658ce77c4fab266,c704b120a3cb73aa8c8df617232d6058a17a3bc42b1535cd8876b14fac92544e,cifar,3.13,30,30,300000,253.0,0.0253,2c00a459f5ebecc09fecffe118266d7e3efc7473,0.001,2.877,oracle_logit,AdamW,,article1-v3,70730ee6b1ff4436096773eaa579a3febb5bee8fe240bc9c1038b82de74afdcb,bed4be8cbbddf6b7e019ee5f865d0201821d40925ca2b78a28d00ef0bde4d7bb,10000,full_original_order,43,bed4be8cbbddf6b7e019ee5f865d0201821d40925ca2b78a28d00ef0bde4d7bb,10000,deterministic_evaluation,alpha0p1,3f0f1e59ff950c9e,none,43,dfb68e6a24eb35cd5359307315f7c45613fe297de41f0c41eca2d2f697e31a79,0.6914056539535522,335be889b9913daeb5005a38607982797a1f0f6633ae7459498f792989576a97,0.7423,1.1496942176818847,0.976,1.9603408738082104,1.0845606501929177,1.0,8.0,"{""K"": 10, ""batch_size"": 256, ""epochs"": 30, ""lr"": 0.001, ""optimizer"": ""AdamW"", ""weight_decay"": 0.0001}",1200,0.0001,selected_uniform,/home/roi/PycharmProjects/KD_v5/OUTPUTS/article1_v3/results_baseline.csv,277,,,,,,,,,,True
ce4b9886dc3da23c4ec80937dca96608fe5f8454c6299680143dd031516e5403,mean_probabilities,9dc3b75d34f50fd7e8121684c2e8b96473759a62ffdf4da9a899b6be2324c4f6,256,7ff045e85bdcdcb19da695baf49045e3320a14d4,670b210c0ef259ea1ea9a6b1b3fdea4af4bc44de1948cf723cedd6dbb171ed70,c704b120a3cb73aa8c8df617232d6058a17a3bc42b1535cd8876b14fac92544e,cifar,9.999999999999998,30,30,300000,0.0,0.0,2c00a459f5ebecc09fecffe118266d7e3efc7473,0.001,10.0,feddf_prob,AdamW,,article1-v3,70730ee6b1ff4436096773eaa579a3febb5bee8fe240bc9c1038b82de74afdcb,bed4be8cbbddf6b7e019ee5f865d0201821d40925ca2b78a28d00ef0bde4d7bb,10000,full_original_order,43,bed4be8cbbddf6b7e019ee5f865d0201821d40925ca2b78a28d00ef0bde4d7bb,10000,deterministic_evaluation,multi,713d6b6a6dec828d,none,43,a391f6991b60956854989a7605f62ce7bf07ec6c3ffe0735784cef92cb54f7f3,0.0989985466003418,335be889b9913daeb5005a38607982797a1f0f6633ae7459498f792989576a97,0.423,1.660233941078186,0.4504,2.282941970565186,2.090846723859656,1.0,8.0,"{""K"": 10, ""batch_size"": 256, ""epochs"": 30, ""lr"": 0.001, ""optimizer"": ""AdamW"", ""weight_decay"": 0.0001}",1200,0.0001,uniform,/home/roi/PycharmProjects/KD_v5/OUTPUTS/article1_v3/results_baseline.csv,278,,,,,,,,,,True
ce4b9886dc3da23c4ec80937dca96608fe5f8454c6299680143dd031516e5403,mean_probabilities,9dc3b75d34f50fd7e8121684c2e8b96473759a62ffdf4da9a899b6be2324c4f6,256,7ff045e85bdcdcb19da695baf49045e3320a14d4,670b210c0ef259ea1ea9a6b1b3fdea4af4bc44de1948cf723cedd6dbb171ed70,c704b120a3cb73aa8c8df617232d6058a17a3bc42b1535cd8876b14fac92544e,cifar,2.0,30,30,300000,0.0,0.0,0eff7977add55cf9e6a8d1ed0dcc76ab3858a46f,0.001,2.0,expert_prob,AdamW,0.2971209669892751,article1-v3,70730ee6b1ff4436096773eaa579a3febb5bee8fe240bc9c1038b82de74afdcb,bed4be8cbbddf6b7e019ee5f865d0201821d40925ca2b78a28d00ef0bde4d7bb,10000,full_original_order,43,bed4be8cbbddf6b7e019ee5f865d0201821d40925ca2b78a28d00ef0bde4d7bb,10000,deterministic_evaluation,multi,cccf669675b00118,none,43,459c07514a64d8d22d0260b563b567868e21e199b5d4757d26f833ea847940de,0.8667783737182617,335be889b9913daeb5005a38607982797a1f0f6633ae7459498f792989576a97,0.7377,1.588653736114502,0.9265,1.629249439199916,0.8099299222557768,1.0,8.0,"{""K"": 10, ""batch_size"": 256, ""epochs"": 30, ""lr"": 0.001, ""optimizer"": ""AdamW"", ""weight_decay"": 0.0001}",1200,0.0001,selected_uniform,/home/roi/PycharmProjects/KD_v5/OUTPUTS/article1_v3/results_baseline.csv,279,,,,,,,,,,True
ce4b9886dc3da23c4ec80937dca96608fe5f8454c6299680143dd031516e5403,mean_support_restricted_probabilities,9dc3b75d34f50fd7e8121684c2e8b96473759a62ffdf4da9a899b6be2324c4f6,256,7ff045e85bdcdcb19da695baf49045e3320a14d4,670b210c0ef259ea1ea9a6b1b3fdea4af4bc44de1948cf723cedd6dbb171ed70,c704b120a3cb73aa8c8df617232d6058a17a3bc42b1535cd8876b14fac92544e,cifar,2.0,30,30,300000,0.0,0.0,0eff7977add55cf9e6a8d1ed0dcc76ab3858a46f,0.001,2.0,expert_prob_sr,AdamW,0.2971209669892751,article1-v3,70730ee6b1ff4436096773eaa579a3febb5bee8fe240bc9c1038b82de74afdcb,bed4be8cbbddf6b7e019ee5f865d0201821d40925ca2b78a28d00ef0bde4d7bb,10000,full_original_order,43,bed4be8cbbddf6b7e019ee5f865d0201821d40925ca2b78a28d00ef0bde4d7bb,10000,deterministic_evaluation,multi,792d725e8dad193e,none,43,8917b1e9942db6a33e0e9b0fbb9b1d19ee569511a6d6992aec80193729128656,0.4462865591049194,335be889b9913daeb5005a38607982797a1f0f6633ae7459498f792989576a97,0.7229,6.052604336547852,0.9264,0.6241654794175286,0.4467513041977416,2.0,8.0,"{""K"": 10, ""batch_size"": 256, ""epochs"": 30, ""lr"": 0.001, ""optimizer"": ""AdamW"", ""weight_decay"": 0.0001}",1200,0.0001,selected_uniform,/home/roi/PycharmProjects/KD_v5/OUTPUTS/article1_v3/results_baseline.csv,280,,,,,,,,,,True
ce4b9886dc3da23c4ec80937dca96608fe5f8454c6299680143dd031516e5403,mean_probabilities,9dc3b75d34f50fd7e8121684c2e8b96473759a62ffdf4da9a899b6be2324c4f6,256,7ff045e85bdcdcb19da695baf49045e3320a14d4,670b210c0ef259ea1ea9a6b1b3fdea4af4bc44de1948cf723cedd6dbb171ed70,c704b120a3cb73aa8c8df617232d6058a17a3bc42b1535cd8876b14fac92544e,cifar,2.2063,30,30,300000,401.0,0.0401,0eff7977add55cf9e6a8d1ed0dcc76ab3858a46f,0.001,1.8053,oracle_prob,AdamW,,article1-v3,70730ee6b1ff4436096773eaa579a3febb5bee8fe240bc9c1038b82de74afdcb,bed4be8cbbddf6b7e019ee5f865d0201821d40925ca2b78a28d00ef0bde4d7bb,10000,full_original_order,43,bed4be8cbbddf6b7e019ee5f865d0201821d40925ca2b78a28d00ef0bde4d7bb,10000,deterministic_evaluation,multi,0ef3f2f21cd2a102,none,43,c9e8ff2597e855ac25427a9f0006f41afa4f56feab13a20ad409deda61c1b77b,1.2303757667541504,335be889b9913daeb5005a38607982797a1f0f6633ae7459498f792989576a97,0.7363,1.5475525390625,0.9609,1.644655158204403,0.8400127851713445,1.0,8.0,"{""K"": 10, ""batch_size"": 256, ""epochs"": 30, ""lr"": 0.001, ""optimizer"": ""AdamW"", ""weight_decay"": 0.0001}",1200,0.0001,selected_uniform,/home/roi/PycharmProjects/KD_v5/OUTPUTS/article1_v3/results_baseline.csv,281,,,,,,,,,,True
ce4b9886dc3da23c4ec80937dca96608fe5f8454c6299680143dd031516e5403,weighted_mean_logits,9dc3b75d34f50fd7e8121684c2e8b96473759a62ffdf4da9a899b6be2324c4f6,256,7ff045e85bdcdcb19da695baf49045e3320a14d4,670b210c0ef259ea1ea9a6b1b3fdea4af4bc44de1948cf723cedd6dbb171ed70,c704b120a3cb73aa8c8df617232d6058a17a3bc42b1535cd8876b14fac92544e,cifar,9.999999999999998,30,30,300000,0.0,0.0,0eff7977add55cf9e6a8d1ed0dcc76ab3858a46f,0.001,10.0,feddf_logit,AdamW,,article1-v3,70730ee6b1ff4436096773eaa579a3febb5bee8fe240bc9c1038b82de74afdcb,bed4be8cbbddf6b7e019ee5f865d0201821d40925ca2b78a28d00ef0bde4d7bb,10000,full_original_order,43,bed4be8cbbddf6b7e019ee5f865d0201821d40925ca2b78a28d00ef0bde4d7bb,10000,deterministic_evaluation,multi,a622d7f9909526f2,none,43,e9badcbe52ad27fc30a6a26290fb18e8559664a9ffb4439793c56b5376a7c3db,0.0475685596466064,335be889b9913daeb5005a38607982797a1f0f6633ae7459498f792989576a97,0.2872,2.0600147983551027,0.3223,2.295768151385477,2.217719190511478,1.0,8.0,"{""K"": 10, ""batch_size"": 256, ""epochs"": 30, ""lr"": 0.001, ""optimizer"": ""AdamW"", ""weight_decay"": 0.0001}",1200,0.0001,uniform,/home/roi/PycharmProjects/KD_v5/OUTPUTS/article1_v3/results_baseline.csv,282,,,,,,,,,,True
ce4b9886dc3da23c4ec80937dca96608fe5f8454c6299680143dd031516e5403,weighted_mean_logits,9dc3b75d34f50fd7e8121684c2e8b96473759a62ffdf4da9a899b6be2324c4f6,256,7ff045e85bdcdcb19da695baf49045e3320a14d4,670b210c0ef259ea1ea9a6b1b3fdea4af4bc44de1948cf723cedd6dbb171ed70,c704b120a3cb73aa8c8df617232d6058a17a3bc42b1535cd8876b14fac92544e,cifar,2.2063,30,30,300000,401.0,0.0401,0eff7977add55cf9e6a8d1ed0dcc76ab3858a46f,0.001,1.8053,oracle_logit,AdamW,,article1-v3,70730ee6b1ff4436096773eaa579a3febb5bee8fe240bc9c1038b82de74afdcb,bed4be8cbbddf6b7e019ee5f865d0201821d40925ca2b78a28d00ef0bde4d7bb,10000,full_original_order,43,bed4be8cbbddf6b7e019ee5f865d0201821d40925ca2b78a28d00ef0bde4d7bb,10000,deterministic_evaluation,multi,319503d2be798cfb,none,43,8d8f70d9576ed8e14d4afef6680ff98a22023d936bc36878f4603f4d7b911de4,1.3152461051940918,335be889b9913daeb5005a38607982797a1f0f6633ae7459498f792989576a97,0.7406,1.5173261867523191,0.9609,1.6300568768137669,0.8311786736876063,1.0,8.0,"{""K"": 10, ""batch_size"": 256, ""epochs"": 30, ""lr"": 0.001, ""optimizer"": ""AdamW"", ""weight_decay"": 0.0001}",1200,0.0001,selected_uniform,/home/roi/PycharmProjects/KD_v5/OUTPUTS/article1_v3/results_baseline.csv,283,,,,,,,,,,True
e6f1e0016bd69e5208d7779bafd908447f0ffbf5bd505201465dc3d9494ee864,mean_probabilities,9dc3b75d34f50fd7e8121684c2e8b96473759a62ffdf4da9a899b6be2324c4f6,256,7ff045e85bdcdcb19da695baf49045e3320a14d4,b0e774132de58204419c2668a7ac2df2bbceb888e21808d3fb6686e76d27e693,c704b120a3cb73aa8c8df617232d6058a17a3bc42b1535cd8876b14fac92544e,cifar,9.999999999999998,30,30,300000,0.0,0.0,0eff7977add55cf9e6a8d1ed0dcc76ab3858a46f,0.001,10.0,feddf_prob,AdamW,,article1-v3,70730ee6b1ff4436096773eaa579a3febb5bee8fe240bc9c1038b82de74afdcb,bed4be8cbbddf6b7e019ee5f865d0201821d40925ca2b78a28d00ef0bde4d7bb,10000,full_original_order,43,bed4be8cbbddf6b7e019ee5f865d0201821d40925ca2b78a28d00ef0bde4d7bb,10000,deterministic_evaluation,single,30fad745b10be4d3,none,43,8a4b0662e5225b8b2b8444a9f37a5b1a128e514c432b65ab90bd721bad2ddc52,0.041337251663208,335be889b9913daeb5005a38607982797a1f0f6633ae7459498f792989576a97,0.1064,2.540905977630615,0.1092,2.298976523619168,2.306377824902013,1.0,8.0,"{""K"": 10, ""batch_size"": 256, ""epochs"": 30, ""lr"": 0.001, ""optimizer"": ""AdamW"", ""weight_decay"": 0.0001}",1200,0.0001,uniform,/home/roi/PycharmProjects/KD_v5/OUTPUTS/article1_v3/results_baseline.csv,284,,,,,,,,,,True
e6f1e0016bd69e5208d7779bafd908447f0ffbf5bd505201465dc3d9494ee864,mean_probabilities,9dc3b75d34f50fd7e8121684c2e8b96473759a62ffdf4da9a899b6be2324c4f6,256,7ff045e85bdcdcb19da695baf49045e3320a14d4,b0e774132de58204419c2668a7ac2df2bbceb888e21808d3fb6686e76d27e693,c704b120a3cb73aa8c8df617232d6058a17a3bc42b1535cd8876b14fac92544e,cifar,1.0,30,30,300000,0.0,0.0,0eff7977add55cf9e6a8d1ed0dcc76ab3858a46f,0.001,1.0,expert_prob,AdamW,0.2683526521584528,article1-v3,70730ee6b1ff4436096773eaa579a3febb5bee8fe240bc9c1038b82de74afdcb,bed4be8cbbddf6b7e019ee5f865d0201821d40925ca2b78a28d00ef0bde4d7bb,10000,full_original_order,43,bed4be8cbbddf6b7e019ee5f865d0201821d40925ca2b78a28d00ef0bde4d7bb,10000,deterministic_evaluation,single,9d78cd505aef877c,none,43,b9af903baab970d629f967a313d8b68ad7e53cbe089248dddcbd688a81a3153e,0.8087859153747559,335be889b9913daeb5005a38607982797a1f0f6633ae7459498f792989576a97,0.8018,1.558212961578369,1.0,1.1515907386505606,0.3181445951576681,1.0,8.0,"{""K"": 10, ""batch_size"": 256, ""epochs"": 30, ""lr"": 0.001, ""optimizer"": ""AdamW"", ""weight_decay"": 0.0001}",1200,0.0001,selected_uniform,/home/roi/PycharmProjects/KD_v5/OUTPUTS/article1_v3/results_baseline.csv,285,,,,,,,,,,True
e6f1e0016bd69e5208d7779bafd908447f0ffbf5bd505201465dc3d9494ee864,mean_support_restricted_probabilities,9dc3b75d34f50fd7e8121684c2e8b96473759a62ffdf4da9a899b6be2324c4f6,256,7ff045e85bdcdcb19da695baf49045e3320a14d4,b0e774132de58204419c2668a7ac2df2bbceb888e21808d3fb6686e76d27e693,c704b120a3cb73aa8c8df617232d6058a17a3bc42b1535cd8876b14fac92544e,cifar,1.0,30,30,300000,0.0,0.0,0eff7977add55cf9e6a8d1ed0dcc76ab3858a46f,0.001,1.0,expert_prob_sr,AdamW,0.2683526521584528,article1-v3,70730ee6b1ff4436096773eaa579a3febb5bee8fe240bc9c1038b82de74afdcb,bed4be8cbbddf6b7e019ee5f865d0201821d40925ca2b78a28d00ef0bde4d7bb,10000,full_original_order,43,bed4be8cbbddf6b7e019ee5f865d0201821d40925ca2b78a28d00ef0bde4d7bb,10000,deterministic_evaluation,single,209815128fc8fe36,none,43,f572bf352cc04998976c80b36002c463b57d038c172a7acd59ecbe5f2251a65d,0.145888403058052,335be889b9913daeb5005a38607982797a1f0f6633ae7459498f792989576a97,0.8003,5.118799186706543,1.0,-0.0,-0.0,2.0,8.0,"{""K"": 10, ""batch_size"": 256, ""epochs"": 30, ""lr"": 0.001, ""optimizer"": ""AdamW"", ""weight_decay"": 0.0001}",1200,0.0001,selected_uniform,/home/roi/PycharmProjects/KD_v5/OUTPUTS/article1_v3/results_baseline.csv,286,,,,,,,,,,True
e6f1e0016bd69e5208d7779bafd908447f0ffbf5bd505201465dc3d9494ee864,mean_probabilities,9dc3b75d34f50fd7e8121684c2e8b96473759a62ffdf4da9a899b6be2324c4f6,256,7ff045e85bdcdcb19da695baf49045e3320a14d4,b0e774132de58204419c2668a7ac2df2bbceb888e21808d3fb6686e76d27e693,c704b120a3cb73aa8c8df617232d6058a17a3bc42b1535cd8876b14fac92544e,cifar,1.0,30,30,300000,0.0,0.0,0eff7977add55cf9e6a8d1ed0dcc76ab3858a46f,0.001,1.0,oracle_prob,AdamW,,article1-v3,70730ee6b1ff4436096773eaa579a3febb5bee8fe240bc9c1038b82de74afdcb,bed4be8cbbddf6b7e019ee5f865d0201821d40925ca2b78a28d00ef0bde4d7bb,10000,full_original_order,43,bed4be8cbbddf6b7e019ee5f865d0201821d40925ca2b78a28d00ef0bde4d7bb,10000,deterministic_evaluation,single,d50362a1d4b30185,none,43,b9af903baab970d629f967a313d8b68ad7e53cbe089248dddcbd688a81a3153e,0.8087859153747559,335be889b9913daeb5005a38607982797a1f0f6633ae7459498f792989576a97,0.8018,1.558212961578369,1.0,1.1515907386505606,0.3181445951576681,1.0,8.0,"{""K"": 10, ""batch_size"": 256, ""epochs"": 30, ""lr"": 0.001, ""optimizer"": ""AdamW"", ""weight_decay"": 0.0001}",1200,0.0001,selected_uniform,/home/roi/PycharmProjects/KD_v5/OUTPUTS/article1_v3/results_baseline.csv,287,,,,,,,,,,True
e6f1e0016bd69e5208d7779bafd908447f0ffbf5bd505201465dc3d9494ee864,weighted_mean_logits,9dc3b75d34f50fd7e8121684c2e8b96473759a62ffdf4da9a899b6be2324c4f6,256,7ff045e85bdcdcb19da695baf49045e3320a14d4,b0e774132de58204419c2668a7ac2df2bbceb888e21808d3fb6686e76d27e693,c704b120a3cb73aa8c8df617232d6058a17a3bc42b1535cd8876b14fac92544e,cifar,9.999999999999998,30,30,300000,0.0,0.0,0eff7977add55cf9e6a8d1ed0dcc76ab3858a46f,0.001,10.0,feddf_logit,AdamW,,article1-v3,70730ee6b1ff4436096773eaa579a3febb5bee8fe240bc9c1038b82de74afdcb,bed4be8cbbddf6b7e019ee5f865d0201821d40925ca2b78a28d00ef0bde4d7bb,10000,full_original_order,43,bed4be8cbbddf6b7e019ee5f865d0201821d40925ca2b78a28d00ef0bde4d7bb,10000,deterministic_evaluation,single,016e17606ae032ce,none,43,09472f7aef8f81d834b43325536d1b4038acdfafd55fe18f8d16e5faa4c5e2e8,0.0149531960487365,335be889b9913daeb5005a38607982797a1f0f6633ae7459498f792989576a97,0.1192,2.49973550491333,0.1122,2.300282550086995,2.309190689438218,1.0,8.0,"{""K"": 10, ""batch_size"": 256, ""epochs"": 30, ""lr"": 0.001, ""optimizer"": ""AdamW"", ""weight_decay"": 0.0001}",1200,0.0001,uniform,/home/roi/PycharmProjects/KD_v5/OUTPUTS/article1_v3/results_baseline.csv,288,,,,,,,,,,True
e6f1e0016bd69e5208d7779bafd908447f0ffbf5bd505201465dc3d9494ee864,weighted_mean_logits,9dc3b75d34f50fd7e8121684c2e8b96473759a62ffdf4da9a899b6be2324c4f6,256,7ff045e85bdcdcb19da695baf49045e3320a14d4,b0e774132de58204419c2668a7ac2df2bbceb888e21808d3fb6686e76d27e693,c704b120a3cb73aa8c8df617232d6058a17a3bc42b1535cd8876b14fac92544e,cifar,1.0,30,30,300000,0.0,0.0,0eff7977add55cf9e6a8d1ed0dcc76ab3858a46f,0.001,1.0,oracle_logit,AdamW,,article1-v3,70730ee6b1ff4436096773eaa579a3febb5bee8fe240bc9c1038b82de74afdcb,bed4be8cbbddf6b7e019ee5f865d0201821d40925ca2b78a28d00ef0bde4d7bb,10000,full_original_order,43,bed4be8cbbddf6b7e019ee5f865d0201821d40925ca2b78a28d00ef0bde4d7bb,10000,deterministic_evaluation,single,0ce85fdb9c38d1f1,none,43,b9af903baab970d629f967a313d8b68ad7e53cbe089248dddcbd688a81a3153e,0.8087859153747559,335be889b9913daeb5005a38607982797a1f0f6633ae7459498f792989576a97,0.8018,1.558212961578369,1.0,1.1515907386505606,0.3181445951576681,1.0,8.0,"{""K"": 10, ""batch_size"": 256, ""epochs"": 30, ""lr"": 0.001, ""optimizer"": ""AdamW"", ""weight_decay"": 0.0001}",1200,0.0001,selected_uniform,/home/roi/PycharmProjects/KD_v5/OUTPUTS/article1_v3/results_baseline.csv,289,,,,,,,,,,True
059be922475ef12f58bc3781d108bf6a3d24d8a5cf138278e605d74b6f4cc0d1,mean_probabilities,1f3034cbd83dc007bebbb86cb19474d4ce302552e2dd4f9a5af623e717861d58,256,7ff045e85bdcdcb19da695baf49045e3320a14d4,2c264eb2b010463c5e733bb95ad9ab1809529bedec649fec20beca0919e18402,40722a1b2e1bd53024c6927f9304d3ab249668be780c1d3b721c7dbf5780613a,cifar,9.999999999999998,30,30,300000,0.0,0.0,0eff7977add55cf9e6a8d1ed0dcc76ab3858a46f,0.001,10.0,feddf_prob,AdamW,,article1-v3,bbbb2fd925f2d965ef63c9d3518f3862a6f0d89340e133b6232a70cc41007adf,bb299879f6f7c5c2039d6b8d2a92bcc4d9457d5113e2928c6257cbe8e8881cd5,10000,full_original_order,44,bb299879f6f7c5c2039d6b8d2a92bcc4d9457d5113e2928c6257cbe8e8881cd5,10000,deterministic_evaluation,iid,fa2bcb5db7319c76,none,44,265522cd213bb764c875c7ba80d5a38840665c00ab81df9fe9d7edee392c7c25,0.170531690120697,46589cf6bfcd1fa9ee8bf3ef4d53bdd80a9fb701649506d084ffd4cf895930da,0.7471,0.7422387187004089,0.7951,2.1841124427676046,1.6115981178102532,1.0,8.0,"{""K"": 10, ""batch_size"": 256, ""epochs"": 30, ""lr"": 0.001, ""optimizer"": ""AdamW"", ""weight_decay"": 0.0001}",1200,0.0001,uniform,/home/roi/PycharmProjects/KD_v5/OUTPUTS/article1_v3/results_baseline.csv,290,,,,,,,,,,True
059be922475ef12f58bc3781d108bf6a3d24d8a5cf138278e605d74b6f4cc0d1,mean_probabilities,1f3034cbd83dc007bebbb86cb19474d4ce302552e2dd4f9a5af623e717861d58,256,7ff045e85bdcdcb19da695baf49045e3320a14d4,2c264eb2b010463c5e733bb95ad9ab1809529bedec649fec20beca0919e18402,40722a1b2e1bd53024c6927f9304d3ab249668be780c1d3b721c7dbf5780613a,cifar,6.2,30,30,300000,1000.0,0.1,0eff7977add55cf9e6a8d1ed0dcc76ab3858a46f,0.001,5.2,expert_prob,AdamW,0.3861728077158272,article1-v3,bbbb2fd925f2d965ef63c9d3518f3862a6f0d89340e133b6232a70cc41007adf,bb299879f6f7c5c2039d6b8d2a92bcc4d9457d5113e2928c6257cbe8e8881cd5,10000,full_original_order,44,bb299879f6f7c5c2039d6b8d2a92bcc4d9457d5113e2928c6257cbe8e8881cd5,10000,deterministic_evaluation,iid,f048d10da4d4f8c5,none,44,052a609dfbd57c7fd115f1776f2593dcd8fc1bd4477be69a268713d84da45367,0.2337781488895416,46589cf6bfcd1fa9ee8bf3ef4d53bdd80a9fb701649506d084ffd4cf895930da,0.7501,0.7439198655128479,0.8219,2.1693333030041497,1.5625314945492446,1.0,8.0,"{""K"": 10, ""batch_size"": 256, ""epochs"": 30, ""lr"": 0.001, ""optimizer"": ""AdamW"", ""weight_decay"": 0.0001}",1200,0.0001,selected_uniform,/home/roi/PycharmProjects/KD_v5/OUTPUTS/article1_v3/results_baseline.csv,291,,,,,,,,,,True
059be922475ef12f58bc3781d108bf6a3d24d8a5cf138278e605d74b6f4cc0d1,mean_support_restricted_probabilities,1f3034cbd83dc007bebbb86cb19474d4ce302552e2dd4f9a5af623e717861d58,256,7ff045e85bdcdcb19da695baf49045e3320a14d4,2c264eb2b010463c5e733bb95ad9ab1809529bedec649fec20beca0919e18402,40722a1b2e1bd53024c6927f9304d3ab249668be780c1d3b721c7dbf5780613a,cifar,6.2,30,30,300000,1000.0,0.1,0eff7977add55cf9e6a8d1ed0dcc76ab3858a46f,0.001,5.2,expert_prob_sr,AdamW,0.3861728077158272,article1-v3,bbbb2fd925f2d965ef63c9d3518f3862a6f0d89340e133b6232a70cc41007adf,bb299879f6f7c5c2039d6b8d2a92bcc4d9457d5113e2928c6257cbe8e8881cd5,10000,full_original_order,44,bb299879f6f7c5c2039d6b8d2a92bcc4d9457d5113e2928c6257cbe8e8881cd5,10000,deterministic_evaluation,iid,6b6e54aac0100371,none,44,e0ca243608e31abb7ba1aef88fe3b0b53e057cbc149387e556bd9e6d8a70dc24,0.3864661455154419,46589cf6bfcd1fa9ee8bf3ef4d53bdd80a9fb701649506d084ffd4cf895930da,0.6964,2.980053644180298,0.93,1.8466707879682107,1.096774737531452,2.0,8.0,"{""K"": 10, ""batch_size"": 256, ""epochs"": 30, ""lr"": 0.001, ""optimizer"": ""AdamW"", ""weight_decay"": 0.0001}",1200,0.0001,selected_uniform,/home/roi/PycharmProjects/KD_v5/OUTPUTS/article1_v3/results_baseline.csv,292,,,,,,,,,,True
059be922475ef12f58bc3781d108bf6a3d24d8a5cf138278e605d74b6f4cc0d1,mean_probabilities,1f3034cbd83dc007bebbb86cb19474d4ce302552e2dd4f9a5af623e717861d58,256,7ff045e85bdcdcb19da695baf49045e3320a14d4,2c264eb2b010463c5e733bb95ad9ab1809529bedec649fec20beca0919e18402,40722a1b2e1bd53024c6927f9304d3ab249668be780c1d3b721c7dbf5780613a,cifar,7.2819,30,30,300000,494.0,0.0494,0eff7977add55cf9e6a8d1ed0dcc76ab3858a46f,0.001,6.7879,oracle_prob,AdamW,,article1-v3,bbbb2fd925f2d965ef63c9d3518f3862a6f0d89340e133b6232a70cc41007adf,bb299879f6f7c5c2039d6b8d2a92bcc4d9457d5113e2928c6257cbe8e8881cd5,10000,full_original_order,44,bb299879f6f7c5c2039d6b8d2a92bcc4d9457d5113e2928c6257cbe8e8881cd5,10000,deterministic_evaluation,iid,98037d56541a91a1,none,44,296d1e28ad006118f19a7861c59a1a5521d806dbe6dec8b1ea7224dc8a42bea4,0.2356230616569519,46589cf6bfcd1fa9ee8bf3ef4d53bdd80a9fb701649506d084ffd4cf895930da,0.7602,0.6973271984100342,0.9506,2.175826124977973,1.532354719515066,1.0,8.0,"{""K"": 10, ""batch_size"": 256, ""epochs"": 30, ""lr"": 0.001, ""optimizer"": ""AdamW"", ""weight_decay"": 0.0001}",1200,0.0001,selected_uniform,/home/roi/PycharmProjects/KD_v5/OUTPUTS/article1_v3/results_baseline.csv,293,,,,,,,,,,True
059be922475ef12f58bc3781d108bf6a3d24d8a5cf138278e605d74b6f4cc0d1,weighted_mean_logits,1f3034cbd83dc007bebbb86cb19474d4ce302552e2dd4f9a5af623e717861d58,256,7ff045e85bdcdcb19da695baf49045e3320a14d4,2c264eb2b010463c5e733bb95ad9ab1809529bedec649fec20beca0919e18402,40722a1b2e1bd53024c6927f9304d3ab249668be780c1d3b721c7dbf5780613a,cifar,9.999999999999998,30,30,300000,0.0,0.0,0eff7977add55cf9e6a8d1ed0dcc76ab3858a46f,0.001,10.0,feddf_logit,AdamW,,article1-v3,bbbb2fd925f2d965ef63c9d3518f3862a6f0d89340e133b6232a70cc41007adf,bb299879f6f7c5c2039d6b8d2a92bcc4d9457d5113e2928c6257cbe8e8881cd5,10000,full_original_order,44,bb299879f6f7c5c2039d6b8d2a92bcc4d9457d5113e2928c6257cbe8e8881cd5,10000,deterministic_evaluation,iid,04de2951944865c5,none,44,78a233cd6a950a50f9742cba745e654938cf73835ddb42163ceb879dfa01abe9,0.160694271326065,46589cf6bfcd1fa9ee8bf3ef4d53bdd80a9fb701649506d084ffd4cf895930da,0.7491,0.7432672451972961,0.7923,2.182206690832577,1.6108557450833247,1.0,8.0,"{""K"": 10, ""batch_size"": 256, ""epochs"": 30, ""lr"": 0.001, ""optimizer"": ""AdamW"", ""weight_decay"": 0.0001}",1200,0.0001,uniform,/home/roi/PycharmProjects/KD_v5/OUTPUTS/article1_v3/results_baseline.csv,294,,,,,,,,,,True
059be922475ef12f58bc3781d108bf6a3d24d8a5cf138278e605d74b6f4cc0d1,weighted_mean_logits,1f3034cbd83dc007bebbb86cb19474d4ce302552e2dd4f9a5af623e717861d58,256,7ff045e85bdcdcb19da695baf49045e3320a14d4,2c264eb2b010463c5e733bb95ad9ab1809529bedec649fec20beca0919e18402,40722a1b2e1bd53024c6927f9304d3ab249668be780c1d3b721c7dbf5780613a,cifar,7.2819,30,30,300000,494.0,0.0494,0eff7977add55cf9e6a8d1ed0dcc76ab3858a46f,0.001,6.7879,oracle_logit,AdamW,,article1-v3,bbbb2fd925f2d965ef63c9d3518f3862a6f0d89340e133b6232a70cc41007adf,bb299879f6f7c5c2039d6b8d2a92bcc4d9457d5113e2928c6257cbe8e8881cd5,10000,full_original_order,44,bb299879f6f7c5c2039d6b8d2a92bcc4d9457d5113e2928c6257cbe8e8881cd5,10000,deterministic_evaluation,iid,70c8cf0445c1420f,none,44,51894b982887392198fbf9a68bb05b782871cc9b431c09074cd4b3e1894ec3b0,0.2298654019832611,46589cf6bfcd1fa9ee8bf3ef4d53bdd80a9fb701649506d084ffd4cf895930da,0.7626,0.6976778889656067,0.9506,2.1733306459200525,1.5291408159976887,1.0,8.0,"{""K"": 10, ""batch_size"": 256, ""epochs"": 30, ""lr"": 0.001, ""optimizer"": ""AdamW"", ""weight_decay"": 0.0001}",1200,0.0001,selected_uniform,/home/roi/PycharmProjects/KD_v5/OUTPUTS/article1_v3/results_baseline.csv,295,,,,,,,,,,True
1304f9f4dc5506cdebd6eaee7f035494c59acfde2aa752f3ed9e8a0e585d0f8e,mean_probabilities,1f3034cbd83dc007bebbb86cb19474d4ce302552e2dd4f9a5af623e717861d58,256,7ff045e85bdcdcb19da695baf49045e3320a14d4,ac64e8a1ac9986df772a8f5f2448b636c350acd0251d36a811a43314d6a2a134,40722a1b2e1bd53024c6927f9304d3ab249668be780c1d3b721c7dbf5780613a,cifar,9.999999999999998,30,30,300000,0.0,0.0,0eff7977add55cf9e6a8d1ed0dcc76ab3858a46f,0.001,10.0,feddf_prob,AdamW,,article1-v3,bbbb2fd925f2d965ef63c9d3518f3862a6f0d89340e133b6232a70cc41007adf,bb299879f6f7c5c2039d6b8d2a92bcc4d9457d5113e2928c6257cbe8e8881cd5,10000,full_original_order,44,bb299879f6f7c5c2039d6b8d2a92bcc4d9457d5113e2928c6257cbe8e8881cd5,10000,deterministic_evaluation,alpha1p0,029ecf7489812429,none,44,e5ef329557680c4ec213c95d74448c3b1234ecae24fda7552bd4b6a4974ff165,0.1811184883117675,46589cf6bfcd1fa9ee8bf3ef4d53bdd80a9fb701649506d084ffd4cf895930da,0.7383,0.757378346824646,0.7787,2.2023163942818784,1.6707446908972052,1.0,8.0,"{""K"": 10, ""batch_size"": 256, ""epochs"": 30, ""lr"": 0.001, ""optimizer"": ""AdamW"", ""weight_decay"": 0.0001}",1200,0.0001,uniform,/home/roi/PycharmProjects/KD_v5/OUTPUTS/article1_v3/results_baseline.csv,296,,,,,,,,,,True
1304f9f4dc5506cdebd6eaee7f035494c59acfde2aa752f3ed9e8a0e585d0f8e,mean_probabilities,1f3034cbd83dc007bebbb86cb19474d4ce302552e2dd4f9a5af623e717861d58,256,7ff045e85bdcdcb19da695baf49045e3320a14d4,ac64e8a1ac9986df772a8f5f2448b636c350acd0251d36a811a43314d6a2a134,40722a1b2e1bd53024c6927f9304d3ab249668be780c1d3b721c7dbf5780613a,cifar,4.0,30,30,300000,0.0,0.0,0eff7977add55cf9e6a8d1ed0dcc76ab3858a46f,0.001,4.0,expert_prob,AdamW,0.4449831803615062,article1-v3,bbbb2fd925f2d965ef63c9d3518f3862a6f0d89340e133b6232a70cc41007adf,bb299879f6f7c5c2039d6b8d2a92bcc4d9457d5113e2928c6257cbe8e8881cd5,10000,full_original_order,44,bb299879f6f7c5c2039d6b8d2a92bcc4d9457d5113e2928c6257cbe8e8881cd5,10000,deterministic_evaluation,alpha1p0,3f9ec0095a44e2b6,none,44,94cb352733787e940582d12f56e4f963157790b3ab083336d722ea76097b4996,0.4170272350311279,46589cf6bfcd1fa9ee8bf3ef4d53bdd80a9fb701649506d084ffd4cf895930da,0.7503,0.8027165410995484,0.9117,2.1451626937592603,1.4359060444522842,1.0,8.0,"{""K"": 10, ""batch_size"": 256, ""epochs"": 30, ""lr"": 0.001, ""optimizer"": ""AdamW"", ""weight_decay"": 0.0001}",1200,0.0001,selected_uniform,/home/roi/PycharmProjects/KD_v5/OUTPUTS/article1_v3/results_baseline.csv,297,,,,,,,,,,True
1304f9f4dc5506cdebd6eaee7f035494c59acfde2aa752f3ed9e8a0e585d0f8e,mean_support_restricted_probabilities,1f3034cbd83dc007bebbb86cb19474d4ce302552e2dd4f9a5af623e717861d58,256,7ff045e85bdcdcb19da695baf49045e3320a14d4,ac64e8a1ac9986df772a8f5f2448b636c350acd0251d36a811a43314d6a2a134,40722a1b2e1bd53024c6927f9304d3ab249668be780c1d3b721c7dbf5780613a,cifar,4.0,30,30,300000,0.0,0.0,0eff7977add55cf9e6a8d1ed0dcc76ab3858a46f,0.001,4.0,expert_prob_sr,AdamW,0.4449831803615062,article1-v3,bbbb2fd925f2d965ef63c9d3518f3862a6f0d89340e133b6232a70cc41007adf,bb299879f6f7c5c2039d6b8d2a92bcc4d9457d5113e2928c6257cbe8e8881cd5,10000,full_original_order,44,bb299879f6f7c5c2039d6b8d2a92bcc4d9457d5113e2928c6257cbe8e8881cd5,10000,deterministic_evaluation,alpha1p0,cf3b68f26236ee46,none,44,815a15fc59e771004ae07cd54862fda01a007bc3d38ce7281011b7e588db07b5,1.5562883615493774,46589cf6bfcd1fa9ee8bf3ef4d53bdd80a9fb701649506d084ffd4cf895930da,0.728,2.306248474884033,0.9823,1.6527181604545298,0.7943985745840734,2.0,8.0,"{""K"": 10, ""batch_size"": 256, ""epochs"": 30, ""lr"": 0.001, ""optimizer"": ""AdamW"", ""weight_decay"": 0.0001}",1200,0.0001,selected_uniform,/home/roi/PycharmProjects/KD_v5/OUTPUTS/article1_v3/results_baseline.csv,298,,,,,,,,,,True
1304f9f4dc5506cdebd6eaee7f035494c59acfde2aa752f3ed9e8a0e585d0f8e,mean_probabilities,1f3034cbd83dc007bebbb86cb19474d4ce302552e2dd4f9a5af623e717861d58,256,7ff045e85bdcdcb19da695baf49045e3320a14d4,ac64e8a1ac9986df772a8f5f2448b636c350acd0251d36a811a43314d6a2a134,40722a1b2e1bd53024c6927f9304d3ab249668be780c1d3b721c7dbf5780613a,cifar,5.8001,30,30,300000,306.0,0.0306,0eff7977add55cf9e6a8d1ed0dcc76ab3858a46f,0.001,5.4941,oracle_prob,AdamW,,article1-v3,bbbb2fd925f2d965ef63c9d3518f3862a6f0d89340e133b6232a70cc41007adf,bb299879f6f7c5c2039d6b8d2a92bcc4d9457d5113e2928c6257cbe8e8881cd5,10000,full_original_order,44,bb299879f6f7c5c2039d6b8d2a92bcc4d9457d5113e2928c6257cbe8e8881cd5,10000,deterministic_evaluation,alpha1p0,976891d6ce61e4cc,none,44,311378758dbc56f4b431edfc44d9443470faad46e1dc87e2631056e6e31f9cac,0.3144407272338867,46589cf6bfcd1fa9ee8bf3ef4d53bdd80a9fb701649506d084ffd4cf895930da,0.7661,0.6973844346046447,0.9699,2.171991094811693,1.4757346228513926,1.0,8.0,"{""K"": 10, ""batch_size"": 256, ""epochs"": 30, ""lr"": 0.001, ""optimizer"": ""AdamW"", ""weight_decay"": 0.0001}",1200,0.0001,selected_uniform,/home/roi/PycharmProjects/KD_v5/OUTPUTS/article1_v3/results_baseline.csv,299,,,,,,,,,,True
1304f9f4dc5506cdebd6eaee7f035494c59acfde2aa752f3ed9e8a0e585d0f8e,weighted_mean_logits,1f3034cbd83dc007bebbb86cb19474d4ce302552e2dd4f9a5af623e717861d58,256,7ff045e85bdcdcb19da695baf49045e3320a14d4,ac64e8a1ac9986df772a8f5f2448b636c350acd0251d36a811a43314d6a2a134,40722a1b2e1bd53024c6927f9304d3ab249668be780c1d3b721c7dbf5780613a,cifar,9.999999999999998,30,30,300000,0.0,0.0,0eff7977add55cf9e6a8d1ed0dcc76ab3858a46f,0.001,10.0,feddf_logit,AdamW,,article1-v3,bbbb2fd925f2d965ef63c9d3518f3862a6f0d89340e133b6232a70cc41007adf,bb299879f6f7c5c2039d6b8d2a92bcc4d9457d5113e2928c6257cbe8e8881cd5,10000,full_original_order,44,bb299879f6f7c5c2039d6b8d2a92bcc4d9457d5113e2928c6257cbe8e8881cd5,10000,deterministic_evaluation,alpha1p0,de546cca3eaa3408,none,44,73d3691122bfeed8374bbcc457b943fbf7247a0237089fc818eb38012d396348,0.175798237323761,46589cf6bfcd1fa9ee8bf3ef4d53bdd80a9fb701649506d084ffd4cf895930da,0.7221,0.8069720258712768,0.7531,2.202816100170373,1.684526653467324,1.0,8.0,"{""K"": 10, ""batch_size"": 256, ""epochs"": 30, ""lr"": 0.001, ""optimizer"": ""AdamW"", ""weight_decay"": 0.0001}",1200,0.0001,uniform,/home/roi/PycharmProjects/KD_v5/OUTPUTS/article1_v3/results_baseline.csv,300,,,,,,,,,,True
1304f9f4dc5506cdebd6eaee7f035494c59acfde2aa752f3ed9e8a0e585d0f8e,weighted_mean_logits,1f3034cbd83dc007bebbb86cb19474d4ce302552e2dd4f9a5af623e717861d58,256,7ff045e85bdcdcb19da695baf49045e3320a14d4,ac64e8a1ac9986df772a8f5f2448b636c350acd0251d36a811a43314d6a2a134,40722a1b2e1bd53024c6927f9304d3ab249668be780c1d3b721c7dbf5780613a,cifar,5.8001,30,30,300000,306.0,0.0306,0eff7977add55cf9e6a8d1ed0dcc76ab3858a46f,0.001,5.4941,oracle_logit,AdamW,,article1-v3,bbbb2fd925f2d965ef63c9d3518f3862a6f0d89340e133b6232a70cc41007adf,bb299879f6f7c5c2039d6b8d2a92bcc4d9457d5113e2928c6257cbe8e8881cd5,10000,full_original_order,44,bb299879f6f7c5c2039d6b8d2a92bcc4d9457d5113e2928c6257cbe8e8881cd5,10000,deterministic_evaluation,alpha1p0,44d02313966295d1,none,44,57041d5d794b728ca9bb37177d708f38af35e048bbd26e845c22b9a827badefc,0.3316992819309234,46589cf6bfcd1fa9ee8bf3ef4d53bdd80a9fb701649506d084ffd4cf895930da,0.7645,0.7184468600749969,0.9699,2.1680584503675866,1.467771245511656,1.0,8.0,"{""K"": 10, ""batch_size"": 256, ""epochs"": 30, ""lr"": 0.001, ""optimizer"": ""AdamW"", ""weight_decay"": 0.0001}",1200,0.0001,selected_uniform,/home/roi/PycharmProjects/KD_v5/OUTPUTS/article1_v3/results_baseline.csv,301,,,,,,,,,,True
56af34dea0ba5c81cb73823e3b755b68c73e3e679efb7421d3f8eca00bbf26ef,mean_probabilities,1f3034cbd83dc007bebbb86cb19474d4ce302552e2dd4f9a5af623e717861d58,256,7ff045e85bdcdcb19da695baf49045e3320a14d4,7f55bb4b9d019ca487a2b41eb1894bceaf615cbbadd0fea2a9c7816fcf7393b5,40722a1b2e1bd53024c6927f9304d3ab249668be780c1d3b721c7dbf5780613a,cifar,9.999999999999998,30,30,300000,0.0,0.0,0eff7977add55cf9e6a8d1ed0dcc76ab3858a46f,0.001,10.0,feddf_prob,AdamW,,article1-v3,bbbb2fd925f2d965ef63c9d3518f3862a6f0d89340e133b6232a70cc41007adf,bb299879f6f7c5c2039d6b8d2a92bcc4d9457d5113e2928c6257cbe8e8881cd5,10000,full_original_order,44,bb299879f6f7c5c2039d6b8d2a92bcc4d9457d5113e2928c6257cbe8e8881cd5,10000,deterministic_evaluation,alpha0p5,b7f165e8e2e18b64,none,44,5629d9df0515d07b504296097e5f3c37d335fc2221554d39e473092e7bb31072,0.1160761713981628,46589cf6bfcd1fa9ee8bf3ef4d53bdd80a9fb701649506d084ffd4cf895930da,0.6944,0.8972167292594909,0.7418,2.2192276479821222,1.7281793966554444,1.0,8.0,"{""K"": 10, ""batch_size"": 256, ""epochs"": 30, ""lr"": 0.001, ""optimizer"": ""AdamW"", ""weight_decay"": 0.0001}",1200,0.0001,uniform,/home/roi/PycharmProjects/KD_v5/OUTPUTS/article1_v3/results_baseline.csv,302,,,,,,,,,,True
56af34dea0ba5c81cb73823e3b755b68c73e3e679efb7421d3f8eca00bbf26ef,mean_probabilities,1f3034cbd83dc007bebbb86cb19474d4ce302552e2dd4f9a5af623e717861d58,256,7ff045e85bdcdcb19da695baf49045e3320a14d4,7f55bb4b9d019ca487a2b41eb1894bceaf615cbbadd0fea2a9c7816fcf7393b5,40722a1b2e1bd53024c6927f9304d3ab249668be780c1d3b721c7dbf5780613a,cifar,4.0,30,30,300000,0.0,0.0,0eff7977add55cf9e6a8d1ed0dcc76ab3858a46f,0.001,4.0,expert_prob,AdamW,0.4058695601968085,article1-v3,bbbb2fd925f2d965ef63c9d3518f3862a6f0d89340e133b6232a70cc41007adf,bb299879f6f7c5c2039d6b8d2a92bcc4d9457d5113e2928c6257cbe8e8881cd5,10000,full_original_order,44,bb299879f6f7c5c2039d6b8d2a92bcc4d9457d5113e2928c6257cbe8e8881cd5,10000,deterministic_evaluation,alpha0p5,43e1e8dbb73f2bc9,none,44,0f794aff77fed573f6ab0e15f02d16263c0e940bceea2b7278c4b820cd8c1447,0.3803088366985321,46589cf6bfcd1fa9ee8bf3ef4d53bdd80a9fb701649506d084ffd4cf895930da,0.75,0.8396518667221069,0.9345,2.1296452639602483,1.3793831918242194,1.0,8.0,"{""K"": 10, ""batch_size"": 256, ""epochs"": 30, ""lr"": 0.001, ""optimizer"": ""AdamW"", ""weight_decay"": 0.0001}",1200,0.0001,selected_uniform,/home/roi/PycharmProjects/KD_v5/OUTPUTS/article1_v3/results_baseline.csv,303,,,,,,,,,,True
56af34dea0ba5c81cb73823e3b755b68c73e3e679efb7421d3f8eca00bbf26ef,mean_support_restricted_probabilities,1f3034cbd83dc007bebbb86cb19474d4ce302552e2dd4f9a5af623e717861d58,256,7ff045e85bdcdcb19da695baf49045e3320a14d4,7f55bb4b9d019ca487a2b41eb1894bceaf615cbbadd0fea2a9c7816fcf7393b5,40722a1b2e1bd53024c6927f9304d3ab249668be780c1d3b721c7dbf5780613a,cifar,4.0,30,30,300000,0.0,0.0,0eff7977add55cf9e6a8d1ed0dcc76ab3858a46f,0.001,4.0,expert_prob_sr,AdamW,0.4058695601968085,article1-v3,bbbb2fd925f2d965ef63c9d3518f3862a6f0d89340e133b6232a70cc41007adf,bb299879f6f7c5c2039d6b8d2a92bcc4d9457d5113e2928c6257cbe8e8881cd5,10000,full_original_order,44,bb299879f6f7c5c2039d6b8d2a92bcc4d9457d5113e2928c6257cbe8e8881cd5,10000,deterministic_evaluation,alpha0p5,9e2d1b32bfb5f99b,none,44,850b7d2b2a330234f475fb0bb2f110adbbd63831f9c77a882220e03d72e28108,1.308349847793579,46589cf6bfcd1fa9ee8bf3ef4d53bdd80a9fb701649506d084ffd4cf895930da,0.6987,3.12164776763916,0.9822,1.5781160782829506,0.792390573050323,2.0,8.0,"{""K"": 10, ""batch_size"": 256, ""epochs"": 30, ""lr"": 0.001, ""optimizer"": ""AdamW"", ""weight_decay"": 0.0001}",1200,0.0001,selected_uniform,/home/roi/PycharmProjects/KD_v5/OUTPUTS/article1_v3/results_baseline.csv,304,,,,,,,,,,True
56af34dea0ba5c81cb73823e3b755b68c73e3e679efb7421d3f8eca00bbf26ef,mean_probabilities,1f3034cbd83dc007bebbb86cb19474d4ce302552e2dd4f9a5af623e717861d58,256,7ff045e85bdcdcb19da695baf49045e3320a14d4,7f55bb4b9d019ca487a2b41eb1894bceaf615cbbadd0fea2a9c7816fcf7393b5,40722a1b2e1bd53024c6927f9304d3ab249668be780c1d3b721c7dbf5780613a,cifar,4.9394,30,30,300000,229.0,0.0229,0eff7977add55cf9e6a8d1ed0dcc76ab3858a46f,0.001,4.7104,oracle_prob,AdamW,,article1-v3,bbbb2fd925f2d965ef63c9d3518f3862a6f0d89340e133b6232a70cc41007adf,bb299879f6f7c5c2039d6b8d2a92bcc4d9457d5113e2928c6257cbe8e8881cd5,10000,full_original_order,44,bb299879f6f7c5c2039d6b8d2a92bcc4d9457d5113e2928c6257cbe8e8881cd5,10000,deterministic_evaluation,alpha0p5,bc97d7978a92757f,none,44,7517b88e7097af64819d0400bd16e3266faa1360c401c965f1ce4951e8414a1f,0.2640068531036377,46589cf6bfcd1fa9ee8bf3ef4d53bdd80a9fb701649506d084ffd4cf895930da,0.7626,0.7346429990768433,0.9775,2.151376977193886,1.405382707336067,1.0,8.0,"{""K"": 10, ""batch_size"": 256, ""epochs"": 30, ""lr"": 0.001, ""optimizer"": ""AdamW"", ""weight_decay"": 0.0001}",1200,0.0001,selected_uniform,/home/roi/PycharmProjects/KD_v5/OUTPUTS/article1_v3/results_baseline.csv,305,,,,,,,,,,True
56af34dea0ba5c81cb73823e3b755b68c73e3e679efb7421d3f8eca00bbf26ef,weighted_mean_logits,1f3034cbd83dc007bebbb86cb19474d4ce302552e2dd4f9a5af623e717861d58,256,7ff045e85bdcdcb19da695baf49045e3320a14d4,7f55bb4b9d019ca487a2b41eb1894bceaf615cbbadd0fea2a9c7816fcf7393b5,40722a1b2e1bd53024c6927f9304d3ab249668be780c1d3b721c7dbf5780613a,cifar,9.999999999999998,30,30,300000,0.0,0.0,0eff7977add55cf9e6a8d1ed0dcc76ab3858a46f,0.001,10.0,feddf_logit,AdamW,,article1-v3,bbbb2fd925f2d965ef63c9d3518f3862a6f0d89340e133b6232a70cc41007adf,bb299879f6f7c5c2039d6b8d2a92bcc4d9457d5113e2928c6257cbe8e8881cd5,10000,full_original_order,44,bb299879f6f7c5c2039d6b8d2a92bcc4d9457d5113e2928c6257cbe8e8881cd5,10000,deterministic_evaluation,alpha0p5,1e9c8ccd1e771ac7,none,44,203da46af5d91b1c1f5f5ffc750630bb170bd8c3c487dad4085bbc3ddb64cbe4,0.108207106590271,46589cf6bfcd1fa9ee8bf3ef4d53bdd80a9fb701649506d084ffd4cf895930da,0.6774,0.9990643453598024,0.6916,2.223778595806841,1.770816465576691,1.0,8.0,"{""K"": 10, ""batch_size"": 256, ""epochs"": 30, ""lr"": 0.001, ""optimizer"": ""AdamW"", ""weight_decay"": 0.0001}",1200,0.0001,uniform,/home/roi/PycharmProjects/KD_v5/OUTPUTS/article1_v3/results_baseline.csv,306,,,,,,,,,,True
56af34dea0ba5c81cb73823e3b755b68c73e3e679efb7421d3f8eca00bbf26ef,weighted_mean_logits,1f3034cbd83dc007bebbb86cb19474d4ce302552e2dd4f9a5af623e717861d58,256,7ff045e85bdcdcb19da695baf49045e3320a14d4,7f55bb4b9d019ca487a2b41eb1894bceaf615cbbadd0fea2a9c7816fcf7393b5,40722a1b2e1bd53024c6927f9304d3ab249668be780c1d3b721c7dbf5780613a,cifar,4.9394,30,30,300000,229.0,0.0229,0eff7977add55cf9e6a8d1ed0dcc76ab3858a46f,0.001,4.7104,oracle_logit,AdamW,,article1-v3,bbbb2fd925f2d965ef63c9d3518f3862a6f0d89340e133b6232a70cc41007adf,bb299879f6f7c5c2039d6b8d2a92bcc4d9457d5113e2928c6257cbe8e8881cd5,10000,full_original_order,44,bb299879f6f7c5c2039d6b8d2a92bcc4d9457d5113e2928c6257cbe8e8881cd5,10000,deterministic_evaluation,alpha0p5,12aa7bc5bfd8ca62,none,44,b34f7341adf00b3981b812595fbf894edb391d2168caf34404b5dcb7ce33f843,0.3363472819328308,46589cf6bfcd1fa9ee8bf3ef4d53bdd80a9fb701649506d084ffd4cf895930da,0.7603,0.7422684561729431,0.9775,2.139668230844345,1.3798246865559831,1.0,8.0,"{""K"": 10, ""batch_size"": 256, ""epochs"": 30, ""lr"": 0.001, ""optimizer"": ""AdamW"", ""weight_decay"": 0.0001}",1200,0.0001,selected_uniform,/home/roi/PycharmProjects/KD_v5/OUTPUTS/article1_v3/results_baseline.csv,307,,,,,,,,,,True
cecf6fdcbdfae1fae44fbbe05658d49421ee7dab96cd38570c6de368e9311c01,mean_probabilities,1f3034cbd83dc007bebbb86cb19474d4ce302552e2dd4f9a5af623e717861d58,256,7ff045e85bdcdcb19da695baf49045e3320a14d4,89288c8820f0afac2817cce5320a371303b0aabae735b81c82db7a423f39650a,40722a1b2e1bd53024c6927f9304d3ab249668be780c1d3b721c7dbf5780613a,cifar,9.999999999999998,30,30,300000,0.0,0.0,0eff7977add55cf9e6a8d1ed0dcc76ab3858a46f,0.001,10.0,feddf_prob,AdamW,,article1-v3,bbbb2fd925f2d965ef63c9d3518f3862a6f0d89340e133b6232a70cc41007adf,bb299879f6f7c5c2039d6b8d2a92bcc4d9457d5113e2928c6257cbe8e8881cd5,10000,full_original_order,44,bb299879f6f7c5c2039d6b8d2a92bcc4d9457d5113e2928c6257cbe8e8881cd5,10000,deterministic_evaluation,alpha0p1,be2a4d0042b5c205,none,44,3111bd43f8cff17d60ffaf35da66cf86f99d81d00b71b5f0ad064b9d237408a3,0.0566601157188415,46589cf6bfcd1fa9ee8bf3ef4d53bdd80a9fb701649506d084ffd4cf895930da,0.5498,1.2852645374298095,0.5876,2.248885383450275,1.8821623226799489,1.0,8.0,"{""K"": 10, ""batch_size"": 256, ""epochs"": 30, ""lr"": 0.001, ""optimizer"": ""AdamW"", ""weight_decay"": 0.0001}",1200,0.0001,uniform,/home/roi/PycharmProjects/KD_v5/OUTPUTS/article1_v3/results_baseline.csv,308,,,,,,,,,,True
cecf6fdcbdfae1fae44fbbe05658d49421ee7dab96cd38570c6de368e9311c01,mean_probabilities,1f3034cbd83dc007bebbb86cb19474d4ce302552e2dd4f9a5af623e717861d58,256,7ff045e85bdcdcb19da695baf49045e3320a14d4,89288c8820f0afac2817cce5320a371303b0aabae735b81c82db7a423f39650a,40722a1b2e1bd53024c6927f9304d3ab249668be780c1d3b721c7dbf5780613a,cifar,3.0,30,30,300000,0.0,0.0,0eff7977add55cf9e6a8d1ed0dcc76ab3858a46f,0.001,3.0,expert_prob,AdamW,0.3916033856531531,article1-v3,bbbb2fd925f2d965ef63c9d3518f3862a6f0d89340e133b6232a70cc41007adf,bb299879f6f7c5c2039d6b8d2a92bcc4d9457d5113e2928c6257cbe8e8881cd5,10000,full_original_order,44,bb299879f6f7c5c2039d6b8d2a92bcc4d9457d5113e2928c6257cbe8e8881cd5,10000,deterministic_evaluation,alpha0p1,37aeec9803de227f,none,44,90912d8d46b3ce6dab8e2cb4b823627d1943bcc03b17d2ade335bb50b728cd86,0.614020824432373,46589cf6bfcd1fa9ee8bf3ef4d53bdd80a9fb701649506d084ffd4cf895930da,0.7497,1.1247953678131104,0.966,2.023083901177679,1.1837923584105716,1.0,8.0,"{""K"": 10, ""batch_size"": 256, ""epochs"": 30, ""lr"": 0.001, ""optimizer"": ""AdamW"", ""weight_decay"": 0.0001}",1200,0.0001,selected_uniform,/home/roi/PycharmProjects/KD_v5/OUTPUTS/article1_v3/results_baseline.csv,309,,,,,,,,,,True
cecf6fdcbdfae1fae44fbbe05658d49421ee7dab96cd38570c6de368e9311c01,mean_support_restricted_probabilities,1f3034cbd83dc007bebbb86cb19474d4ce302552e2dd4f9a5af623e717861d58,256,7ff045e85bdcdcb19da695baf49045e3320a14d4,89288c8820f0afac2817cce5320a371303b0aabae735b81c82db7a423f39650a,40722a1b2e1bd53024c6927f9304d3ab249668be780c1d3b721c7dbf5780613a,cifar,3.0,30,30,300000,0.0,0.0,0eff7977add55cf9e6a8d1ed0dcc76ab3858a46f,0.001,3.0,expert_prob_sr,AdamW,0.3916033856531531,article1-v3,bbbb2fd925f2d965ef63c9d3518f3862a6f0d89340e133b6232a70cc41007adf,bb299879f6f7c5c2039d6b8d2a92bcc4d9457d5113e2928c6257cbe8e8881cd5,10000,full_original_order,44,bb299879f6f7c5c2039d6b8d2a92bcc4d9457d5113e2928c6257cbe8e8881cd5,10000,deterministic_evaluation,alpha0p1,5fb791d5c3fdef20,none,44,a377a15adc9d2adb4fc1a1cbf1f4fe6b46d4328362c20580e9d95cd3267cf92d,1.7372575998306274,46589cf6bfcd1fa9ee8bf3ef4d53bdd80a9fb701649506d084ffd4cf895930da,0.6569,4.135623593139648,0.977,1.4005470669432472,0.6772487790847486,2.0,8.0,"{""K"": 10, ""batch_size"": 256, ""epochs"": 30, ""lr"": 0.001, ""optimizer"": ""AdamW"", ""weight_decay"": 0.0001}",1200,0.0001,selected_uniform,/home/roi/PycharmProjects/KD_v5/OUTPUTS/article1_v3/results_baseline.csv,310,,,,,,,,,,True
cecf6fdcbdfae1fae44fbbe05658d49421ee7dab96cd38570c6de368e9311c01,mean_probabilities,1f3034cbd83dc007bebbb86cb19474d4ce302552e2dd4f9a5af623e717861d58,256,7ff045e85bdcdcb19da695baf49045e3320a14d4,89288c8820f0afac2817cce5320a371303b0aabae735b81c82db7a423f39650a,40722a1b2e1bd53024c6927f9304d3ab249668be780c1d3b721c7dbf5780613a,cifar,3.5891,30,30,300000,218.0,0.0218,0eff7977add55cf9e6a8d1ed0dcc76ab3858a46f,0.001,3.3711,oracle_prob,AdamW,,article1-v3,bbbb2fd925f2d965ef63c9d3518f3862a6f0d89340e133b6232a70cc41007adf,bb299879f6f7c5c2039d6b8d2a92bcc4d9457d5113e2928c6257cbe8e8881cd5,10000,full_original_order,44,bb299879f6f7c5c2039d6b8d2a92bcc4d9457d5113e2928c6257cbe8e8881cd5,10000,deterministic_evaluation,alpha0p1,a8fe0a2ce6881868,none,44,d748676f7be549ab555ff18b87dee6acb810aa6a123d480360eee4e5b686e33a,0.7311610579490662,46589cf6bfcd1fa9ee8bf3ef4d53bdd80a9fb701649506d084ffd4cf895930da,0.7017,1.330998456954956,0.9811,2.061538460365892,1.2125122598864693,1.0,8.0,"{""K"": 10, ""batch_size"": 256, ""epochs"": 30, ""lr"": 0.001, ""optimizer"": ""AdamW"", ""weight_decay"": 0.0001}",1200,0.0001,selected_uniform,/home/roi/PycharmProjects/KD_v5/OUTPUTS/article1_v3/results_baseline.csv,311,,,,,,,,,,True
cecf6fdcbdfae1fae44fbbe05658d49421ee7dab96cd38570c6de368e9311c01,weighted_mean_logits,1f3034cbd83dc007bebbb86cb19474d4ce302552e2dd4f9a5af623e717861d58,256,7ff045e85bdcdcb19da695baf49045e3320a14d4,89288c8820f0afac2817cce5320a371303b0aabae735b81c82db7a423f39650a,40722a1b2e1bd53024c6927f9304d3ab249668be780c1d3b721c7dbf5780613a,cifar,9.999999999999998,30,30,300000,0.0,0.0,0eff7977add55cf9e6a8d1ed0dcc76ab3858a46f,0.001,10.0,feddf_logit,AdamW,,article1-v3,bbbb2fd925f2d965ef63c9d3518f3862a6f0d89340e133b6232a70cc41007adf,bb299879f6f7c5c2039d6b8d2a92bcc4d9457d5113e2928c6257cbe8e8881cd5,10000,full_original_order,44,bb299879f6f7c5c2039d6b8d2a92bcc4d9457d5113e2928c6257cbe8e8881cd5,10000,deterministic_evaluation,alpha0p1,c0f913d03f085f88,none,44,967e77d790d6fd3ec27848a2eb5ae06bd18b4495769b25125cdac4ec33f9275b,0.0272583961486816,46589cf6bfcd1fa9ee8bf3ef4d53bdd80a9fb701649506d084ffd4cf895930da,0.4418,1.890162203788757,0.4451,2.264741858096389,2.0243186959823984,1.0,8.0,"{""K"": 10, ""batch_size"": 256, ""epochs"": 30, ""lr"": 0.001, ""optimizer"": ""AdamW"", ""weight_decay"": 0.0001}",1200,0.0001,uniform,/home/roi/PycharmProjects/KD_v5/OUTPUTS/article1_v3/results_baseline.csv,312,,,,,,,,,,True
cecf6fdcbdfae1fae44fbbe05658d49421ee7dab96cd38570c6de368e9311c01,weighted_mean_logits,1f3034cbd83dc007bebbb86cb19474d4ce302552e2dd4f9a5af623e717861d58,256,7ff045e85bdcdcb19da695baf49045e3320a14d4,89288c8820f0afac2817cce5320a371303b0aabae735b81c82db7a423f39650a,40722a1b2e1bd53024c6927f9304d3ab249668be780c1d3b721c7dbf5780613a,cifar,3.5891,30,30,300000,218.0,0.0218,0eff7977add55cf9e6a8d1ed0dcc76ab3858a46f,0.001,3.3711,oracle_logit,AdamW,,article1-v3,bbbb2fd925f2d965ef63c9d3518f3862a6f0d89340e133b6232a70cc41007adf,bb299879f6f7c5c2039d6b8d2a92bcc4d9457d5113e2928c6257cbe8e8881cd5,10000,full_original_order,44,bb299879f6f7c5c2039d6b8d2a92bcc4d9457d5113e2928c6257cbe8e8881cd5,10000,deterministic_evaluation,alpha0p1,63dcce5f980f6033,none,44,5a49c68dd6675938a7bc842dfb89b32b286081e0da6ad817fbcb6fd7d60be40d,0.8869239091873169,46589cf6bfcd1fa9ee8bf3ef4d53bdd80a9fb701649506d084ffd4cf895930da,0.7388,1.2441152362823489,0.9811,1.9986210545048608,1.1083727502932597,1.0,8.0,"{""K"": 10, ""batch_size"": 256, ""epochs"": 30, ""lr"": 0.001, ""optimizer"": ""AdamW"", ""weight_decay"": 0.0001}",1200,0.0001,selected_uniform,/home/roi/PycharmProjects/KD_v5/OUTPUTS/article1_v3/results_baseline.csv,313,,,,,,,,,,True
ce4b9886dc3da23c4ec80937dca96608fe5f8454c6299680143dd031516e5403,mean_probabilities,1f3034cbd83dc007bebbb86cb19474d4ce302552e2dd4f9a5af623e717861d58,256,7ff045e85bdcdcb19da695baf49045e3320a14d4,5bd19ee96bf1557b01d3bf320e476e204611802733314de77baee1370dd372a6,40722a1b2e1bd53024c6927f9304d3ab249668be780c1d3b721c7dbf5780613a,cifar,9.999999999999998,30,30,300000,0.0,0.0,0eff7977add55cf9e6a8d1ed0dcc76ab3858a46f,0.001,10.0,feddf_prob,AdamW,,article1-v3,bbbb2fd925f2d965ef63c9d3518f3862a6f0d89340e133b6232a70cc41007adf,bb299879f6f7c5c2039d6b8d2a92bcc4d9457d5113e2928c6257cbe8e8881cd5,10000,full_original_order,44,bb299879f6f7c5c2039d6b8d2a92bcc4d9457d5113e2928c6257cbe8e8881cd5,10000,deterministic_evaluation,multi,b37afb16cfc0a581,none,44,1fee04a4c9a4bec0a1f59973886c969195339830e9f5b8899fe7509823a0bfce,0.0264028906822204,46589cf6bfcd1fa9ee8bf3ef4d53bdd80a9fb701649506d084ffd4cf895930da,0.5097,1.3987098165512084,0.5172,2.280152903554469,2.051875850729945,1.0,8.0,"{""K"": 10, ""batch_size"": 256, ""epochs"": 30, ""lr"": 0.001, ""optimizer"": ""AdamW"", ""weight_decay"": 0.0001}",1200,0.0001,uniform,/home/roi/PycharmProjects/KD_v5/OUTPUTS/article1_v3/results_baseline.csv,314,,,,,,,,,,True
ce4b9886dc3da23c4ec80937dca96608fe5f8454c6299680143dd031516e5403,mean_probabilities,1f3034cbd83dc007bebbb86cb19474d4ce302552e2dd4f9a5af623e717861d58,256,7ff045e85bdcdcb19da695baf49045e3320a14d4,5bd19ee96bf1557b01d3bf320e476e204611802733314de77baee1370dd372a6,40722a1b2e1bd53024c6927f9304d3ab249668be780c1d3b721c7dbf5780613a,cifar,2.0,30,30,300000,0.0,0.0,0eff7977add55cf9e6a8d1ed0dcc76ab3858a46f,0.001,2.0,expert_prob,AdamW,0.2754432808599713,article1-v3,bbbb2fd925f2d965ef63c9d3518f3862a6f0d89340e133b6232a70cc41007adf,bb299879f6f7c5c2039d6b8d2a92bcc4d9457d5113e2928c6257cbe8e8881cd5,10000,full_original_order,44,bb299879f6f7c5c2039d6b8d2a92bcc4d9457d5113e2928c6257cbe8e8881cd5,10000,deterministic_evaluation,multi,c75c2a10a08cf2fd,none,44,69e5b2efcf74e7b02f7e6859bcd6dffe481a908f7382523bf920100fc6db225c,0.3101370334625244,46589cf6bfcd1fa9ee8bf3ef4d53bdd80a9fb701649506d084ffd4cf895930da,0.7667,1.5695095485687256,0.9474,1.5782369921977493,0.7364628298630538,1.0,8.0,"{""K"": 10, ""batch_size"": 256, ""epochs"": 30, ""lr"": 0.001, ""optimizer"": ""AdamW"", ""weight_decay"": 0.0001}",1200,0.0001,selected_uniform,/home/roi/PycharmProjects/KD_v5/OUTPUTS/article1_v3/results_baseline.csv,315,,,,,,,,,,True
ce4b9886dc3da23c4ec80937dca96608fe5f8454c6299680143dd031516e5403,mean_support_restricted_probabilities,1f3034cbd83dc007bebbb86cb19474d4ce302552e2dd4f9a5af623e717861d58,256,7ff045e85bdcdcb19da695baf49045e3320a14d4,5bd19ee96bf1557b01d3bf320e476e204611802733314de77baee1370dd372a6,40722a1b2e1bd53024c6927f9304d3ab249668be780c1d3b721c7dbf5780613a,cifar,2.0,30,30,300000,0.0,0.0,0eff7977add55cf9e6a8d1ed0dcc76ab3858a46f,0.001,2.0,expert_prob_sr,AdamW,0.2754432808599713,article1-v3,bbbb2fd925f2d965ef63c9d3518f3862a6f0d89340e133b6232a70cc41007adf,bb299879f6f7c5c2039d6b8d2a92bcc4d9457d5113e2928c6257cbe8e8881cd5,10000,full_original_order,44,bb299879f6f7c5c2039d6b8d2a92bcc4d9457d5113e2928c6257cbe8e8881cd5,10000,deterministic_evaluation,multi,32eb9c6244b07d5b,none,44,b8e62378b991f14f21aacb26d32d76b3824ad43ea5f26d19dc0b216dbb87b006,0.22119802236557,46589cf6bfcd1fa9ee8bf3ef4d53bdd80a9fb701649506d084ffd4cf895930da,0.7436,5.646880262756348,0.9474,0.6105379143227073,0.4081520884652433,2.0,8.0,"{""K"": 10, ""batch_size"": 256, ""epochs"": 30, ""lr"": 0.001, ""optimizer"": ""AdamW"", ""weight_decay"": 0.0001}",1200,0.0001,selected_uniform,/home/roi/PycharmProjects/KD_v5/OUTPUTS/article1_v3/results_baseline.csv,316,,,,,,,,,,True
ce4b9886dc3da23c4ec80937dca96608fe5f8454c6299680143dd031516e5403,mean_probabilities,1f3034cbd83dc007bebbb86cb19474d4ce302552e2dd4f9a5af623e717861d58,256,7ff045e85bdcdcb19da695baf49045e3320a14d4,5bd19ee96bf1557b01d3bf320e476e204611802733314de77baee1370dd372a6,40722a1b2e1bd53024c6927f9304d3ab249668be780c1d3b721c7dbf5780613a,cifar,2.158,30,30,300000,293.0,0.0293,0eff7977add55cf9e6a8d1ed0dcc76ab3858a46f,0.001,1.865,oracle_prob,AdamW,,article1-v3,bbbb2fd925f2d965ef63c9d3518f3862a6f0d89340e133b6232a70cc41007adf,bb299879f6f7c5c2039d6b8d2a92bcc4d9457d5113e2928c6257cbe8e8881cd5,10000,full_original_order,44,bb299879f6f7c5c2039d6b8d2a92bcc4d9457d5113e2928c6257cbe8e8881cd5,10000,deterministic_evaluation,multi,90b453e37aa2a237,none,44,cefe16204851b271798a8a6ae19e05457c42e536aa9567964998eff568a2e5a5,0.3826715350151062,46589cf6bfcd1fa9ee8bf3ef4d53bdd80a9fb701649506d084ffd4cf895930da,0.7612,1.5229028438568115,0.9715,1.5940414302713088,0.7591748037923142,1.0,8.0,"{""K"": 10, ""batch_size"": 256, ""epochs"": 30, ""lr"": 0.001, ""optimizer"": ""AdamW"", ""weight_decay"": 0.0001}",1200,0.0001,selected_uniform,/home/roi/PycharmProjects/KD_v5/OUTPUTS/article1_v3/results_baseline.csv,317,,,,,,,,,,True
ce4b9886dc3da23c4ec80937dca96608fe5f8454c6299680143dd031516e5403,weighted_mean_logits,1f3034cbd83dc007bebbb86cb19474d4ce302552e2dd4f9a5af623e717861d58,256,7ff045e85bdcdcb19da695baf49045e3320a14d4,5bd19ee96bf1557b01d3bf320e476e204611802733314de77baee1370dd372a6,40722a1b2e1bd53024c6927f9304d3ab249668be780c1d3b721c7dbf5780613a,cifar,9.999999999999998,30,30,300000,0.0,0.0,0eff7977add55cf9e6a8d1ed0dcc76ab3858a46f,0.001,10.0,feddf_logit,AdamW,,article1-v3,bbbb2fd925f2d965ef63c9d3518f3862a6f0d89340e133b6232a70cc41007adf,bb299879f6f7c5c2039d6b8d2a92bcc4d9457d5113e2928c6257cbe8e8881cd5,10000,full_original_order,44,bb299879f6f7c5c2039d6b8d2a92bcc4d9457d5113e2928c6257cbe8e8881cd5,10000,deterministic_evaluation,multi,8cd7927a762a1601,none,44,31864b3b92995b088f8e80dc40f383922a760c192ac8f34a2c47e690914f6552,0.0114958882331848,46589cf6bfcd1fa9ee8bf3ef4d53bdd80a9fb701649506d084ffd4cf895930da,0.378,1.842877778625488,0.3952,2.2974821187078414,2.204121283243258,1.0,8.0,"{""K"": 10, ""batch_size"": 256, ""epochs"": 30, ""lr"": 0.001, ""optimizer"": ""AdamW"", ""weight_decay"": 0.0001}",1200,0.0001,uniform,/home/roi/PycharmProjects/KD_v5/OUTPUTS/article1_v3/results_baseline.csv,318,,,,,,,,,,True
ce4b9886dc3da23c4ec80937dca96608fe5f8454c6299680143dd031516e5403,weighted_mean_logits,1f3034cbd83dc007bebbb86cb19474d4ce302552e2dd4f9a5af623e717861d58,256,7ff045e85bdcdcb19da695baf49045e3320a14d4,5bd19ee96bf1557b01d3bf320e476e204611802733314de77baee1370dd372a6,40722a1b2e1bd53024c6927f9304d3ab249668be780c1d3b721c7dbf5780613a,cifar,2.158,30,30,300000,293.0,0.0293,0eff7977add55cf9e6a8d1ed0dcc76ab3858a46f,0.001,1.865,oracle_logit,AdamW,,article1-v3,bbbb2fd925f2d965ef63c9d3518f3862a6f0d89340e133b6232a70cc41007adf,bb299879f6f7c5c2039d6b8d2a92bcc4d9457d5113e2928c6257cbe8e8881cd5,10000,full_original_order,44,bb299879f6f7c5c2039d6b8d2a92bcc4d9457d5113e2928c6257cbe8e8881cd5,10000,deterministic_evaluation,multi,2da55c56165389a1,none,44,f6ec1a7ae0d3e08585535e0813684d19b8a36528f2f8e05e885634bdc4558d9b,0.3404357135295868,46589cf6bfcd1fa9ee8bf3ef4d53bdd80a9fb701649506d084ffd4cf895930da,0.7674,1.474454839706421,0.9715,1.5848375818978782,0.7529955832811275,1.0,8.0,"{""K"": 10, ""batch_size"": 256, ""epochs"": 30, ""lr"": 0.001, ""optimizer"": ""AdamW"", ""weight_decay"": 0.0001}",1200,0.0001,selected_uniform,/home/roi/PycharmProjects/KD_v5/OUTPUTS/article1_v3/results_baseline.csv,319,,,,,,,,,,True
e6f1e0016bd69e5208d7779bafd908447f0ffbf5bd505201465dc3d9494ee864,mean_probabilities,1f3034cbd83dc007bebbb86cb19474d4ce302552e2dd4f9a5af623e717861d58,256,7ff045e85bdcdcb19da695baf49045e3320a14d4,4a19eeed7486a909cce5e44750f02af8885ca0d179d5ba1614e49333f1bab69a,40722a1b2e1bd53024c6927f9304d3ab249668be780c1d3b721c7dbf5780613a,cifar,9.999999999999998,30,30,300000,0.0,0.0,0eff7977add55cf9e6a8d1ed0dcc76ab3858a46f,0.001,10.0,feddf_prob,AdamW,,article1-v3,bbbb2fd925f2d965ef63c9d3518f3862a6f0d89340e133b6232a70cc41007adf,bb299879f6f7c5c2039d6b8d2a92bcc4d9457d5113e2928c6257cbe8e8881cd5,10000,full_original_order,44,bb299879f6f7c5c2039d6b8d2a92bcc4d9457d5113e2928c6257cbe8e8881cd5,10000,deterministic_evaluation,single,b60b5aaedfc63c0a,none,44,a2067eb0ef025e7f42dad1a8012c083f492feea0d2d4b04672a51347d58183ef,0.0097665190696716,46589cf6bfcd1fa9ee8bf3ef4d53bdd80a9fb701649506d084ffd4cf895930da,0.0934,2.508219227600098,0.0945,2.298857668166936,2.3081798857859765,1.0,8.0,"{""K"": 10, ""batch_size"": 256, ""epochs"": 30, ""lr"": 0.001, ""optimizer"": ""AdamW"", ""weight_decay"": 0.0001}",1200,0.0001,uniform,/home/roi/PycharmProjects/KD_v5/OUTPUTS/article1_v3/results_baseline.csv,320,,,,,,,,,,True
e6f1e0016bd69e5208d7779bafd908447f0ffbf5bd505201465dc3d9494ee864,mean_probabilities,1f3034cbd83dc007bebbb86cb19474d4ce302552e2dd4f9a5af623e717861d58,256,7ff045e85bdcdcb19da695baf49045e3320a14d4,4a19eeed7486a909cce5e44750f02af8885ca0d179d5ba1614e49333f1bab69a,40722a1b2e1bd53024c6927f9304d3ab249668be780c1d3b721c7dbf5780613a,cifar,1.0,30,30,300000,0.0,0.0,0eff7977add55cf9e6a8d1ed0dcc76ab3858a46f,0.001,1.0,expert_prob,AdamW,0.261323164885079,article1-v3,bbbb2fd925f2d965ef63c9d3518f3862a6f0d89340e133b6232a70cc41007adf,bb299879f6f7c5c2039d6b8d2a92bcc4d9457d5113e2928c6257cbe8e8881cd5,10000,full_original_order,44,bb299879f6f7c5c2039d6b8d2a92bcc4d9457d5113e2928c6257cbe8e8881cd5,10000,deterministic_evaluation,single,5284426a3da466ef,none,44,6fcfa331bb1fa345eeaa6db6d3fb25c8f547362a9b11d76bbd093e211c18cba5,0.7008445262908936,46589cf6bfcd1fa9ee8bf3ef4d53bdd80a9fb701649506d084ffd4cf895930da,0.7783,1.839888500785828,1.0,1.1268682133606789,0.310253358283077,1.0,8.0,"{""K"": 10, ""batch_size"": 256, ""epochs"": 30, ""lr"": 0.001, ""optimizer"": ""AdamW"", ""weight_decay"": 0.0001}",1200,0.0001,selected_uniform,/home/roi/PycharmProjects/KD_v5/OUTPUTS/article1_v3/results_baseline.csv,321,,,,,,,,,,True
e6f1e0016bd69e5208d7779bafd908447f0ffbf5bd505201465dc3d9494ee864,mean_support_restricted_probabilities,1f3034cbd83dc007bebbb86cb19474d4ce302552e2dd4f9a5af623e717861d58,256,7ff045e85bdcdcb19da695baf49045e3320a14d4,4a19eeed7486a909cce5e44750f02af8885ca0d179d5ba1614e49333f1bab69a,40722a1b2e1bd53024c6927f9304d3ab249668be780c1d3b721c7dbf5780613a,cifar,1.0,30,30,300000,0.0,0.0,0eff7977add55cf9e6a8d1ed0dcc76ab3858a46f,0.001,1.0,expert_prob_sr,AdamW,0.261323164885079,article1-v3,bbbb2fd925f2d965ef63c9d3518f3862a6f0d89340e133b6232a70cc41007adf,bb299879f6f7c5c2039d6b8d2a92bcc4d9457d5113e2928c6257cbe8e8881cd5,10000,full_original_order,44,bb299879f6f7c5c2039d6b8d2a92bcc4d9457d5113e2928c6257cbe8e8881cd5,10000,deterministic_evaluation,single,9b17057e89931026,none,44,b9db71649311334cdbd46123a110f3fc082f9ef34bdcbd6a3d678321624f29a0,0.1225348114967346,46589cf6bfcd1fa9ee8bf3ef4d53bdd80a9fb701649506d084ffd4cf895930da,0.7937,5.357067973327637,1.0,-0.0,-0.0,2.0,8.0,"{""K"": 10, ""batch_size"": 256, ""epochs"": 30, ""lr"": 0.001, ""optimizer"": ""AdamW"", ""weight_decay"": 0.0001}",1200,0.0001,selected_uniform,/home/roi/PycharmProjects/KD_v5/OUTPUTS/article1_v3/results_baseline.csv,322,,,,,,,,,,True
e6f1e0016bd69e5208d7779bafd908447f0ffbf5bd505201465dc3d9494ee864,mean_probabilities,1f3034cbd83dc007bebbb86cb19474d4ce302552e2dd4f9a5af623e717861d58,256,7ff045e85bdcdcb19da695baf49045e3320a14d4,4a19eeed7486a909cce5e44750f02af8885ca0d179d5ba1614e49333f1bab69a,40722a1b2e1bd53024c6927f9304d3ab249668be780c1d3b721c7dbf5780613a,cifar,1.0,30,30,300000,0.0,0.0,0eff7977add55cf9e6a8d1ed0dcc76ab3858a46f,0.001,1.0,oracle_prob,AdamW,,article1-v3,bbbb2fd925f2d965ef63c9d3518f3862a6f0d89340e133b6232a70cc41007adf,bb299879f6f7c5c2039d6b8d2a92bcc4d9457d5113e2928c6257cbe8e8881cd5,10000,full_original_order,44,bb299879f6f7c5c2039d6b8d2a92bcc4d9457d5113e2928c6257cbe8e8881cd5,10000,deterministic_evaluation,single,5057abc673058bb2,none,44,6fcfa331bb1fa345eeaa6db6d3fb25c8f547362a9b11d76bbd093e211c18cba5,0.7008445262908936,46589cf6bfcd1fa9ee8bf3ef4d53bdd80a9fb701649506d084ffd4cf895930da,0.7783,1.839888500785828,1.0,1.1268682133606789,0.310253358283077,1.0,8.0,"{""K"": 10, ""batch_size"": 256, ""epochs"": 30, ""lr"": 0.001, ""optimizer"": ""AdamW"", ""weight_decay"": 0.0001}",1200,0.0001,selected_uniform,/home/roi/PycharmProjects/KD_v5/OUTPUTS/article1_v3/results_baseline.csv,323,,,,,,,,,,True
e6f1e0016bd69e5208d7779bafd908447f0ffbf5bd505201465dc3d9494ee864,weighted_mean_logits,1f3034cbd83dc007bebbb86cb19474d4ce302552e2dd4f9a5af623e717861d58,256,7ff045e85bdcdcb19da695baf49045e3320a14d4,4a19eeed7486a909cce5e44750f02af8885ca0d179d5ba1614e49333f1bab69a,40722a1b2e1bd53024c6927f9304d3ab249668be780c1d3b721c7dbf5780613a,cifar,9.999999999999998,30,30,300000,0.0,0.0,0eff7977add55cf9e6a8d1ed0dcc76ab3858a46f,0.001,10.0,feddf_logit,AdamW,,article1-v3,bbbb2fd925f2d965ef63c9d3518f3862a6f0d89340e133b6232a70cc41007adf,bb299879f6f7c5c2039d6b8d2a92bcc4d9457d5113e2928c6257cbe8e8881cd5,10000,full_original_order,44,bb299879f6f7c5c2039d6b8d2a92bcc4d9457d5113e2928c6257cbe8e8881cd5,10000,deterministic_evaluation,single,a77ff94eb714a10b,none,44,b8165d4a6e7a102a191abb2acaa747f733deca3a484b25d828b84fd19f4e05c0,0.0068663954734802,46589cf6bfcd1fa9ee8bf3ef4d53bdd80a9fb701649506d084ffd4cf895930da,0.0936,2.4262913650512696,0.1011,2.3007186240084168,2.304437659988671,1.0,8.0,"{""K"": 10, ""batch_size"": 256, ""epochs"": 30, ""lr"": 0.001, ""optimizer"": ""AdamW"", ""weight_decay"": 0.0001}",1200,0.0001,uniform,/home/roi/PycharmProjects/KD_v5/OUTPUTS/article1_v3/results_baseline.csv,324,,,,,,,,,,True
e6f1e0016bd69e5208d7779bafd908447f0ffbf5bd505201465dc3d9494ee864,weighted_mean_logits,1f3034cbd83dc007bebbb86cb19474d4ce302552e2dd4f9a5af623e717861d58,256,7ff045e85bdcdcb19da695baf49045e3320a14d4,4a19eeed7486a909cce5e44750f02af8885ca0d179d5ba1614e49333f1bab69a,40722a1b2e1bd53024c6927f9304d3ab249668be780c1d3b721c7dbf5780613a,cifar,1.0,30,30,300000,0.0,0.0,0eff7977add55cf9e6a8d1ed0dcc76ab3858a46f,0.001,1.0,oracle_logit,AdamW,,article1-v3,bbbb2fd925f2d965ef63c9d3518f3862a6f0d89340e133b6232a70cc41007adf,bb299879f6f7c5c2039d6b8d2a92bcc4d9457d5113e2928c6257cbe8e8881cd5,10000,full_original_order,44,bb299879f6f7c5c2039d6b8d2a92bcc4d9457d5113e2928c6257cbe8e8881cd5,10000,deterministic_evaluation,single,c90017f9805aec2e,none,44,6fcfa331bb1fa345eeaa6db6d3fb25c8f547362a9b11d76bbd093e211c18cba5,0.7008445262908936,46589cf6bfcd1fa9ee8bf3ef4d53bdd80a9fb701649506d084ffd4cf895930da,0.7783,1.839888500785828,1.0,1.1268682133606789,0.310253358283077,1.0,8.0,"{""K"": 10, ""batch_size"": 256, ""epochs"": 30, ""lr"": 0.001, ""optimizer"": ""AdamW"", ""weight_decay"": 0.0001}",1200,0.0001,selected_uniform,/home/roi/PycharmProjects/KD_v5/OUTPUTS/article1_v3/results_baseline.csv,325,,,,,,,,,,True
,,2a836581bb03cec96f509a87a0a27efbc0afc37c6522a54562e03a18504b0346,256,,,983996e529cac6912e3b0d96e762a9374461d1c0f329cfebb9aaed5fd49ffc19,mnist,,30,30,300000,,,,0.001,,supervised_proxy_ce,AdamW,,article1-v3,c675c07ca4b404432cdfca8572fe34493de68ea756a4b3ee7c70ec17714a925c,d6100cfa5d3571a1ff2c6b7927e7a5cc702b95806e13423a2da32c102d68c20d,10000,full_original_order,42,d6100cfa5d3571a1ff2c6b7927e7a5cc702b95806e13423a2da32c102d68c20d,10000,deterministic_evaluation,shared_proxy,6a792410c5ba63055db3575f85b42ca16fffa14b758a2d201cd4bb1bda0dca12,none,42,a125df9e27426c676277f1346ee9188d628b15db2192a18caa7b82b51d07f010,0.0026461873203516,1902c4d403a1e7249ac2616fe137aefc66e55a6b36798d693b04186999168c34,0.9837,0.0535852225204929,,,,,,"{""batch_size"": 256, ""loss"": ""cross_entropy"", ""lr"": 0.001, ""optimizer"": ""AdamW"", ""protocol_version"": ""article1-v3"", ""proxy_labels_sha256"": ""c675c07ca4b404432cdfca8572fe34493de68ea756a4b3ee7c70ec17714a925c"", ""proxy_view"": ""deterministic_evaluation"", ""scheduler"": null, ""updates"": 1200, ""weight_decay"": 0.0001}",1200,0.0001,,/home/roi/PycharmProjects/KD_v5/OUTPUTS/article1_v3/results_supervised_proxy.csv,2,6c840ee325493c0d19f2d63b4daa24ada7923e07,cross_entropy,1c4c00d5a8782ab5dc03a856baacc1e6bb134e73805febca3945c8bb2e4a855b,iid,,,,,,True
,,9dc3b75d34f50fd7e8121684c2e8b96473759a62ffdf4da9a899b6be2324c4f6,256,,,ac4d3daebd132fcf0c30acd7f9828d40c3eda282d672fe5d5214e900d8f21068,mnist,,30,30,300000,,,,0.001,,supervised_proxy_ce,AdamW,,article1-v3,0ef12c320cfa1f93a852406370e80eb0b1e4b1731704727c3a1f9b691f1c9e9f,107efb320922a5311b91b47974f03876544bfaeb39719aa1e062bfdf103fd6e0,10000,full_original_order,43,107efb320922a5311b91b47974f03876544bfaeb39719aa1e062bfdf103fd6e0,10000,deterministic_evaluation,shared_proxy,e69a479dabc5273740826cace6a7c5e95ed551e5d2a6588ec156444b8ca566c1,none,43,e370f72b3cf844cf5bec12a1328ee39e3d9c40de3cdbd0891c87ec922db5c3d0,2.6257848730892878e-05,9f0b88d81119b57a6ae57eeb22a3257787c562e62cc7a83b1f6566c657fe7250,0.9865,0.0523172878859732,,,,,,"{""batch_size"": 256, ""loss"": ""cross_entropy"", ""lr"": 0.001, ""optimizer"": ""AdamW"", ""protocol_version"": ""article1-v3"", ""proxy_labels_sha256"": ""0ef12c320cfa1f93a852406370e80eb0b1e4b1731704727c3a1f9b691f1c9e9f"", ""proxy_view"": ""deterministic_evaluation"", ""scheduler"": null, ""updates"": 1200, ""weight_decay"": 0.0001}",1200,0.0001,,/home/roi/PycharmProjects/KD_v5/OUTPUTS/article1_v3/results_supervised_proxy.csv,3,6c840ee325493c0d19f2d63b4daa24ada7923e07,cross_entropy,8ac88c9f1a75ccda0684de74cb99754aec0a00b42071fed4220bc725afbd5a03,iid,,,,,,True
,,1f3034cbd83dc007bebbb86cb19474d4ce302552e2dd4f9a5af623e717861d58,256,,,9e4cb297e02ef29f00941de5d7f2282b123be3a25d5cc82a3139da1a1e624844,mnist,,30,30,300000,,,,0.001,,supervised_proxy_ce,AdamW,,article1-v3,a96d9b64b59dbeb37ade490f77bbe3b7b6d8967aca976988020a1c572b3711a9,0c710d4d5b2c5e064b2444fd8c0541add01b6425e0bc35a453b2dc93767844dd,10000,full_original_order,44,0c710d4d5b2c5e064b2444fd8c0541add01b6425e0bc35a453b2dc93767844dd,10000,deterministic_evaluation,shared_proxy,5f9930aff87d271d407bcad753d8a1e416f1b2df949cd15cbf64c562ffadf4ae,none,44,f680e97089bc4af9dd96b9f5094cec5e783faa830bbeabe4cd1ce03c5cc6eace,7.046933751553297e-05,6838075722e64f2bbfba2fd720c2d2975cc93fc1fa1b02f4a7d78d497d5477e4,0.9885,0.0422284375633429,,,,,,"{""batch_size"": 256, ""loss"": ""cross_entropy"", ""lr"": 0.001, ""optimizer"": ""AdamW"", ""protocol_version"": ""article1-v3"", ""proxy_labels_sha256"": ""a96d9b64b59dbeb37ade490f77bbe3b7b6d8967aca976988020a1c572b3711a9"", ""proxy_view"": ""deterministic_evaluation"", ""scheduler"": null, ""updates"": 1200, ""weight_decay"": 0.0001}",1200,0.0001,,/home/roi/PycharmProjects/KD_v5/OUTPUTS/article1_v3/results_supervised_proxy.csv,4,6c840ee325493c0d19f2d63b4daa24ada7923e07,cross_entropy,2be687a7dd5628056a9971fbdadae93b40c89d02a356ccc1b2d8b00bafeb221a,iid,,,,,,True
,,2a836581bb03cec96f509a87a0a27efbc0afc37c6522a54562e03a18504b0346,256,,,f74999f0ad6bfdb6f9b48a6e37793deb9dc5f57b0afd11b381dc0b8f04b7cdd4,fmnist,,30,30,300000,,,,0.001,,supervised_proxy_ce,AdamW,,article1-v3,1f50734fff13fb3a38b67f2458855d5abf7c3f2c44e5854886e8419c50ebe421,aa87fb2b4d24946ad5c94ef0f1a84aade8c60c333a8e794e81c010e4a202506a,10000,full_original_order,42,aa87fb2b4d24946ad5c94ef0f1a84aade8c60c333a8e794e81c010e4a202506a,10000,deterministic_evaluation,shared_proxy,49a3fb66aa97848bd80382256a0476b0fa1cdb3fc1ae43f80d83e46a7c64616c,none,42,8900843b5d5109cb535a6298f9865128d5b121723937f58b0b5622e69524f534,0.0422891266644001,1902c4d403a1e7249ac2616fe137aefc66e55a6b36798d693b04186999168c34,0.8978,0.4470024106025695,,,,,,"{""batch_size"": 256, ""loss"": ""cross_entropy"", ""lr"": 0.001, ""optimizer"": ""AdamW"", ""protocol_version"": ""article1-v3"", ""proxy_labels_sha256"": ""1f50734fff13fb3a38b67f2458855d5abf7c3f2c44e5854886e8419c50ebe421"", ""proxy_view"": ""deterministic_evaluation"", ""scheduler"": null, ""updates"": 1200, ""weight_decay"": 0.0001}",1200,0.0001,,/home/roi/PycharmProjects/KD_v5/OUTPUTS/article1_v3/results_supervised_proxy.csv,5,6c840ee325493c0d19f2d63b4daa24ada7923e07,cross_entropy,11f2a57ac7ab8b260a04aee442bd9113ffd4c757a1885314e2713bc07532585d,iid,,,,,,True
,,9dc3b75d34f50fd7e8121684c2e8b96473759a62ffdf4da9a899b6be2324c4f6,256,,,ce9759db14e15b98f4aaac7a43748cb8b6118bcf1e63a1c4e898b519fb3a46f9,fmnist,,30,30,300000,,,,0.001,,supervised_proxy_ce,AdamW,,article1-v3,eecbcffdb3e52099e26ebd2485d479a2553a52a6901356aed1ef3b69e9218818,8c10e8dabb252578e55d8ceadb12f9b772d83f07a663edb06566b4924cf6d961,10000,full_original_order,43,8c10e8dabb252578e55d8ceadb12f9b772d83f07a663edb06566b4924cf6d961,10000,deterministic_evaluation,shared_proxy,22586331b46c794eece85deac5cf4e083b389e5b9640cf9d936f443e37847d3d,none,43,bd311db94bcaa893aeccd6752d7b0dd31711ba5e08533f311e3af622d46f3f2b,0.0995840430259704,9f0b88d81119b57a6ae57eeb22a3257787c562e62cc7a83b1f6566c657fe7250,0.8941,0.3851683017730712,,,,,,"{""batch_size"": 256, ""loss"": ""cross_entropy"", ""lr"": 0.001, ""optimizer"": ""AdamW"", ""protocol_version"": ""article1-v3"", ""proxy_labels_sha256"": ""eecbcffdb3e52099e26ebd2485d479a2553a52a6901356aed1ef3b69e9218818"", ""proxy_view"": ""deterministic_evaluation"", ""scheduler"": null, ""updates"": 1200, ""weight_decay"": 0.0001}",1200,0.0001,,/home/roi/PycharmProjects/KD_v5/OUTPUTS/article1_v3/results_supervised_proxy.csv,6,6c840ee325493c0d19f2d63b4daa24ada7923e07,cross_entropy,d2db20c014f018c6d1b499dc41833e16ffd868b260b44a02cae77e851d26d72b,iid,,,,,,True
,,1f3034cbd83dc007bebbb86cb19474d4ce302552e2dd4f9a5af623e717861d58,256,,,849f1b74cefdcc2362df172533df7980cabfd485ce2302f165ed502a7d40f4b8,fmnist,,30,30,300000,,,,0.001,,supervised_proxy_ce,AdamW,,article1-v3,a25cfd1d4a95d4f7a5edf37eefaaa8cfce5b3a5a5bd3b7fc84fc495052c80a57,56169d4fdedbe0732b5f4cc31ed6d66f01e7e1069f3e908130357af6f5652296,10000,full_original_order,44,56169d4fdedbe0732b5f4cc31ed6d66f01e7e1069f3e908130357af6f5652296,10000,deterministic_evaluation,shared_proxy,97f85f9d97baf224320013b328b44bec7def54d0aee2186ae8b9880db1a9e656,none,44,cef5e938dde9aef7c2dbfa7bb6ae38fa31511c129b1ccb57d3bef5ce7bed4530,0.0516891591250896,6838075722e64f2bbfba2fd720c2d2975cc93fc1fa1b02f4a7d78d497d5477e4,0.9013,0.3566494002819061,,,,,,"{""batch_size"": 256, ""loss"": ""cross_entropy"", ""lr"": 0.001, ""optimizer"": ""AdamW"", ""protocol_version"": ""article1-v3"", ""proxy_labels_sha256"": ""a25cfd1d4a95d4f7a5edf37eefaaa8cfce5b3a5a5bd3b7fc84fc495052c80a57"", ""proxy_view"": ""deterministic_evaluation"", ""scheduler"": null, ""updates"": 1200, ""weight_decay"": 0.0001}",1200,0.0001,,/home/roi/PycharmProjects/KD_v5/OUTPUTS/article1_v3/results_supervised_proxy.csv,7,6c840ee325493c0d19f2d63b4daa24ada7923e07,cross_entropy,e7169a2b15de5fbd761d720bd03abf6b7e5caa82f9359dd3848268d4aebf693c,iid,,,,,,True
,,2a836581bb03cec96f509a87a0a27efbc0afc37c6522a54562e03a18504b0346,256,,,7d19cf95b4de564f3b35de7f267e55fb595e5b2a9d5e5d7408d2b7653541ba98,cifar,,30,30,300000,,,,0.001,,supervised_proxy_ce,AdamW,,article1-v3,117be76002e0123f5252e2b78c50cbfb9fcbe971247b5af9c3e1b9dfba92df89,66af2fbb33f1e089245500600db030610ac3b47e91dba7cbb7dbf193a5c1ef13,10000,full_original_order,42,66af2fbb33f1e089245500600db030610ac3b47e91dba7cbb7dbf193a5c1ef13,10000,deterministic_evaluation,shared_proxy,86df58e23b62e62d03cb117d777ae2877b2827b4e3f6545b30ce0f318f774c5d,none,42,8bbf29cf5d00f8ac00ce15ea29d041546efba96256a2acc2ccf4e84c2e8640b3,0.0021416475065052,185356aa1824f8622c4cedfce3d940f5365857f2d6541013f0f2d87bf8820d24,0.7938,0.8560695510864258,,,,,,"{""batch_size"": 256, ""loss"": ""cross_entropy"", ""lr"": 0.001, ""optimizer"": ""AdamW"", ""protocol_version"": ""article1-v3"", ""proxy_labels_sha256"": ""117be76002e0123f5252e2b78c50cbfb9fcbe971247b5af9c3e1b9dfba92df89"", ""proxy_view"": ""deterministic_evaluation"", ""scheduler"": null, ""updates"": 1200, ""weight_decay"": 0.0001}",1200,0.0001,,/home/roi/PycharmProjects/KD_v5/OUTPUTS/article1_v3/results_supervised_proxy.csv,8,6c840ee325493c0d19f2d63b4daa24ada7923e07,cross_entropy,d2636da84362f05b2a0ab8ebb5039b941c6b9310b42eddd0e6007451ba624b46,iid,,,,,,True
,,9dc3b75d34f50fd7e8121684c2e8b96473759a62ffdf4da9a899b6be2324c4f6,256,,,c704b120a3cb73aa8c8df617232d6058a17a3bc42b1535cd8876b14fac92544e,cifar,,30,30,300000,,,,0.001,,supervised_proxy_ce,AdamW,,article1-v3,70730ee6b1ff4436096773eaa579a3febb5bee8fe240bc9c1038b82de74afdcb,bed4be8cbbddf6b7e019ee5f865d0201821d40925ca2b78a28d00ef0bde4d7bb,10000,full_original_order,43,bed4be8cbbddf6b7e019ee5f865d0201821d40925ca2b78a28d00ef0bde4d7bb,10000,deterministic_evaluation,shared_proxy,ac4135f3c066f8e1019694dd1f0fec40ed9a2e2af237b678cbe161af161c1752,none,43,b8d453ad1b5c2f5526952a3597b49ec155dd6564765910e595c33bf16cf5e3bd,0.0017167849000543,335be889b9913daeb5005a38607982797a1f0f6633ae7459498f792989576a97,0.7895,0.9055568433761596,,,,,,"{""batch_size"": 256, ""loss"": ""cross_entropy"", ""lr"": 0.001, ""optimizer"": ""AdamW"", ""protocol_version"": ""article1-v3"", ""proxy_labels_sha256"": ""70730ee6b1ff4436096773eaa579a3febb5bee8fe240bc9c1038b82de74afdcb"", ""proxy_view"": ""deterministic_evaluation"", ""scheduler"": null, ""updates"": 1200, ""weight_decay"": 0.0001}",1200,0.0001,,/home/roi/PycharmProjects/KD_v5/OUTPUTS/article1_v3/results_supervised_proxy.csv,9,6c840ee325493c0d19f2d63b4daa24ada7923e07,cross_entropy,313d08a4063e2e70f69684825648a6997881288513eb04c35886ca8ab551e5ca,iid,,,,,,True
,,1f3034cbd83dc007bebbb86cb19474d4ce302552e2dd4f9a5af623e717861d58,256,,,40722a1b2e1bd53024c6927f9304d3ab249668be780c1d3b721c7dbf5780613a,cifar,,30,30,300000,,,,0.001,,supervised_proxy_ce,AdamW,,article1-v3,bbbb2fd925f2d965ef63c9d3518f3862a6f0d89340e133b6232a70cc41007adf,bb299879f6f7c5c2039d6b8d2a92bcc4d9457d5113e2928c6257cbe8e8881cd5,10000,full_original_order,44,bb299879f6f7c5c2039d6b8d2a92bcc4d9457d5113e2928c6257cbe8e8881cd5,10000,deterministic_evaluation,shared_proxy,40406ef0ff2512ec401c531613c69f7a80085603c57c26621d5970bf58eee3a5,none,44,aaae9ce5dba7f587d580b1f4a564d4dcb46ffe370f43ed1f58739aff31930dc1,0.0022107819095253,46589cf6bfcd1fa9ee8bf3ef4d53bdd80a9fb701649506d084ffd4cf895930da,0.7871,0.864531807231903,,,,,,"{""batch_size"": 256, ""loss"": ""cross_entropy"", ""lr"": 0.001, ""optimizer"": ""AdamW"", ""protocol_version"": ""article1-v3"", ""proxy_labels_sha256"": ""bbbb2fd925f2d965ef63c9d3518f3862a6f0d89340e133b6232a70cc41007adf"", ""proxy_view"": ""deterministic_evaluation"", ""scheduler"": null, ""updates"": 1200, ""weight_decay"": 0.0001}",1200,0.0001,,/home/roi/PycharmProjects/KD_v5/OUTPUTS/article1_v3/results_supervised_proxy.csv,10,6c840ee325493c0d19f2d63b4daa24ada7923e07,cross_entropy,2c264eb2b010463c5e733bb95ad9ab1809529bedec649fec20beca0919e18402,iid,,,,,,True
,,9c89cc8875f36da465b21ebab76f17691f27e51a6e391c7da97d9b3c818ea16e,100,,,53f9e814a94b3c58466da1b196a4a015777ae6b1c7cdabf87a8ad2bc27a4c731,cifar,,1200,1200,120000,,,,0.001,,supervised_proxy_ce,AdamW,,article1-v3,392654b3c3340eaf73f153ae57d9b013005a9220630fb5b5b46d9f668e1c87cb,66af2fbb33f1e089245500600db030610ac3b47e91dba7cbb7dbf193a5c1ef13,10000,nested_stratified_v1,42,85a26f7dcea1550411a19050a529862f2def50737608f3fbf6854cdf74235b17,100,deterministic_evaluation,shared_proxy,3190d167404745bc509343a87d34eebe5d3b6ac0d91cf99f6dacd194f80e27d2,none,42,61ff4ff55593d83a821775ed21b002119b77f706782213acba463bfe5e98aa46,1.1812375305453315e-05,185356aa1824f8622c4cedfce3d940f5365857f2d6541013f0f2d87bf8820d24,0.3383,2.8901977760314943,,,,,,"{""batch_size"": 100, ""loss"": ""cross_entropy"", ""lr"": 0.001, ""optimizer"": ""AdamW"", ""protocol_version"": ""article1-v3"", ""proxy_labels_sha256"": ""392654b3c3340eaf73f153ae57d9b013005a9220630fb5b5b46d9f668e1c87cb"", ""proxy_view"": ""deterministic_evaluation"", ""scheduler"": null, ""updates"": 1200, ""weight_decay"": 0.0001}",1200,0.0001,,/home/roi/PycharmProjects/KD_v5/OUTPUTS/article1_v3/results_proxy_size_expert_prob.csv,2,ccf92e765d8c7563482aa24d9851cd656eb1084e,cross_entropy,d2636da84362f05b2a0ab8ebb5039b941c6b9310b42eddd0e6007451ba624b46,iid,,,,,,True
a549aff87e6ef58b5926807f91025e7e405b52c4fe466412a04e29956c72609c,mean_probabilities,9c89cc8875f36da465b21ebab76f17691f27e51a6e391c7da97d9b3c818ea16e,100,7ff045e85bdcdcb19da695baf49045e3320a14d4,d2636da84362f05b2a0ab8ebb5039b941c6b9310b42eddd0e6007451ba624b46,53f9e814a94b3c58466da1b196a4a015777ae6b1c7cdabf87a8ad2bc27a4c731,cifar,6.5,1200,1200,120000,10.0,0.1,ccf92e765d8c7563482aa24d9851cd656eb1084e,0.001,5.5,expert_prob,AdamW,0.3455054532219716,article1-v3,392654b3c3340eaf73f153ae57d9b013005a9220630fb5b5b46d9f668e1c87cb,66af2fbb33f1e089245500600db030610ac3b47e91dba7cbb7dbf193a5c1ef13,10000,nested_stratified_v1,42,85a26f7dcea1550411a19050a529862f2def50737608f3fbf6854cdf74235b17,100,deterministic_evaluation,iid,da7b6ec3376d2c08,none,42,c46b8cc7d4341df6461cc3e1234162b6acf8e376d6d2b4a0493a4489482e09b5,6.802559073548764e-05,185356aa1824f8622c4cedfce3d940f5365857f2d6541013f0f2d87bf8820d24,0.4146,1.9504141399383543,0.75,2.150217885211533,1.5323064520937826,1.0,8.0,"{""K"": 10, ""batch_size"": 256, ""lr"": 0.001, ""optimizer"": ""AdamW"", ""proxy_labels_sha256"": ""392654b3c3340eaf73f153ae57d9b013005a9220630fb5b5b46d9f668e1c87cb"", ""proxy_size"": 100, ""updates"": 1200, ""weight_decay"": 0.0001}",1200,0.0001,selected_uniform,/home/roi/PycharmProjects/KD_v5/OUTPUTS/article1_v3/results_proxy_size_expert_prob.csv,3,,,,,,,,,,True
34f84e2343874e1a7b9b815529aa22768f81a356597ec5e338c60b3904ca2c75,mean_probabilities,9c89cc8875f36da465b21ebab76f17691f27e51a6e391c7da97d9b3c818ea16e,100,7ff045e85bdcdcb19da695baf49045e3320a14d4,131d0b9efcd1c7294a6cc1cf94110c75b2bab77a718c2909d085900d8a7a96f6,53f9e814a94b3c58466da1b196a4a015777ae6b1c7cdabf87a8ad2bc27a4c731,cifar,2.4,1200,1200,120000,0.0,0.0,ccf92e765d8c7563482aa24d9851cd656eb1084e,0.001,2.4,expert_prob,AdamW,0.4124156788262579,article1-v3,392654b3c3340eaf73f153ae57d9b013005a9220630fb5b5b46d9f668e1c87cb,66af2fbb33f1e089245500600db030610ac3b47e91dba7cbb7dbf193a5c1ef13,10000,nested_stratified_v1,42,85a26f7dcea1550411a19050a529862f2def50737608f3fbf6854cdf74235b17,100,deterministic_evaluation,alpha0p1,70198bce1d864354,none,42,5992c3748f4a761485bd0bcfcccd3673bac7fd47128d2f0a62a18979cb02b880,0.0001687014009803,185356aa1824f8622c4cedfce3d940f5365857f2d6541013f0f2d87bf8820d24,0.3374,2.6688959365844727,0.98,1.9981376473935013,1.133038985516312,1.0,8.0,"{""K"": 10, ""batch_size"": 256, ""lr"": 0.001, ""optimizer"": ""AdamW"", ""proxy_labels_sha256"": ""392654b3c3340eaf73f153ae57d9b013005a9220630fb5b5b46d9f668e1c87cb"", ""proxy_size"": 100, ""updates"": 1200, ""weight_decay"": 0.0001}",1200,0.0001,selected_uniform,/home/roi/PycharmProjects/KD_v5/OUTPUTS/article1_v3/results_proxy_size_expert_prob.csv,4,,,,,,,,,,True
e6f1e0016bd69e5208d7779bafd908447f0ffbf5bd505201465dc3d9494ee864,mean_probabilities,9c89cc8875f36da465b21ebab76f17691f27e51a6e391c7da97d9b3c818ea16e,100,7ff045e85bdcdcb19da695baf49045e3320a14d4,df8172495f9d3fae3dc1d602b20cc4278ee8df7d87c004ad0754949c37f0bc7f,53f9e814a94b3c58466da1b196a4a015777ae6b1c7cdabf87a8ad2bc27a4c731,cifar,1.0,1200,1200,120000,0.0,0.0,ccf92e765d8c7563482aa24d9851cd656eb1084e,0.001,1.0,expert_prob,AdamW,0.2573396561376773,article1-v3,392654b3c3340eaf73f153ae57d9b013005a9220630fb5b5b46d9f668e1c87cb,66af2fbb33f1e089245500600db030610ac3b47e91dba7cbb7dbf193a5c1ef13,10000,nested_stratified_v1,42,85a26f7dcea1550411a19050a529862f2def50737608f3fbf6854cdf74235b17,100,deterministic_evaluation,single,e2401c3829e09d4c,none,42,3319efc4aa95c579349b4298cd3efed3f8f943c425a072ed5ed5e6da8c04ea80,3.203412416041829e-05,185356aa1824f8622c4cedfce3d940f5365857f2d6541013f0f2d87bf8820d24,0.3259,4.596441403961181,1.0,1.0992081341231588,0.3111012659310526,1.0,8.0,"{""K"": 10, ""batch_size"": 256, ""lr"": 0.001, ""optimizer"": ""AdamW"", ""proxy_labels_sha256"": ""392654b3c3340eaf73f153ae57d9b013005a9220630fb5b5b46d9f668e1c87cb"", ""proxy_size"": 100, ""updates"": 1200, ""weight_decay"": 0.0001}",1200,0.0001,selected_uniform,/home/roi/PycharmProjects/KD_v5/OUTPUTS/article1_v3/results_proxy_size_expert_prob.csv,5,,,,,,,,,,True
,,39ef3cb5cd517a7d6cf7b6bd137d76374f0539b897781179882ea3a2073ba439,256,,,985117821410d356f053658bf8ff4e15025a5a7abde78d27b71a8a15fd28a9dc,cifar,,600,600,300000,,,,0.001,,supervised_proxy_ce,AdamW,,article1-v3,11e1284125a2d7687f97a6593bb0cc2fdff216c753de813d589c56de8d530fe6,66af2fbb33f1e089245500600db030610ac3b47e91dba7cbb7dbf193a5c1ef13,10000,nested_stratified_v1,42,70b5d68e7fa37cc3c33ddcdec899d76c6961748ca62f6d670077d18fd7c62134,500,deterministic_evaluation,shared_proxy,8588a035240f3e55cc608d8502f0a5dd28526507f2be33057aec4d53bba595af,none,42,d58e2808085e3341aafea3d419b2f89fad48fa906e038da4a64d4e15f2db41e4,2.9205762984929606e-05,185356aa1824f8622c4cedfce3d940f5365857f2d6541013f0f2d87bf8820d24,0.4602,2.269878453063965,,,,,,"{""batch_size"": 256, ""loss"": ""cross_entropy"", ""lr"": 0.001, ""optimizer"": ""AdamW"", ""protocol_version"": ""article1-v3"", ""proxy_labels_sha256"": ""11e1284125a2d7687f97a6593bb0cc2fdff216c753de813d589c56de8d530fe6"", ""proxy_view"": ""deterministic_evaluation"", ""scheduler"": null, ""updates"": 1200, ""weight_decay"": 0.0001}",1200,0.0001,,/home/roi/PycharmProjects/KD_v5/OUTPUTS/article1_v3/results_proxy_size_expert_prob.csv,6,c643a33c5bd39dee413ca2ea296a3f85ec91d9f8,cross_entropy,d2636da84362f05b2a0ab8ebb5039b941c6b9310b42eddd0e6007451ba624b46,iid,,,,,,True
a549aff87e6ef58b5926807f91025e7e405b52c4fe466412a04e29956c72609c,mean_probabilities,39ef3cb5cd517a7d6cf7b6bd137d76374f0539b897781179882ea3a2073ba439,256,7ff045e85bdcdcb19da695baf49045e3320a14d4,d2636da84362f05b2a0ab8ebb5039b941c6b9310b42eddd0e6007451ba624b46,985117821410d356f053658bf8ff4e15025a5a7abde78d27b71a8a15fd28a9dc,cifar,6.5,600,600,300000,50.0,0.1,c643a33c5bd39dee413ca2ea296a3f85ec91d9f8,0.001,5.5,expert_prob,AdamW,0.3438430276384353,article1-v3,11e1284125a2d7687f97a6593bb0cc2fdff216c753de813d589c56de8d530fe6,66af2fbb33f1e089245500600db030610ac3b47e91dba7cbb7dbf193a5c1ef13,10000,nested_stratified_v1,42,70b5d68e7fa37cc3c33ddcdec899d76c6961748ca62f6d670077d18fd7c62134,500,deterministic_evaluation,iid,54137279e4a9b224,none,42,3af146dd4eb87154e2b9a687523784e43c093456da76e37aa70b3f0811fc0ea3,0.0481638796627521,185356aa1824f8622c4cedfce3d940f5365857f2d6541013f0f2d87bf8820d24,0.5777,1.228393250656128,0.766,2.1471244282306987,1.5302759307060414,1.0,8.0,"{""K"": 10, ""batch_size"": 256, ""lr"": 0.001, ""optimizer"": ""AdamW"", ""proxy_labels_sha256"": ""11e1284125a2d7687f97a6593bb0cc2fdff216c753de813d589c56de8d530fe6"", ""proxy_size"": 500, ""updates"": 1200, ""weight_decay"": 0.0001}",1200,0.0001,selected_uniform,/home/roi/PycharmProjects/KD_v5/OUTPUTS/article1_v3/results_proxy_size_expert_prob.csv,7,,,,,,,,,,True
34f84e2343874e1a7b9b815529aa22768f81a356597ec5e338c60b3904ca2c75,mean_probabilities,39ef3cb5cd517a7d6cf7b6bd137d76374f0539b897781179882ea3a2073ba439,256,7ff045e85bdcdcb19da695baf49045e3320a14d4,131d0b9efcd1c7294a6cc1cf94110c75b2bab77a718c2909d085900d8a7a96f6,985117821410d356f053658bf8ff4e15025a5a7abde78d27b71a8a15fd28a9dc,cifar,2.4,600,600,300000,0.0,0.0,c643a33c5bd39dee413ca2ea296a3f85ec91d9f8,0.001,2.4,expert_prob,AdamW,0.4181744054153748,article1-v3,11e1284125a2d7687f97a6593bb0cc2fdff216c753de813d589c56de8d530fe6,66af2fbb33f1e089245500600db030610ac3b47e91dba7cbb7dbf193a5c1ef13,10000,nested_stratified_v1,42,70b5d68e7fa37cc3c33ddcdec899d76c6961748ca62f6d670077d18fd7c62134,500,deterministic_evaluation,alpha0p1,fee8296ad0b5432a,none,42,b23db86a847575f3a149c26186aaa039ba10d12499b3ed4c91cea576b4106056,0.0336973369121551,185356aa1824f8622c4cedfce3d940f5365857f2d6541013f0f2d87bf8820d24,0.4852,1.8862363456726077,0.976,1.9981778060626367,1.1428293977523902,1.0,8.0,"{""K"": 10, ""batch_size"": 256, ""lr"": 0.001, ""optimizer"": ""AdamW"", ""proxy_labels_sha256"": ""11e1284125a2d7687f97a6593bb0cc2fdff216c753de813d589c56de8d530fe6"", ""proxy_size"": 500, ""updates"": 1200, ""weight_decay"": 0.0001}",1200,0.0001,selected_uniform,/home/roi/PycharmProjects/KD_v5/OUTPUTS/article1_v3/results_proxy_size_expert_prob.csv,8,,,,,,,,,,True
e6f1e0016bd69e5208d7779bafd908447f0ffbf5bd505201465dc3d9494ee864,mean_probabilities,39ef3cb5cd517a7d6cf7b6bd137d76374f0539b897781179882ea3a2073ba439,256,7ff045e85bdcdcb19da695baf49045e3320a14d4,df8172495f9d3fae3dc1d602b20cc4278ee8df7d87c004ad0754949c37f0bc7f,985117821410d356f053658bf8ff4e15025a5a7abde78d27b71a8a15fd28a9dc,cifar,1.0,600,600,300000,0.0,0.0,c643a33c5bd39dee413ca2ea296a3f85ec91d9f8,0.001,1.0,expert_prob,AdamW,0.2748976003641111,article1-v3,11e1284125a2d7687f97a6593bb0cc2fdff216c753de813d589c56de8d530fe6,66af2fbb33f1e089245500600db030610ac3b47e91dba7cbb7dbf193a5c1ef13,10000,nested_stratified_v1,42,70b5d68e7fa37cc3c33ddcdec899d76c6961748ca62f6d670077d18fd7c62134,500,deterministic_evaluation,single,c6d58c4fbb89382f,none,42,917c02e370dd8bf67b561a60e14ca18e2fcd4778a92ece8426a052fae87fa3ae,0.0492787472903728,185356aa1824f8622c4cedfce3d940f5365857f2d6541013f0f2d87bf8820d24,0.4903,3.079330432128906,1.0,1.1571690924056932,0.337474538180092,1.0,8.0,"{""K"": 10, ""batch_size"": 256, ""lr"": 0.001, ""optimizer"": ""AdamW"", ""proxy_labels_sha256"": ""11e1284125a2d7687f97a6593bb0cc2fdff216c753de813d589c56de8d530fe6"", ""proxy_size"": 500, ""updates"": 1200, ""weight_decay"": 0.0001}",1200,0.0001,selected_uniform,/home/roi/PycharmProjects/KD_v5/OUTPUTS/article1_v3/results_proxy_size_expert_prob.csv,9,,,,,,,,,,True
,,36c2331f694a7b1dafd8061a0bfab76f41d30d4d90ec93cfa74f40728016566b,256,,,131e99175321e7a52cdca3cb4f4c2823d4a78ab2e51898e20bddb5c3b0657f6b,cifar,,300,300,300000,,,,0.001,,supervised_proxy_ce,AdamW,,article1-v3,6fb277f27f4d6ad1e68d7df8f5a0bac01661150ecee2090ccfb93c2ab4f0c9a5,66af2fbb33f1e089245500600db030610ac3b47e91dba7cbb7dbf193a5c1ef13,10000,nested_stratified_v1,42,e6ac7e2e1fe54cc5fde5a8717b59adf9ea55e08f9fb89a601d55f86bad0c1bd0,1000,deterministic_evaluation,shared_proxy,25c35af941cbfc761e2daf27bb6e78580600ef827a220c61f0fe1b57cab972c3,none,42,f485a177fa1afff891cc4497b6a6559a9cf2c3932cb3cfb25be3250e639837b4,3.533020935719833e-05,185356aa1824f8622c4cedfce3d940f5365857f2d6541013f0f2d87bf8820d24,0.5467,1.8780779983520508,,,,,,"{""batch_size"": 256, ""loss"": ""cross_entropy"", ""lr"": 0.001, ""optimizer"": ""AdamW"", ""protocol_version"": ""article1-v3"", ""proxy_labels_sha256"": ""6fb277f27f4d6ad1e68d7df8f5a0bac01661150ecee2090ccfb93c2ab4f0c9a5"", ""proxy_view"": ""deterministic_evaluation"", ""scheduler"": null, ""updates"": 1200, ""weight_decay"": 0.0001}",1200,0.0001,,/home/roi/PycharmProjects/KD_v5/OUTPUTS/article1_v3/results_proxy_size_expert_prob.csv,10,c643a33c5bd39dee413ca2ea296a3f85ec91d9f8,cross_entropy,d2636da84362f05b2a0ab8ebb5039b941c6b9310b42eddd0e6007451ba624b46,iid,,,,,,True
a549aff87e6ef58b5926807f91025e7e405b52c4fe466412a04e29956c72609c,mean_probabilities,36c2331f694a7b1dafd8061a0bfab76f41d30d4d90ec93cfa74f40728016566b,256,7ff045e85bdcdcb19da695baf49045e3320a14d4,d2636da84362f05b2a0ab8ebb5039b941c6b9310b42eddd0e6007451ba624b46,131e99175321e7a52cdca3cb4f4c2823d4a78ab2e51898e20bddb5c3b0657f6b,cifar,6.5,300,300,300000,100.0,0.1,c643a33c5bd39dee413ca2ea296a3f85ec91d9f8,0.001,5.5,expert_prob,AdamW,0.3472968320121679,article1-v3,6fb277f27f4d6ad1e68d7df8f5a0bac01661150ecee2090ccfb93c2ab4f0c9a5,66af2fbb33f1e089245500600db030610ac3b47e91dba7cbb7dbf193a5c1ef13,10000,nested_stratified_v1,42,e6ac7e2e1fe54cc5fde5a8717b59adf9ea55e08f9fb89a601d55f86bad0c1bd0,1000,deterministic_evaluation,iid,b94ba5ca2553bfc5,none,42,4cbf3fa68b381479fac6adad7858bdf6c005bc9b17524c59d3de314393dc0ff1,0.074658028781414,185356aa1824f8622c4cedfce3d940f5365857f2d6541013f0f2d87bf8820d24,0.6417,1.0688322467803957,0.771,2.147571334155542,1.5273577377084424,1.0,8.0,"{""K"": 10, ""batch_size"": 256, ""lr"": 0.001, ""optimizer"": ""AdamW"", ""proxy_labels_sha256"": ""6fb277f27f4d6ad1e68d7df8f5a0bac01661150ecee2090ccfb93c2ab4f0c9a5"", ""proxy_size"": 1000, ""updates"": 1200, ""weight_decay"": 0.0001}",1200,0.0001,selected_uniform,/home/roi/PycharmProjects/KD_v5/OUTPUTS/article1_v3/results_proxy_size_expert_prob.csv,11,,,,,,,,,,True
34f84e2343874e1a7b9b815529aa22768f81a356597ec5e338c60b3904ca2c75,mean_probabilities,36c2331f694a7b1dafd8061a0bfab76f41d30d4d90ec93cfa74f40728016566b,256,7ff045e85bdcdcb19da695baf49045e3320a14d4,131d0b9efcd1c7294a6cc1cf94110c75b2bab77a718c2909d085900d8a7a96f6,131e99175321e7a52cdca3cb4f4c2823d4a78ab2e51898e20bddb5c3b0657f6b,cifar,2.4,300,300,300000,0.0,0.0,c643a33c5bd39dee413ca2ea296a3f85ec91d9f8,0.001,2.4,expert_prob,AdamW,0.4167931972744578,article1-v3,6fb277f27f4d6ad1e68d7df8f5a0bac01661150ecee2090ccfb93c2ab4f0c9a5,66af2fbb33f1e089245500600db030610ac3b47e91dba7cbb7dbf193a5c1ef13,10000,nested_stratified_v1,42,e6ac7e2e1fe54cc5fde5a8717b59adf9ea55e08f9fb89a601d55f86bad0c1bd0,1000,deterministic_evaluation,alpha0p1,640c473b279cba58,none,42,5fd5986c7a1b5a53dd081284a7c6d168ead6d11052719571106ca708358e8314,0.0425764843821525,185356aa1824f8622c4cedfce3d940f5365857f2d6541013f0f2d87bf8820d24,0.5653,1.634368112564087,0.979,1.9952248771451464,1.1374383694753254,1.0,8.0,"{""K"": 10, ""batch_size"": 256, ""lr"": 0.001, ""optimizer"": ""AdamW"", ""proxy_labels_sha256"": ""6fb277f27f4d6ad1e68d7df8f5a0bac01661150ecee2090ccfb93c2ab4f0c9a5"", ""proxy_size"": 1000, ""updates"": 1200, ""weight_decay"": 0.0001}",1200,0.0001,selected_uniform,/home/roi/PycharmProjects/KD_v5/OUTPUTS/article1_v3/results_proxy_size_expert_prob.csv,12,,,,,,,,,,True
e6f1e0016bd69e5208d7779bafd908447f0ffbf5bd505201465dc3d9494ee864,mean_probabilities,36c2331f694a7b1dafd8061a0bfab76f41d30d4d90ec93cfa74f40728016566b,256,7ff045e85bdcdcb19da695baf49045e3320a14d4,df8172495f9d3fae3dc1d602b20cc4278ee8df7d87c004ad0754949c37f0bc7f,131e99175321e7a52cdca3cb4f4c2823d4a78ab2e51898e20bddb5c3b0657f6b,cifar,1.0,300,300,300000,0.0,0.0,c643a33c5bd39dee413ca2ea296a3f85ec91d9f8,0.001,1.0,expert_prob,AdamW,0.2770190119565327,article1-v3,6fb277f27f4d6ad1e68d7df8f5a0bac01661150ecee2090ccfb93c2ab4f0c9a5,66af2fbb33f1e089245500600db030610ac3b47e91dba7cbb7dbf193a5c1ef13,10000,nested_stratified_v1,42,e6ac7e2e1fe54cc5fde5a8717b59adf9ea55e08f9fb89a601d55f86bad0c1bd0,1000,deterministic_evaluation,single,2d4c87c3549f39e5,none,42,7dc6b66f51d287ca25873a6d7c127350ad6aa2a41759f865436adb0a88486603,0.0755142867565155,185356aa1824f8622c4cedfce3d940f5365857f2d6541013f0f2d87bf8820d24,0.5687,2.766572400665283,1.0,1.163920287189527,0.3401640200136298,1.0,8.0,"{""K"": 10, ""batch_size"": 256, ""lr"": 0.001, ""optimizer"": ""AdamW"", ""proxy_labels_sha256"": ""6fb277f27f4d6ad1e68d7df8f5a0bac01661150ecee2090ccfb93c2ab4f0c9a5"", ""proxy_size"": 1000, ""updates"": 1200, ""weight_decay"": 0.0001}",1200,0.0001,selected_uniform,/home/roi/PycharmProjects/KD_v5/OUTPUTS/article1_v3/results_proxy_size_expert_prob.csv,13,,,,,,,,,,True
,,e724c55f45cc1687ec21ef6a400c1b24244be6b79477359941d532280cc1b110,256,,,7e55b0a381d74a5a5da3ccc320f813c6b82e203e7657ed192f58e978a4ab6f47,cifar,,60,60,300000,,,,0.001,,supervised_proxy_ce,AdamW,,article1-v3,7818a0ebb4f6d71c4b8e8645fbcf991c04134196fa58a7d158710d6fca25baa0,66af2fbb33f1e089245500600db030610ac3b47e91dba7cbb7dbf193a5c1ef13,10000,nested_stratified_v1,42,75626a43293e26c6ab450a7c5e34612824ae8e09a125fdbcb9cfe00e8180bcb6,5000,deterministic_evaluation,shared_proxy,d7c5b54faf0ee7155969a97c2e17988830842bfd5ed7ccfda682067a4aaeb488,none,42,0f3f59ca4de37ba700a41226585684fe8865d200fbda6ac3889ff2372c5a19cb,5.7523044233676046e-05,185356aa1824f8622c4cedfce3d940f5365857f2d6541013f0f2d87bf8820d24,0.7269,1.178120182800293,,,,,,"{""batch_size"": 256, ""loss"": ""cross_entropy"", ""lr"": 0.001, ""optimizer"": ""AdamW"", ""protocol_version"": ""article1-v3"", ""proxy_labels_sha256"": ""7818a0ebb4f6d71c4b8e8645fbcf991c04134196fa58a7d158710d6fca25baa0"", ""proxy_view"": ""deterministic_evaluation"", ""scheduler"": null, ""updates"": 1200, ""weight_decay"": 0.0001}",1200,0.0001,,/home/roi/PycharmProjects/KD_v5/OUTPUTS/article1_v3/results_proxy_size_expert_prob.csv,14,c643a33c5bd39dee413ca2ea296a3f85ec91d9f8,cross_entropy,d2636da84362f05b2a0ab8ebb5039b941c6b9310b42eddd0e6007451ba624b46,iid,,,,,,True
a549aff87e6ef58b5926807f91025e7e405b52c4fe466412a04e29956c72609c,mean_probabilities,e724c55f45cc1687ec21ef6a400c1b24244be6b79477359941d532280cc1b110,256,7ff045e85bdcdcb19da695baf49045e3320a14d4,d2636da84362f05b2a0ab8ebb5039b941c6b9310b42eddd0e6007451ba624b46,7e55b0a381d74a5a5da3ccc320f813c6b82e203e7657ed192f58e978a4ab6f47,cifar,6.5,60,60,300000,500.0,0.1,c643a33c5bd39dee413ca2ea296a3f85ec91d9f8,0.001,5.5,expert_prob,AdamW,0.3459187763583419,article1-v3,7818a0ebb4f6d71c4b8e8645fbcf991c04134196fa58a7d158710d6fca25baa0,66af2fbb33f1e089245500600db030610ac3b47e91dba7cbb7dbf193a5c1ef13,10000,nested_stratified_v1,42,75626a43293e26c6ab450a7c5e34612824ae8e09a125fdbcb9cfe00e8180bcb6,5000,deterministic_evaluation,iid,8dfd89bf4b4933ff,none,42,400ca3feef4bd751c025b928d37891aa0cf85009eb6b6ff028faa53ffd7fadc8,0.0534017793834209,185356aa1824f8622c4cedfce3d940f5365857f2d6541013f0f2d87bf8820d24,0.7404,0.8116266550064087,0.7948,2.1446226014919976,1.5117072624556138,1.0,8.0,"{""K"": 10, ""batch_size"": 256, ""lr"": 0.001, ""optimizer"": ""AdamW"", ""proxy_labels_sha256"": ""7818a0ebb4f6d71c4b8e8645fbcf991c04134196fa58a7d158710d6fca25baa0"", ""proxy_size"": 5000, ""updates"": 1200, ""weight_decay"": 0.0001}",1200,0.0001,selected_uniform,/home/roi/PycharmProjects/KD_v5/OUTPUTS/article1_v3/results_proxy_size_expert_prob.csv,15,,,,,,,,,,True
34f84e2343874e1a7b9b815529aa22768f81a356597ec5e338c60b3904ca2c75,mean_probabilities,e724c55f45cc1687ec21ef6a400c1b24244be6b79477359941d532280cc1b110,256,7ff045e85bdcdcb19da695baf49045e3320a14d4,131d0b9efcd1c7294a6cc1cf94110c75b2bab77a718c2909d085900d8a7a96f6,7e55b0a381d74a5a5da3ccc320f813c6b82e203e7657ed192f58e978a4ab6f47,cifar,2.4,60,60,300000,0.0,0.0,c643a33c5bd39dee413ca2ea296a3f85ec91d9f8,0.001,2.4,expert_prob,AdamW,0.4160797592534988,article1-v3,7818a0ebb4f6d71c4b8e8645fbcf991c04134196fa58a7d158710d6fca25baa0,66af2fbb33f1e089245500600db030610ac3b47e91dba7cbb7dbf193a5c1ef13,10000,nested_stratified_v1,42,75626a43293e26c6ab450a7c5e34612824ae8e09a125fdbcb9cfe00e8180bcb6,5000,deterministic_evaluation,alpha0p1,6538e442d6f29345,none,42,69a3744bfcc123d739eabf7fba1f213ff3f5628aa2d61232469c08aca57a1f92,0.1473509967327118,185356aa1824f8622c4cedfce3d940f5365857f2d6541013f0f2d87bf8820d24,0.7165,1.239797230529785,0.9866,1.9846895563780795,1.12150086871957,1.0,8.0,"{""K"": 10, ""batch_size"": 256, ""lr"": 0.001, ""optimizer"": ""AdamW"", ""proxy_labels_sha256"": ""7818a0ebb4f6d71c4b8e8645fbcf991c04134196fa58a7d158710d6fca25baa0"", ""proxy_size"": 5000, ""updates"": 1200, ""weight_decay"": 0.0001}",1200,0.0001,selected_uniform,/home/roi/PycharmProjects/KD_v5/OUTPUTS/article1_v3/results_proxy_size_expert_prob.csv,16,,,,,,,,,,True
e6f1e0016bd69e5208d7779bafd908447f0ffbf5bd505201465dc3d9494ee864,mean_probabilities,e724c55f45cc1687ec21ef6a400c1b24244be6b79477359941d532280cc1b110,256,7ff045e85bdcdcb19da695baf49045e3320a14d4,df8172495f9d3fae3dc1d602b20cc4278ee8df7d87c004ad0754949c37f0bc7f,7e55b0a381d74a5a5da3ccc320f813c6b82e203e7657ed192f58e978a4ab6f47,cifar,1.0,60,60,300000,0.0,0.0,c643a33c5bd39dee413ca2ea296a3f85ec91d9f8,0.001,1.0,expert_prob,AdamW,0.280555784790214,article1-v3,7818a0ebb4f6d71c4b8e8645fbcf991c04134196fa58a7d158710d6fca25baa0,66af2fbb33f1e089245500600db030610ac3b47e91dba7cbb7dbf193a5c1ef13,10000,nested_stratified_v1,42,75626a43293e26c6ab450a7c5e34612824ae8e09a125fdbcb9cfe00e8180bcb6,5000,deterministic_evaluation,single,6980750e1eab8bd2,none,42,44765d27181b0b30af40239e7acc6caa281e916ff2cad6ebf5508dbfdaa26dae,0.261342316865921,185356aa1824f8622c4cedfce3d940f5365857f2d6541013f0f2d87bf8820d24,0.7384,1.9537447006225583,1.0,1.1754758478501204,0.3455468708877348,1.0,8.0,"{""K"": 10, ""batch_size"": 256, ""lr"": 0.001, ""optimizer"": ""AdamW"", ""proxy_labels_sha256"": ""7818a0ebb4f6d71c4b8e8645fbcf991c04134196fa58a7d158710d6fca25baa0"", ""proxy_size"": 5000, ""updates"": 1200, ""weight_decay"": 0.0001}",1200,0.0001,selected_uniform,/home/roi/PycharmProjects/KD_v5/OUTPUTS/article1_v3/results_proxy_size_expert_prob.csv,17,,,,,,,,,,True
,,774063ddbadfec22036bf9c7cf7cc1d72f7a0e79472c776cc0d37cd5b7a33193,100,,,ccb2db6fe4c4684febc27b3e39673b6b2661b4e117a9a7734628c9869147b730,cifar,,1200,1200,120000,,,,0.001,,supervised_proxy_ce,AdamW,,article1-v3,cf2477f4398282cb966d3a30d5ad5f08b99e697c09d8a33f7fbff9b823f1d5b6,bed4be8cbbddf6b7e019ee5f865d0201821d40925ca2b78a28d00ef0bde4d7bb,10000,nested_stratified_v1,43,bb38a9c0811d125483c37543869227a680feb6dbf92c294ba62e51f0bac956cf,100,deterministic_evaluation,shared_proxy,f0d05d7d758b709ca01be4ebab7177c8e819a1f7561e33f01c01c46e980675ac,none,43,36a14663861e1f8df81808de7350561bb20b45738d4a16f8ed8f4b8685b365ec,1.338472338829888e-05,335be889b9913daeb5005a38607982797a1f0f6633ae7459498f792989576a97,0.3285,3.044557247543335,,,,,,"{""batch_size"": 100, ""loss"": ""cross_entropy"", ""lr"": 0.001, ""optimizer"": ""AdamW"", ""protocol_version"": ""article1-v3"", ""proxy_labels_sha256"": ""cf2477f4398282cb966d3a30d5ad5f08b99e697c09d8a33f7fbff9b823f1d5b6"", ""proxy_view"": ""deterministic_evaluation"", ""scheduler"": null, ""updates"": 1200, ""weight_decay"": 0.0001}",1200,0.0001,,/home/roi/PycharmProjects/KD_v5/OUTPUTS/article1_v3/results_proxy_size_expert_prob.csv,18,c643a33c5bd39dee413ca2ea296a3f85ec91d9f8,cross_entropy,313d08a4063e2e70f69684825648a6997881288513eb04c35886ca8ab551e5ca,iid,,,,,,True
11f91107f69eaf1c882605cd16eb48579ee7dfc8e92323ee1b304604abe55df7,mean_probabilities,774063ddbadfec22036bf9c7cf7cc1d72f7a0e79472c776cc0d37cd5b7a33193,100,7ff045e85bdcdcb19da695baf49045e3320a14d4,313d08a4063e2e70f69684825648a6997881288513eb04c35886ca8ab551e5ca,ccb2db6fe4c4684febc27b3e39673b6b2661b4e117a9a7734628c9869147b730,cifar,5.7,1200,1200,120000,10.0,0.1,c643a33c5bd39dee413ca2ea296a3f85ec91d9f8,0.001,4.7,expert_prob,AdamW,0.390854948759132,article1-v3,cf2477f4398282cb966d3a30d5ad5f08b99e697c09d8a33f7fbff9b823f1d5b6,bed4be8cbbddf6b7e019ee5f865d0201821d40925ca2b78a28d00ef0bde4d7bb,10000,nested_stratified_v1,43,bb38a9c0811d125483c37543869227a680feb6dbf92c294ba62e51f0bac956cf,100,deterministic_evaluation,iid,54be8f024e49d19e,none,43,98093ea1aef70e9d08822aea98594e829b5b134e88b5c70513a1264152996bcb,0.0001463794615119,335be889b9913daeb5005a38607982797a1f0f6633ae7459498f792989576a97,0.4027,1.8994731769561768,0.86,2.145106669554798,1.4893477617227844,1.0,8.0,"{""K"": 10, ""batch_size"": 256, ""lr"": 0.001, ""optimizer"": ""AdamW"", ""proxy_labels_sha256"": ""cf2477f4398282cb966d3a30d5ad5f08b99e697c09d8a33f7fbff9b823f1d5b6"", ""proxy_size"": 100, ""updates"": 1200, ""weight_decay"": 0.0001}",1200,0.0001,selected_uniform,/home/roi/PycharmProjects/KD_v5/OUTPUTS/article1_v3/results_proxy_size_expert_prob.csv,19,,,,,,,,,,True
ad0320c63be8b9c50a5e28d376bbbd9e9c5f13fb47ba0982501f08b414baf9c6,mean_probabilities,774063ddbadfec22036bf9c7cf7cc1d72f7a0e79472c776cc0d37cd5b7a33193,100,7ff045e85bdcdcb19da695baf49045e3320a14d4,cc524a8ddd5e02a659e62aedf04a4b8066364d34da98c377c658ce77c4fab266,ccb2db6fe4c4684febc27b3e39673b6b2661b4e117a9a7734628c9869147b730,cifar,2.4,1200,1200,120000,0.0,0.0,c643a33c5bd39dee413ca2ea296a3f85ec91d9f8,0.001,2.4,expert_prob,AdamW,0.4348965825971253,article1-v3,cf2477f4398282cb966d3a30d5ad5f08b99e697c09d8a33f7fbff9b823f1d5b6,bed4be8cbbddf6b7e019ee5f865d0201821d40925ca2b78a28d00ef0bde4d7bb,10000,nested_stratified_v1,43,bb38a9c0811d125483c37543869227a680feb6dbf92c294ba62e51f0bac956cf,100,deterministic_evaluation,alpha0p1,aacc2e9cbdfe6b39,none,43,76fd8516a8076bd19914a17400afef28b762f11d9044f7bf588b73a807e43d40,2.5823115720413625e-05,335be889b9913daeb5005a38607982797a1f0f6633ae7459498f792989576a97,0.3008,3.2400988193511964,0.95,1.9732230130630604,1.1249539939036233,1.0,8.0,"{""K"": 10, ""batch_size"": 256, ""lr"": 0.001, ""optimizer"": ""AdamW"", ""proxy_labels_sha256"": ""cf2477f4398282cb966d3a30d5ad5f08b99e697c09d8a33f7fbff9b823f1d5b6"", ""proxy_size"": 100, ""updates"": 1200, ""weight_decay"": 0.0001}",1200,0.0001,selected_uniform,/home/roi/PycharmProjects/KD_v5/OUTPUTS/article1_v3/results_proxy_size_expert_prob.csv,20,,,,,,,,,,True
e6f1e0016bd69e5208d7779bafd908447f0ffbf5bd505201465dc3d9494ee864,mean_probabilities,774063ddbadfec22036bf9c7cf7cc1d72f7a0e79472c776cc0d37cd5b7a33193,100,7ff045e85bdcdcb19da695baf49045e3320a14d4,b0e774132de58204419c2668a7ac2df2bbceb888e21808d3fb6686e76d27e693,ccb2db6fe4c4684febc27b3e39673b6b2661b4e117a9a7734628c9869147b730,cifar,1.0,1200,1200,120000,0.0,0.0,c643a33c5bd39dee413ca2ea296a3f85ec91d9f8,0.001,1.0,expert_prob,AdamW,0.2664715974761103,article1-v3,cf2477f4398282cb966d3a30d5ad5f08b99e697c09d8a33f7fbff9b823f1d5b6,bed4be8cbbddf6b7e019ee5f865d0201821d40925ca2b78a28d00ef0bde4d7bb,10000,nested_stratified_v1,43,bb38a9c0811d125483c37543869227a680feb6dbf92c294ba62e51f0bac956cf,100,deterministic_evaluation,single,11467004afb982b8,none,43,5d394c7e4c9d0f82fa5a4e0b390bcdf7cb0b4aec90247c287a1b7aa8834fbc34,3.0994414146334754e-08,335be889b9913daeb5005a38607982797a1f0f6633ae7459498f792989576a97,0.3267,4.437178745651245,1.0,1.1494644570515842,0.3140602474912117,1.0,8.0,"{""K"": 10, ""batch_size"": 256, ""lr"": 0.001, ""optimizer"": ""AdamW"", ""proxy_labels_sha256"": ""cf2477f4398282cb966d3a30d5ad5f08b99e697c09d8a33f7fbff9b823f1d5b6"", ""proxy_size"": 100, ""updates"": 1200, ""weight_decay"": 0.0001}",1200,0.0001,selected_uniform,/home/roi/PycharmProjects/KD_v5/OUTPUTS/article1_v3/results_proxy_size_expert_prob.csv,21,,,,,,,,,,True
,,71ac2c45dd5831edbac0c32d2e4c96ee54b004c17d57544047f187ca1ff28e8a,256,,,2e1844dc56658e2e925a63402fae278b3d466a1b2b534ff5504b8b7a33c9d1d0,cifar,,600,600,300000,,,,0.001,,supervised_proxy_ce,AdamW,,article1-v3,ffa0eebe87659307a235c6a7b41a8b1ce6b574c0ab3fdaabae526f28f5fa0558,bed4be8cbbddf6b7e019ee5f865d0201821d40925ca2b78a28d00ef0bde4d7bb,10000,nested_stratified_v1,43,62957c1313b9ae402c1964617b4f0b2f0144bd35b4167ed3bd16392a504e5cc2,500,deterministic_evaluation,shared_proxy,450e462119cb17304e21faa68f811d1e5c52cf02f38f316c95121c157a695aa9,none,43,4f289ad17ebc7d4f0c98b0968e82b74706685374fd0ffda7829b51c8bb8f7730,2.383321952947881e-05,335be889b9913daeb5005a38607982797a1f0f6633ae7459498f792989576a97,0.4772,2.2077495231628417,,,,,,"{""batch_size"": 256, ""loss"": ""cross_entropy"", ""lr"": 0.001, ""optimizer"": ""AdamW"", ""protocol_version"": ""article1-v3"", ""proxy_labels_sha256"": ""ffa0eebe87659307a235c6a7b41a8b1ce6b574c0ab3fdaabae526f28f5fa0558"", ""proxy_view"": ""deterministic_evaluation"", ""scheduler"": null, ""updates"": 1200, ""weight_decay"": 0.0001}",1200,0.0001,,/home/roi/PycharmProjects/KD_v5/OUTPUTS/article1_v3/results_proxy_size_expert_prob.csv,22,c643a33c5bd39dee413ca2ea296a3f85ec91d9f8,cross_entropy,313d08a4063e2e70f69684825648a6997881288513eb04c35886ca8ab551e5ca,iid,,,,,,True
11f91107f69eaf1c882605cd16eb48579ee7dfc8e92323ee1b304604abe55df7,mean_probabilities,71ac2c45dd5831edbac0c32d2e4c96ee54b004c17d57544047f187ca1ff28e8a,256,7ff045e85bdcdcb19da695baf49045e3320a14d4,313d08a4063e2e70f69684825648a6997881288513eb04c35886ca8ab551e5ca,2e1844dc56658e2e925a63402fae278b3d466a1b2b534ff5504b8b7a33c9d1d0,cifar,5.7,600,600,300000,50.0,0.1,c643a33c5bd39dee413ca2ea296a3f85ec91d9f8,0.001,4.7,expert_prob,AdamW,0.387292831787501,article1-v3,ffa0eebe87659307a235c6a7b41a8b1ce6b574c0ab3fdaabae526f28f5fa0558,bed4be8cbbddf6b7e019ee5f865d0201821d40925ca2b78a28d00ef0bde4d7bb,10000,nested_stratified_v1,43,62957c1313b9ae402c1964617b4f0b2f0144bd35b4167ed3bd16392a504e5cc2,500,deterministic_evaluation,iid,f49202f7a420bfc2,none,43,c0e0f952ebbcf86630edcff842cdd59a905bb414362ea1366d7b0435da4e78b2,0.0304803289473056,335be889b9913daeb5005a38607982797a1f0f6633ae7459498f792989576a97,0.5822,1.193147322845459,0.826,2.14133882681015,1.480375822825064,1.0,8.0,"{""K"": 10, ""batch_size"": 256, ""lr"": 0.001, ""optimizer"": ""AdamW"", ""proxy_labels_sha256"": ""ffa0eebe87659307a235c6a7b41a8b1ce6b574c0ab3fdaabae526f28f5fa0558"", ""proxy_size"": 500, ""updates"": 1200, ""weight_decay"": 0.0001}",1200,0.0001,selected_uniform,/home/roi/PycharmProjects/KD_v5/OUTPUTS/article1_v3/results_proxy_size_expert_prob.csv,23,,,,,,,,,,True
ad0320c63be8b9c50a5e28d376bbbd9e9c5f13fb47ba0982501f08b414baf9c6,mean_probabilities,71ac2c45dd5831edbac0c32d2e4c96ee54b004c17d57544047f187ca1ff28e8a,256,7ff045e85bdcdcb19da695baf49045e3320a14d4,cc524a8ddd5e02a659e62aedf04a4b8066364d34da98c377c658ce77c4fab266,2e1844dc56658e2e925a63402fae278b3d466a1b2b534ff5504b8b7a33c9d1d0,cifar,2.4,600,600,300000,0.0,0.0,c643a33c5bd39dee413ca2ea296a3f85ec91d9f8,0.001,2.4,expert_prob,AdamW,0.4333456608178816,article1-v3,ffa0eebe87659307a235c6a7b41a8b1ce6b574c0ab3fdaabae526f28f5fa0558,bed4be8cbbddf6b7e019ee5f865d0201821d40925ca2b78a28d00ef0bde4d7bb,10000,nested_stratified_v1,43,62957c1313b9ae402c1964617b4f0b2f0144bd35b4167ed3bd16392a504e5cc2,500,deterministic_evaluation,alpha0p1,cffb23147110ff2a,none,43,7fa40cae28a75588720d8fa2eab27b360b67d5d31b2fe47aa7bd416617975e03,0.0534446649253368,335be889b9913daeb5005a38607982797a1f0f6633ae7459498f792989576a97,0.4708,2.317886848449707,0.958,1.9658473582584952,1.1121956303245224,1.0,8.0,"{""K"": 10, ""batch_size"": 256, ""lr"": 0.001, ""optimizer"": ""AdamW"", ""proxy_labels_sha256"": ""ffa0eebe87659307a235c6a7b41a8b1ce6b574c0ab3fdaabae526f28f5fa0558"", ""proxy_size"": 500, ""updates"": 1200, ""weight_decay"": 0.0001}",1200,0.0001,selected_uniform,/home/roi/PycharmProjects/KD_v5/OUTPUTS/article1_v3/results_proxy_size_expert_prob.csv,24,,,,,,,,,,True
e6f1e0016bd69e5208d7779bafd908447f0ffbf5bd505201465dc3d9494ee864,mean_probabilities,71ac2c45dd5831edbac0c32d2e4c96ee54b004c17d57544047f187ca1ff28e8a,256,7ff045e85bdcdcb19da695baf49045e3320a14d4,b0e774132de58204419c2668a7ac2df2bbceb888e21808d3fb6686e76d27e693,2e1844dc56658e2e925a63402fae278b3d466a1b2b534ff5504b8b7a33c9d1d0,cifar,1.0,600,600,300000,0.0,0.0,c643a33c5bd39dee413ca2ea296a3f85ec91d9f8,0.001,1.0,expert_prob,AdamW,0.2691529437244965,article1-v3,ffa0eebe87659307a235c6a7b41a8b1ce6b574c0ab3fdaabae526f28f5fa0558,bed4be8cbbddf6b7e019ee5f865d0201821d40925ca2b78a28d00ef0bde4d7bb,10000,nested_stratified_v1,43,62957c1313b9ae402c1964617b4f0b2f0144bd35b4167ed3bd16392a504e5cc2,500,deterministic_evaluation,single,bd411a0f802bf1e8,none,43,334807ebc0c75fc39d2d0a2345bd937ed70c78b6a48dd89fd463c9bcd0517385,0.0636022537946701,335be889b9913daeb5005a38607982797a1f0f6633ae7459498f792989576a97,0.5048,3.106520620727539,1.0,1.1546817536418128,0.3192117294170551,1.0,8.0,"{""K"": 10, ""batch_size"": 256, ""lr"": 0.001, ""optimizer"": ""AdamW"", ""proxy_labels_sha256"": ""ffa0eebe87659307a235c6a7b41a8b1ce6b574c0ab3fdaabae526f28f5fa0558"", ""proxy_size"": 500, ""updates"": 1200, ""weight_decay"": 0.0001}",1200,0.0001,selected_uniform,/home/roi/PycharmProjects/KD_v5/OUTPUTS/article1_v3/results_proxy_size_expert_prob.csv,25,,,,,,,,,,True
,,3f6897813d1e52fc9447c705710689cadcdfc833c6f3be83210baaabfd15dfe4,256,,,d221995106e2c358efdcfb6bfdac9775c1e136585d69558bfd19801ca1371307,cifar,,300,300,300000,,,,0.001,,supervised_proxy_ce,AdamW,,article1-v3,67ca3db8be9f5184931331cce782ca9080402aec5491b5fbb377c9407f3f5287,bed4be8cbbddf6b7e019ee5f865d0201821d40925ca2b78a28d00ef0bde4d7bb,10000,nested_stratified_v1,43,deed8d41224250db5152a0be5e4fa0c688d949f6e0f3fc8a380dbb0eacda163d,1000,deterministic_evaluation,shared_proxy,b53329337dec2e2d74ae59e1cfc8526cdac0d3c9c5e10f4306a2c2a48da5cd41,none,43,f141ee3621928d178e5a28c82f851df90ca0c97ab6ca2b48c611e1d143fa21f3,3.1943760404828936e-05,335be889b9913daeb5005a38607982797a1f0f6633ae7459498f792989576a97,0.5494,2.050018885421753,,,,,,"{""batch_size"": 256, ""loss"": ""cross_entropy"", ""lr"": 0.001, ""optimizer"": ""AdamW"", ""protocol_version"": ""article1-v3"", ""proxy_labels_sha256"": ""67ca3db8be9f5184931331cce782ca9080402aec5491b5fbb377c9407f3f5287"", ""proxy_view"": ""deterministic_evaluation"", ""scheduler"": null, ""updates"": 1200, ""weight_decay"": 0.0001}",1200,0.0001,,/home/roi/PycharmProjects/KD_v5/OUTPUTS/article1_v3/results_proxy_size_expert_prob.csv,26,c643a33c5bd39dee413ca2ea296a3f85ec91d9f8,cross_entropy,313d08a4063e2e70f69684825648a6997881288513eb04c35886ca8ab551e5ca,iid,,,,,,True
11f91107f69eaf1c882605cd16eb48579ee7dfc8e92323ee1b304604abe55df7,mean_probabilities,3f6897813d1e52fc9447c705710689cadcdfc833c6f3be83210baaabfd15dfe4,256,7ff045e85bdcdcb19da695baf49045e3320a14d4,313d08a4063e2e70f69684825648a6997881288513eb04c35886ca8ab551e5ca,d221995106e2c358efdcfb6bfdac9775c1e136585d69558bfd19801ca1371307,cifar,5.7,300,300,300000,100.0,0.1,c643a33c5bd39dee413ca2ea296a3f85ec91d9f8,0.001,4.7,expert_prob,AdamW,0.3871462878384241,article1-v3,67ca3db8be9f5184931331cce782ca9080402aec5491b5fbb377c9407f3f5287,bed4be8cbbddf6b7e019ee5f865d0201821d40925ca2b78a28d00ef0bde4d7bb,10000,nested_stratified_v1,43,deed8d41224250db5152a0be5e4fa0c688d949f6e0f3fc8a380dbb0eacda163d,1000,deterministic_evaluation,iid,afeee36440d91f3c,none,43,13a4527b4fb065301bb6cf06d044feea8aed803b5e435aa0e2d4007bbd4ea10f,0.037149716168642,335be889b9913daeb5005a38607982797a1f0f6633ae7459498f792989576a97,0.6511,1.0283697640419007,0.821,2.1407045266485456,1.485936886312923,1.0,8.0,"{""K"": 10, ""batch_size"": 256, ""lr"": 0.001, ""optimizer"": ""AdamW"", ""proxy_labels_sha256"": ""67ca3db8be9f5184931331cce782ca9080402aec5491b5fbb377c9407f3f5287"", ""proxy_size"": 1000, ""updates"": 1200, ""weight_decay"": 0.0001}",1200,0.0001,selected_uniform,/home/roi/PycharmProjects/KD_v5/OUTPUTS/article1_v3/results_proxy_size_expert_prob.csv,27,,,,,,,,,,True
ad0320c63be8b9c50a5e28d376bbbd9e9c5f13fb47ba0982501f08b414baf9c6,mean_probabilities,3f6897813d1e52fc9447c705710689cadcdfc833c6f3be83210baaabfd15dfe4,256,7ff045e85bdcdcb19da695baf49045e3320a14d4,cc524a8ddd5e02a659e62aedf04a4b8066364d34da98c377c658ce77c4fab266,d221995106e2c358efdcfb6bfdac9775c1e136585d69558bfd19801ca1371307,cifar,2.4,300,300,300000,0.0,0.0,c643a33c5bd39dee413ca2ea296a3f85ec91d9f8,0.001,2.4,expert_prob,AdamW,0.4333857296166096,article1-v3,67ca3db8be9f5184931331cce782ca9080402aec5491b5fbb377c9407f3f5287,bed4be8cbbddf6b7e019ee5f865d0201821d40925ca2b78a28d00ef0bde4d7bb,10000,nested_stratified_v1,43,deed8d41224250db5152a0be5e4fa0c688d949f6e0f3fc8a380dbb0eacda163d,1000,deterministic_evaluation,alpha0p1,f4616d936370f02f,none,43,dae1531cfc02eea37b53081dd75fb92dad267bb6f5f00e56090823b9493ce7a9,0.0497182384133338,335be889b9913daeb5005a38607982797a1f0f6633ae7459498f792989576a97,0.5385,2.1667732051849367,0.957,1.964924127412821,1.113200784258568,1.0,8.0,"{""K"": 10, ""batch_size"": 256, ""lr"": 0.001, ""optimizer"": ""AdamW"", ""proxy_labels_sha256"": ""67ca3db8be9f5184931331cce782ca9080402aec5491b5fbb377c9407f3f5287"", ""proxy_size"": 1000, ""updates"": 1200, ""weight_decay"": 0.0001}",1200,0.0001,selected_uniform,/home/roi/PycharmProjects/KD_v5/OUTPUTS/article1_v3/results_proxy_size_expert_prob.csv,28,,,,,,,,,,True
e6f1e0016bd69e5208d7779bafd908447f0ffbf5bd505201465dc3d9494ee864,mean_probabilities,3f6897813d1e52fc9447c705710689cadcdfc833c6f3be83210baaabfd15dfe4,256,7ff045e85bdcdcb19da695baf49045e3320a14d4,b0e774132de58204419c2668a7ac2df2bbceb888e21808d3fb6686e76d27e693,d221995106e2c358efdcfb6bfdac9775c1e136585d69558bfd19801ca1371307,cifar,1.0,300,300,300000,0.0,0.0,c643a33c5bd39dee413ca2ea296a3f85ec91d9f8,0.001,1.0,expert_prob,AdamW,0.2693592795414976,article1-v3,67ca3db8be9f5184931331cce782ca9080402aec5491b5fbb377c9407f3f5287,bed4be8cbbddf6b7e019ee5f865d0201821d40925ca2b78a28d00ef0bde4d7bb,10000,nested_stratified_v1,43,deed8d41224250db5152a0be5e4fa0c688d949f6e0f3fc8a380dbb0eacda163d,1000,deterministic_evaluation,single,69288df85a676568,none,43,64dad752d8172a6e3281cd8619538cf52344b1c3607a4c769d159399ada02454,0.1315139532089233,335be889b9913daeb5005a38607982797a1f0f6633ae7459498f792989576a97,0.5735,2.85427681350708,1.0,1.1551925963156815,0.3194854001253057,1.0,8.0,"{""K"": 10, ""batch_size"": 256, ""lr"": 0.001, ""optimizer"": ""AdamW"", ""proxy_labels_sha256"": ""67ca3db8be9f5184931331cce782ca9080402aec5491b5fbb377c9407f3f5287"", ""proxy_size"": 1000, ""updates"": 1200, ""weight_decay"": 0.0001}",1200,0.0001,selected_uniform,/home/roi/PycharmProjects/KD_v5/OUTPUTS/article1_v3/results_proxy_size_expert_prob.csv,29,,,,,,,,,,True
,,916b8567492f279c0f57d9a3e12ed6dcfe512f2806565bace9c50ba338a269ae,256,,,2f84f2ca05e3a3cfb838ec9399a538ee4a21ca1221acfe186e1ec1a909b669b7,cifar,,60,60,300000,,,,0.001,,supervised_proxy_ce,AdamW,,article1-v3,c84acc5d3cb2cb7b28f40c14a7411d405ec69a11798e90b58f78b9d70f08e592,bed4be8cbbddf6b7e019ee5f865d0201821d40925ca2b78a28d00ef0bde4d7bb,10000,nested_stratified_v1,43,056c8915e3d3707c5bee0af4e21160c0962280b01309051a5230942ec5ab894f,5000,deterministic_evaluation,shared_proxy,c3cbb69fb5477a426c5f3fac47c6578b5e3fcb06cf655bb618f41b0df5726d2b,none,43,12f06a1f234bcf66ac0666844d16bd7495bd84e3ad51fe728c9ac740bac0548c,6.865378236398101e-05,335be889b9913daeb5005a38607982797a1f0f6633ae7459498f792989576a97,0.7301,1.2131696081161498,,,,,,"{""batch_size"": 256, ""loss"": ""cross_entropy"", ""lr"": 0.001, ""optimizer"": ""AdamW"", ""protocol_version"": ""article1-v3"", ""proxy_labels_sha256"": ""c84acc5d3cb2cb7b28f40c14a7411d405ec69a11798e90b58f78b9d70f08e592"", ""proxy_view"": ""deterministic_evaluation"", ""scheduler"": null, ""updates"": 1200, ""weight_decay"": 0.0001}",1200,0.0001,,/home/roi/PycharmProjects/KD_v5/OUTPUTS/article1_v3/results_proxy_size_expert_prob.csv,30,c643a33c5bd39dee413ca2ea296a3f85ec91d9f8,cross_entropy,313d08a4063e2e70f69684825648a6997881288513eb04c35886ca8ab551e5ca,iid,,,,,,True
11f91107f69eaf1c882605cd16eb48579ee7dfc8e92323ee1b304604abe55df7,mean_probabilities,916b8567492f279c0f57d9a3e12ed6dcfe512f2806565bace9c50ba338a269ae,256,7ff045e85bdcdcb19da695baf49045e3320a14d4,313d08a4063e2e70f69684825648a6997881288513eb04c35886ca8ab551e5ca,2f84f2ca05e3a3cfb838ec9399a538ee4a21ca1221acfe186e1ec1a909b669b7,cifar,5.7,60,60,300000,500.0,0.1,c643a33c5bd39dee413ca2ea296a3f85ec91d9f8,0.001,4.7,expert_prob,AdamW,0.3894992735988646,article1-v3,c84acc5d3cb2cb7b28f40c14a7411d405ec69a11798e90b58f78b9d70f08e592,bed4be8cbbddf6b7e019ee5f865d0201821d40925ca2b78a28d00ef0bde4d7bb,10000,nested_stratified_v1,43,056c8915e3d3707c5bee0af4e21160c0962280b01309051a5230942ec5ab894f,5000,deterministic_evaluation,iid,7a4195884a26de7f,none,43,44a818de6cc7ba1d976f6f487b60cc64c7097199d2559595cdef1f290b4135f0,0.0980585366487503,335be889b9913daeb5005a38607982797a1f0f6633ae7459498f792989576a97,0.7328,0.8376020664215088,0.825,2.1451057271749003,1.4985995602272475,1.0,8.0,"{""K"": 10, ""batch_size"": 256, ""lr"": 0.001, ""optimizer"": ""AdamW"", ""proxy_labels_sha256"": ""c84acc5d3cb2cb7b28f40c14a7411d405ec69a11798e90b58f78b9d70f08e592"", ""proxy_size"": 5000, ""updates"": 1200, ""weight_decay"": 0.0001}",1200,0.0001,selected_uniform,/home/roi/PycharmProjects/KD_v5/OUTPUTS/article1_v3/results_proxy_size_expert_prob.csv,31,,,,,,,,,,True
ad0320c63be8b9c50a5e28d376bbbd9e9c5f13fb47ba0982501f08b414baf9c6,mean_probabilities,916b8567492f279c0f57d9a3e12ed6dcfe512f2806565bace9c50ba338a269ae,256,7ff045e85bdcdcb19da695baf49045e3320a14d4,cc524a8ddd5e02a659e62aedf04a4b8066364d34da98c377c658ce77c4fab266,2f84f2ca05e3a3cfb838ec9399a538ee4a21ca1221acfe186e1ec1a909b669b7,cifar,2.4,60,60,300000,0.0,0.0,c643a33c5bd39dee413ca2ea296a3f85ec91d9f8,0.001,2.4,expert_prob,AdamW,0.435887156052807,article1-v3,c84acc5d3cb2cb7b28f40c14a7411d405ec69a11798e90b58f78b9d70f08e592,bed4be8cbbddf6b7e019ee5f865d0201821d40925ca2b78a28d00ef0bde4d7bb,10000,nested_stratified_v1,43,056c8915e3d3707c5bee0af4e21160c0962280b01309051a5230942ec5ab894f,5000,deterministic_evaluation,alpha0p1,636192297f453c5f,none,43,104ae5fbc3e077852f24d2981c63e4feada76ef7054c36991e2444c676df9f8f,0.1661664992570877,335be889b9913daeb5005a38607982797a1f0f6633ae7459498f792989576a97,0.7142,1.2943394300460815,0.9578,1.970816094267608,1.1203337856763147,1.0,8.0,"{""K"": 10, ""batch_size"": 256, ""lr"": 0.001, ""optimizer"": ""AdamW"", ""proxy_labels_sha256"": ""c84acc5d3cb2cb7b28f40c14a7411d405ec69a11798e90b58f78b9d70f08e592"", ""proxy_size"": 5000, ""updates"": 1200, ""weight_decay"": 0.0001}",1200,0.0001,selected_uniform,/home/roi/PycharmProjects/KD_v5/OUTPUTS/article1_v3/results_proxy_size_expert_prob.csv,32,,,,,,,,,,True
e6f1e0016bd69e5208d7779bafd908447f0ffbf5bd505201465dc3d9494ee864,mean_probabilities,916b8567492f279c0f57d9a3e12ed6dcfe512f2806565bace9c50ba338a269ae,256,7ff045e85bdcdcb19da695baf49045e3320a14d4,b0e774132de58204419c2668a7ac2df2bbceb888e21808d3fb6686e76d27e693,2f84f2ca05e3a3cfb838ec9399a538ee4a21ca1221acfe186e1ec1a909b669b7,cifar,1.0,60,60,300000,0.0,0.0,c643a33c5bd39dee413ca2ea296a3f85ec91d9f8,0.001,1.0,expert_prob,AdamW,0.2680763393944678,article1-v3,c84acc5d3cb2cb7b28f40c14a7411d405ec69a11798e90b58f78b9d70f08e592,bed4be8cbbddf6b7e019ee5f865d0201821d40925ca2b78a28d00ef0bde4d7bb,10000,nested_stratified_v1,43,056c8915e3d3707c5bee0af4e21160c0962280b01309051a5230942ec5ab894f,5000,deterministic_evaluation,single,66beffd34a6a9318,none,43,e117f030f3bee213025a256d6882c4ce5e3234c2eff177c9ee94909935ec19c5,0.1559834778308868,335be889b9913daeb5005a38607982797a1f0f6633ae7459498f792989576a97,0.7445,1.892447516822815,1.0,1.150759850896337,0.3177594267897439,1.0,8.0,"{""K"": 10, ""batch_size"": 256, ""lr"": 0.001, ""optimizer"": ""AdamW"", ""proxy_labels_sha256"": ""c84acc5d3cb2cb7b28f40c14a7411d405ec69a11798e90b58f78b9d70f08e592"", ""proxy_size"": 5000, ""updates"": 1200, ""weight_decay"": 0.0001}",1200,0.0001,selected_uniform,/home/roi/PycharmProjects/KD_v5/OUTPUTS/article1_v3/results_proxy_size_expert_prob.csv,33,,,,,,,,,,True
,,584406a028e74e2941844d91fa89440838622020240ebb18220ada45a16cbcc5,100,,,89f925f00ca58356cafbddc489dc5453f315a3aeb3b7d9b014f697d75daef11d,cifar,,1200,1200,120000,,,,0.001,,supervised_proxy_ce,AdamW,,article1-v3,c634621c25bd9f84b0948ebe9d18f119a5ab295ee004e83d65dbac04043dff34,bb299879f6f7c5c2039d6b8d2a92bcc4d9457d5113e2928c6257cbe8e8881cd5,10000,nested_stratified_v1,44,98bca177f1626a29c0c17ece5e63167691e5d013b388d16480d7a647d79d0e0d,100,deterministic_evaluation,shared_proxy,32f68ec1925440db9cabf3ee078a8438df26b658587de1040cdf76a952e07ae3,none,44,f9fef0e5727fc3eff5764af78d6ed6a5c7b6e64205a30ead9b71ce3df5c02b94,9.946771569957493e-06,46589cf6bfcd1fa9ee8bf3ef4d53bdd80a9fb701649506d084ffd4cf895930da,0.3229,2.986520663070679,,,,,,"{""batch_size"": 100, ""loss"": ""cross_entropy"", ""lr"": 0.001, ""optimizer"": ""AdamW"", ""protocol_version"": ""article1-v3"", ""proxy_labels_sha256"": ""c634621c25bd9f84b0948ebe9d18f119a5ab295ee004e83d65dbac04043dff34"", ""proxy_view"": ""deterministic_evaluation"", ""scheduler"": null, ""updates"": 1200, ""weight_decay"": 0.0001}",1200,0.0001,,/home/roi/PycharmProjects/KD_v5/OUTPUTS/article1_v3/results_proxy_size_expert_prob.csv,34,c643a33c5bd39dee413ca2ea296a3f85ec91d9f8,cross_entropy,2c264eb2b010463c5e733bb95ad9ab1809529bedec649fec20beca0919e18402,iid,,,,,,True
059be922475ef12f58bc3781d108bf6a3d24d8a5cf138278e605d74b6f4cc0d1,mean_probabilities,584406a028e74e2941844d91fa89440838622020240ebb18220ada45a16cbcc5,100,7ff045e85bdcdcb19da695baf49045e3320a14d4,2c264eb2b010463c5e733bb95ad9ab1809529bedec649fec20beca0919e18402,89f925f00ca58356cafbddc489dc5453f315a3aeb3b7d9b014f697d75daef11d,cifar,6.2,1200,1200,120000,10.0,0.1,c643a33c5bd39dee413ca2ea296a3f85ec91d9f8,0.001,5.2,expert_prob,AdamW,0.3837478641733851,article1-v3,c634621c25bd9f84b0948ebe9d18f119a5ab295ee004e83d65dbac04043dff34,bb299879f6f7c5c2039d6b8d2a92bcc4d9457d5113e2928c6257cbe8e8881cd5,10000,nested_stratified_v1,44,98bca177f1626a29c0c17ece5e63167691e5d013b388d16480d7a647d79d0e0d,100,deterministic_evaluation,iid,2adfeaea012ffc17,none,44,20dddab245c9751b624e559d09a5582c97d8f381512b51d42c4c2a3c580756e9,0.0001964330585906,46589cf6bfcd1fa9ee8bf3ef4d53bdd80a9fb701649506d084ffd4cf895930da,0.4097,1.823207033920288,0.8,2.1693777445924884,1.575629883897789,1.0,8.0,"{""K"": 10, ""batch_size"": 256, ""lr"": 0.001, ""optimizer"": ""AdamW"", ""proxy_labels_sha256"": ""c634621c25bd9f84b0948ebe9d18f119a5ab295ee004e83d65dbac04043dff34"", ""proxy_size"": 100, ""updates"": 1200, ""weight_decay"": 0.0001}",1200,0.0001,selected_uniform,/home/roi/PycharmProjects/KD_v5/OUTPUTS/article1_v3/results_proxy_size_expert_prob.csv,35,,,,,,,,,,True
cecf6fdcbdfae1fae44fbbe05658d49421ee7dab96cd38570c6de368e9311c01,mean_probabilities,584406a028e74e2941844d91fa89440838622020240ebb18220ada45a16cbcc5,100,7ff045e85bdcdcb19da695baf49045e3320a14d4,89288c8820f0afac2817cce5320a371303b0aabae735b81c82db7a423f39650a,89f925f00ca58356cafbddc489dc5453f315a3aeb3b7d9b014f697d75daef11d,cifar,3.0,1200,1200,120000,0.0,0.0,c643a33c5bd39dee413ca2ea296a3f85ec91d9f8,0.001,3.0,expert_prob,AdamW,0.3944501680822285,article1-v3,c634621c25bd9f84b0948ebe9d18f119a5ab295ee004e83d65dbac04043dff34,bb299879f6f7c5c2039d6b8d2a92bcc4d9457d5113e2928c6257cbe8e8881cd5,10000,nested_stratified_v1,44,98bca177f1626a29c0c17ece5e63167691e5d013b388d16480d7a647d79d0e0d,100,deterministic_evaluation,alpha0p1,17a3b12ed320d59b,none,44,b4c4238e1e810d82e11c5d47f75185988e3a13cd962118bde5ebfd214564ffa8,0.007068290375173,46589cf6bfcd1fa9ee8bf3ef4d53bdd80a9fb701649506d084ffd4cf895930da,0.3495,3.045626753997803,0.96,2.036698782819629,1.204971091049545,1.0,8.0,"{""K"": 10, ""batch_size"": 256, ""lr"": 0.001, ""optimizer"": ""AdamW"", ""proxy_labels_sha256"": ""c634621c25bd9f84b0948ebe9d18f119a5ab295ee004e83d65dbac04043dff34"", ""proxy_size"": 100, ""updates"": 1200, ""weight_decay"": 0.0001}",1200,0.0001,selected_uniform,/home/roi/PycharmProjects/KD_v5/OUTPUTS/article1_v3/results_proxy_size_expert_prob.csv,36,,,,,,,,,,True
e6f1e0016bd69e5208d7779bafd908447f0ffbf5bd505201465dc3d9494ee864,mean_probabilities,584406a028e74e2941844d91fa89440838622020240ebb18220ada45a16cbcc5,100,7ff045e85bdcdcb19da695baf49045e3320a14d4,4a19eeed7486a909cce5e44750f02af8885ca0d179d5ba1614e49333f1bab69a,89f925f00ca58356cafbddc489dc5453f315a3aeb3b7d9b014f697d75daef11d,cifar,1.0,1200,1200,120000,0.0,0.0,c643a33c5bd39dee413ca2ea296a3f85ec91d9f8,0.001,1.0,expert_prob,AdamW,0.2589686430723588,article1-v3,c634621c25bd9f84b0948ebe9d18f119a5ab295ee004e83d65dbac04043dff34,bb299879f6f7c5c2039d6b8d2a92bcc4d9457d5113e2928c6257cbe8e8881cd5,10000,nested_stratified_v1,44,98bca177f1626a29c0c17ece5e63167691e5d013b388d16480d7a647d79d0e0d,100,deterministic_evaluation,single,64027772f152c5b6,none,44,5163472e2db63f205d564d9eb5723a45559c8027f2598e00a3b4393cc933e8d0,3.781557097681798e-05,46589cf6bfcd1fa9ee8bf3ef4d53bdd80a9fb701649506d084ffd4cf895930da,0.3398,4.326822142028808,1.0,1.1184774062521696,0.3071019162905806,1.0,8.0,"{""K"": 10, ""batch_size"": 256, ""lr"": 0.001, ""optimizer"": ""AdamW"", ""proxy_labels_sha256"": ""c634621c25bd9f84b0948ebe9d18f119a5ab295ee004e83d65dbac04043dff34"", ""proxy_size"": 100, ""updates"": 1200, ""weight_decay"": 0.0001}",1200,0.0001,selected_uniform,/home/roi/PycharmProjects/KD_v5/OUTPUTS/article1_v3/results_proxy_size_expert_prob.csv,37,,,,,,,,,,True
,,f55789b054e434ab8d389ce08a35b3d46106180395eada71879d246719846752,256,,,df73f3c03baca526c997e2ae218cde5bf29572f76eae41d65d364f1e17150b1b,cifar,,600,600,300000,,,,0.001,,supervised_proxy_ce,AdamW,,article1-v3,6ac9ff4d15854c621b9386cafcdae6ab726b2759fabec5119d272fcbbb910d45,bb299879f6f7c5c2039d6b8d2a92bcc4d9457d5113e2928c6257cbe8e8881cd5,10000,nested_stratified_v1,44,555b3015ad1bc5337fb62e88c3c1020e111f641b9d3b7778d3db91a975df29cf,500,deterministic_evaluation,shared_proxy,aa3db1f22e84b901e59edcce5f009d15815887a6c7b9c6dd0debe41e58138b51,none,44,841ac055a7d78b9c12ee7a23540c1743b673d8568ff56773360d9628ada0419a,3.2071526220534e-05,46589cf6bfcd1fa9ee8bf3ef4d53bdd80a9fb701649506d084ffd4cf895930da,0.4684,2.260470207977295,,,,,,"{""batch_size"": 256, ""loss"": ""cross_entropy"", ""lr"": 0.001, ""optimizer"": ""AdamW"", ""protocol_version"": ""article1-v3"", ""proxy_labels_sha256"": ""6ac9ff4d15854c621b9386cafcdae6ab726b2759fabec5119d272fcbbb910d45"", ""proxy_view"": ""deterministic_evaluation"", ""scheduler"": null, ""updates"": 1200, ""weight_decay"": 0.0001}",1200,0.0001,,/home/roi/PycharmProjects/KD_v5/OUTPUTS/article1_v3/results_proxy_size_expert_prob.csv,38,c643a33c5bd39dee413ca2ea296a3f85ec91d9f8,cross_entropy,2c264eb2b010463c5e733bb95ad9ab1809529bedec649fec20beca0919e18402,iid,,,,,,True
059be922475ef12f58bc3781d108bf6a3d24d8a5cf138278e605d74b6f4cc0d1,mean_probabilities,f55789b054e434ab8d389ce08a35b3d46106180395eada71879d246719846752,256,7ff045e85bdcdcb19da695baf49045e3320a14d4,2c264eb2b010463c5e733bb95ad9ab1809529bedec649fec20beca0919e18402,df73f3c03baca526c997e2ae218cde5bf29572f76eae41d65d364f1e17150b1b,cifar,6.2,600,600,300000,50.0,0.1,c643a33c5bd39dee413ca2ea296a3f85ec91d9f8,0.001,5.2,expert_prob,AdamW,0.3873623900291859,article1-v3,6ac9ff4d15854c621b9386cafcdae6ab726b2759fabec5119d272fcbbb910d45,bb299879f6f7c5c2039d6b8d2a92bcc4d9457d5113e2928c6257cbe8e8881cd5,10000,nested_stratified_v1,44,555b3015ad1bc5337fb62e88c3c1020e111f641b9d3b7778d3db91a975df29cf,500,deterministic_evaluation,iid,c418af63128e3e69,none,44,d1d2f99ec75609d9f4869f5c8a85ec61b34edf10fb000ade34c03dd451e8e8d2,0.0416088066995143,46589cf6bfcd1fa9ee8bf3ef4d53bdd80a9fb701649506d084ffd4cf895930da,0.5723,1.1808553525924683,0.814,2.172543845477509,1.5785597863266156,1.0,8.0,"{""K"": 10, ""batch_size"": 256, ""lr"": 0.001, ""optimizer"": ""AdamW"", ""proxy_labels_sha256"": ""6ac9ff4d15854c621b9386cafcdae6ab726b2759fabec5119d272fcbbb910d45"", ""proxy_size"": 500, ""updates"": 1200, ""weight_decay"": 0.0001}",1200,0.0001,selected_uniform,/home/roi/PycharmProjects/KD_v5/OUTPUTS/article1_v3/results_proxy_size_expert_prob.csv,39,,,,,,,,,,True
cecf6fdcbdfae1fae44fbbe05658d49421ee7dab96cd38570c6de368e9311c01,mean_probabilities,f55789b054e434ab8d389ce08a35b3d46106180395eada71879d246719846752,256,7ff045e85bdcdcb19da695baf49045e3320a14d4,89288c8820f0afac2817cce5320a371303b0aabae735b81c82db7a423f39650a,df73f3c03baca526c997e2ae218cde5bf29572f76eae41d65d364f1e17150b1b,cifar,3.0,600,600,300000,0.0,0.0,c643a33c5bd39dee413ca2ea296a3f85ec91d9f8,0.001,3.0,expert_prob,AdamW,0.3904117591668897,article1-v3,6ac9ff4d15854c621b9386cafcdae6ab726b2759fabec5119d272fcbbb910d45,bb299879f6f7c5c2039d6b8d2a92bcc4d9457d5113e2928c6257cbe8e8881cd5,10000,nested_stratified_v1,44,555b3015ad1bc5337fb62e88c3c1020e111f641b9d3b7778d3db91a975df29cf,500,deterministic_evaluation,alpha0p1,62fac68a30ab80af,none,44,9bad4db340eee7b4d7a585de923c0a47bbe40241e7200894e173ac5d26fadfc0,0.0365227758884429,46589cf6bfcd1fa9ee8bf3ef4d53bdd80a9fb701649506d084ffd4cf895930da,0.4866,2.158435578918457,0.958,2.029938777714549,1.196194114485745,1.0,8.0,"{""K"": 10, ""batch_size"": 256, ""lr"": 0.001, ""optimizer"": ""AdamW"", ""proxy_labels_sha256"": ""6ac9ff4d15854c621b9386cafcdae6ab726b2759fabec5119d272fcbbb910d45"", ""proxy_size"": 500, ""updates"": 1200, ""weight_decay"": 0.0001}",1200,0.0001,selected_uniform,/home/roi/PycharmProjects/KD_v5/OUTPUTS/article1_v3/results_proxy_size_expert_prob.csv,40,,,,,,,,,,True
e6f1e0016bd69e5208d7779bafd908447f0ffbf5bd505201465dc3d9494ee864,mean_probabilities,f55789b054e434ab8d389ce08a35b3d46106180395eada71879d246719846752,256,7ff045e85bdcdcb19da695baf49045e3320a14d4,4a19eeed7486a909cce5e44750f02af8885ca0d179d5ba1614e49333f1bab69a,df73f3c03baca526c997e2ae218cde5bf29572f76eae41d65d364f1e17150b1b,cifar,1.0,600,600,300000,0.0,0.0,c643a33c5bd39dee413ca2ea296a3f85ec91d9f8,0.001,1.0,expert_prob,AdamW,0.2603603650135442,article1-v3,6ac9ff4d15854c621b9386cafcdae6ab726b2759fabec5119d272fcbbb910d45,bb299879f6f7c5c2039d6b8d2a92bcc4d9457d5113e2928c6257cbe8e8881cd5,10000,nested_stratified_v1,44,555b3015ad1bc5337fb62e88c3c1020e111f641b9d3b7778d3db91a975df29cf,500,deterministic_evaluation,single,69bc90398f3a839f,none,44,f030f0db376327b3e82504c76a9c0085caf221a6d88c380b67ec0f7ac055a405,0.1053440049290657,46589cf6bfcd1fa9ee8bf3ef4d53bdd80a9fb701649506d084ffd4cf895930da,0.4967,3.453469843292236,1.0,1.123902151161719,0.3087659264386365,1.0,8.0,"{""K"": 10, ""batch_size"": 256, ""lr"": 0.001, ""optimizer"": ""AdamW"", ""proxy_labels_sha256"": ""6ac9ff4d15854c621b9386cafcdae6ab726b2759fabec5119d272fcbbb910d45"", ""proxy_size"": 500, ""updates"": 1200, ""weight_decay"": 0.0001}",1200,0.0001,selected_uniform,/home/roi/PycharmProjects/KD_v5/OUTPUTS/article1_v3/results_proxy_size_expert_prob.csv,41,,,,,,,,,,True
,,3855d25d2f0d242d30fbd64698ecb3cddabbdf8daaaa067fb38ca24ea1aa5159,256,,,fe52d00403830b8916f1b201cd18fbc11df6ca44a70b15a06c745da16c6d28e1,cifar,,300,300,300000,,,,0.001,,supervised_proxy_ce,AdamW,,article1-v3,b00df5e1983ff251283547c4b5298e5351a6d90be1882217c370dea97fd0a974,bb299879f6f7c5c2039d6b8d2a92bcc4d9457d5113e2928c6257cbe8e8881cd5,10000,nested_stratified_v1,44,b8b4a475be000e9a80c6cd89b4d84c1f9646e336861ba970386a6a33ae9f908a,1000,deterministic_evaluation,shared_proxy,5f7d74246d0e567e82f2ee2f096e75b7a55bb28a0408f99c1b8263bd37d2ab3d,none,44,bfe8e66e7608a444de4ee4affcacb5a702e74e26c8752be8d7ab0a791963691d,3.528506567818113e-05,46589cf6bfcd1fa9ee8bf3ef4d53bdd80a9fb701649506d084ffd4cf895930da,0.5453,2.0318697334289557,,,,,,"{""batch_size"": 256, ""loss"": ""cross_entropy"", ""lr"": 0.001, ""optimizer"": ""AdamW"", ""protocol_version"": ""article1-v3"", ""proxy_labels_sha256"": ""b00df5e1983ff251283547c4b5298e5351a6d90be1882217c370dea97fd0a974"", ""proxy_view"": ""deterministic_evaluation"", ""scheduler"": null, ""updates"": 1200, ""weight_decay"": 0.0001}",1200,0.0001,,/home/roi/PycharmProjects/KD_v5/OUTPUTS/article1_v3/results_proxy_size_expert_prob.csv,42,c643a33c5bd39dee413ca2ea296a3f85ec91d9f8,cross_entropy,2c264eb2b010463c5e733bb95ad9ab1809529bedec649fec20beca0919e18402,iid,,,,,,True
059be922475ef12f58bc3781d108bf6a3d24d8a5cf138278e605d74b6f4cc0d1,mean_probabilities,3855d25d2f0d242d30fbd64698ecb3cddabbdf8daaaa067fb38ca24ea1aa5159,256,7ff045e85bdcdcb19da695baf49045e3320a14d4,2c264eb2b010463c5e733bb95ad9ab1809529bedec649fec20beca0919e18402,fe52d00403830b8916f1b201cd18fbc11df6ca44a70b15a06c745da16c6d28e1,cifar,6.2,300,300,300000,100.0,0.1,c643a33c5bd39dee413ca2ea296a3f85ec91d9f8,0.001,5.2,expert_prob,AdamW,0.3864151115102875,article1-v3,b00df5e1983ff251283547c4b5298e5351a6d90be1882217c370dea97fd0a974,bb299879f6f7c5c2039d6b8d2a92bcc4d9457d5113e2928c6257cbe8e8881cd5,10000,nested_stratified_v1,44,b8b4a475be000e9a80c6cd89b4d84c1f9646e336861ba970386a6a33ae9f908a,1000,deterministic_evaluation,iid,85e3d7f32064152a,none,44,eade8951b2dea9d03563052bd397a9d4ef1f40a5e4a12798669d5527874f9044,0.0249133054167032,46589cf6bfcd1fa9ee8bf3ef4d53bdd80a9fb701649506d084ffd4cf895930da,0.6609,0.9701654594421388,0.823,2.1710770820201235,1.566257180990586,1.0,8.0,"{""K"": 10, ""batch_size"": 256, ""lr"": 0.001, ""optimizer"": ""AdamW"", ""proxy_labels_sha256"": ""b00df5e1983ff251283547c4b5298e5351a6d90be1882217c370dea97fd0a974"", ""proxy_size"": 1000, ""updates"": 1200, ""weight_decay"": 0.0001}",1200,0.0001,selected_uniform,/home/roi/PycharmProjects/KD_v5/OUTPUTS/article1_v3/results_proxy_size_expert_prob.csv,43,,,,,,,,,,True
cecf6fdcbdfae1fae44fbbe05658d49421ee7dab96cd38570c6de368e9311c01,mean_probabilities,3855d25d2f0d242d30fbd64698ecb3cddabbdf8daaaa067fb38ca24ea1aa5159,256,7ff045e85bdcdcb19da695baf49045e3320a14d4,89288c8820f0afac2817cce5320a371303b0aabae735b81c82db7a423f39650a,fe52d00403830b8916f1b201cd18fbc11df6ca44a70b15a06c745da16c6d28e1,cifar,3.0,300,300,300000,0.0,0.0,c643a33c5bd39dee413ca2ea296a3f85ec91d9f8,0.001,3.0,expert_prob,AdamW,0.3914508433986161,article1-v3,b00df5e1983ff251283547c4b5298e5351a6d90be1882217c370dea97fd0a974,bb299879f6f7c5c2039d6b8d2a92bcc4d9457d5113e2928c6257cbe8e8881cd5,10000,nested_stratified_v1,44,b8b4a475be000e9a80c6cd89b4d84c1f9646e336861ba970386a6a33ae9f908a,1000,deterministic_evaluation,alpha0p1,9c42badf74541a9b,none,44,5836aaa4c5259cbf082ae3189dd6e35fc62bb8b8f83a65cefad8a3fb2eeb511d,0.0407037287950515,46589cf6bfcd1fa9ee8bf3ef4d53bdd80a9fb701649506d084ffd4cf895930da,0.573,1.8581805570602417,0.966,2.027370059174934,1.1860750872468253,1.0,8.0,"{""K"": 10, ""batch_size"": 256, ""lr"": 0.001, ""optimizer"": ""AdamW"", ""proxy_labels_sha256"": ""b00df5e1983ff251283547c4b5298e5351a6d90be1882217c370dea97fd0a974"", ""proxy_size"": 1000, ""updates"": 1200, ""weight_decay"": 0.0001}",1200,0.0001,selected_uniform,/home/roi/PycharmProjects/KD_v5/OUTPUTS/article1_v3/results_proxy_size_expert_prob.csv,44,,,,,,,,,,True
e6f1e0016bd69e5208d7779bafd908447f0ffbf5bd505201465dc3d9494ee864,mean_probabilities,3855d25d2f0d242d30fbd64698ecb3cddabbdf8daaaa067fb38ca24ea1aa5159,256,7ff045e85bdcdcb19da695baf49045e3320a14d4,4a19eeed7486a909cce5e44750f02af8885ca0d179d5ba1614e49333f1bab69a,fe52d00403830b8916f1b201cd18fbc11df6ca44a70b15a06c745da16c6d28e1,cifar,1.0,300,300,300000,0.0,0.0,c643a33c5bd39dee413ca2ea296a3f85ec91d9f8,0.001,1.0,expert_prob,AdamW,0.2603169098405415,article1-v3,b00df5e1983ff251283547c4b5298e5351a6d90be1882217c370dea97fd0a974,bb299879f6f7c5c2039d6b8d2a92bcc4d9457d5113e2928c6257cbe8e8881cd5,10000,nested_stratified_v1,44,b8b4a475be000e9a80c6cd89b4d84c1f9646e336861ba970386a6a33ae9f908a,1000,deterministic_evaluation,single,d761a8630e8726f6,none,44,3b56b990bb3311c4ae69c31399abc6a286ced23fba33068da14e7f88d13da45f,0.0567970275878906,46589cf6bfcd1fa9ee8bf3ef4d53bdd80a9fb701649506d084ffd4cf895930da,0.587,2.921005297088623,1.0,1.1242499409341185,0.3085034033046718,1.0,8.0,"{""K"": 10, ""batch_size"": 256, ""lr"": 0.001, ""optimizer"": ""AdamW"", ""proxy_labels_sha256"": ""b00df5e1983ff251283547c4b5298e5351a6d90be1882217c370dea97fd0a974"", ""proxy_size"": 1000, ""updates"": 1200, ""weight_decay"": 0.0001}",1200,0.0001,selected_uniform,/home/roi/PycharmProjects/KD_v5/OUTPUTS/article1_v3/results_proxy_size_expert_prob.csv,45,,,,,,,,,,True
,,d07c41e506d84f587a477889cc8c382fb50c4456e8b31a1b3460301db223b556,256,,,c31163a500f5afd69526b2810d89b90ef2b947126384281692e605e4cc5fb6de,cifar,,60,60,300000,,,,0.001,,supervised_proxy_ce,AdamW,,article1-v3,893da95ead3c665215eb13a5f6050076ab9dcc0b168e2ac6517b8cd986f8bd30,bb299879f6f7c5c2039d6b8d2a92bcc4d9457d5113e2928c6257cbe8e8881cd5,10000,nested_stratified_v1,44,0683231331de914156adefcb2239f8600e804117616580e4be80c7acff562587,5000,deterministic_evaluation,shared_proxy,81888981caf8bf3e9cae0c2e32c58d8c1bd65fcfbc2b6c702cc9ec3ee3e93350,none,44,17e56ed8edf5d9a110857f236bcab283c614a750ad1e993b7c30a3efe9effa9a,7.607408770127222e-05,46589cf6bfcd1fa9ee8bf3ef4d53bdd80a9fb701649506d084ffd4cf895930da,0.7269,1.2266300662994385,,,,,,"{""batch_size"": 256, ""loss"": ""cross_entropy"", ""lr"": 0.001, ""optimizer"": ""AdamW"", ""protocol_version"": ""article1-v3"", ""proxy_labels_sha256"": ""893da95ead3c665215eb13a5f6050076ab9dcc0b168e2ac6517b8cd986f8bd30"", ""proxy_view"": ""deterministic_evaluation"", ""scheduler"": null, ""updates"": 1200, ""weight_decay"": 0.0001}",1200,0.0001,,/home/roi/PycharmProjects/KD_v5/OUTPUTS/article1_v3/results_proxy_size_expert_prob.csv,46,c643a33c5bd39dee413ca2ea296a3f85ec91d9f8,cross_entropy,2c264eb2b010463c5e733bb95ad9ab1809529bedec649fec20beca0919e18402,iid,,,,,,True
059be922475ef12f58bc3781d108bf6a3d24d8a5cf138278e605d74b6f4cc0d1,mean_probabilities,d07c41e506d84f587a477889cc8c382fb50c4456e8b31a1b3460301db223b556,256,7ff045e85bdcdcb19da695baf49045e3320a14d4,2c264eb2b010463c5e733bb95ad9ab1809529bedec649fec20beca0919e18402,c31163a500f5afd69526b2810d89b90ef2b947126384281692e605e4cc5fb6de,cifar,6.2,60,60,300000,500.0,0.1,c643a33c5bd39dee413ca2ea296a3f85ec91d9f8,0.001,5.2,expert_prob,AdamW,0.3859540824188625,article1-v3,893da95ead3c665215eb13a5f6050076ab9dcc0b168e2ac6517b8cd986f8bd30,bb299879f6f7c5c2039d6b8d2a92bcc4d9457d5113e2928c6257cbe8e8881cd5,10000,nested_stratified_v1,44,0683231331de914156adefcb2239f8600e804117616580e4be80c7acff562587,5000,deterministic_evaluation,iid,0c0d42c1537f3b45,none,44,d38e0ac756b2b5379cf565aa4cc2d5fcce3e86be65b18931b638279be3e8f816,0.0863835141062736,46589cf6bfcd1fa9ee8bf3ef4d53bdd80a9fb701649506d084ffd4cf895930da,0.7386,0.7768108817100525,0.8234,2.1685046939028605,1.5586838511372494,1.0,8.0,"{""K"": 10, ""batch_size"": 256, ""lr"": 0.001, ""optimizer"": ""AdamW"", ""proxy_labels_sha256"": ""893da95ead3c665215eb13a5f6050076ab9dcc0b168e2ac6517b8cd986f8bd30"", ""proxy_size"": 5000, ""updates"": 1200, ""weight_decay"": 0.0001}",1200,0.0001,selected_uniform,/home/roi/PycharmProjects/KD_v5/OUTPUTS/article1_v3/results_proxy_size_expert_prob.csv,47,,,,,,,,,,True
cecf6fdcbdfae1fae44fbbe05658d49421ee7dab96cd38570c6de368e9311c01,mean_probabilities,d07c41e506d84f587a477889cc8c382fb50c4456e8b31a1b3460301db223b556,256,7ff045e85bdcdcb19da695baf49045e3320a14d4,89288c8820f0afac2817cce5320a371303b0aabae735b81c82db7a423f39650a,c31163a500f5afd69526b2810d89b90ef2b947126384281692e605e4cc5fb6de,cifar,3.0,60,60,300000,0.0,0.0,c643a33c5bd39dee413ca2ea296a3f85ec91d9f8,0.001,3.0,expert_prob,AdamW,0.3912973588475357,article1-v3,893da95ead3c665215eb13a5f6050076ab9dcc0b168e2ac6517b8cd986f8bd30,bb299879f6f7c5c2039d6b8d2a92bcc4d9457d5113e2928c6257cbe8e8881cd5,10000,nested_stratified_v1,44,0683231331de914156adefcb2239f8600e804117616580e4be80c7acff562587,5000,deterministic_evaluation,alpha0p1,135b677b080bf767,none,44,25897ce2f87865f4b05b5429e401305d3961965552f7a3e3dd4dfb21d473c3c5,0.2786720097064972,46589cf6bfcd1fa9ee8bf3ef4d53bdd80a9fb701649506d084ffd4cf895930da,0.6824,1.4451084125518798,0.9654,2.0223912307366425,1.1819361070169792,1.0,8.0,"{""K"": 10, ""batch_size"": 256, ""lr"": 0.001, ""optimizer"": ""AdamW"", ""proxy_labels_sha256"": ""893da95ead3c665215eb13a5f6050076ab9dcc0b168e2ac6517b8cd986f8bd30"", ""proxy_size"": 5000, ""updates"": 1200, ""weight_decay"": 0.0001}",1200,0.0001,selected_uniform,/home/roi/PycharmProjects/KD_v5/OUTPUTS/article1_v3/results_proxy_size_expert_prob.csv,48,,,,,,,,,,True
e6f1e0016bd69e5208d7779bafd908447f0ffbf5bd505201465dc3d9494ee864,mean_probabilities,d07c41e506d84f587a477889cc8c382fb50c4456e8b31a1b3460301db223b556,256,7ff045e85bdcdcb19da695baf49045e3320a14d4,4a19eeed7486a909cce5e44750f02af8885ca0d179d5ba1614e49333f1bab69a,c31163a500f5afd69526b2810d89b90ef2b947126384281692e605e4cc5fb6de,cifar,1.0,60,60,300000,0.0,0.0,c643a33c5bd39dee413ca2ea296a3f85ec91d9f8,0.001,1.0,expert_prob,AdamW,0.2611965321807828,article1-v3,893da95ead3c665215eb13a5f6050076ab9dcc0b168e2ac6517b8cd986f8bd30,bb299879f6f7c5c2039d6b8d2a92bcc4d9457d5113e2928c6257cbe8e8881cd5,10000,nested_stratified_v1,44,0683231331de914156adefcb2239f8600e804117616580e4be80c7acff562587,5000,deterministic_evaluation,single,90d6a72f187e0e8a,none,44,9af30855ca87dd605390417c498ce8a8d30c8a754a3158eba2df6d353d18dd41,0.2583340406417846,46589cf6bfcd1fa9ee8bf3ef4d53bdd80a9fb701649506d084ffd4cf895930da,0.7229,2.181350838851929,1.0,1.1264118057564805,0.3101279262033508,1.0,8.0,"{""K"": 10, ""batch_size"": 256, ""lr"": 0.001, ""optimizer"": ""AdamW"", ""proxy_labels_sha256"": ""893da95ead3c665215eb13a5f6050076ab9dcc0b168e2ac6517b8cd986f8bd30"", ""proxy_size"": 5000, ""updates"": 1200, ""weight_decay"": 0.0001}",1200,0.0001,selected_uniform,/home/roi/PycharmProjects/KD_v5/OUTPUTS/article1_v3/results_proxy_size_expert_prob.csv,49,,,,,,,,,,True
80f93e8c7d0e1e083e6aab0b073011d858d092951eb4bb2d595cd43173e04704,weighted_mean_logits,2a836581bb03cec96f509a87a0a27efbc0afc37c6522a54562e03a18504b0346,256,7ec812be75663f47fb1c9726f93e3688d8b157f3,1c4c00d5a8782ab5dc03a856baacc1e6bb134e73805febca3945c8bb2e4a855b,983996e529cac6912e3b0d96e762a9374461d1c0f329cfebb9aaed5fd49ffc19,mnist,9.980058293274364,30,30,300000,0.0,0.0,7ff045e85bdcdcb19da695baf49045e3320a14d4,0.001,10.0,confidence_logit,AdamW,,article1-v3,c675c07ca4b404432cdfca8572fe34493de68ea756a4b3ee7c70ec17714a925c,d6100cfa5d3571a1ff2c6b7927e7a5cc702b95806e13423a2da32c102d68c20d,10000,full_original_order,42,d6100cfa5d3571a1ff2c6b7927e7a5cc702b95806e13423a2da32c102d68c20d,10000,deterministic_evaluation,iid,9c650aad4e83ed55,none,42,1971a0f0f754cca7fd364696a6dd17dfce84f2785bdf527441fa37f83582c136,0.9941039681434632,1902c4d403a1e7249ac2616fe137aefc66e55a6b36798d693b04186999168c34,0.9845,0.0476267395398346,0.9847,1.768703218492402,0.7952382300463683,1.0,8.0,"{""K"": 10, ""batch_size"": 256, ""epochs"": 30, ""lr"": 0.001, ""optimizer"": ""AdamW"", ""weight_decay"": 0.0001}",1200,0.0001,softmax_teachers(MSP),/home/roi/PycharmProjects/KD_v5/OUTPUTS/article1_v3/results_rq2_backup.csv,2,,,,,,,,,,True
80f93e8c7d0e1e083e6aab0b073011d858d092951eb4bb2d595cd43173e04704,weighted_mean_logits,2a836581bb03cec96f509a87a0a27efbc0afc37c6522a54562e03a18504b0346,256,7ec812be75663f47fb1c9726f93e3688d8b157f3,1c4c00d5a8782ab5dc03a856baacc1e6bb134e73805febca3945c8bb2e4a855b,983996e529cac6912e3b0d96e762a9374461d1c0f329cfebb9aaed5fd49ffc19,mnist,9.8272,30,30,300000,0.0,0.0,7ff045e85bdcdcb19da695baf49045e3320a14d4,0.001,9.8272,consensus_logit,AdamW,,article1-v3,c675c07ca4b404432cdfca8572fe34493de68ea756a4b3ee7c70ec17714a925c,d6100cfa5d3571a1ff2c6b7927e7a5cc702b95806e13423a2da32c102d68c20d,10000,full_original_order,42,d6100cfa5d3571a1ff2c6b7927e7a5cc702b95806e13423a2da32c102d68c20d,10000,deterministic_evaluation,iid,57c5dbd8af008c6c,none,42,d5bad08e72b015142b0b28c8b691b15a897717594529d1541b61c75d6e171aa8,1.0540733337402344,1902c4d403a1e7249ac2616fe137aefc66e55a6b36798d693b04186999168c34,0.9846,0.0471540006319992,0.9841,1.7684538257868578,0.7944107941544087,1.0,8.0,"{""K"": 10, ""batch_size"": 256, ""epochs"": 30, ""lr"": 0.001, ""optimizer"": ""AdamW"", ""weight_decay"": 0.0001}",1200,0.0001,selected_uniform,/home/roi/PycharmProjects/KD_v5/OUTPUTS/article1_v3/results_rq2_backup.csv,3,,,,,,,,,,True
80f93e8c7d0e1e083e6aab0b073011d858d092951eb4bb2d595cd43173e04704,weighted_mean_logits,2a836581bb03cec96f509a87a0a27efbc0afc37c6522a54562e03a18504b0346,256,7ec812be75663f47fb1c9726f93e3688d8b157f3,1c4c00d5a8782ab5dc03a856baacc1e6bb134e73805febca3945c8bb2e4a855b,983996e529cac6912e3b0d96e762a9374461d1c0f329cfebb9aaed5fd49ffc19,mnist,2.293027074811381,30,30,300000,0.0,0.0,7ff045e85bdcdcb19da695baf49045e3320a14d4,0.001,10.0,energy_logit,AdamW,,article1-v3,c675c07ca4b404432cdfca8572fe34493de68ea756a4b3ee7c70ec17714a925c,d6100cfa5d3571a1ff2c6b7927e7a5cc702b95806e13423a2da32c102d68c20d,10000,full_original_order,42,d6100cfa5d3571a1ff2c6b7927e7a5cc702b95806e13423a2da32c102d68c20d,10000,deterministic_evaluation,iid,695ef93037f7ca54,none,42,ac5eb262bd6f4d938332caa6b26fe6700107c448b2c2e7f65b74596646912fb7,1.4435243606567385,1902c4d403a1e7249ac2616fe137aefc66e55a6b36798d693b04186999168c34,0.9855,0.0528375218728906,0.9847,1.5027979436253225,0.5940048713751734,1.0,8.0,"{""K"": 10, ""batch_size"": 256, ""epochs"": 30, ""lr"": 0.001, ""optimizer"": ""AdamW"", ""weight_decay"": 0.0001}",1200,0.0001,softmax_teachers(logsumexp(logits)),/home/roi/PycharmProjects/KD_v5/OUTPUTS/article1_v3/results_rq2_backup.csv,4,,,,,,,,,,True
80f93e8c7d0e1e083e6aab0b073011d858d092951eb4bb2d595cd43173e04704,weighted_mean_logits,2a836581bb03cec96f509a87a0a27efbc0afc37c6522a54562e03a18504b0346,256,7ec812be75663f47fb1c9726f93e3688d8b157f3,1c4c00d5a8782ab5dc03a856baacc1e6bb134e73805febca3945c8bb2e4a855b,983996e529cac6912e3b0d96e762a9374461d1c0f329cfebb9aaed5fd49ffc19,mnist,9.999999999999998,30,30,300000,0.0,0.0,7ff045e85bdcdcb19da695baf49045e3320a14d4,0.001,10.0,expert_logit,AdamW,,article1-v3,c675c07ca4b404432cdfca8572fe34493de68ea756a4b3ee7c70ec17714a925c,d6100cfa5d3571a1ff2c6b7927e7a5cc702b95806e13423a2da32c102d68c20d,10000,full_original_order,42,d6100cfa5d3571a1ff2c6b7927e7a5cc702b95806e13423a2da32c102d68c20d,10000,deterministic_evaluation,iid,4fe2719c1df3c2d7,none,42,c3c355b51dc67768429997be33682081555e70d5c2757c3694532d5da9ee7d4c,0.9563791751861572,1902c4d403a1e7249ac2616fe137aefc66e55a6b36798d693b04186999168c34,0.9843,0.0479586881102528,0.9849,1.7695377890375217,0.7973634101125794,1.0,8.0,"{""K"": 10, ""batch_size"": 256, ""epochs"": 30, ""lr"": 0.001, ""optimizer"": ""AdamW"", ""weight_decay"": 0.0001}",1200,0.0001,selected_uniform,/home/roi/PycharmProjects/KD_v5/OUTPUTS/article1_v3/results_rq2_backup.csv,5,,,,,,,,,,True
1769e55a274edd8fde7ce78f67c69efc41f316699db14eb618a7a583ee1a4d45,weighted_mean_logits,2a836581bb03cec96f509a87a0a27efbc0afc37c6522a54562e03a18504b0346,256,7ec812be75663f47fb1c9726f93e3688d8b157f3,1ee8a9739c99917174c92d57423b9aa95a139d3c9001f26cf1f675650f598b41,983996e529cac6912e3b0d96e762a9374461d1c0f329cfebb9aaed5fd49ffc19,mnist,9.936896855904951,30,30,300000,0.0,0.0,7ff045e85bdcdcb19da695baf49045e3320a14d4,0.001,10.0,confidence_logit,AdamW,,article1-v3,c675c07ca4b404432cdfca8572fe34493de68ea756a4b3ee7c70ec17714a925c,d6100cfa5d3571a1ff2c6b7927e7a5cc702b95806e13423a2da32c102d68c20d,10000,full_original_order,42,d6100cfa5d3571a1ff2c6b7927e7a5cc702b95806e13423a2da32c102d68c20d,10000,deterministic_evaluation,alpha1p0,442f56b475a76580,none,42,91c7b451e2fc6762221a300a0d5757158394ad6908b7f9a8d2bdd44900549e16,0.679566502571106,1902c4d403a1e7249ac2616fe137aefc66e55a6b36798d693b04186999168c34,0.98,0.0617620079472661,0.9788,1.9337273567366464,0.9706170507174782,1.0,8.0,"{""K"": 10, ""batch_size"": 256, ""epochs"": 30, ""lr"": 0.001, ""optimizer"": ""AdamW"", ""weight_decay"": 0.0001}",1200,0.0001,softmax_teachers(MSP),/home/roi/PycharmProjects/KD_v5/OUTPUTS/article1_v3/results_rq2_backup.csv,6,,,,,,,,,,True
1769e55a274edd8fde7ce78f67c69efc41f316699db14eb618a7a583ee1a4d45,weighted_mean_logits,2a836581bb03cec96f509a87a0a27efbc0afc37c6522a54562e03a18504b0346,256,7ec812be75663f47fb1c9726f93e3688d8b157f3,1ee8a9739c99917174c92d57423b9aa95a139d3c9001f26cf1f675650f598b41,983996e529cac6912e3b0d96e762a9374461d1c0f329cfebb9aaed5fd49ffc19,mnist,9.4298,30,30,300000,0.0,0.0,7ff045e85bdcdcb19da695baf49045e3320a14d4,0.001,9.4298,consensus_logit,AdamW,,article1-v3,c675c07ca4b404432cdfca8572fe34493de68ea756a4b3ee7c70ec17714a925c,d6100cfa5d3571a1ff2c6b7927e7a5cc702b95806e13423a2da32c102d68c20d,10000,full_original_order,42,d6100cfa5d3571a1ff2c6b7927e7a5cc702b95806e13423a2da32c102d68c20d,10000,deterministic_evaluation,alpha1p0,7c68af7b8561bc20,none,42,01e35d58ac13c311d00d9dfa18e0b4ef3e446413d948d784006e03a3ff4a7c52,0.6310698390007019,1902c4d403a1e7249ac2616fe137aefc66e55a6b36798d693b04186999168c34,0.9827,0.0555223048794083,0.9797,1.926173566350858,0.9553673621854296,1.0,8.0,"{""K"": 10, ""batch_size"": 256, ""epochs"": 30, ""lr"": 0.001, ""optimizer"": ""AdamW"", ""weight_decay"": 0.0001}",1200,0.0001,selected_uniform,/home/roi/PycharmProjects/KD_v5/OUTPUTS/article1_v3/results_rq2_backup.csv,7,,,,,,,,,,True
1769e55a274edd8fde7ce78f67c69efc41f316699db14eb618a7a583ee1a4d45,weighted_mean_logits,2a836581bb03cec96f509a87a0a27efbc0afc37c6522a54562e03a18504b0346,256,7ec812be75663f47fb1c9726f93e3688d8b157f3,1ee8a9739c99917174c92d57423b9aa95a139d3c9001f26cf1f675650f598b41,983996e529cac6912e3b0d96e762a9374461d1c0f329cfebb9aaed5fd49ffc19,mnist,2.0990236993293343,30,30,300000,0.0,0.0,7ff045e85bdcdcb19da695baf49045e3320a14d4,0.001,10.0,energy_logit,AdamW,,article1-v3,c675c07ca4b404432cdfca8572fe34493de68ea756a4b3ee7c70ec17714a925c,d6100cfa5d3571a1ff2c6b7927e7a5cc702b95806e13423a2da32c102d68c20d,10000,full_original_order,42,d6100cfa5d3571a1ff2c6b7927e7a5cc702b95806e13423a2da32c102d68c20d,10000,deterministic_evaluation,alpha1p0,f239bf0fb6b47c6b,none,42,e184589b8b0b6e72899bbb8572636e2ce248b7fa3e280547eb7e657f8d6ec6c4,1.3463995456695557,1902c4d403a1e7249ac2616fe137aefc66e55a6b36798d693b04186999168c34,0.9816,0.0649844629289589,0.9783,1.6304812043971015,0.6872285094357173,1.0,8.0,"{""K"": 10, ""batch_size"": 256, ""epochs"": 30, ""lr"": 0.001, ""optimizer"": ""AdamW"", ""weight_decay"": 0.0001}",1200,0.0001,softmax_teachers(logsumexp(logits)),/home/roi/PycharmProjects/KD_v5/OUTPUTS/article1_v3/results_rq2_backup.csv,8,,,,,,,,,,True
1769e55a274edd8fde7ce78f67c69efc41f316699db14eb618a7a583ee1a4d45,weighted_mean_logits,2a836581bb03cec96f509a87a0a27efbc0afc37c6522a54562e03a18504b0346,256,7ec812be75663f47fb1c9726f93e3688d8b157f3,1ee8a9739c99917174c92d57423b9aa95a139d3c9001f26cf1f675650f598b41,983996e529cac6912e3b0d96e762a9374461d1c0f329cfebb9aaed5fd49ffc19,mnist,8.5,30,30,300000,0.0,0.0,7ff045e85bdcdcb19da695baf49045e3320a14d4,0.001,8.5,expert_logit,AdamW,,article1-v3,c675c07ca4b404432cdfca8572fe34493de68ea756a4b3ee7c70ec17714a925c,d6100cfa5d3571a1ff2c6b7927e7a5cc702b95806e13423a2da32c102d68c20d,10000,full_original_order,42,d6100cfa5d3571a1ff2c6b7927e7a5cc702b95806e13423a2da32c102d68c20d,10000,deterministic_evaluation,alpha1p0,1189fb75fc4d4a12,none,42,9677b1db0d1b2ad253b2ce7919ac0a5c418f110fb07bc42cffdc678fcd830f1e,0.6642731428146362,1902c4d403a1e7249ac2616fe137aefc66e55a6b36798d693b04186999168c34,0.9816,0.0559489033176563,0.9853,1.90030747145384,0.9253333427076196,1.0,8.0,"{""K"": 10, ""batch_size"": 256, ""epochs"": 30, ""lr"": 0.001, ""optimizer"": ""AdamW"", ""weight_decay"": 0.0001}",1200,0.0001,selected_uniform,/home/roi/PycharmProjects/KD_v5/OUTPUTS/article1_v3/results_rq2_backup.csv,9,,,,,,,,,,True
3ae930a3d455fc72ab3b3be5987cdf360256a9dad8863ce77738b057cc6ceadd,weighted_mean_logits,2a836581bb03cec96f509a87a0a27efbc0afc37c6522a54562e03a18504b0346,256,7ec812be75663f47fb1c9726f93e3688d8b157f3,67ba36a524103132452e244163fa770344870afabeada27dd648b46b93ab881c,983996e529cac6912e3b0d96e762a9374461d1c0f329cfebb9aaed5fd49ffc19,mnist,9.909281622895223,30,30,300000,0.0,0.0,7ff045e85bdcdcb19da695baf49045e3320a14d4,0.001,10.0,confidence_logit,AdamW,,article1-v3,c675c07ca4b404432cdfca8572fe34493de68ea756a4b3ee7c70ec17714a925c,d6100cfa5d3571a1ff2c6b7927e7a5cc702b95806e13423a2da32c102d68c20d,10000,full_original_order,42,d6100cfa5d3571a1ff2c6b7927e7a5cc702b95806e13423a2da32c102d68c20d,10000,deterministic_evaluation,alpha0p5,232019a88b07f3cf,none,42,b566a5dd9a95a92e4a4d35c2282f671d171720dd46daf3bbdf4e2252afb258e4,0.9160977602005004,1902c4d403a1e7249ac2616fe137aefc66e55a6b36798d693b04186999168c34,0.9526,0.1422911892518401,0.948,1.954478935842904,1.0360442926794091,1.0,8.0,"{""K"": 10, ""batch_size"": 256, ""epochs"": 30, ""lr"": 0.001, ""optimizer"": ""AdamW"", ""weight_decay"": 0.0001}",1200,0.0001,softmax_teachers(MSP),/home/roi/PycharmProjects/KD_v5/OUTPUTS/article1_v3/results_rq2_backup.csv,10,,,,,,,,,,True
3ae930a3d455fc72ab3b3be5987cdf360256a9dad8863ce77738b057cc6ceadd,weighted_mean_logits,2a836581bb03cec96f509a87a0a27efbc0afc37c6522a54562e03a18504b0346,256,7ec812be75663f47fb1c9726f93e3688d8b157f3,67ba36a524103132452e244163fa770344870afabeada27dd648b46b93ab881c,983996e529cac6912e3b0d96e762a9374461d1c0f329cfebb9aaed5fd49ffc19,mnist,8.8187,30,30,300000,0.0,0.0,7ff045e85bdcdcb19da695baf49045e3320a14d4,0.001,8.8187,consensus_logit,AdamW,,article1-v3,c675c07ca4b404432cdfca8572fe34493de68ea756a4b3ee7c70ec17714a925c,d6100cfa5d3571a1ff2c6b7927e7a5cc702b95806e13423a2da32c102d68c20d,10000,full_original_order,42,d6100cfa5d3571a1ff2c6b7927e7a5cc702b95806e13423a2da32c102d68c20d,10000,deterministic_evaluation,alpha0p5,5ba1d39afe10e4a1,none,42,337c7579d239bd7ba1a54ed610dde57824668b2db7f5d8f33c181c3df147525c,0.6826564073562622,1902c4d403a1e7249ac2616fe137aefc66e55a6b36798d693b04186999168c34,0.9738,0.0842307090951595,0.9675,1.9071475935535247,0.9452967759497612,1.0,8.0,"{""K"": 10, ""batch_size"": 256, ""epochs"": 30, ""lr"": 0.001, ""optimizer"": ""AdamW"", ""weight_decay"": 0.0001}",1200,0.0001,selected_uniform,/home/roi/PycharmProjects/KD_v5/OUTPUTS/article1_v3/results_rq2_backup.csv,11,,,,,,,,,,True
3ae930a3d455fc72ab3b3be5987cdf360256a9dad8863ce77738b057cc6ceadd,weighted_mean_logits,2a836581bb03cec96f509a87a0a27efbc0afc37c6522a54562e03a18504b0346,256,7ec812be75663f47fb1c9726f93e3688d8b157f3,67ba36a524103132452e244163fa770344870afabeada27dd648b46b93ab881c,983996e529cac6912e3b0d96e762a9374461d1c0f329cfebb9aaed5fd49ffc19,mnist,1.5699494609562077,30,30,300000,0.0,0.0,7ff045e85bdcdcb19da695baf49045e3320a14d4,0.001,10.0,energy_logit,AdamW,,article1-v3,c675c07ca4b404432cdfca8572fe34493de68ea756a4b3ee7c70ec17714a925c,d6100cfa5d3571a1ff2c6b7927e7a5cc702b95806e13423a2da32c102d68c20d,10000,full_original_order,42,d6100cfa5d3571a1ff2c6b7927e7a5cc702b95806e13423a2da32c102d68c20d,10000,deterministic_evaluation,alpha0p5,a428163f7663f38c,none,42,81a454abdde111c102ecdea7fab0f0093361f310cdeb152ea8576a94b656d257,1.2520956993103027,1902c4d403a1e7249ac2616fe137aefc66e55a6b36798d693b04186999168c34,0.9745,0.1391417045653756,0.9675,1.393036313321695,0.5510882969857581,1.0,8.0,"{""K"": 10, ""batch_size"": 256, ""epochs"": 30, ""lr"": 0.001, ""optimizer"": ""AdamW"", ""weight_decay"": 0.0001}",1200,0.0001,softmax_teachers(logsumexp(logits)),/home/roi/PycharmProjects/KD_v5/OUTPUTS/article1_v3/results_rq2_backup.csv,12,,,,,,,,,,True
3ae930a3d455fc72ab3b3be5987cdf360256a9dad8863ce77738b057cc6ceadd,weighted_mean_logits,2a836581bb03cec96f509a87a0a27efbc0afc37c6522a54562e03a18504b0346,256,7ec812be75663f47fb1c9726f93e3688d8b157f3,67ba36a524103132452e244163fa770344870afabeada27dd648b46b93ab881c,983996e529cac6912e3b0d96e762a9374461d1c0f329cfebb9aaed5fd49ffc19,mnist,7.3,30,30,300000,0.0,0.0,7ff045e85bdcdcb19da695baf49045e3320a14d4,0.001,7.3,expert_logit,AdamW,,article1-v3,c675c07ca4b404432cdfca8572fe34493de68ea756a4b3ee7c70ec17714a925c,d6100cfa5d3571a1ff2c6b7927e7a5cc702b95806e13423a2da32c102d68c20d,10000,full_original_order,42,d6100cfa5d3571a1ff2c6b7927e7a5cc702b95806e13423a2da32c102d68c20d,10000,deterministic_evaluation,alpha0p5,f0bcde61d7afdc43,none,42,2aa051d6057ee262410522ec578aee3829be7498375e1ed0124e50441c1e3fe3,0.9236617088317872,1902c4d403a1e7249ac2616fe137aefc66e55a6b36798d693b04186999168c34,0.9814,0.0639167261033202,0.9883,1.8471751444955509,0.8600311065545789,1.0,8.0,"{""K"": 10, ""batch_size"": 256, ""epochs"": 30, ""lr"": 0.001, ""optimizer"": ""AdamW"", ""weight_decay"": 0.0001}",1200,0.0001,selected_uniform,/home/roi/PycharmProjects/KD_v5/OUTPUTS/article1_v3/results_rq2_backup.csv,13,,,,,,,,,,True
06ed36d10f15ccf7d7bc7d3dd31476e9709437718660aac1fbc95b258373e375,weighted_mean_logits,2a836581bb03cec96f509a87a0a27efbc0afc37c6522a54562e03a18504b0346,256,7ec812be75663f47fb1c9726f93e3688d8b157f3,e20270ca96acb6652f0c3bd9824939b190449f09c353f40c10ebacac5452d657,983996e529cac6912e3b0d96e762a9374461d1c0f329cfebb9aaed5fd49ffc19,mnist,9.790202043825,30,30,300000,0.0,0.0,7ff045e85bdcdcb19da695baf49045e3320a14d4,0.001,10.0,confidence_logit,AdamW,,article1-v3,c675c07ca4b404432cdfca8572fe34493de68ea756a4b3ee7c70ec17714a925c,d6100cfa5d3571a1ff2c6b7927e7a5cc702b95806e13423a2da32c102d68c20d,10000,full_original_order,42,d6100cfa5d3571a1ff2c6b7927e7a5cc702b95806e13423a2da32c102d68c20d,10000,deterministic_evaluation,alpha0p1,53c0ccc232a56e7f,none,42,e00812c8a3e0cc067df4b6409256b782450d2d784254e252024ccf8670e48649,0.2884981632232666,1902c4d403a1e7249ac2616fe137aefc66e55a6b36798d693b04186999168c34,0.8924,0.2944831283569336,0.9058,2.1683965025315945,1.4499706369216014,1.0,8.0,"{""K"": 10, ""batch_size"": 256, ""epochs"": 30, ""lr"": 0.001, ""optimizer"": ""AdamW"", ""weight_decay"": 0.0001}",1200,0.0001,softmax_teachers(MSP),/home/roi/PycharmProjects/KD_v5/OUTPUTS/article1_v3/results_rq2_backup.csv,14,,,,,,,,,,True
06ed36d10f15ccf7d7bc7d3dd31476e9709437718660aac1fbc95b258373e375,weighted_mean_logits,2a836581bb03cec96f509a87a0a27efbc0afc37c6522a54562e03a18504b0346,256,7ec812be75663f47fb1c9726f93e3688d8b157f3,e20270ca96acb6652f0c3bd9824939b190449f09c353f40c10ebacac5452d657,983996e529cac6912e3b0d96e762a9374461d1c0f329cfebb9aaed5fd49ffc19,mnist,5.5407,30,30,300000,0.0,0.0,7ff045e85bdcdcb19da695baf49045e3320a14d4,0.001,5.5407,consensus_logit,AdamW,,article1-v3,c675c07ca4b404432cdfca8572fe34493de68ea756a4b3ee7c70ec17714a925c,d6100cfa5d3571a1ff2c6b7927e7a5cc702b95806e13423a2da32c102d68c20d,10000,full_original_order,42,d6100cfa5d3571a1ff2c6b7927e7a5cc702b95806e13423a2da32c102d68c20d,10000,deterministic_evaluation,alpha0p1,6f4162cbf1b1bd10,none,42,c05a3c3bd41904692aa556ca4920192fd03c6fbd7db0b8949031ba04e01a75f5,1.544074535369873,1902c4d403a1e7249ac2616fe137aefc66e55a6b36798d693b04186999168c34,0.965,0.1527619675086927,0.938,1.7979471858771885,0.8490259128871774,1.0,8.0,"{""K"": 10, ""batch_size"": 256, ""epochs"": 30, ""lr"": 0.001, ""optimizer"": ""AdamW"", ""weight_decay"": 0.0001}",1200,0.0001,selected_uniform,/home/roi/PycharmProjects/KD_v5/OUTPUTS/article1_v3/results_rq2_backup.csv,15,,,,,,,,,,True
06ed36d10f15ccf7d7bc7d3dd31476e9709437718660aac1fbc95b258373e375,weighted_mean_logits,2a836581bb03cec96f509a87a0a27efbc0afc37c6522a54562e03a18504b0346,256,7ec812be75663f47fb1c9726f93e3688d8b157f3,e20270ca96acb6652f0c3bd9824939b190449f09c353f40c10ebacac5452d657,983996e529cac6912e3b0d96e762a9374461d1c0f329cfebb9aaed5fd49ffc19,mnist,1.408941587326643,30,30,300000,0.0,0.0,7ff045e85bdcdcb19da695baf49045e3320a14d4,0.001,10.0,energy_logit,AdamW,,article1-v3,c675c07ca4b404432cdfca8572fe34493de68ea756a4b3ee7c70ec17714a925c,d6100cfa5d3571a1ff2c6b7927e7a5cc702b95806e13423a2da32c102d68c20d,10000,full_original_order,42,d6100cfa5d3571a1ff2c6b7927e7a5cc702b95806e13423a2da32c102d68c20d,10000,deterministic_evaluation,alpha0p1,1081b63773e37f4b,none,42,bd0d6a321aea8eab6f46f10c10184b2ca65a3480b71c61d4ab19a4a854ff6338,2.66584849357605,1902c4d403a1e7249ac2616fe137aefc66e55a6b36798d693b04186999168c34,0.8114,3.520862071228027,0.8088,1.246473446991799,1.0042430895498151,1.0,8.0,"{""K"": 10, ""batch_size"": 256, ""epochs"": 30, ""lr"": 0.001, ""optimizer"": ""AdamW"", ""weight_decay"": 0.0001}",1200,0.0001,softmax_teachers(logsumexp(logits)),/home/roi/PycharmProjects/KD_v5/OUTPUTS/article1_v3/results_rq2_backup.csv,16,,,,,,,,,,True
06ed36d10f15ccf7d7bc7d3dd31476e9709437718660aac1fbc95b258373e375,weighted_mean_logits,2a836581bb03cec96f509a87a0a27efbc0afc37c6522a54562e03a18504b0346,256,7ec812be75663f47fb1c9726f93e3688d8b157f3,e20270ca96acb6652f0c3bd9824939b190449f09c353f40c10ebacac5452d657,983996e529cac6912e3b0d96e762a9374461d1c0f329cfebb9aaed5fd49ffc19,mnist,4.8,30,30,300000,0.0,0.0,7ff045e85bdcdcb19da695baf49045e3320a14d4,0.001,4.8,expert_logit,AdamW,,article1-v3,c675c07ca4b404432cdfca8572fe34493de68ea756a4b3ee7c70ec17714a925c,d6100cfa5d3571a1ff2c6b7927e7a5cc702b95806e13423a2da32c102d68c20d,10000,full_original_order,42,d6100cfa5d3571a1ff2c6b7927e7a5cc702b95806e13423a2da32c102d68c20d,10000,deterministic_evaluation,alpha0p1,b35c3f55c399a313,none,42,1676d46c71e6169d66d620780f5fff645a1c43cbc79dae23d82a341a58542ce3,0.8507058620452881,1902c4d403a1e7249ac2616fe137aefc66e55a6b36798d693b04186999168c34,0.9881,0.0443185745873895,0.9979,1.7437868176139957,0.7350566915904032,1.0,8.0,"{""K"": 10, ""batch_size"": 256, ""epochs"": 30, ""lr"": 0.001, ""optimizer"": ""AdamW"", ""weight_decay"": 0.0001}",1200,0.0001,selected_uniform,/home/roi/PycharmProjects/KD_v5/OUTPUTS/article1_v3/results_rq2_backup.csv,17,,,,,,,,,,True
ce4b9886dc3da23c4ec80937dca96608fe5f8454c6299680143dd031516e5403,weighted_mean_logits,2a836581bb03cec96f509a87a0a27efbc0afc37c6522a54562e03a18504b0346,256,7ec812be75663f47fb1c9726f93e3688d8b157f3,df755563875f48ca7042b61a8f6fd26adcb9555d23216d014b2fa0d6f57af456,983996e529cac6912e3b0d96e762a9374461d1c0f329cfebb9aaed5fd49ffc19,mnist,9.935005450559688,30,30,300000,0.0,0.0,7ff045e85bdcdcb19da695baf49045e3320a14d4,0.001,10.0,confidence_logit,AdamW,,article1-v3,c675c07ca4b404432cdfca8572fe34493de68ea756a4b3ee7c70ec17714a925c,d6100cfa5d3571a1ff2c6b7927e7a5cc702b95806e13423a2da32c102d68c20d,10000,full_original_order,42,d6100cfa5d3571a1ff2c6b7927e7a5cc702b95806e13423a2da32c102d68c20d,10000,deterministic_evaluation,multi,54b98d88478319a3,none,42,5b404e0b416d23bf0ca741331a36cf3d9441d431ca8de5d29cb8f35111c3d25c,0.2699757814407348,1902c4d403a1e7249ac2616fe137aefc66e55a6b36798d693b04186999168c34,0.3735,3.473177764129639,0.3707,2.204523947817189,2.004885979939755,1.0,8.0,"{""K"": 10, ""batch_size"": 256, ""epochs"": 30, ""lr"": 0.001, ""optimizer"": ""AdamW"", ""weight_decay"": 0.0001}",1200,0.0001,softmax_teachers(MSP),/home/roi/PycharmProjects/KD_v5/OUTPUTS/article1_v3/results_rq2_backup.csv,18,,,,,,,,,,True
ce4b9886dc3da23c4ec80937dca96608fe5f8454c6299680143dd031516e5403,weighted_mean_logits,2a836581bb03cec96f509a87a0a27efbc0afc37c6522a54562e03a18504b0346,256,7ec812be75663f47fb1c9726f93e3688d8b157f3,df755563875f48ca7042b61a8f6fd26adcb9555d23216d014b2fa0d6f57af456,983996e529cac6912e3b0d96e762a9374461d1c0f329cfebb9aaed5fd49ffc19,mnist,2.0,30,30,300000,0.0,0.0,7ff045e85bdcdcb19da695baf49045e3320a14d4,0.001,2.0,consensus_logit,AdamW,,article1-v3,c675c07ca4b404432cdfca8572fe34493de68ea756a4b3ee7c70ec17714a925c,d6100cfa5d3571a1ff2c6b7927e7a5cc702b95806e13423a2da32c102d68c20d,10000,full_original_order,42,d6100cfa5d3571a1ff2c6b7927e7a5cc702b95806e13423a2da32c102d68c20d,10000,deterministic_evaluation,multi,eb4c898e4c435d58,none,42,618ab4d9a90a2f10ea8066b219d838a94658d7e02cc49264d9a5c132c33fbb61,4.775954723358154,1902c4d403a1e7249ac2616fe137aefc66e55a6b36798d693b04186999168c34,0.6588,21.575500646972657,0.6377,0.2578126878645493,3.223235412475551,1.0,8.0,"{""K"": 10, ""batch_size"": 256, ""epochs"": 30, ""lr"": 0.001, ""optimizer"": ""AdamW"", ""weight_decay"": 0.0001}",1200,0.0001,selected_uniform,/home/roi/PycharmProjects/KD_v5/OUTPUTS/article1_v3/results_rq2_backup.csv,19,,,,,,,,,,True
ce4b9886dc3da23c4ec80937dca96608fe5f8454c6299680143dd031516e5403,weighted_mean_logits,2a836581bb03cec96f509a87a0a27efbc0afc37c6522a54562e03a18504b0346,256,7ec812be75663f47fb1c9726f93e3688d8b157f3,df755563875f48ca7042b61a8f6fd26adcb9555d23216d014b2fa0d6f57af456,983996e529cac6912e3b0d96e762a9374461d1c0f329cfebb9aaed5fd49ffc19,mnist,1.0758709111722875,30,30,300000,0.0,0.0,7ff045e85bdcdcb19da695baf49045e3320a14d4,0.001,10.0,energy_logit,AdamW,,article1-v3,c675c07ca4b404432cdfca8572fe34493de68ea756a4b3ee7c70ec17714a925c,d6100cfa5d3571a1ff2c6b7927e7a5cc702b95806e13423a2da32c102d68c20d,10000,full_original_order,42,d6100cfa5d3571a1ff2c6b7927e7a5cc702b95806e13423a2da32c102d68c20d,10000,deterministic_evaluation,multi,566f07f192a2693b,none,42,d207ffab9c3b118a3cb5e75c9bc6f76093e00b4dc7668e40afcb3825643abc28,5.197290420532227,1902c4d403a1e7249ac2616fe137aefc66e55a6b36798d693b04186999168c34,0.3748,58.919582385253904,0.3606,0.2365435583532353,6.626367869166944,1.0,8.0,"{""K"": 10, ""batch_size"": 256, ""epochs"": 30, ""lr"": 0.001, ""optimizer"": ""AdamW"", ""weight_decay"": 0.0001}",1200,0.0001,softmax_teachers(logsumexp(logits)),/home/roi/PycharmProjects/KD_v5/OUTPUTS/article1_v3/results_rq2_backup.csv,20,,,,,,,,,,True
ce4b9886dc3da23c4ec80937dca96608fe5f8454c6299680143dd031516e5403,weighted_mean_logits,2a836581bb03cec96f509a87a0a27efbc0afc37c6522a54562e03a18504b0346,256,7ec812be75663f47fb1c9726f93e3688d8b157f3,df755563875f48ca7042b61a8f6fd26adcb9555d23216d014b2fa0d6f57af456,983996e529cac6912e3b0d96e762a9374461d1c0f329cfebb9aaed5fd49ffc19,mnist,2.0,30,30,300000,0.0,0.0,7ff045e85bdcdcb19da695baf49045e3320a14d4,0.001,2.0,expert_logit,AdamW,,article1-v3,c675c07ca4b404432cdfca8572fe34493de68ea756a4b3ee7c70ec17714a925c,d6100cfa5d3571a1ff2c6b7927e7a5cc702b95806e13423a2da32c102d68c20d,10000,full_original_order,42,d6100cfa5d3571a1ff2c6b7927e7a5cc702b95806e13423a2da32c102d68c20d,10000,deterministic_evaluation,multi,6052301c72a9ceba,none,42,7b7f5c735d60e69d2f854ee8dde032bdb0b0910407be217471e01684957df741,0.8525234460830688,1902c4d403a1e7249ac2616fe137aefc66e55a6b36798d693b04186999168c34,0.9881,0.1238098603715996,0.9979,0.4398260547026985,0.1462239414477012,1.0,8.0,"{""K"": 10, ""batch_size"": 256, ""epochs"": 30, ""lr"": 0.001, ""optimizer"": ""AdamW"", ""weight_decay"": 0.0001}",1200,0.0001,selected_uniform,/home/roi/PycharmProjects/KD_v5/OUTPUTS/article1_v3/results_rq2_backup.csv,21,,,,,,,,,,True
e6f1e0016bd69e5208d7779bafd908447f0ffbf5bd505201465dc3d9494ee864,weighted_mean_logits,2a836581bb03cec96f509a87a0a27efbc0afc37c6522a54562e03a18504b0346,256,7ec812be75663f47fb1c9726f93e3688d8b157f3,b5b53cb4ddb7392674cbb61f9a3f87565d7efa226164b2234b4d3d25ed2ccc8a,983996e529cac6912e3b0d96e762a9374461d1c0f329cfebb9aaed5fd49ffc19,mnist,9.999999999999998,30,30,300000,0.0,0.0,7ff045e85bdcdcb19da695baf49045e3320a14d4,0.001,10.0,confidence_logit,AdamW,,article1-v3,c675c07ca4b404432cdfca8572fe34493de68ea756a4b3ee7c70ec17714a925c,d6100cfa5d3571a1ff2c6b7927e7a5cc702b95806e13423a2da32c102d68c20d,10000,full_original_order,42,d6100cfa5d3571a1ff2c6b7927e7a5cc702b95806e13423a2da32c102d68c20d,10000,deterministic_evaluation,single,022e9d1452d5490f,none,42,704cc34da676284fc981f4df9c2ee081510ff37c0f57159b0de1b190be6e61b9,0.2312625646591186,1902c4d403a1e7249ac2616fe137aefc66e55a6b36798d693b04186999168c34,0.1009,8.955038143920898,0.1,2.1335115905692086,2.4657241995633505,1.0,8.0,"{""K"": 10, ""batch_size"": 256, ""epochs"": 30, ""lr"": 0.001, ""optimizer"": ""AdamW"", ""weight_decay"": 0.0001}",1200,0.0001,softmax_teachers(MSP),/home/roi/PycharmProjects/KD_v5/OUTPUTS/article1_v3/results_rq2_backup.csv,22,,,,,,,,,,True
e6f1e0016bd69e5208d7779bafd908447f0ffbf5bd505201465dc3d9494ee864,weighted_mean_logits,2a836581bb03cec96f509a87a0a27efbc0afc37c6522a54562e03a18504b0346,256,7ec812be75663f47fb1c9726f93e3688d8b157f3,b5b53cb4ddb7392674cbb61f9a3f87565d7efa226164b2234b4d3d25ed2ccc8a,983996e529cac6912e3b0d96e762a9374461d1c0f329cfebb9aaed5fd49ffc19,mnist,1.0,30,30,300000,0.0,0.0,7ff045e85bdcdcb19da695baf49045e3320a14d4,0.001,1.0,consensus_logit,AdamW,,article1-v3,c675c07ca4b404432cdfca8572fe34493de68ea756a4b3ee7c70ec17714a925c,d6100cfa5d3571a1ff2c6b7927e7a5cc702b95806e13423a2da32c102d68c20d,10000,full_original_order,42,d6100cfa5d3571a1ff2c6b7927e7a5cc702b95806e13423a2da32c102d68c20d,10000,deterministic_evaluation,single,30e91770bdbe8960,none,42,7844fd79b0a2605ff4556e5827ed21f384402b9977a73f0e396e104a4f8cfe36,0.0001065435280906,1902c4d403a1e7249ac2616fe137aefc66e55a6b36798d693b04186999168c34,0.098,141.43205776367188,0.1,6.595810655449779e-05,15.611075831178896,1.0,8.0,"{""K"": 10, ""batch_size"": 256, ""epochs"": 30, ""lr"": 0.001, ""optimizer"": ""AdamW"", ""weight_decay"": 0.0001}",1200,0.0001,selected_uniform,/home/roi/PycharmProjects/KD_v5/OUTPUTS/article1_v3/results_rq2_backup.csv,23,,,,,,,,,,True
e6f1e0016bd69e5208d7779bafd908447f0ffbf5bd505201465dc3d9494ee864,weighted_mean_logits,2a836581bb03cec96f509a87a0a27efbc0afc37c6522a54562e03a18504b0346,256,7ec812be75663f47fb1c9726f93e3688d8b157f3,b5b53cb4ddb7392674cbb61f9a3f87565d7efa226164b2234b4d3d25ed2ccc8a,983996e529cac6912e3b0d96e762a9374461d1c0f329cfebb9aaed5fd49ffc19,mnist,1.2383886878014785,30,30,300000,0.0,0.0,7ff045e85bdcdcb19da695baf49045e3320a14d4,0.001,10.0,energy_logit,AdamW,,article1-v3,c675c07ca4b404432cdfca8572fe34493de68ea756a4b3ee7c70ec17714a925c,d6100cfa5d3571a1ff2c6b7927e7a5cc702b95806e13423a2da32c102d68c20d,10000,full_original_order,42,d6100cfa5d3571a1ff2c6b7927e7a5cc702b95806e13423a2da32c102d68c20d,10000,deterministic_evaluation,single,7abeba848341a83d,none,42,f86ba0f5a02321ae89b4bd96cc0b4bc2b85faa0f6fb99abdfbae910bebfe2b36,5.343751907348633,1902c4d403a1e7249ac2616fe137aefc66e55a6b36798d693b04186999168c34,0.0605,146.71368032226562,0.0676,0.0246987018909333,18.685813304646487,1.0,8.0,"{""K"": 10, ""batch_size"": 256, ""epochs"": 30, ""lr"": 0.001, ""optimizer"": ""AdamW"", ""weight_decay"": 0.0001}",1200,0.0001,softmax_teachers(logsumexp(logits)),/home/roi/PycharmProjects/KD_v5/OUTPUTS/article1_v3/results_rq2_backup.csv,24,,,,,,,,,,True
e6f1e0016bd69e5208d7779bafd908447f0ffbf5bd505201465dc3d9494ee864,weighted_mean_logits,2a836581bb03cec96f509a87a0a27efbc0afc37c6522a54562e03a18504b0346,256,7ec812be75663f47fb1c9726f93e3688d8b157f3,b5b53cb4ddb7392674cbb61f9a3f87565d7efa226164b2234b4d3d25ed2ccc8a,983996e529cac6912e3b0d96e762a9374461d1c0f329cfebb9aaed5fd49ffc19,mnist,1.0,30,30,300000,0.0,0.0,7ff045e85bdcdcb19da695baf49045e3320a14d4,0.001,1.0,expert_logit,AdamW,,article1-v3,c675c07ca4b404432cdfca8572fe34493de68ea756a4b3ee7c70ec17714a925c,d6100cfa5d3571a1ff2c6b7927e7a5cc702b95806e13423a2da32c102d68c20d,10000,full_original_order,42,d6100cfa5d3571a1ff2c6b7927e7a5cc702b95806e13423a2da32c102d68c20d,10000,deterministic_evaluation,single,84a4d2545c2b0ef5,none,42,836706a8cc03aa3c053c3ba800c8bb103322cf46e3f1173cda8dcdf3c51e15a6,0.0023864838294684,1902c4d403a1e7249ac2616fe137aefc66e55a6b36798d693b04186999168c34,0.9854,0.3139423278145216,1.0,4.823978562574781e-05,3.748534233606741e-06,1.0,8.0,"{""K"": 10, ""batch_size"": 256, ""epochs"": 30, ""lr"": 0.001, ""optimizer"": ""AdamW"", ""weight_decay"": 0.0001}",1200,0.0001,selected_uniform,/home/roi/PycharmProjects/KD_v5/OUTPUTS/article1_v3/results_rq2_backup.csv,25,,,,,,,,,,True
c71a836fb18c224322482aff09b171a1f8d84ddad62b65d79efc561e33930e21,weighted_mean_logits,9dc3b75d34f50fd7e8121684c2e8b96473759a62ffdf4da9a899b6be2324c4f6,256,7ec812be75663f47fb1c9726f93e3688d8b157f3,8ac88c9f1a75ccda0684de74cb99754aec0a00b42071fed4220bc725afbd5a03,ac4d3daebd132fcf0c30acd7f9828d40c3eda282d672fe5d5214e900d8f21068,mnist,9.975654175936798,30,30,300000,0.0,0.0,7ff045e85bdcdcb19da695baf49045e3320a14d4,0.001,10.0,confidence_logit,AdamW,,article1-v3,0ef12c320cfa1f93a852406370e80eb0b1e4b1731704727c3a1f9b691f1c9e9f,107efb320922a5311b91b47974f03876544bfaeb39719aa1e062bfdf103fd6e0,10000,full_original_order,43,107efb320922a5311b91b47974f03876544bfaeb39719aa1e062bfdf103fd6e0,10000,deterministic_evaluation,iid,60d11e45bb72ff08,none,43,908fef1bd2e7f799101ddc4a41ef85243583ef1956350f7508d21ba940c43425,0.8646907806396484,9f0b88d81119b57a6ae57eeb22a3257787c562e62cc7a83b1f6566c657fe7250,0.9826,0.0570560258489102,0.9849,1.868574102319841,0.8926136166141867,1.0,8.0,"{""K"": 10, ""batch_size"": 256, ""epochs"": 30, ""lr"": 0.001, ""optimizer"": ""AdamW"", ""weight_decay"": 0.0001}",1200,0.0001,softmax_teachers(MSP),/home/roi/PycharmProjects/KD_v5/OUTPUTS/article1_v3/results_rq2_backup.csv,26,,,,,,,,,,True
c71a836fb18c224322482aff09b171a1f8d84ddad62b65d79efc561e33930e21,weighted_mean_logits,9dc3b75d34f50fd7e8121684c2e8b96473759a62ffdf4da9a899b6be2324c4f6,256,7ec812be75663f47fb1c9726f93e3688d8b157f3,8ac88c9f1a75ccda0684de74cb99754aec0a00b42071fed4220bc725afbd5a03,ac4d3daebd132fcf0c30acd7f9828d40c3eda282d672fe5d5214e900d8f21068,mnist,9.8101,30,30,300000,0.0,0.0,7ff045e85bdcdcb19da695baf49045e3320a14d4,0.001,9.8101,consensus_logit,AdamW,,article1-v3,0ef12c320cfa1f93a852406370e80eb0b1e4b1731704727c3a1f9b691f1c9e9f,107efb320922a5311b91b47974f03876544bfaeb39719aa1e062bfdf103fd6e0,10000,full_original_order,43,107efb320922a5311b91b47974f03876544bfaeb39719aa1e062bfdf103fd6e0,10000,deterministic_evaluation,iid,19e244a4b9a4fb66,none,43,67ffe46aa6532ff6acd882c7da1c8be5901528bc9ca28723690aff956a3a2a0d,0.8286906480789185,9f0b88d81119b57a6ae57eeb22a3257787c562e62cc7a83b1f6566c657fe7250,0.9834,0.0542557632938027,0.9845,1.868511083033749,0.8918030562477441,1.0,8.0,"{""K"": 10, ""batch_size"": 256, ""epochs"": 30, ""lr"": 0.001, ""optimizer"": ""AdamW"", ""weight_decay"": 0.0001}",1200,0.0001,selected_uniform,/home/roi/PycharmProjects/KD_v5/OUTPUTS/article1_v3/results_rq2_backup.csv,27,,,,,,,,,,True
c71a836fb18c224322482aff09b171a1f8d84ddad62b65d79efc561e33930e21,weighted_mean_logits,9dc3b75d34f50fd7e8121684c2e8b96473759a62ffdf4da9a899b6be2324c4f6,256,7ec812be75663f47fb1c9726f93e3688d8b157f3,8ac88c9f1a75ccda0684de74cb99754aec0a00b42071fed4220bc725afbd5a03,ac4d3daebd132fcf0c30acd7f9828d40c3eda282d672fe5d5214e900d8f21068,mnist,2.084554048079904,30,30,300000,0.0,0.0,7ff045e85bdcdcb19da695baf49045e3320a14d4,0.001,10.0,energy_logit,AdamW,,article1-v3,0ef12c320cfa1f93a852406370e80eb0b1e4b1731704727c3a1f9b691f1c9e9f,107efb320922a5311b91b47974f03876544bfaeb39719aa1e062bfdf103fd6e0,10000,full_original_order,43,107efb320922a5311b91b47974f03876544bfaeb39719aa1e062bfdf103fd6e0,10000,deterministic_evaluation,iid,12fe0ba01cbee9be,none,43,292e49f2118f6b9cb4f336d90ee58468f265f48d3654f8d2c2d71be29a99e0d2,1.1185462474822998,9f0b88d81119b57a6ae57eeb22a3257787c562e62cc7a83b1f6566c657fe7250,0.9844,0.0564482316212845,0.9831,1.606386870644964,0.6599853884562125,1.0,8.0,"{""K"": 10, ""batch_size"": 256, ""epochs"": 30, ""lr"": 0.001, ""optimizer"": ""AdamW"", ""weight_decay"": 0.0001}",1200,0.0001,softmax_teachers(logsumexp(logits)),/home/roi/PycharmProjects/KD_v5/OUTPUTS/article1_v3/results_rq2_backup.csv,28,,,,,,,,,,True
c71a836fb18c224322482aff09b171a1f8d84ddad62b65d79efc561e33930e21,weighted_mean_logits,9dc3b75d34f50fd7e8121684c2e8b96473759a62ffdf4da9a899b6be2324c4f6,256,7ec812be75663f47fb1c9726f93e3688d8b157f3,8ac88c9f1a75ccda0684de74cb99754aec0a00b42071fed4220bc725afbd5a03,ac4d3daebd132fcf0c30acd7f9828d40c3eda282d672fe5d5214e900d8f21068,mnist,9.8,30,30,300000,0.0,0.0,7ff045e85bdcdcb19da695baf49045e3320a14d4,0.001,9.8,expert_logit,AdamW,,article1-v3,0ef12c320cfa1f93a852406370e80eb0b1e4b1731704727c3a1f9b691f1c9e9f,107efb320922a5311b91b47974f03876544bfaeb39719aa1e062bfdf103fd6e0,10000,full_original_order,43,107efb320922a5311b91b47974f03876544bfaeb39719aa1e062bfdf103fd6e0,10000,deterministic_evaluation,iid,9a61f96ec8968a96,none,43,bcc726fe4e9927654bf1c987bd81c8eaa774ebf14e2dc1bccfa7160ce9310d4f,0.8713240623474121,9f0b88d81119b57a6ae57eeb22a3257787c562e62cc7a83b1f6566c657fe7250,0.9829,0.0572326268826611,0.985,1.865860934375185,0.8915478951845216,1.0,8.0,"{""K"": 10, ""batch_size"": 256, ""epochs"": 30, ""lr"": 0.001, ""optimizer"": ""AdamW"", ""weight_decay"": 0.0001}",1200,0.0001,selected_uniform,/home/roi/PycharmProjects/KD_v5/OUTPUTS/article1_v3/results_rq2_backup.csv,29,,,,,,,,,,True
fbffb618aec84f560646af13acf9311ec6545311c1069781e5769e1ea4da706f,weighted_mean_logits,9dc3b75d34f50fd7e8121684c2e8b96473759a62ffdf4da9a899b6be2324c4f6,256,7ec812be75663f47fb1c9726f93e3688d8b157f3,ff04b0252c3ccff7e7c9e843e924552abc98cfd604fac7fc737af84621655cd7,ac4d3daebd132fcf0c30acd7f9828d40c3eda282d672fe5d5214e900d8f21068,mnist,9.924170397069371,30,30,300000,0.0,0.0,7ff045e85bdcdcb19da695baf49045e3320a14d4,0.001,10.0,confidence_logit,AdamW,,article1-v3,0ef12c320cfa1f93a852406370e80eb0b1e4b1731704727c3a1f9b691f1c9e9f,107efb320922a5311b91b47974f03876544bfaeb39719aa1e062bfdf103fd6e0,10000,full_original_order,43,107efb320922a5311b91b47974f03876544bfaeb39719aa1e062bfdf103fd6e0,10000,deterministic_evaluation,alpha1p0,6f4f9a55995519c4,none,43,ba01984ff996796c3678880757bcc4a0da9c0a112b61b585375fb2b50e5b9692,0.673018217086792,9f0b88d81119b57a6ae57eeb22a3257787c562e62cc7a83b1f6566c657fe7250,0.9799,0.0644896583721041,0.9814,1.9808532667691243,1.0353019496965803,1.0,8.0,"{""K"": 10, ""batch_size"": 256, ""epochs"": 30, ""lr"": 0.001, ""optimizer"": ""AdamW"", ""weight_decay"": 0.0001}",1200,0.0001,softmax_teachers(MSP),/home/roi/PycharmProjects/KD_v5/OUTPUTS/article1_v3/results_rq2_backup.csv,30,,,,,,,,,,True
fbffb618aec84f560646af13acf9311ec6545311c1069781e5769e1ea4da706f,weighted_mean_logits,9dc3b75d34f50fd7e8121684c2e8b96473759a62ffdf4da9a899b6be2324c4f6,256,7ec812be75663f47fb1c9726f93e3688d8b157f3,ff04b0252c3ccff7e7c9e843e924552abc98cfd604fac7fc737af84621655cd7,ac4d3daebd132fcf0c30acd7f9828d40c3eda282d672fe5d5214e900d8f21068,mnist,9.3097,30,30,300000,0.0,0.0,7ff045e85bdcdcb19da695baf49045e3320a14d4,0.001,9.3097,consensus_logit,AdamW,,article1-v3,0ef12c320cfa1f93a852406370e80eb0b1e4b1731704727c3a1f9b691f1c9e9f,107efb320922a5311b91b47974f03876544bfaeb39719aa1e062bfdf103fd6e0,10000,full_original_order,43,107efb320922a5311b91b47974f03876544bfaeb39719aa1e062bfdf103fd6e0,10000,deterministic_evaluation,alpha1p0,097e14e23469ed56,none,43,eb05a3d67de8d584250585b1f7e2be92881d4f3451aa2c11de1c7bbbf4cf22c0,0.6619548797607422,9f0b88d81119b57a6ae57eeb22a3257787c562e62cc7a83b1f6566c657fe7250,0.983,0.0542042952910065,0.9825,1.960746648355521,0.996922293077458,1.0,8.0,"{""K"": 10, ""batch_size"": 256, ""epochs"": 30, ""lr"": 0.001, ""optimizer"": ""AdamW"", ""weight_decay"": 0.0001}",1200,0.0001,selected_uniform,/home/roi/PycharmProjects/KD_v5/OUTPUTS/article1_v3/results_rq2_backup.csv,31,,,,,,,,,,True
fbffb618aec84f560646af13acf9311ec6545311c1069781e5769e1ea4da706f,weighted_mean_logits,9dc3b75d34f50fd7e8121684c2e8b96473759a62ffdf4da9a899b6be2324c4f6,256,7ec812be75663f47fb1c9726f93e3688d8b157f3,ff04b0252c3ccff7e7c9e843e924552abc98cfd604fac7fc737af84621655cd7,ac4d3daebd132fcf0c30acd7f9828d40c3eda282d672fe5d5214e900d8f21068,mnist,2.387794314271673,30,30,300000,0.0,0.0,7ff045e85bdcdcb19da695baf49045e3320a14d4,0.001,10.0,energy_logit,AdamW,,article1-v3,0ef12c320cfa1f93a852406370e80eb0b1e4b1731704727c3a1f9b691f1c9e9f,107efb320922a5311b91b47974f03876544bfaeb39719aa1e062bfdf103fd6e0,10000,full_original_order,43,107efb320922a5311b91b47974f03876544bfaeb39719aa1e062bfdf103fd6e0,10000,deterministic_evaluation,alpha1p0,24de7479c7865e40,none,43,36b27b9a78afbe3d5f04f6b32a2e54619c45b35b5a8e5bd299e3c0ed35d99cc9,1.057487726211548,9f0b88d81119b57a6ae57eeb22a3257787c562e62cc7a83b1f6566c657fe7250,0.9807,0.0742540747288614,0.9746,1.702272225069406,0.7619382825018525,1.0,8.0,"{""K"": 10, ""batch_size"": 256, ""epochs"": 30, ""lr"": 0.001, ""optimizer"": ""AdamW"", ""weight_decay"": 0.0001}",1200,0.0001,softmax_teachers(logsumexp(logits)),/home/roi/PycharmProjects/KD_v5/OUTPUTS/article1_v3/results_rq2_backup.csv,32,,,,,,,,,,True
fbffb618aec84f560646af13acf9311ec6545311c1069781e5769e1ea4da706f,weighted_mean_logits,9dc3b75d34f50fd7e8121684c2e8b96473759a62ffdf4da9a899b6be2324c4f6,256,7ec812be75663f47fb1c9726f93e3688d8b157f3,ff04b0252c3ccff7e7c9e843e924552abc98cfd604fac7fc737af84621655cd7,ac4d3daebd132fcf0c30acd7f9828d40c3eda282d672fe5d5214e900d8f21068,mnist,8.7,30,30,300000,0.0,0.0,7ff045e85bdcdcb19da695baf49045e3320a14d4,0.001,8.7,expert_logit,AdamW,,article1-v3,0ef12c320cfa1f93a852406370e80eb0b1e4b1731704727c3a1f9b691f1c9e9f,107efb320922a5311b91b47974f03876544bfaeb39719aa1e062bfdf103fd6e0,10000,full_original_order,43,107efb320922a5311b91b47974f03876544bfaeb39719aa1e062bfdf103fd6e0,10000,deterministic_evaluation,alpha1p0,6ff7db94a5c1fd52,none,43,e4874f6112c73d25cac95ae27250a678e8fc3e640e5d33d16bfa5dfd70d1855f,0.6500298380851746,9f0b88d81119b57a6ae57eeb22a3257787c562e62cc7a83b1f6566c657fe7250,0.9818,0.0580644286353141,0.9872,1.946194540770728,0.978003630182666,1.0,8.0,"{""K"": 10, ""batch_size"": 256, ""epochs"": 30, ""lr"": 0.001, ""optimizer"": ""AdamW"", ""weight_decay"": 0.0001}",1200,0.0001,selected_uniform,/home/roi/PycharmProjects/KD_v5/OUTPUTS/article1_v3/results_rq2_backup.csv,33,,,,,,,,,,True
04143945fb8e4442c3455972f3dcbb27819a04f68401bb1f636c2028c1f9ff7f,weighted_mean_logits,9dc3b75d34f50fd7e8121684c2e8b96473759a62ffdf4da9a899b6be2324c4f6,256,7ec812be75663f47fb1c9726f93e3688d8b157f3,f68e0135bfb79bc81d8248bcca893ffc6452b860d96435aecd30e9ff55b8074a,ac4d3daebd132fcf0c30acd7f9828d40c3eda282d672fe5d5214e900d8f21068,mnist,9.872062779219537,30,30,300000,0.0,0.0,e311558ce6e4e1a1d345e2051c2d5e8ccaecccda,0.001,10.0,confidence_logit,AdamW,,article1-v3,0ef12c320cfa1f93a852406370e80eb0b1e4b1731704727c3a1f9b691f1c9e9f,107efb320922a5311b91b47974f03876544bfaeb39719aa1e062bfdf103fd6e0,10000,full_original_order,43,107efb320922a5311b91b47974f03876544bfaeb39719aa1e062bfdf103fd6e0,10000,deterministic_evaluation,alpha0p5,8f9075026165bdab,none,43,10d6bf9d27fac29ec10df4050eb239c4811a5f879e5ddc7c99b97bb64e152bb4,0.6519473791122437,9f0b88d81119b57a6ae57eeb22a3257787c562e62cc7a83b1f6566c657fe7250,0.9657,0.1127270913377404,0.9683,2.003047954663258,1.0852253641099965,1.0,8.0,"{""K"": 10, ""batch_size"": 256, ""epochs"": 30, ""lr"": 0.001, ""optimizer"": ""AdamW"", ""weight_decay"": 0.0001}",1200,0.0001,softmax_teachers(MSP),/home/roi/PycharmProjects/KD_v5/OUTPUTS/article1_v3/results_rq2_backup.csv,34,,,,,,,,,,True
04143945fb8e4442c3455972f3dcbb27819a04f68401bb1f636c2028c1f9ff7f,weighted_mean_logits,9dc3b75d34f50fd7e8121684c2e8b96473759a62ffdf4da9a899b6be2324c4f6,256,7ec812be75663f47fb1c9726f93e3688d8b157f3,f68e0135bfb79bc81d8248bcca893ffc6452b860d96435aecd30e9ff55b8074a,ac4d3daebd132fcf0c30acd7f9828d40c3eda282d672fe5d5214e900d8f21068,mnist,8.3175,30,30,300000,0.0,0.0,e311558ce6e4e1a1d345e2051c2d5e8ccaecccda,0.001,8.3175,consensus_logit,AdamW,,article1-v3,0ef12c320cfa1f93a852406370e80eb0b1e4b1731704727c3a1f9b691f1c9e9f,107efb320922a5311b91b47974f03876544bfaeb39719aa1e062bfdf103fd6e0,10000,full_original_order,43,107efb320922a5311b91b47974f03876544bfaeb39719aa1e062bfdf103fd6e0,10000,deterministic_evaluation,alpha0p5,02b6f070d4bf1f8c,none,43,384eff038b6360ed6bcb312c813424380acce34b9693f79512aaa8a50154932f,0.5995632410049438,9f0b88d81119b57a6ae57eeb22a3257787c562e62cc7a83b1f6566c657fe7250,0.9777,0.0772080593734048,0.9779,1.914625668878633,0.9396469004494764,1.0,8.0,"{""K"": 10, ""batch_size"": 256, ""epochs"": 30, ""lr"": 0.001, ""optimizer"": ""AdamW"", ""weight_decay"": 0.0001}",1200,0.0001,selected_uniform,/home/roi/PycharmProjects/KD_v5/OUTPUTS/article1_v3/results_rq2_backup.csv,35,,,,,,,,,,True
04143945fb8e4442c3455972f3dcbb27819a04f68401bb1f636c2028c1f9ff7f,weighted_mean_logits,9dc3b75d34f50fd7e8121684c2e8b96473759a62ffdf4da9a899b6be2324c4f6,256,7ec812be75663f47fb1c9726f93e3688d8b157f3,f68e0135bfb79bc81d8248bcca893ffc6452b860d96435aecd30e9ff55b8074a,ac4d3daebd132fcf0c30acd7f9828d40c3eda282d672fe5d5214e900d8f21068,mnist,1.5512814750802166,30,30,300000,0.0,0.0,e311558ce6e4e1a1d345e2051c2d5e8ccaecccda,0.001,10.0,energy_logit,AdamW,,article1-v3,0ef12c320cfa1f93a852406370e80eb0b1e4b1731704727c3a1f9b691f1c9e9f,107efb320922a5311b91b47974f03876544bfaeb39719aa1e062bfdf103fd6e0,10000,full_original_order,43,107efb320922a5311b91b47974f03876544bfaeb39719aa1e062bfdf103fd6e0,10000,deterministic_evaluation,alpha0p5,7ed0103ccf2afef7,none,43,e97e24c0c87735fdfa1689f62630acf426ca5fbb5ddbbf8333516f7157a65ede,1.0984641313552856,9f0b88d81119b57a6ae57eeb22a3257787c562e62cc7a83b1f6566c657fe7250,0.9752,0.1227426543891342,0.9726,1.3773037649976272,0.5539113682345267,1.0,8.0,"{""K"": 10, ""batch_size"": 256, ""epochs"": 30, ""lr"": 0.001, ""optimizer"": ""AdamW"", ""weight_decay"": 0.0001}",1200,0.0001,softmax_teachers(logsumexp(logits)),/home/roi/PycharmProjects/KD_v5/OUTPUTS/article1_v3/results_rq2_backup.csv,36,,,,,,,,,,True
04143945fb8e4442c3455972f3dcbb27819a04f68401bb1f636c2028c1f9ff7f,weighted_mean_logits,9dc3b75d34f50fd7e8121684c2e8b96473759a62ffdf4da9a899b6be2324c4f6,256,7ec812be75663f47fb1c9726f93e3688d8b157f3,f68e0135bfb79bc81d8248bcca893ffc6452b860d96435aecd30e9ff55b8074a,ac4d3daebd132fcf0c30acd7f9828d40c3eda282d672fe5d5214e900d8f21068,mnist,7.3,30,30,300000,0.0,0.0,e311558ce6e4e1a1d345e2051c2d5e8ccaecccda,0.001,7.3,expert_logit,AdamW,,article1-v3,0ef12c320cfa1f93a852406370e80eb0b1e4b1731704727c3a1f9b691f1c9e9f,107efb320922a5311b91b47974f03876544bfaeb39719aa1e062bfdf103fd6e0,10000,full_original_order,43,107efb320922a5311b91b47974f03876544bfaeb39719aa1e062bfdf103fd6e0,10000,deterministic_evaluation,alpha0p5,1f65aeb93a68d944,none,43,565ee31b7f7e2e0ef2df21105e43276800fcf24f6446eecd3870ffaf18fa921a,0.7713598608970642,9f0b88d81119b57a6ae57eeb22a3257787c562e62cc7a83b1f6566c657fe7250,0.9771,0.0835384650046005,0.9873,1.870268115610913,0.896901879718974,1.0,8.0,"{""K"": 10, ""batch_size"": 256, ""epochs"": 30, ""lr"": 0.001, ""optimizer"": ""AdamW"", ""weight_decay"": 0.0001}",1200,0.0001,selected_uniform,/home/roi/PycharmProjects/KD_v5/OUTPUTS/article1_v3/results_rq2_backup.csv,37,,,,,,,,,,True
0e10ee09fa72d5f2b61998dc3b779b1e97ec24bbbb6e1e8656f809def1ae2a1c,weighted_mean_logits,9dc3b75d34f50fd7e8121684c2e8b96473759a62ffdf4da9a899b6be2324c4f6,256,7ec812be75663f47fb1c9726f93e3688d8b157f3,534c78641db8e07d8d24964810b19631b672c312ac678b1a44ebe23829d83e4b,ac4d3daebd132fcf0c30acd7f9828d40c3eda282d672fe5d5214e900d8f21068,mnist,9.824728136732682,30,30,300000,0.0,0.0,e311558ce6e4e1a1d345e2051c2d5e8ccaecccda,0.001,10.0,confidence_logit,AdamW,,article1-v3,0ef12c320cfa1f93a852406370e80eb0b1e4b1731704727c3a1f9b691f1c9e9f,107efb320922a5311b91b47974f03876544bfaeb39719aa1e062bfdf103fd6e0,10000,full_original_order,43,107efb320922a5311b91b47974f03876544bfaeb39719aa1e062bfdf103fd6e0,10000,deterministic_evaluation,alpha0p1,aa384a10c896f140,none,43,d1a5df74fcbd47ea961a81f89e3f8236d2b334c73545d47322e4dc610237458c,0.3828515410423279,9f0b88d81119b57a6ae57eeb22a3257787c562e62cc7a83b1f6566c657fe7250,0.5992,1.218168370437622,0.622,2.2195558936919144,1.7457903733336673,1.0,8.0,"{""K"": 10, ""batch_size"": 256, ""epochs"": 30, ""lr"": 0.001, ""optimizer"": ""AdamW"", ""weight_decay"": 0.0001}",1200,0.0001,softmax_teachers(MSP),/home/roi/PycharmProjects/KD_v5/OUTPUTS/article1_v3/results_rq2_backup.csv,38,,,,,,,,,,True
0e10ee09fa72d5f2b61998dc3b779b1e97ec24bbbb6e1e8656f809def1ae2a1c,weighted_mean_logits,9dc3b75d34f50fd7e8121684c2e8b96473759a62ffdf4da9a899b6be2324c4f6,256,7ec812be75663f47fb1c9726f93e3688d8b157f3,534c78641db8e07d8d24964810b19631b672c312ac678b1a44ebe23829d83e4b,ac4d3daebd132fcf0c30acd7f9828d40c3eda282d672fe5d5214e900d8f21068,mnist,4.2435,30,30,300000,0.0,0.0,e311558ce6e4e1a1d345e2051c2d5e8ccaecccda,0.001,4.2435,consensus_logit,AdamW,,article1-v3,0ef12c320cfa1f93a852406370e80eb0b1e4b1731704727c3a1f9b691f1c9e9f,107efb320922a5311b91b47974f03876544bfaeb39719aa1e062bfdf103fd6e0,10000,full_original_order,43,107efb320922a5311b91b47974f03876544bfaeb39719aa1e062bfdf103fd6e0,10000,deterministic_evaluation,alpha0p1,075064b562201129,none,43,9fa3e2f5afac17320b68aabf237485f13cbf9c57414d858189bee91d94342674,2.415605068206787,9f0b88d81119b57a6ae57eeb22a3257787c562e62cc7a83b1f6566c657fe7250,0.8163,1.935662508392334,0.7901,1.7324579884503248,1.1634165133896683,1.0,8.0,"{""K"": 10, ""batch_size"": 256, ""epochs"": 30, ""lr"": 0.001, ""optimizer"": ""AdamW"", ""weight_decay"": 0.0001}",1200,0.0001,selected_uniform,/home/roi/PycharmProjects/KD_v5/OUTPUTS/article1_v3/results_rq2_backup.csv,39,,,,,,,,,,True
0e10ee09fa72d5f2b61998dc3b779b1e97ec24bbbb6e1e8656f809def1ae2a1c,weighted_mean_logits,9dc3b75d34f50fd7e8121684c2e8b96473759a62ffdf4da9a899b6be2324c4f6,256,7ec812be75663f47fb1c9726f93e3688d8b157f3,534c78641db8e07d8d24964810b19631b672c312ac678b1a44ebe23829d83e4b,ac4d3daebd132fcf0c30acd7f9828d40c3eda282d672fe5d5214e900d8f21068,mnist,1.075884922941316,30,30,300000,0.0,0.0,e311558ce6e4e1a1d345e2051c2d5e8ccaecccda,0.001,10.0,energy_logit,AdamW,,article1-v3,0ef12c320cfa1f93a852406370e80eb0b1e4b1731704727c3a1f9b691f1c9e9f,107efb320922a5311b91b47974f03876544bfaeb39719aa1e062bfdf103fd6e0,10000,full_original_order,43,107efb320922a5311b91b47974f03876544bfaeb39719aa1e062bfdf103fd6e0,10000,deterministic_evaluation,alpha0p1,e69d6e258cdddf29,none,43,199423eea7afb85c5432c56354f6342452b7ea7dc524a7d4af704d9ffa5a016b,1.1445717811584473,9f0b88d81119b57a6ae57eeb22a3257787c562e62cc7a83b1f6566c657fe7250,0.173,25.61758520812988,0.1898,0.6859369885755903,3.407466895218332,1.0,8.0,"{""K"": 10, ""batch_size"": 256, ""epochs"": 30, ""lr"": 0.001, ""optimizer"": ""AdamW"", ""weight_decay"": 0.0001}",1200,0.0001,softmax_teachers(logsumexp(logits)),/home/roi/PycharmProjects/KD_v5/OUTPUTS/article1_v3/results_rq2_backup.csv,40,,,,,,,,,,True
0e10ee09fa72d5f2b61998dc3b779b1e97ec24bbbb6e1e8656f809def1ae2a1c,weighted_mean_logits,9dc3b75d34f50fd7e8121684c2e8b96473759a62ffdf4da9a899b6be2324c4f6,256,7ec812be75663f47fb1c9726f93e3688d8b157f3,534c78641db8e07d8d24964810b19631b672c312ac678b1a44ebe23829d83e4b,ac4d3daebd132fcf0c30acd7f9828d40c3eda282d672fe5d5214e900d8f21068,mnist,3.3,30,30,300000,0.0,0.0,e311558ce6e4e1a1d345e2051c2d5e8ccaecccda,0.001,3.3,expert_logit,AdamW,,article1-v3,0ef12c320cfa1f93a852406370e80eb0b1e4b1731704727c3a1f9b691f1c9e9f,107efb320922a5311b91b47974f03876544bfaeb39719aa1e062bfdf103fd6e0,10000,full_original_order,43,107efb320922a5311b91b47974f03876544bfaeb39719aa1e062bfdf103fd6e0,10000,deterministic_evaluation,alpha0p1,5b8931eb0c3f81c0,none,43,e7cbdeff8d8777afad15593515e69e04dee6841aeab2df599be76e6446676457,0.9640604257583618,9f0b88d81119b57a6ae57eeb22a3257787c562e62cc7a83b1f6566c657fe7250,0.9868,0.0540004382025217,0.9974,1.5954173887287106,0.6501170641573117,1.0,8.0,"{""K"": 10, ""batch_size"": 256, ""epochs"": 30, ""lr"": 0.001, ""optimizer"": ""AdamW"", ""weight_decay"": 0.0001}",1200,0.0001,selected_uniform,/home/roi/PycharmProjects/KD_v5/OUTPUTS/article1_v3/results_rq2_backup.csv,41,,,,,,,,,,True
ce4b9886dc3da23c4ec80937dca96608fe5f8454c6299680143dd031516e5403,weighted_mean_logits,9dc3b75d34f50fd7e8121684c2e8b96473759a62ffdf4da9a899b6be2324c4f6,256,7ec812be75663f47fb1c9726f93e3688d8b157f3,ab3fe9d7045f342f924b2635027b6e7e98aedd53875b0bb9bb2ed05a70bea231,ac4d3daebd132fcf0c30acd7f9828d40c3eda282d672fe5d5214e900d8f21068,mnist,9.93154120696649,30,30,300000,0.0,0.0,e311558ce6e4e1a1d345e2051c2d5e8ccaecccda,0.001,10.0,confidence_logit,AdamW,,article1-v3,0ef12c320cfa1f93a852406370e80eb0b1e4b1731704727c3a1f9b691f1c9e9f,107efb320922a5311b91b47974f03876544bfaeb39719aa1e062bfdf103fd6e0,10000,full_original_order,43,107efb320922a5311b91b47974f03876544bfaeb39719aa1e062bfdf103fd6e0,10000,deterministic_evaluation,multi,461fd29990055bf3,none,43,b82b3e0453612fdcc117ede59d20a2bcd7c4315d95e2a5aa3fd30cf54b72bdd6,0.3500677645206451,9f0b88d81119b57a6ae57eeb22a3257787c562e62cc7a83b1f6566c657fe7250,0.4411,3.7398286293029774,0.4526,2.190465491488176,2.0030523120664685,1.0,8.0,"{""K"": 10, ""batch_size"": 256, ""epochs"": 30, ""lr"": 0.001, ""optimizer"": ""AdamW"", ""weight_decay"": 0.0001}",1200,0.0001,softmax_teachers(MSP),/home/roi/PycharmProjects/KD_v5/OUTPUTS/article1_v3/results_rq2_backup.csv,42,,,,,,,,,,True
ce4b9886dc3da23c4ec80937dca96608fe5f8454c6299680143dd031516e5403,weighted_mean_logits,9dc3b75d34f50fd7e8121684c2e8b96473759a62ffdf4da9a899b6be2324c4f6,256,7ec812be75663f47fb1c9726f93e3688d8b157f3,ab3fe9d7045f342f924b2635027b6e7e98aedd53875b0bb9bb2ed05a70bea231,ac4d3daebd132fcf0c30acd7f9828d40c3eda282d672fe5d5214e900d8f21068,mnist,2.0,30,30,300000,0.0,0.0,e311558ce6e4e1a1d345e2051c2d5e8ccaecccda,0.001,2.0,consensus_logit,AdamW,,article1-v3,0ef12c320cfa1f93a852406370e80eb0b1e4b1731704727c3a1f9b691f1c9e9f,107efb320922a5311b91b47974f03876544bfaeb39719aa1e062bfdf103fd6e0,10000,full_original_order,43,107efb320922a5311b91b47974f03876544bfaeb39719aa1e062bfdf103fd6e0,10000,deterministic_evaluation,multi,922e429d23dcf563,none,43,49f517d6318da369d7420a2f3c104567392efff8bba82f689ae5260d1f71528a,3.816482782363892,9f0b88d81119b57a6ae57eeb22a3257787c562e62cc7a83b1f6566c657fe7250,0.5701,26.027991162109377,0.5649,0.2477799995254193,3.574352631479733,1.0,8.0,"{""K"": 10, ""batch_size"": 256, ""epochs"": 30, ""lr"": 0.001, ""optimizer"": ""AdamW"", ""weight_decay"": 0.0001}",1200,0.0001,selected_uniform,/home/roi/PycharmProjects/KD_v5/OUTPUTS/article1_v3/results_rq2_backup.csv,43,,,,,,,,,,True
ce4b9886dc3da23c4ec80937dca96608fe5f8454c6299680143dd031516e5403,weighted_mean_logits,9dc3b75d34f50fd7e8121684c2e8b96473759a62ffdf4da9a899b6be2324c4f6,256,7ec812be75663f47fb1c9726f93e3688d8b157f3,ab3fe9d7045f342f924b2635027b6e7e98aedd53875b0bb9bb2ed05a70bea231,ac4d3daebd132fcf0c30acd7f9828d40c3eda282d672fe5d5214e900d8f21068,mnist,1.1237023008482971,30,30,300000,0.0,0.0,e311558ce6e4e1a1d345e2051c2d5e8ccaecccda,0.001,10.0,energy_logit,AdamW,,article1-v3,0ef12c320cfa1f93a852406370e80eb0b1e4b1731704727c3a1f9b691f1c9e9f,107efb320922a5311b91b47974f03876544bfaeb39719aa1e062bfdf103fd6e0,10000,full_original_order,43,107efb320922a5311b91b47974f03876544bfaeb39719aa1e062bfdf103fd6e0,10000,deterministic_evaluation,multi,0386032652301a79,none,43,fec55b7dee9766b90629e88e0ca5ef472cba8e31ae931f18944ecf27b4fe4efe,0.464956521987915,9f0b88d81119b57a6ae57eeb22a3257787c562e62cc7a83b1f6566c657fe7250,0.4813,36.53044161376953,0.4785,0.2570853560622643,4.489347358822037,1.0,8.0,"{""K"": 10, ""batch_size"": 256, ""epochs"": 30, ""lr"": 0.001, ""optimizer"": ""AdamW"", ""weight_decay"": 0.0001}",1200,0.0001,softmax_teachers(logsumexp(logits)),/home/roi/PycharmProjects/KD_v5/OUTPUTS/article1_v3/results_rq2_backup.csv,44,,,,,,,,,,True
ce4b9886dc3da23c4ec80937dca96608fe5f8454c6299680143dd031516e5403,weighted_mean_logits,9dc3b75d34f50fd7e8121684c2e8b96473759a62ffdf4da9a899b6be2324c4f6,256,7ec812be75663f47fb1c9726f93e3688d8b157f3,ab3fe9d7045f342f924b2635027b6e7e98aedd53875b0bb9bb2ed05a70bea231,ac4d3daebd132fcf0c30acd7f9828d40c3eda282d672fe5d5214e900d8f21068,mnist,2.0,30,30,300000,0.0,0.0,e311558ce6e4e1a1d345e2051c2d5e8ccaecccda,0.001,2.0,expert_logit,AdamW,,article1-v3,0ef12c320cfa1f93a852406370e80eb0b1e4b1731704727c3a1f9b691f1c9e9f,107efb320922a5311b91b47974f03876544bfaeb39719aa1e062bfdf103fd6e0,10000,full_original_order,43,107efb320922a5311b91b47974f03876544bfaeb39719aa1e062bfdf103fd6e0,10000,deterministic_evaluation,multi,0866d10daa5fef93,none,43,5590756637a83bd28ef8b9f219cbd37ab5ca37ce75ec041c6eeffa6b2f6088a8,0.8576297163963318,9f0b88d81119b57a6ae57eeb22a3257787c562e62cc7a83b1f6566c657fe7250,0.989,0.1022633428748173,0.9981,0.464497900253014,0.1456532221241076,1.0,8.0,"{""K"": 10, ""batch_size"": 256, ""epochs"": 30, ""lr"": 0.001, ""optimizer"": ""AdamW"", ""weight_decay"": 0.0001}",1200,0.0001,selected_uniform,/home/roi/PycharmProjects/KD_v5/OUTPUTS/article1_v3/results_rq2_backup.csv,45,,,,,,,,,,True
e6f1e0016bd69e5208d7779bafd908447f0ffbf5bd505201465dc3d9494ee864,weighted_mean_logits,9dc3b75d34f50fd7e8121684c2e8b96473759a62ffdf4da9a899b6be2324c4f6,256,7ec812be75663f47fb1c9726f93e3688d8b157f3,a9ca4e4e309199cb5e678efb6ee0c82e505303b6e94aaa64eb073f8edb7ba586,ac4d3daebd132fcf0c30acd7f9828d40c3eda282d672fe5d5214e900d8f21068,mnist,9.999999999999998,30,30,300000,0.0,0.0,e311558ce6e4e1a1d345e2051c2d5e8ccaecccda,0.001,10.0,confidence_logit,AdamW,,article1-v3,0ef12c320cfa1f93a852406370e80eb0b1e4b1731704727c3a1f9b691f1c9e9f,107efb320922a5311b91b47974f03876544bfaeb39719aa1e062bfdf103fd6e0,10000,full_original_order,43,107efb320922a5311b91b47974f03876544bfaeb39719aa1e062bfdf103fd6e0,10000,deterministic_evaluation,single,d190fbdf18811abd,none,43,7637b9ce8ca5757100041854f5c869863846bfa52a9668754eeab1aa14c13b3b,0.1272799670696258,9f0b88d81119b57a6ae57eeb22a3257787c562e62cc7a83b1f6566c657fe7250,0.1028,5.32049330368042,0.0999,2.2450855787001425,2.35097485436528,1.0,8.0,"{""K"": 10, ""batch_size"": 256, ""epochs"": 30, ""lr"": 0.001, ""optimizer"": ""AdamW"", ""weight_decay"": 0.0001}",1200,0.0001,softmax_teachers(MSP),/home/roi/PycharmProjects/KD_v5/OUTPUTS/article1_v3/results_rq2_backup.csv,46,,,,,,,,,,True
e6f1e0016bd69e5208d7779bafd908447f0ffbf5bd505201465dc3d9494ee864,weighted_mean_logits,9dc3b75d34f50fd7e8121684c2e8b96473759a62ffdf4da9a899b6be2324c4f6,256,7ec812be75663f47fb1c9726f93e3688d8b157f3,a9ca4e4e309199cb5e678efb6ee0c82e505303b6e94aaa64eb073f8edb7ba586,ac4d3daebd132fcf0c30acd7f9828d40c3eda282d672fe5d5214e900d8f21068,mnist,1.0,30,30,300000,0.0,0.0,e311558ce6e4e1a1d345e2051c2d5e8ccaecccda,0.001,1.0,consensus_logit,AdamW,,article1-v3,0ef12c320cfa1f93a852406370e80eb0b1e4b1731704727c3a1f9b691f1c9e9f,107efb320922a5311b91b47974f03876544bfaeb39719aa1e062bfdf103fd6e0,10000,full_original_order,43,107efb320922a5311b91b47974f03876544bfaeb39719aa1e062bfdf103fd6e0,10000,deterministic_evaluation,single,cc8d1516260ab268,none,43,903ef4e4ce0b6cc0070e32ce866eed460112973bde73e5d6c1abd3ad7398f57a,4.3665953853633255e-05,9f0b88d81119b57a6ae57eeb22a3257787c562e62cc7a83b1f6566c657fe7250,0.098,150.73617946777344,0.1,2.900082707010998e-05,16.026823888534402,1.0,8.0,"{""K"": 10, ""batch_size"": 256, ""epochs"": 30, ""lr"": 0.001, ""optimizer"": ""AdamW"", ""weight_decay"": 0.0001}",1200,0.0001,selected_uniform,/home/roi/PycharmProjects/KD_v5/OUTPUTS/article1_v3/results_rq2_backup.csv,47,,,,,,,,,,True
e6f1e0016bd69e5208d7779bafd908447f0ffbf5bd505201465dc3d9494ee864,weighted_mean_logits,9dc3b75d34f50fd7e8121684c2e8b96473759a62ffdf4da9a899b6be2324c4f6,256,7ec812be75663f47fb1c9726f93e3688d8b157f3,a9ca4e4e309199cb5e678efb6ee0c82e505303b6e94aaa64eb073f8edb7ba586,ac4d3daebd132fcf0c30acd7f9828d40c3eda282d672fe5d5214e900d8f21068,mnist,1.0022448006683198,30,30,300000,0.0,0.0,e311558ce6e4e1a1d345e2051c2d5e8ccaecccda,0.001,10.0,energy_logit,AdamW,,article1-v3,0ef12c320cfa1f93a852406370e80eb0b1e4b1731704727c3a1f9b691f1c9e9f,107efb320922a5311b91b47974f03876544bfaeb39719aa1e062bfdf103fd6e0,10000,full_original_order,43,107efb320922a5311b91b47974f03876544bfaeb39719aa1e062bfdf103fd6e0,10000,deterministic_evaluation,single,db0090aea69a0d99,none,43,22bf5cd97f83c1333f14eaf13cb0993a6f793b7bef0ebf2fb663e54eb1e0c306,1.4942524103389587e-05,9f0b88d81119b57a6ae57eeb22a3257787c562e62cc7a83b1f6566c657fe7250,0.0892,316.8050443359375,0.0997,0.0001491660249958,20.331523060047925,1.0,8.0,"{""K"": 10, ""batch_size"": 256, ""epochs"": 30, ""lr"": 0.001, ""optimizer"": ""AdamW"", ""weight_decay"": 0.0001}",1200,0.0001,softmax_teachers(logsumexp(logits)),/home/roi/PycharmProjects/KD_v5/OUTPUTS/article1_v3/results_rq2_backup.csv,48,,,,,,,,,,True
e6f1e0016bd69e5208d7779bafd908447f0ffbf5bd505201465dc3d9494ee864,weighted_mean_logits,9dc3b75d34f50fd7e8121684c2e8b96473759a62ffdf4da9a899b6be2324c4f6,256,7ec812be75663f47fb1c9726f93e3688d8b157f3,a9ca4e4e309199cb5e678efb6ee0c82e505303b6e94aaa64eb073f8edb7ba586,ac4d3daebd132fcf0c30acd7f9828d40c3eda282d672fe5d5214e900d8f21068,mnist,1.0,30,30,300000,0.0,0.0,e311558ce6e4e1a1d345e2051c2d5e8ccaecccda,0.001,1.0,expert_logit,AdamW,,article1-v3,0ef12c320cfa1f93a852406370e80eb0b1e4b1731704727c3a1f9b691f1c9e9f,107efb320922a5311b91b47974f03876544bfaeb39719aa1e062bfdf103fd6e0,10000,full_original_order,43,107efb320922a5311b91b47974f03876544bfaeb39719aa1e062bfdf103fd6e0,10000,deterministic_evaluation,single,dbc06768c552e4b8,none,43,d78c550ccb19dbb45a7e8d096e0f6876530dc2f6bba600a39b566adb3922a9e6,0.0017644467297941,9f0b88d81119b57a6ae57eeb22a3257787c562e62cc7a83b1f6566c657fe7250,0.988,0.265626294890065,1.0,4.04892151595722e-05,3.0393702503162515e-06,1.0,8.0,"{""K"": 10, ""batch_size"": 256, ""epochs"": 30, ""lr"": 0.001, ""optimizer"": ""AdamW"", ""weight_decay"": 0.0001}",1200,0.0001,selected_uniform,/home/roi/PycharmProjects/KD_v5/OUTPUTS/article1_v3/results_rq2_backup.csv,49,,,,,,,,,,True
80f93e8c7d0e1e083e6aab0b073011d858d092951eb4bb2d595cd43173e04704,weighted_mean_logits,1f3034cbd83dc007bebbb86cb19474d4ce302552e2dd4f9a5af623e717861d58,256,7ec812be75663f47fb1c9726f93e3688d8b157f3,2be687a7dd5628056a9971fbdadae93b40c89d02a356ccc1b2d8b00bafeb221a,9e4cb297e02ef29f00941de5d7f2282b123be3a25d5cc82a3139da1a1e624844,mnist,9.978859336036438,30,30,300000,0.0,0.0,e311558ce6e4e1a1d345e2051c2d5e8ccaecccda,0.001,10.0,confidence_logit,AdamW,,article1-v3,a96d9b64b59dbeb37ade490f77bbe3b7b6d8967aca976988020a1c572b3711a9,0c710d4d5b2c5e064b2444fd8c0541add01b6425e0bc35a453b2dc93767844dd,10000,full_original_order,44,0c710d4d5b2c5e064b2444fd8c0541add01b6425e0bc35a453b2dc93767844dd,10000,deterministic_evaluation,iid,7e31a3fba1ec195b,none,44,efbfbf3e3c8a3ce8493fe1cc4d9f8f3850f038aafbfae754765f129ab7e2b90c,0.6582235097885132,6838075722e64f2bbfba2fd720c2d2975cc93fc1fa1b02f4a7d78d497d5477e4,0.9855,0.0472011416463181,0.9867,1.782424122394753,0.8084449528751918,1.0,8.0,"{""K"": 10, ""batch_size"": 256, ""epochs"": 30, ""lr"": 0.001, ""optimizer"": ""AdamW"", ""weight_decay"": 0.0001}",1200,0.0001,softmax_teachers(MSP),/home/roi/PycharmProjects/KD_v5/OUTPUTS/article1_v3/results_rq2_backup.csv,50,,,,,,,,,,True
80f93e8c7d0e1e083e6aab0b073011d858d092951eb4bb2d595cd43173e04704,weighted_mean_logits,1f3034cbd83dc007bebbb86cb19474d4ce302552e2dd4f9a5af623e717861d58,256,7ec812be75663f47fb1c9726f93e3688d8b157f3,2be687a7dd5628056a9971fbdadae93b40c89d02a356ccc1b2d8b00bafeb221a,9e4cb297e02ef29f00941de5d7f2282b123be3a25d5cc82a3139da1a1e624844,mnist,9.823899999999998,30,30,300000,0.0,0.0,e311558ce6e4e1a1d345e2051c2d5e8ccaecccda,0.001,9.8239,consensus_logit,AdamW,,article1-v3,a96d9b64b59dbeb37ade490f77bbe3b7b6d8967aca976988020a1c572b3711a9,0c710d4d5b2c5e064b2444fd8c0541add01b6425e0bc35a453b2dc93767844dd,10000,full_original_order,44,0c710d4d5b2c5e064b2444fd8c0541add01b6425e0bc35a453b2dc93767844dd,10000,deterministic_evaluation,iid,241675afcbe24555,none,44,129ba4b63f623b5f825c2dbfe58a70a240b475d883b1a59a8d2d38ff2a77a504,0.6760396957397461,6838075722e64f2bbfba2fd720c2d2975cc93fc1fa1b02f4a7d78d497d5477e4,0.9859,0.0465645868211984,0.9865,1.7822495352220826,0.8075793434333361,1.0,8.0,"{""K"": 10, ""batch_size"": 256, ""epochs"": 30, ""lr"": 0.001, ""optimizer"": ""AdamW"", ""weight_decay"": 0.0001}",1200,0.0001,selected_uniform,/home/roi/PycharmProjects/KD_v5/OUTPUTS/article1_v3/results_rq2_backup.csv,51,,,,,,,,,,True
80f93e8c7d0e1e083e6aab0b073011d858d092951eb4bb2d595cd43173e04704,weighted_mean_logits,1f3034cbd83dc007bebbb86cb19474d4ce302552e2dd4f9a5af623e717861d58,256,7ec812be75663f47fb1c9726f93e3688d8b157f3,2be687a7dd5628056a9971fbdadae93b40c89d02a356ccc1b2d8b00bafeb221a,9e4cb297e02ef29f00941de5d7f2282b123be3a25d5cc82a3139da1a1e624844,mnist,1.6880914317992737,30,30,300000,0.0,0.0,e311558ce6e4e1a1d345e2051c2d5e8ccaecccda,0.001,10.0,energy_logit,AdamW,,article1-v3,a96d9b64b59dbeb37ade490f77bbe3b7b6d8967aca976988020a1c572b3711a9,0c710d4d5b2c5e064b2444fd8c0541add01b6425e0bc35a453b2dc93767844dd,10000,full_original_order,44,0c710d4d5b2c5e064b2444fd8c0541add01b6425e0bc35a453b2dc93767844dd,10000,deterministic_evaluation,iid,4a51e2d50c1a700d,none,44,c8391e5eff767562e4012e5f59a40822298aeae1b14f1577f3bd839852fe9124,1.1806323528289795,6838075722e64f2bbfba2fd720c2d2975cc93fc1fa1b02f4a7d78d497d5477e4,0.9854,0.0548812026203377,0.9852,1.4032337228560494,0.5398635491622373,1.0,8.0,"{""K"": 10, ""batch_size"": 256, ""epochs"": 30, ""lr"": 0.001, ""optimizer"": ""AdamW"", ""weight_decay"": 0.0001}",1200,0.0001,softmax_teachers(logsumexp(logits)),/home/roi/PycharmProjects/KD_v5/OUTPUTS/article1_v3/results_rq2_backup.csv,52,,,,,,,,,,True
80f93e8c7d0e1e083e6aab0b073011d858d092951eb4bb2d595cd43173e04704,weighted_mean_logits,1f3034cbd83dc007bebbb86cb19474d4ce302552e2dd4f9a5af623e717861d58,256,7ec812be75663f47fb1c9726f93e3688d8b157f3,2be687a7dd5628056a9971fbdadae93b40c89d02a356ccc1b2d8b00bafeb221a,9e4cb297e02ef29f00941de5d7f2282b123be3a25d5cc82a3139da1a1e624844,mnist,9.999999999999998,30,30,300000,0.0,0.0,e311558ce6e4e1a1d345e2051c2d5e8ccaecccda,0.001,10.0,expert_logit,AdamW,,article1-v3,a96d9b64b59dbeb37ade490f77bbe3b7b6d8967aca976988020a1c572b3711a9,0c710d4d5b2c5e064b2444fd8c0541add01b6425e0bc35a453b2dc93767844dd,10000,full_original_order,44,0c710d4d5b2c5e064b2444fd8c0541add01b6425e0bc35a453b2dc93767844dd,10000,deterministic_evaluation,iid,53d693d9e6211239,none,44,85388d6fb1fc41f20661ea3721b6897705ffaf3260792bd1942d7945bbd4dd42,0.6635423898696899,6838075722e64f2bbfba2fd720c2d2975cc93fc1fa1b02f4a7d78d497d5477e4,0.9851,0.0471153291281312,0.9865,1.7834773389514038,0.8109374887253868,1.0,8.0,"{""K"": 10, ""batch_size"": 256, ""epochs"": 30, ""lr"": 0.001, ""optimizer"": ""AdamW"", ""weight_decay"": 0.0001}",1200,0.0001,selected_uniform,/home/roi/PycharmProjects/KD_v5/OUTPUTS/article1_v3/results_rq2_backup.csv,53,,,,,,,,,,True
0650d165310dbc4d98971a03727dec20db2324f54decbfd7940ca9962cbcd167,weighted_mean_logits,1f3034cbd83dc007bebbb86cb19474d4ce302552e2dd4f9a5af623e717861d58,256,7ec812be75663f47fb1c9726f93e3688d8b157f3,c2b2687c5bac374406192f0e0c7b62a74251251a0245f84a6d21cc2170d2aae2,9e4cb297e02ef29f00941de5d7f2282b123be3a25d5cc82a3139da1a1e624844,mnist,9.940019009643034,30,30,300000,0.0,0.0,e311558ce6e4e1a1d345e2051c2d5e8ccaecccda,0.001,10.0,confidence_logit,AdamW,,article1-v3,a96d9b64b59dbeb37ade490f77bbe3b7b6d8967aca976988020a1c572b3711a9,0c710d4d5b2c5e064b2444fd8c0541add01b6425e0bc35a453b2dc93767844dd,10000,full_original_order,44,0c710d4d5b2c5e064b2444fd8c0541add01b6425e0bc35a453b2dc93767844dd,10000,deterministic_evaluation,alpha1p0,c58ed946c2236a89,none,44,1cbf48e736c68acc1d6f06efdffb0ef3aafb3af39c1e0d6e2a2a1f7f630f7a83,0.4856799244880676,6838075722e64f2bbfba2fd720c2d2975cc93fc1fa1b02f4a7d78d497d5477e4,0.9822,0.05478175852329,0.9838,1.8378401527339967,0.8630445484490927,1.0,8.0,"{""K"": 10, ""batch_size"": 256, ""epochs"": 30, ""lr"": 0.001, ""optimizer"": ""AdamW"", ""weight_decay"": 0.0001}",1200,0.0001,softmax_teachers(MSP),/home/roi/PycharmProjects/KD_v5/OUTPUTS/article1_v3/results_rq2_backup.csv,54,,,,,,,,,,True
0650d165310dbc4d98971a03727dec20db2324f54decbfd7940ca9962cbcd167,weighted_mean_logits,1f3034cbd83dc007bebbb86cb19474d4ce302552e2dd4f9a5af623e717861d58,256,7ec812be75663f47fb1c9726f93e3688d8b157f3,c2b2687c5bac374406192f0e0c7b62a74251251a0245f84a6d21cc2170d2aae2,9e4cb297e02ef29f00941de5d7f2282b123be3a25d5cc82a3139da1a1e624844,mnist,9.4287,30,30,300000,0.0,0.0,e311558ce6e4e1a1d345e2051c2d5e8ccaecccda,0.001,9.4287,consensus_logit,AdamW,,article1-v3,a96d9b64b59dbeb37ade490f77bbe3b7b6d8967aca976988020a1c572b3711a9,0c710d4d5b2c5e064b2444fd8c0541add01b6425e0bc35a453b2dc93767844dd,10000,full_original_order,44,0c710d4d5b2c5e064b2444fd8c0541add01b6425e0bc35a453b2dc93767844dd,10000,deterministic_evaluation,alpha1p0,76cf43a082b7b4d0,none,44,8245394bd6fc4986636a03e8f84b45d3758284ede8b27c4b4f91f3033b3d0558,0.5822460055351257,6838075722e64f2bbfba2fd720c2d2975cc93fc1fa1b02f4a7d78d497d5477e4,0.9844,0.0481034539070911,0.9837,1.8235473822727333,0.8405609322237267,1.0,8.0,"{""K"": 10, ""batch_size"": 256, ""epochs"": 30, ""lr"": 0.001, ""optimizer"": ""AdamW"", ""weight_decay"": 0.0001}",1200,0.0001,selected_uniform,/home/roi/PycharmProjects/KD_v5/OUTPUTS/article1_v3/results_rq2_backup.csv,55,,,,,,,,,,True
0650d165310dbc4d98971a03727dec20db2324f54decbfd7940ca9962cbcd167,weighted_mean_logits,1f3034cbd83dc007bebbb86cb19474d4ce302552e2dd4f9a5af623e717861d58,256,7ec812be75663f47fb1c9726f93e3688d8b157f3,c2b2687c5bac374406192f0e0c7b62a74251251a0245f84a6d21cc2170d2aae2,9e4cb297e02ef29f00941de5d7f2282b123be3a25d5cc82a3139da1a1e624844,mnist,1.5952173046998448,30,30,300000,0.0,0.0,e311558ce6e4e1a1d345e2051c2d5e8ccaecccda,0.001,10.0,energy_logit,AdamW,,article1-v3,a96d9b64b59dbeb37ade490f77bbe3b7b6d8967aca976988020a1c572b3711a9,0c710d4d5b2c5e064b2444fd8c0541add01b6425e0bc35a453b2dc93767844dd,10000,full_original_order,44,0c710d4d5b2c5e064b2444fd8c0541add01b6425e0bc35a453b2dc93767844dd,10000,deterministic_evaluation,alpha1p0,3e50965cb6cfcd0b,none,44,bbe7ce01cdd237adbf49a244e51247616c351f021dca898e0c54acf5ba57a977,1.1075420379638672,6838075722e64f2bbfba2fd720c2d2975cc93fc1fa1b02f4a7d78d497d5477e4,0.9851,0.0557579373552929,0.9855,1.3115135254576271,0.494927867423726,1.0,8.0,"{""K"": 10, ""batch_size"": 256, ""epochs"": 30, ""lr"": 0.001, ""optimizer"": ""AdamW"", ""weight_decay"": 0.0001}",1200,0.0001,softmax_teachers(logsumexp(logits)),/home/roi/PycharmProjects/KD_v5/OUTPUTS/article1_v3/results_rq2_backup.csv,56,,,,,,,,,,True
0650d165310dbc4d98971a03727dec20db2324f54decbfd7940ca9962cbcd167,weighted_mean_logits,1f3034cbd83dc007bebbb86cb19474d4ce302552e2dd4f9a5af623e717861d58,256,7ec812be75663f47fb1c9726f93e3688d8b157f3,c2b2687c5bac374406192f0e0c7b62a74251251a0245f84a6d21cc2170d2aae2,9e4cb297e02ef29f00941de5d7f2282b123be3a25d5cc82a3139da1a1e624844,mnist,8.3,30,30,300000,0.0,0.0,e311558ce6e4e1a1d345e2051c2d5e8ccaecccda,0.001,8.3,expert_logit,AdamW,,article1-v3,a96d9b64b59dbeb37ade490f77bbe3b7b6d8967aca976988020a1c572b3711a9,0c710d4d5b2c5e064b2444fd8c0541add01b6425e0bc35a453b2dc93767844dd,10000,full_original_order,44,0c710d4d5b2c5e064b2444fd8c0541add01b6425e0bc35a453b2dc93767844dd,10000,deterministic_evaluation,alpha1p0,0f602383a9f62436,none,44,e0e3365c2a5884caa1dff03257d9d4496fd75a33730be970610104d0ca61f034,0.5290821194648743,6838075722e64f2bbfba2fd720c2d2975cc93fc1fa1b02f4a7d78d497d5477e4,0.9825,0.0516229922911385,0.9888,1.7750020868873468,0.7949837460223839,1.0,8.0,"{""K"": 10, ""batch_size"": 256, ""epochs"": 30, ""lr"": 0.001, ""optimizer"": ""AdamW"", ""weight_decay"": 0.0001}",1200,0.0001,selected_uniform,/home/roi/PycharmProjects/KD_v5/OUTPUTS/article1_v3/results_rq2_backup.csv,57,,,,,,,,,,True
99905278cc3440f8f543b794a44a1dcc228233c140cf853ac7b5d388880577c6,weighted_mean_logits,1f3034cbd83dc007bebbb86cb19474d4ce302552e2dd4f9a5af623e717861d58,256,7ec812be75663f47fb1c9726f93e3688d8b157f3,811d590e26b98e5ce2a005c04ccba0033f209e6b7e3daf41b3766e1c12636339,9e4cb297e02ef29f00941de5d7f2282b123be3a25d5cc82a3139da1a1e624844,mnist,9.879475053249353,30,30,300000,0.0,0.0,e311558ce6e4e1a1d345e2051c2d5e8ccaecccda,0.001,10.0,confidence_logit,AdamW,,article1-v3,a96d9b64b59dbeb37ade490f77bbe3b7b6d8967aca976988020a1c572b3711a9,0c710d4d5b2c5e064b2444fd8c0541add01b6425e0bc35a453b2dc93767844dd,10000,full_original_order,44,0c710d4d5b2c5e064b2444fd8c0541add01b6425e0bc35a453b2dc93767844dd,10000,deterministic_evaluation,alpha0p5,145efea3aa26c489,none,44,23a73bd70ddc1458aa98cbcc89731a6fd4fd1269798a7d9debf7f837eaee8d87,0.520288348197937,6838075722e64f2bbfba2fd720c2d2975cc93fc1fa1b02f4a7d78d497d5477e4,0.9746,0.0781841344416141,0.9768,1.9985114031185351,1.0785443715168097,1.0,8.0,"{""K"": 10, ""batch_size"": 256, ""epochs"": 30, ""lr"": 0.001, ""optimizer"": ""AdamW"", ""weight_decay"": 0.0001}",1200,0.0001,softmax_teachers(MSP),/home/roi/PycharmProjects/KD_v5/OUTPUTS/article1_v3/results_rq2_backup.csv,58,,,,,,,,,,True
99905278cc3440f8f543b794a44a1dcc228233c140cf853ac7b5d388880577c6,weighted_mean_logits,1f3034cbd83dc007bebbb86cb19474d4ce302552e2dd4f9a5af623e717861d58,256,7ec812be75663f47fb1c9726f93e3688d8b157f3,811d590e26b98e5ce2a005c04ccba0033f209e6b7e3daf41b3766e1c12636339,9e4cb297e02ef29f00941de5d7f2282b123be3a25d5cc82a3139da1a1e624844,mnist,8.5604,30,30,300000,0.0,0.0,e311558ce6e4e1a1d345e2051c2d5e8ccaecccda,0.001,8.5604,consensus_logit,AdamW,,article1-v3,a96d9b64b59dbeb37ade490f77bbe3b7b6d8967aca976988020a1c572b3711a9,0c710d4d5b2c5e064b2444fd8c0541add01b6425e0bc35a453b2dc93767844dd,10000,full_original_order,44,0c710d4d5b2c5e064b2444fd8c0541add01b6425e0bc35a453b2dc93767844dd,10000,deterministic_evaluation,alpha0p5,b2d446a72a8fc260,none,44,8ac877b45850da553033e9dce13cfe36729a9d7cd329b4748b77d5c22892e7b6,0.6808081865310669,6838075722e64f2bbfba2fd720c2d2975cc93fc1fa1b02f4a7d78d497d5477e4,0.981,0.0587894884202629,0.9816,1.9363631720737744,0.9616282303031096,1.0,8.0,"{""K"": 10, ""batch_size"": 256, ""epochs"": 30, ""lr"": 0.001, ""optimizer"": ""AdamW"", ""weight_decay"": 0.0001}",1200,0.0001,selected_uniform,/home/roi/PycharmProjects/KD_v5/OUTPUTS/article1_v3/results_rq2_backup.csv,59,,,,,,,,,,True
99905278cc3440f8f543b794a44a1dcc228233c140cf853ac7b5d388880577c6,weighted_mean_logits,1f3034cbd83dc007bebbb86cb19474d4ce302552e2dd4f9a5af623e717861d58,256,7ec812be75663f47fb1c9726f93e3688d8b157f3,811d590e26b98e5ce2a005c04ccba0033f209e6b7e3daf41b3766e1c12636339,9e4cb297e02ef29f00941de5d7f2282b123be3a25d5cc82a3139da1a1e624844,mnist,1.8657227407526744,30,30,300000,0.0,0.0,e311558ce6e4e1a1d345e2051c2d5e8ccaecccda,0.001,10.0,energy_logit,AdamW,,article1-v3,a96d9b64b59dbeb37ade490f77bbe3b7b6d8967aca976988020a1c572b3711a9,0c710d4d5b2c5e064b2444fd8c0541add01b6425e0bc35a453b2dc93767844dd,10000,full_original_order,44,0c710d4d5b2c5e064b2444fd8c0541add01b6425e0bc35a453b2dc93767844dd,10000,deterministic_evaluation,alpha0p5,89453efca187e80e,none,44,69355f8661eb11ebd01e31714ec215348bb4bb1abed2ee5d5e71aba2d0da47c2,1.239083766937256,6838075722e64f2bbfba2fd720c2d2975cc93fc1fa1b02f4a7d78d497d5477e4,0.9812,0.0709091876880716,0.9789,1.555148747960185,0.638122320005287,1.0,8.0,"{""K"": 10, ""batch_size"": 256, ""epochs"": 30, ""lr"": 0.001, ""optimizer"": ""AdamW"", ""weight_decay"": 0.0001}",1200,0.0001,softmax_teachers(logsumexp(logits)),/home/roi/PycharmProjects/KD_v5/OUTPUTS/article1_v3/results_rq2_backup.csv,60,,,,,,,,,,True
99905278cc3440f8f543b794a44a1dcc228233c140cf853ac7b5d388880577c6,weighted_mean_logits,1f3034cbd83dc007bebbb86cb19474d4ce302552e2dd4f9a5af623e717861d58,256,7ec812be75663f47fb1c9726f93e3688d8b157f3,811d590e26b98e5ce2a005c04ccba0033f209e6b7e3daf41b3766e1c12636339,9e4cb297e02ef29f00941de5d7f2282b123be3a25d5cc82a3139da1a1e624844,mnist,7.6,30,30,300000,0.0,0.0,e311558ce6e4e1a1d345e2051c2d5e8ccaecccda,0.001,7.6,expert_logit,AdamW,,article1-v3,a96d9b64b59dbeb37ade490f77bbe3b7b6d8967aca976988020a1c572b3711a9,0c710d4d5b2c5e064b2444fd8c0541add01b6425e0bc35a453b2dc93767844dd,10000,full_original_order,44,0c710d4d5b2c5e064b2444fd8c0541add01b6425e0bc35a453b2dc93767844dd,10000,deterministic_evaluation,alpha0p5,d158dafe8b39f74c,none,44,1371f6872f5dea6c3e0c2eeb25c07c44aca7aa1d85a2235cde9928ca8604a1d2,0.6631021499633789,6838075722e64f2bbfba2fd720c2d2975cc93fc1fa1b02f4a7d78d497d5477e4,0.9805,0.0586256217259913,0.9904,1.8970480131892808,0.9224779194302328,1.0,8.0,"{""K"": 10, ""batch_size"": 256, ""epochs"": 30, ""lr"": 0.001, ""optimizer"": ""AdamW"", ""weight_decay"": 0.0001}",1200,0.0001,selected_uniform,/home/roi/PycharmProjects/KD_v5/OUTPUTS/article1_v3/results_rq2_backup.csv,61,,,,,,,,,,True
4d75b0676840088df372a47c165d585d1ede45e6b38daecb354187587ffaa225,weighted_mean_logits,1f3034cbd83dc007bebbb86cb19474d4ce302552e2dd4f9a5af623e717861d58,256,7ec812be75663f47fb1c9726f93e3688d8b157f3,89e2b2babe994a4bc9dc9c00465e2203d56ed18e4e614d4f39a8bdae3a52889a,9e4cb297e02ef29f00941de5d7f2282b123be3a25d5cc82a3139da1a1e624844,mnist,9.849621919237824,30,30,300000,0.0,0.0,e311558ce6e4e1a1d345e2051c2d5e8ccaecccda,0.001,10.0,confidence_logit,AdamW,,article1-v3,a96d9b64b59dbeb37ade490f77bbe3b7b6d8967aca976988020a1c572b3711a9,0c710d4d5b2c5e064b2444fd8c0541add01b6425e0bc35a453b2dc93767844dd,10000,full_original_order,44,0c710d4d5b2c5e064b2444fd8c0541add01b6425e0bc35a453b2dc93767844dd,10000,deterministic_evaluation,alpha0p1,aa03a0a2c9457356,none,44,ee677a188c7917364ca6b065caf13e7579920476fd9f2321674e1ae8ba77e49c,0.4061628580093384,6838075722e64f2bbfba2fd720c2d2975cc93fc1fa1b02f4a7d78d497d5477e4,0.6819,1.490324612236023,0.6743,2.1648253160035007,1.626647791358737,1.0,8.0,"{""K"": 10, ""batch_size"": 256, ""epochs"": 30, ""lr"": 0.001, ""optimizer"": ""AdamW"", ""weight_decay"": 0.0001}",1200,0.0001,softmax_teachers(MSP),/home/roi/PycharmProjects/KD_v5/OUTPUTS/article1_v3/results_rq2_backup.csv,62,,,,,,,,,,True
4d75b0676840088df372a47c165d585d1ede45e6b38daecb354187587ffaa225,weighted_mean_logits,1f3034cbd83dc007bebbb86cb19474d4ce302552e2dd4f9a5af623e717861d58,256,7ec812be75663f47fb1c9726f93e3688d8b157f3,89e2b2babe994a4bc9dc9c00465e2203d56ed18e4e614d4f39a8bdae3a52889a,9e4cb297e02ef29f00941de5d7f2282b123be3a25d5cc82a3139da1a1e624844,mnist,4.8485,30,30,300000,0.0,0.0,e311558ce6e4e1a1d345e2051c2d5e8ccaecccda,0.001,4.8485,consensus_logit,AdamW,,article1-v3,a96d9b64b59dbeb37ade490f77bbe3b7b6d8967aca976988020a1c572b3711a9,0c710d4d5b2c5e064b2444fd8c0541add01b6425e0bc35a453b2dc93767844dd,10000,full_original_order,44,0c710d4d5b2c5e064b2444fd8c0541add01b6425e0bc35a453b2dc93767844dd,10000,deterministic_evaluation,alpha0p1,f8b59906945a3575,none,44,ea18dcb1c758943677d3699eeeadb773db1682c7c7b4b2c6e17ad0a6031fc15f,2.047669649124145,6838075722e64f2bbfba2fd720c2d2975cc93fc1fa1b02f4a7d78d497d5477e4,0.7814,3.1073302574157715,0.776,1.682013285249807,1.257064987852598,1.0,8.0,"{""K"": 10, ""batch_size"": 256, ""epochs"": 30, ""lr"": 0.001, ""optimizer"": ""AdamW"", ""weight_decay"": 0.0001}",1200,0.0001,selected_uniform,/home/roi/PycharmProjects/KD_v5/OUTPUTS/article1_v3/results_rq2_backup.csv,63,,,,,,,,,,True
4d75b0676840088df372a47c165d585d1ede45e6b38daecb354187587ffaa225,weighted_mean_logits,1f3034cbd83dc007bebbb86cb19474d4ce302552e2dd4f9a5af623e717861d58,256,7ec812be75663f47fb1c9726f93e3688d8b157f3,89e2b2babe994a4bc9dc9c00465e2203d56ed18e4e614d4f39a8bdae3a52889a,9e4cb297e02ef29f00941de5d7f2282b123be3a25d5cc82a3139da1a1e624844,mnist,1.445114222877828,30,30,300000,0.0,0.0,e311558ce6e4e1a1d345e2051c2d5e8ccaecccda,0.001,10.0,energy_logit,AdamW,,article1-v3,a96d9b64b59dbeb37ade490f77bbe3b7b6d8967aca976988020a1c572b3711a9,0c710d4d5b2c5e064b2444fd8c0541add01b6425e0bc35a453b2dc93767844dd,10000,full_original_order,44,0c710d4d5b2c5e064b2444fd8c0541add01b6425e0bc35a453b2dc93767844dd,10000,deterministic_evaluation,alpha0p1,406fc4f5298abbdc,none,44,607c4d10351d7bfb03e384d7672b00a872b5e779739ca81d18d7885f419730f9,2.704300880432129,6838075722e64f2bbfba2fd720c2d2975cc93fc1fa1b02f4a7d78d497d5477e4,0.6699,9.084736193847656,0.6602,1.197873979992936,1.8394577524424407,1.0,8.0,"{""K"": 10, ""batch_size"": 256, ""epochs"": 30, ""lr"": 0.001, ""optimizer"": ""AdamW"", ""weight_decay"": 0.0001}",1200,0.0001,softmax_teachers(logsumexp(logits)),/home/roi/PycharmProjects/KD_v5/OUTPUTS/article1_v3/results_rq2_backup.csv,64,,,,,,,,,,True
4d75b0676840088df372a47c165d585d1ede45e6b38daecb354187587ffaa225,weighted_mean_logits,1f3034cbd83dc007bebbb86cb19474d4ce302552e2dd4f9a5af623e717861d58,256,7ec812be75663f47fb1c9726f93e3688d8b157f3,89e2b2babe994a4bc9dc9c00465e2203d56ed18e4e614d4f39a8bdae3a52889a,9e4cb297e02ef29f00941de5d7f2282b123be3a25d5cc82a3139da1a1e624844,mnist,4.1,30,30,300000,0.0,0.0,e311558ce6e4e1a1d345e2051c2d5e8ccaecccda,0.001,4.1,expert_logit,AdamW,,article1-v3,a96d9b64b59dbeb37ade490f77bbe3b7b6d8967aca976988020a1c572b3711a9,0c710d4d5b2c5e064b2444fd8c0541add01b6425e0bc35a453b2dc93767844dd,10000,full_original_order,44,0c710d4d5b2c5e064b2444fd8c0541add01b6425e0bc35a453b2dc93767844dd,10000,deterministic_evaluation,alpha0p1,1ea6f18f70faee56,none,44,759a89f8b92bdec7776b5ee568ebb75dbad9b4f2495ba36bdc506fbc42ef742d,0.9857709407806396,6838075722e64f2bbfba2fd720c2d2975cc93fc1fa1b02f4a7d78d497d5477e4,0.9869,0.0559639794492162,0.9988,1.5044534693590077,0.574101035835116,1.0,8.0,"{""K"": 10, ""batch_size"": 256, ""epochs"": 30, ""lr"": 0.001, ""optimizer"": ""AdamW"", ""weight_decay"": 0.0001}",1200,0.0001,selected_uniform,/home/roi/PycharmProjects/KD_v5/OUTPUTS/article1_v3/results_rq2_backup.csv,65,,,,,,,,,,True
ce4b9886dc3da23c4ec80937dca96608fe5f8454c6299680143dd031516e5403,weighted_mean_logits,1f3034cbd83dc007bebbb86cb19474d4ce302552e2dd4f9a5af623e717861d58,256,7ec812be75663f47fb1c9726f93e3688d8b157f3,e00f27b557db655dd0a0aada07c39075616fd95678bd62130f3d170502d068a2,9e4cb297e02ef29f00941de5d7f2282b123be3a25d5cc82a3139da1a1e624844,mnist,9.940790535916614,30,30,300000,0.0,0.0,e311558ce6e4e1a1d345e2051c2d5e8ccaecccda,0.001,10.0,confidence_logit,AdamW,,article1-v3,a96d9b64b59dbeb37ade490f77bbe3b7b6d8967aca976988020a1c572b3711a9,0c710d4d5b2c5e064b2444fd8c0541add01b6425e0bc35a453b2dc93767844dd,10000,full_original_order,44,0c710d4d5b2c5e064b2444fd8c0541add01b6425e0bc35a453b2dc93767844dd,10000,deterministic_evaluation,multi,30bbc67a5ef07eaf,none,44,14968ddd847c670c78567a26d888ce8bf9801b7ec31bc151d3f69da52a50214b,0.4094215333461761,6838075722e64f2bbfba2fd720c2d2975cc93fc1fa1b02f4a7d78d497d5477e4,0.4094,3.286059810638428,0.4031,2.2076522378136403,1.9761374150447453,1.0,8.0,"{""K"": 10, ""batch_size"": 256, ""epochs"": 30, ""lr"": 0.001, ""optimizer"": ""AdamW"", ""weight_decay"": 0.0001}",1200,0.0001,softmax_teachers(MSP),/home/roi/PycharmProjects/KD_v5/OUTPUTS/article1_v3/results_rq2_backup.csv,66,,,,,,,,,,True
ce4b9886dc3da23c4ec80937dca96608fe5f8454c6299680143dd031516e5403,weighted_mean_logits,1f3034cbd83dc007bebbb86cb19474d4ce302552e2dd4f9a5af623e717861d58,256,7ec812be75663f47fb1c9726f93e3688d8b157f3,e00f27b557db655dd0a0aada07c39075616fd95678bd62130f3d170502d068a2,9e4cb297e02ef29f00941de5d7f2282b123be3a25d5cc82a3139da1a1e624844,mnist,2.0,30,30,300000,0.0,0.0,e311558ce6e4e1a1d345e2051c2d5e8ccaecccda,0.001,2.0,consensus_logit,AdamW,,article1-v3,a96d9b64b59dbeb37ade490f77bbe3b7b6d8967aca976988020a1c572b3711a9,0c710d4d5b2c5e064b2444fd8c0541add01b6425e0bc35a453b2dc93767844dd,10000,full_original_order,44,0c710d4d5b2c5e064b2444fd8c0541add01b6425e0bc35a453b2dc93767844dd,10000,deterministic_evaluation,multi,1f372b59fb6b6060,none,44,ee5ab69d74ef0156bbcadcf7e5a491a47537c338f4b3907425bea9cb0fb6aea9,9.11575412750244,6838075722e64f2bbfba2fd720c2d2975cc93fc1fa1b02f4a7d78d497d5477e4,0.6222,18.62562277832032,0.6089,0.2265740955104001,3.20020341390155,1.0,8.0,"{""K"": 10, ""batch_size"": 256, ""epochs"": 30, ""lr"": 0.001, ""optimizer"": ""AdamW"", ""weight_decay"": 0.0001}",1200,0.0001,selected_uniform,/home/roi/PycharmProjects/KD_v5/OUTPUTS/article1_v3/results_rq2_backup.csv,67,,,,,,,,,,True
ce4b9886dc3da23c4ec80937dca96608fe5f8454c6299680143dd031516e5403,weighted_mean_logits,1f3034cbd83dc007bebbb86cb19474d4ce302552e2dd4f9a5af623e717861d58,256,7ec812be75663f47fb1c9726f93e3688d8b157f3,e00f27b557db655dd0a0aada07c39075616fd95678bd62130f3d170502d068a2,9e4cb297e02ef29f00941de5d7f2282b123be3a25d5cc82a3139da1a1e624844,mnist,1.0947714258084462,30,30,300000,0.0,0.0,e311558ce6e4e1a1d345e2051c2d5e8ccaecccda,0.001,10.0,energy_logit,AdamW,,article1-v3,a96d9b64b59dbeb37ade490f77bbe3b7b6d8967aca976988020a1c572b3711a9,0c710d4d5b2c5e064b2444fd8c0541add01b6425e0bc35a453b2dc93767844dd,10000,full_original_order,44,0c710d4d5b2c5e064b2444fd8c0541add01b6425e0bc35a453b2dc93767844dd,10000,deterministic_evaluation,multi,eae1771a810ae620,none,44,ed194a901c80758b8ed907a1d611c30ffcf809e7c671a1a745675882e29ae11f,0.4496539831161499,6838075722e64f2bbfba2fd720c2d2975cc93fc1fa1b02f4a7d78d497d5477e4,0.3935,51.44810638427735,0.3842,0.2815019690246169,5.861851519776673,1.0,8.0,"{""K"": 10, ""batch_size"": 256, ""epochs"": 30, ""lr"": 0.001, ""optimizer"": ""AdamW"", ""weight_decay"": 0.0001}",1200,0.0001,softmax_teachers(logsumexp(logits)),/home/roi/PycharmProjects/KD_v5/OUTPUTS/article1_v3/results_rq2_backup.csv,68,,,,,,,,,,True
ce4b9886dc3da23c4ec80937dca96608fe5f8454c6299680143dd031516e5403,weighted_mean_logits,1f3034cbd83dc007bebbb86cb19474d4ce302552e2dd4f9a5af623e717861d58,256,7ec812be75663f47fb1c9726f93e3688d8b157f3,e00f27b557db655dd0a0aada07c39075616fd95678bd62130f3d170502d068a2,9e4cb297e02ef29f00941de5d7f2282b123be3a25d5cc82a3139da1a1e624844,mnist,2.0,30,30,300000,0.0,0.0,e311558ce6e4e1a1d345e2051c2d5e8ccaecccda,0.001,2.0,expert_logit,AdamW,,article1-v3,a96d9b64b59dbeb37ade490f77bbe3b7b6d8967aca976988020a1c572b3711a9,0c710d4d5b2c5e064b2444fd8c0541add01b6425e0bc35a453b2dc93767844dd,10000,full_original_order,44,0c710d4d5b2c5e064b2444fd8c0541add01b6425e0bc35a453b2dc93767844dd,10000,deterministic_evaluation,multi,47a8fa576c828f4f,none,44,725c0bbc883c7b7abe2f1d3e5f3616cdd4bcc52a901719b098e437194c6d79cc,1.1457359790802002,6838075722e64f2bbfba2fd720c2d2975cc93fc1fa1b02f4a7d78d497d5477e4,0.9867,0.1402072353390103,0.9982,0.3980934380707271,0.1199113798996558,1.0,8.0,"{""K"": 10, ""batch_size"": 256, ""epochs"": 30, ""lr"": 0.001, ""optimizer"": ""AdamW"", ""weight_decay"": 0.0001}",1200,0.0001,selected_uniform,/home/roi/PycharmProjects/KD_v5/OUTPUTS/article1_v3/results_rq2_backup.csv,69,,,,,,,,,,True
e6f1e0016bd69e5208d7779bafd908447f0ffbf5bd505201465dc3d9494ee864,weighted_mean_logits,1f3034cbd83dc007bebbb86cb19474d4ce302552e2dd4f9a5af623e717861d58,256,7ec812be75663f47fb1c9726f93e3688d8b157f3,903d5c20c5303780503007d818c6635a60e9ae7c6dca69bec9c12960238a9504,9e4cb297e02ef29f00941de5d7f2282b123be3a25d5cc82a3139da1a1e624844,mnist,9.999999999999998,30,30,300000,0.0,0.0,e311558ce6e4e1a1d345e2051c2d5e8ccaecccda,0.001,10.0,confidence_logit,AdamW,,article1-v3,a96d9b64b59dbeb37ade490f77bbe3b7b6d8967aca976988020a1c572b3711a9,0c710d4d5b2c5e064b2444fd8c0541add01b6425e0bc35a453b2dc93767844dd,10000,full_original_order,44,0c710d4d5b2c5e064b2444fd8c0541add01b6425e0bc35a453b2dc93767844dd,10000,deterministic_evaluation,single,66d072fb610f9995,none,44,711a6a2bfa97d4f971ba3ff23a1988767fbf0cfffb5204e17fb64d1b0200a8ed,0.1027719378471374,6838075722e64f2bbfba2fd720c2d2975cc93fc1fa1b02f4a7d78d497d5477e4,0.1028,4.36812208404541,0.1,2.2666238556886737,2.344334391191601,1.0,8.0,"{""K"": 10, ""batch_size"": 256, ""epochs"": 30, ""lr"": 0.001, ""optimizer"": ""AdamW"", ""weight_decay"": 0.0001}",1200,0.0001,softmax_teachers(MSP),/home/roi/PycharmProjects/KD_v5/OUTPUTS/article1_v3/results_rq2_backup.csv,70,,,,,,,,,,True
e6f1e0016bd69e5208d7779bafd908447f0ffbf5bd505201465dc3d9494ee864,weighted_mean_logits,1f3034cbd83dc007bebbb86cb19474d4ce302552e2dd4f9a5af623e717861d58,256,7ec812be75663f47fb1c9726f93e3688d8b157f3,903d5c20c5303780503007d818c6635a60e9ae7c6dca69bec9c12960238a9504,9e4cb297e02ef29f00941de5d7f2282b123be3a25d5cc82a3139da1a1e624844,mnist,1.0,30,30,300000,0.0,0.0,e311558ce6e4e1a1d345e2051c2d5e8ccaecccda,0.001,1.0,consensus_logit,AdamW,,article1-v3,a96d9b64b59dbeb37ade490f77bbe3b7b6d8967aca976988020a1c572b3711a9,0c710d4d5b2c5e064b2444fd8c0541add01b6425e0bc35a453b2dc93767844dd,10000,full_original_order,44,0c710d4d5b2c5e064b2444fd8c0541add01b6425e0bc35a453b2dc93767844dd,10000,deterministic_evaluation,single,4da2634d624ed3da,none,44,59db9463e937956196c96996cdb4f40c626daca8c7d6f55b0207c50e52426fdb,0.0002466877922415,6838075722e64f2bbfba2fd720c2d2975cc93fc1fa1b02f4a7d78d497d5477e4,0.098,122.5843748046875,0.1,0.0001281557411078,14.345388015651956,1.0,8.0,"{""K"": 10, ""batch_size"": 256, ""epochs"": 30, ""lr"": 0.001, ""optimizer"": ""AdamW"", ""weight_decay"": 0.0001}",1200,0.0001,selected_uniform,/home/roi/PycharmProjects/KD_v5/OUTPUTS/article1_v3/results_rq2_backup.csv,71,,,,,,,,,,True
e6f1e0016bd69e5208d7779bafd908447f0ffbf5bd505201465dc3d9494ee864,weighted_mean_logits,1f3034cbd83dc007bebbb86cb19474d4ce302552e2dd4f9a5af623e717861d58,256,7ec812be75663f47fb1c9726f93e3688d8b157f3,903d5c20c5303780503007d818c6635a60e9ae7c6dca69bec9c12960238a9504,9e4cb297e02ef29f00941de5d7f2282b123be3a25d5cc82a3139da1a1e624844,mnist,1.5621302606990732,30,30,300000,0.0,0.0,e311558ce6e4e1a1d345e2051c2d5e8ccaecccda,0.001,10.0,energy_logit,AdamW,,article1-v3,a96d9b64b59dbeb37ade490f77bbe3b7b6d8967aca976988020a1c572b3711a9,0c710d4d5b2c5e064b2444fd8c0541add01b6425e0bc35a453b2dc93767844dd,10000,full_original_order,44,0c710d4d5b2c5e064b2444fd8c0541add01b6425e0bc35a453b2dc93767844dd,10000,deterministic_evaluation,single,c31c43ec48379384,none,44,bd1f4eb75d9c0be6218f6c4dc02f04673a072c067e81247c57aadfc5553c2c6e,3.185644149780273,6838075722e64f2bbfba2fd720c2d2975cc93fc1fa1b02f4a7d78d497d5477e4,0.1534,110.59705009765624,0.1506,0.0636813855519458,13.759829747760952,1.0,8.0,"{""K"": 10, ""batch_size"": 256, ""epochs"": 30, ""lr"": 0.001, ""optimizer"": ""AdamW"", ""weight_decay"": 0.0001}",1200,0.0001,softmax_teachers(logsumexp(logits)),/home/roi/PycharmProjects/KD_v5/OUTPUTS/article1_v3/results_rq2_backup.csv,72,,,,,,,,,,True
e6f1e0016bd69e5208d7779bafd908447f0ffbf5bd505201465dc3d9494ee864,weighted_mean_logits,1f3034cbd83dc007bebbb86cb19474d4ce302552e2dd4f9a5af623e717861d58,256,7ec812be75663f47fb1c9726f93e3688d8b157f3,903d5c20c5303780503007d818c6635a60e9ae7c6dca69bec9c12960238a9504,9e4cb297e02ef29f00941de5d7f2282b123be3a25d5cc82a3139da1a1e624844,mnist,1.0,30,30,300000,0.0,0.0,e311558ce6e4e1a1d345e2051c2d5e8ccaecccda,0.001,1.0,expert_logit,AdamW,,article1-v3,a96d9b64b59dbeb37ade490f77bbe3b7b6d8967aca976988020a1c572b3711a9,0c710d4d5b2c5e064b2444fd8c0541add01b6425e0bc35a453b2dc93767844dd,10000,full_original_order,44,0c710d4d5b2c5e064b2444fd8c0541add01b6425e0bc35a453b2dc93767844dd,10000,deterministic_evaluation,single,9fd379b145b4ffd0,none,44,c99b5ababa93fc96930f4f59d1c9d6087f1fb7013796d66474245bcf8a4aa055,0.0372141115367412,6838075722e64f2bbfba2fd720c2d2975cc93fc1fa1b02f4a7d78d497d5477e4,0.9877,0.3314238826915592,1.0,2.450097363089091e-05,1.76922698566619e-06,1.0,8.0,"{""K"": 10, ""batch_size"": 256, ""epochs"": 30, ""lr"": 0.001, ""optimizer"": ""AdamW"", ""weight_decay"": 0.0001}",1200,0.0001,selected_uniform,/home/roi/PycharmProjects/KD_v5/OUTPUTS/article1_v3/results_rq2_backup.csv,73,,,,,,,,,,True
057549e5b22e8d5a5258dac530d5e87654ab28b81ca368095db268cba296593a,weighted_mean_logits,2a836581bb03cec96f509a87a0a27efbc0afc37c6522a54562e03a18504b0346,256,7ec812be75663f47fb1c9726f93e3688d8b157f3,11f2a57ac7ab8b260a04aee442bd9113ffd4c757a1885314e2713bc07532585d,f74999f0ad6bfdb6f9b48a6e37793deb9dc5f57b0afd11b381dc0b8f04b7cdd4,fmnist,9.921918453892976,30,30,300000,0.0,0.0,e311558ce6e4e1a1d345e2051c2d5e8ccaecccda,0.001,10.0,confidence_logit,AdamW,,article1-v3,1f50734fff13fb3a38b67f2458855d5abf7c3f2c44e5854886e8419c50ebe421,aa87fb2b4d24946ad5c94ef0f1a84aade8c60c333a8e794e81c010e4a202506a,10000,full_original_order,42,aa87fb2b4d24946ad5c94ef0f1a84aade8c60c333a8e794e81c010e4a202506a,10000,deterministic_evaluation,iid,4f597cb6e165aa99,none,42,a75d959efd43e1671c06a2058b89446386c11c55caae90f545f7428f68cf5df1,0.7995809316635132,1902c4d403a1e7249ac2616fe137aefc66e55a6b36798d693b04186999168c34,0.8896,0.3486237088680267,0.9036,1.831230904881364,0.9923118849921908,1.0,8.0,"{""K"": 10, ""batch_size"": 256, ""epochs"": 30, ""lr"": 0.001, ""optimizer"": ""AdamW"", ""weight_decay"": 0.0001}",1200,0.0001,softmax_teachers(MSP),/home/roi/PycharmProjects/KD_v5/OUTPUTS/article1_v3/results_rq2_backup.csv,74,,,,,,,,,,True
057549e5b22e8d5a5258dac530d5e87654ab28b81ca368095db268cba296593a,weighted_mean_logits,2a836581bb03cec96f509a87a0a27efbc0afc37c6522a54562e03a18504b0346,256,7ec812be75663f47fb1c9726f93e3688d8b157f3,11f2a57ac7ab8b260a04aee442bd9113ffd4c757a1885314e2713bc07532585d,f74999f0ad6bfdb6f9b48a6e37793deb9dc5f57b0afd11b381dc0b8f04b7cdd4,fmnist,9.2635,30,30,300000,0.0,0.0,e311558ce6e4e1a1d345e2051c2d5e8ccaecccda,0.001,9.2635,consensus_logit,AdamW,,article1-v3,1f50734fff13fb3a38b67f2458855d5abf7c3f2c44e5854886e8419c50ebe421,aa87fb2b4d24946ad5c94ef0f1a84aade8c60c333a8e794e81c010e4a202506a,10000,full_original_order,42,aa87fb2b4d24946ad5c94ef0f1a84aade8c60c333a8e794e81c010e4a202506a,10000,deterministic_evaluation,iid,ab0ddf392f1e4092,none,42,fe14fc075b59fcad972e9ca1f8648dcb05f07e0d9de3d3b6d2baf1b2f6e00349,0.86646968126297,1902c4d403a1e7249ac2616fe137aefc66e55a6b36798d693b04186999168c34,0.8914,0.3481916000366211,0.9032,1.8312421626166453,0.9921596561671122,1.0,8.0,"{""K"": 10, ""batch_size"": 256, ""epochs"": 30, ""lr"": 0.001, ""optimizer"": ""AdamW"", ""weight_decay"": 0.0001}",1200,0.0001,selected_uniform,/home/roi/PycharmProjects/KD_v5/OUTPUTS/article1_v3/results_rq2_backup.csv,75,,,,,,,,,,True
057549e5b22e8d5a5258dac530d5e87654ab28b81ca368095db268cba296593a,weighted_mean_logits,2a836581bb03cec96f509a87a0a27efbc0afc37c6522a54562e03a18504b0346,256,7ec812be75663f47fb1c9726f93e3688d8b157f3,11f2a57ac7ab8b260a04aee442bd9113ffd4c757a1885314e2713bc07532585d,f74999f0ad6bfdb6f9b48a6e37793deb9dc5f57b0afd11b381dc0b8f04b7cdd4,fmnist,2.3929190117185826,30,30,300000,0.0,0.0,e311558ce6e4e1a1d345e2051c2d5e8ccaecccda,0.001,10.0,energy_logit,AdamW,,article1-v3,1f50734fff13fb3a38b67f2458855d5abf7c3f2c44e5854886e8419c50ebe421,aa87fb2b4d24946ad5c94ef0f1a84aade8c60c333a8e794e81c010e4a202506a,10000,full_original_order,42,aa87fb2b4d24946ad5c94ef0f1a84aade8c60c333a8e794e81c010e4a202506a,10000,deterministic_evaluation,iid,dc84c98c4c03718e,none,42,f4b9dfa09bd50d61bb17517cc524a8edef4b1e45af1ac28fd344de62cc19e6c2,1.8758773803710933,1902c4d403a1e7249ac2616fe137aefc66e55a6b36798d693b04186999168c34,0.8893,0.4510579615116119,0.9046,1.5035775872367705,0.7492252888397257,1.0,8.0,"{""K"": 10, ""batch_size"": 256, ""epochs"": 30, ""lr"": 0.001, ""optimizer"": ""AdamW"", ""weight_decay"": 0.0001}",1200,0.0001,softmax_teachers(logsumexp(logits)),/home/roi/PycharmProjects/KD_v5/OUTPUTS/article1_v3/results_rq2_backup.csv,76,,,,,,,,,,True
057549e5b22e8d5a5258dac530d5e87654ab28b81ca368095db268cba296593a,weighted_mean_logits,2a836581bb03cec96f509a87a0a27efbc0afc37c6522a54562e03a18504b0346,256,7ec812be75663f47fb1c9726f93e3688d8b157f3,11f2a57ac7ab8b260a04aee442bd9113ffd4c757a1885314e2713bc07532585d,f74999f0ad6bfdb6f9b48a6e37793deb9dc5f57b0afd11b381dc0b8f04b7cdd4,fmnist,9.4,30,30,300000,1000.0,0.1,e311558ce6e4e1a1d345e2051c2d5e8ccaecccda,0.001,8.4,expert_logit,AdamW,,article1-v3,1f50734fff13fb3a38b67f2458855d5abf7c3f2c44e5854886e8419c50ebe421,aa87fb2b4d24946ad5c94ef0f1a84aade8c60c333a8e794e81c010e4a202506a,10000,full_original_order,42,aa87fb2b4d24946ad5c94ef0f1a84aade8c60c333a8e794e81c010e4a202506a,10000,deterministic_evaluation,iid,d7598cdd5cdbb6e7,none,42,796ee885ab94e5d1254a5b2f20d64a3a5945dc62c6b3afc48f895e8c144ef24a,0.8492882251739502,1902c4d403a1e7249ac2616fe137aefc66e55a6b36798d693b04186999168c34,0.8896,0.35041780731678,0.9051,1.831379835749652,0.9922157776301568,1.0,8.0,"{""K"": 10, ""batch_size"": 256, ""epochs"": 30, ""lr"": 0.001, ""optimizer"": ""AdamW"", ""weight_decay"": 0.0001}",1200,0.0001,selected_uniform,/home/roi/PycharmProjects/KD_v5/OUTPUTS/article1_v3/results_rq2_backup.csv,77,,,,,,,,,,True
45161d3d81583743f3ef8a7f856a947d65089dceebaae90382edbb9449e69ad1,weighted_mean_logits,2a836581bb03cec96f509a87a0a27efbc0afc37c6522a54562e03a18504b0346,256,7ec812be75663f47fb1c9726f93e3688d8b157f3,eb662a1351013584635740f166236c6183703e915024b589fe4f7cb6ef40e271,f74999f0ad6bfdb6f9b48a6e37793deb9dc5f57b0afd11b381dc0b8f04b7cdd4,fmnist,9.831126009204132,30,30,300000,0.0,0.0,e311558ce6e4e1a1d345e2051c2d5e8ccaecccda,0.001,10.0,confidence_logit,AdamW,,article1-v3,1f50734fff13fb3a38b67f2458855d5abf7c3f2c44e5854886e8419c50ebe421,aa87fb2b4d24946ad5c94ef0f1a84aade8c60c333a8e794e81c010e4a202506a,10000,full_original_order,42,aa87fb2b4d24946ad5c94ef0f1a84aade8c60c333a8e794e81c010e4a202506a,10000,deterministic_evaluation,alpha1p0,fd4814060ce10ff3,none,42,cd13e74145dec223046dead99ff2ffb798cef23e5c9aafa4cdf2dbbc7c952f0a,0.6480340957641602,1902c4d403a1e7249ac2616fe137aefc66e55a6b36798d693b04186999168c34,0.8761,0.3737543601751327,0.8913,1.9792501934640032,1.1571762819315874,1.0,8.0,"{""K"": 10, ""batch_size"": 256, ""epochs"": 30, ""lr"": 0.001, ""optimizer"": ""AdamW"", ""weight_decay"": 0.0001}",1200,0.0001,softmax_teachers(MSP),/home/roi/PycharmProjects/KD_v5/OUTPUTS/article1_v3/results_rq2_backup.csv,78,,,,,,,,,,True
45161d3d81583743f3ef8a7f856a947d65089dceebaae90382edbb9449e69ad1,weighted_mean_logits,2a836581bb03cec96f509a87a0a27efbc0afc37c6522a54562e03a18504b0346,256,7ec812be75663f47fb1c9726f93e3688d8b157f3,eb662a1351013584635740f166236c6183703e915024b589fe4f7cb6ef40e271,f74999f0ad6bfdb6f9b48a6e37793deb9dc5f57b0afd11b381dc0b8f04b7cdd4,fmnist,8.1885,30,30,300000,0.0,0.0,e311558ce6e4e1a1d345e2051c2d5e8ccaecccda,0.001,8.1885,consensus_logit,AdamW,,article1-v3,1f50734fff13fb3a38b67f2458855d5abf7c3f2c44e5854886e8419c50ebe421,aa87fb2b4d24946ad5c94ef0f1a84aade8c60c333a8e794e81c010e4a202506a,10000,full_original_order,42,aa87fb2b4d24946ad5c94ef0f1a84aade8c60c333a8e794e81c010e4a202506a,10000,deterministic_evaluation,alpha1p0,516de079fc06332d,none,42,bfd0129b3204345520940ffad8b8dc336dfd4033c9809451dcf6454925a5ddeb,0.8369745016098022,1902c4d403a1e7249ac2616fe137aefc66e55a6b36798d693b04186999168c34,0.8779,0.3934114085674285,0.8897,1.9612570037769463,1.1232186018463493,1.0,8.0,"{""K"": 10, ""batch_size"": 256, ""epochs"": 30, ""lr"": 0.001, ""optimizer"": ""AdamW"", ""weight_decay"": 0.0001}",1200,0.0001,selected_uniform,/home/roi/PycharmProjects/KD_v5/OUTPUTS/article1_v3/results_rq2_backup.csv,79,,,,,,,,,,True
45161d3d81583743f3ef8a7f856a947d65089dceebaae90382edbb9449e69ad1,weighted_mean_logits,2a836581bb03cec96f509a87a0a27efbc0afc37c6522a54562e03a18504b0346,256,7ec812be75663f47fb1c9726f93e3688d8b157f3,eb662a1351013584635740f166236c6183703e915024b589fe4f7cb6ef40e271,f74999f0ad6bfdb6f9b48a6e37793deb9dc5f57b0afd11b381dc0b8f04b7cdd4,fmnist,2.1219661452463243,30,30,300000,0.0,0.0,e311558ce6e4e1a1d345e2051c2d5e8ccaecccda,0.001,10.0,energy_logit,AdamW,,article1-v3,1f50734fff13fb3a38b67f2458855d5abf7c3f2c44e5854886e8419c50ebe421,aa87fb2b4d24946ad5c94ef0f1a84aade8c60c333a8e794e81c010e4a202506a,10000,full_original_order,42,aa87fb2b4d24946ad5c94ef0f1a84aade8c60c333a8e794e81c010e4a202506a,10000,deterministic_evaluation,alpha1p0,a60581bb57e69639,none,42,b3bbeda675a26a6d7f811ac6a7664beaa2c496a28f259022587f3baaa36eff1c,1.5660693645477295,1902c4d403a1e7249ac2616fe137aefc66e55a6b36798d693b04186999168c34,0.874,0.5758932331562042,0.8794,1.6405408836009414,0.8587336960118479,1.0,8.0,"{""K"": 10, ""batch_size"": 256, ""epochs"": 30, ""lr"": 0.001, ""optimizer"": ""AdamW"", ""weight_decay"": 0.0001}",1200,0.0001,softmax_teachers(logsumexp(logits)),/home/roi/PycharmProjects/KD_v5/OUTPUTS/article1_v3/results_rq2_backup.csv,80,,,,,,,,,,True
45161d3d81583743f3ef8a7f856a947d65089dceebaae90382edbb9449e69ad1,weighted_mean_logits,2a836581bb03cec96f509a87a0a27efbc0afc37c6522a54562e03a18504b0346,256,7ec812be75663f47fb1c9726f93e3688d8b157f3,eb662a1351013584635740f166236c6183703e915024b589fe4f7cb6ef40e271,f74999f0ad6bfdb6f9b48a6e37793deb9dc5f57b0afd11b381dc0b8f04b7cdd4,fmnist,6.3,30,30,300000,0.0,0.0,e311558ce6e4e1a1d345e2051c2d5e8ccaecccda,0.001,6.3,expert_logit,AdamW,,article1-v3,1f50734fff13fb3a38b67f2458855d5abf7c3f2c44e5854886e8419c50ebe421,aa87fb2b4d24946ad5c94ef0f1a84aade8c60c333a8e794e81c010e4a202506a,10000,full_original_order,42,aa87fb2b4d24946ad5c94ef0f1a84aade8c60c333a8e794e81c010e4a202506a,10000,deterministic_evaluation,alpha1p0,08383971858ae044,none,42,09df2df13e8cc579200c9936906da9b9f4b716cd326b0c365f86abb86a38e3a3,0.8717108964920044,1902c4d403a1e7249ac2616fe137aefc66e55a6b36798d693b04186999168c34,0.8894,0.3795952741861343,0.9595,1.9073584437920128,1.0188392367738746,1.0,8.0,"{""K"": 10, ""batch_size"": 256, ""epochs"": 30, ""lr"": 0.001, ""optimizer"": ""AdamW"", ""weight_decay"": 0.0001}",1200,0.0001,selected_uniform,/home/roi/PycharmProjects/KD_v5/OUTPUTS/article1_v3/results_rq2_backup.csv,81,,,,,,,,,,True
b769e384e9d5ae7ac5cc1c63468f1dd82541d0003deae819dedc295f4c75f61f,weighted_mean_logits,2a836581bb03cec96f509a87a0a27efbc0afc37c6522a54562e03a18504b0346,256,7ec812be75663f47fb1c9726f93e3688d8b157f3,20674465bc735deb70814ebfac924ec77394ab8ef02c262433abc96c7060bf61,f74999f0ad6bfdb6f9b48a6e37793deb9dc5f57b0afd11b381dc0b8f04b7cdd4,fmnist,9.82008331566102,30,30,300000,0.0,0.0,e311558ce6e4e1a1d345e2051c2d5e8ccaecccda,0.001,10.0,confidence_logit,AdamW,,article1-v3,1f50734fff13fb3a38b67f2458855d5abf7c3f2c44e5854886e8419c50ebe421,aa87fb2b4d24946ad5c94ef0f1a84aade8c60c333a8e794e81c010e4a202506a,10000,full_original_order,42,aa87fb2b4d24946ad5c94ef0f1a84aade8c60c333a8e794e81c010e4a202506a,10000,deterministic_evaluation,alpha0p5,d2923696d94abde5,none,42,eb1f8d24d6762f6929368136b592710d19075415cf8bb693d89911275ae96bd1,0.3932696282863617,1902c4d403a1e7249ac2616fe137aefc66e55a6b36798d693b04186999168c34,0.8518,0.4372826184749603,0.8683,2.0310346554037184,1.2578419059717534,1.0,8.0,"{""K"": 10, ""batch_size"": 256, ""epochs"": 30, ""lr"": 0.001, ""optimizer"": ""AdamW"", ""weight_decay"": 0.0001}",1200,0.0001,softmax_teachers(MSP),/home/roi/PycharmProjects/KD_v5/OUTPUTS/article1_v3/results_rq2_backup.csv,82,,,,,,,,,,True
b769e384e9d5ae7ac5cc1c63468f1dd82541d0003deae819dedc295f4c75f61f,weighted_mean_logits,2a836581bb03cec96f509a87a0a27efbc0afc37c6522a54562e03a18504b0346,256,7ec812be75663f47fb1c9726f93e3688d8b157f3,20674465bc735deb70814ebfac924ec77394ab8ef02c262433abc96c7060bf61,f74999f0ad6bfdb6f9b48a6e37793deb9dc5f57b0afd11b381dc0b8f04b7cdd4,fmnist,7.3267,30,30,300000,0.0,0.0,e311558ce6e4e1a1d345e2051c2d5e8ccaecccda,0.001,7.3267,consensus_logit,AdamW,,article1-v3,1f50734fff13fb3a38b67f2458855d5abf7c3f2c44e5854886e8419c50ebe421,aa87fb2b4d24946ad5c94ef0f1a84aade8c60c333a8e794e81c010e4a202506a,10000,full_original_order,42,aa87fb2b4d24946ad5c94ef0f1a84aade8c60c333a8e794e81c010e4a202506a,10000,deterministic_evaluation,alpha0p5,f0e0cbef23719b6e,none,42,5cf7e4747a48ea385c91b8dcbf36fd667ed7fee66ca4411ccbedb0d3aba85f32,1.000051975250244,1902c4d403a1e7249ac2616fe137aefc66e55a6b36798d693b04186999168c34,0.8651,0.4962576448440551,0.8777,1.962660986299116,1.1313319884572437,1.0,8.0,"{""K"": 10, ""batch_size"": 256, ""epochs"": 30, ""lr"": 0.001, ""optimizer"": ""AdamW"", ""weight_decay"": 0.0001}",1200,0.0001,selected_uniform,/home/roi/PycharmProjects/KD_v5/OUTPUTS/article1_v3/results_rq2_backup.csv,83,,,,,,,,,,True
b769e384e9d5ae7ac5cc1c63468f1dd82541d0003deae819dedc295f4c75f61f,weighted_mean_logits,2a836581bb03cec96f509a87a0a27efbc0afc37c6522a54562e03a18504b0346,256,7ec812be75663f47fb1c9726f93e3688d8b157f3,20674465bc735deb70814ebfac924ec77394ab8ef02c262433abc96c7060bf61,f74999f0ad6bfdb6f9b48a6e37793deb9dc5f57b0afd11b381dc0b8f04b7cdd4,fmnist,1.8374344154210065,30,30,300000,0.0,0.0,e311558ce6e4e1a1d345e2051c2d5e8ccaecccda,0.001,10.0,energy_logit,AdamW,,article1-v3,1f50734fff13fb3a38b67f2458855d5abf7c3f2c44e5854886e8419c50ebe421,aa87fb2b4d24946ad5c94ef0f1a84aade8c60c333a8e794e81c010e4a202506a,10000,full_original_order,42,aa87fb2b4d24946ad5c94ef0f1a84aade8c60c333a8e794e81c010e4a202506a,10000,deterministic_evaluation,alpha0p5,9387030c8b6e5800,none,42,58e63f5117abbc83aa89d1aba0a205b0102e918710bb2922a0f0ec1ecba646a9,2.238361120223999,1902c4d403a1e7249ac2616fe137aefc66e55a6b36798d693b04186999168c34,0.8407,1.043638856935501,0.8543,1.507857309874173,0.8367636793250551,1.0,8.0,"{""K"": 10, ""batch_size"": 256, ""epochs"": 30, ""lr"": 0.001, ""optimizer"": ""AdamW"", ""weight_decay"": 0.0001}",1200,0.0001,softmax_teachers(logsumexp(logits)),/home/roi/PycharmProjects/KD_v5/OUTPUTS/article1_v3/results_rq2_backup.csv,84,,,,,,,,,,True
b769e384e9d5ae7ac5cc1c63468f1dd82541d0003deae819dedc295f4c75f61f,weighted_mean_logits,2a836581bb03cec96f509a87a0a27efbc0afc37c6522a54562e03a18504b0346,256,7ec812be75663f47fb1c9726f93e3688d8b157f3,20674465bc735deb70814ebfac924ec77394ab8ef02c262433abc96c7060bf61,f74999f0ad6bfdb6f9b48a6e37793deb9dc5f57b0afd11b381dc0b8f04b7cdd4,fmnist,6.0,30,30,300000,0.0,0.0,e311558ce6e4e1a1d345e2051c2d5e8ccaecccda,0.001,6.0,expert_logit,AdamW,,article1-v3,1f50734fff13fb3a38b67f2458855d5abf7c3f2c44e5854886e8419c50ebe421,aa87fb2b4d24946ad5c94ef0f1a84aade8c60c333a8e794e81c010e4a202506a,10000,full_original_order,42,aa87fb2b4d24946ad5c94ef0f1a84aade8c60c333a8e794e81c010e4a202506a,10000,deterministic_evaluation,alpha0p5,e40b683092f7a593,none,42,7db1a21220cb19f77ababfafe4d1275f2ca26d25eb53ede27fc9d3b7b11c7338,0.9192014336586,1902c4d403a1e7249ac2616fe137aefc66e55a6b36798d693b04186999168c34,0.894,0.3902107420921326,0.971,1.915157602547324,1.0057046331749495,1.0,8.0,"{""K"": 10, ""batch_size"": 256, ""epochs"": 30, ""lr"": 0.001, ""optimizer"": ""AdamW"", ""weight_decay"": 0.0001}",1200,0.0001,selected_uniform,/home/roi/PycharmProjects/KD_v5/OUTPUTS/article1_v3/results_rq2_backup.csv,85,,,,,,,,,,True
1d5f60b4392151c74d5e6f97cf77eac708c7c3ca5e82c276e71b1eb2f052d577,weighted_mean_logits,2a836581bb03cec96f509a87a0a27efbc0afc37c6522a54562e03a18504b0346,256,7ff045e85bdcdcb19da695baf49045e3320a14d4,ce2bf18f0d9889cb3d556494fa23be0fe9b556fbed2e0ce78a454b06ea98f885,f74999f0ad6bfdb6f9b48a6e37793deb9dc5f57b0afd11b381dc0b8f04b7cdd4,fmnist,9.828982027860803,30,30,300000,0.0,0.0,e311558ce6e4e1a1d345e2051c2d5e8ccaecccda,0.001,10.0,confidence_logit,AdamW,,article1-v3,1f50734fff13fb3a38b67f2458855d5abf7c3f2c44e5854886e8419c50ebe421,aa87fb2b4d24946ad5c94ef0f1a84aade8c60c333a8e794e81c010e4a202506a,10000,full_original_order,42,aa87fb2b4d24946ad5c94ef0f1a84aade8c60c333a8e794e81c010e4a202506a,10000,deterministic_evaluation,alpha0p1,84aa3a7dc9c2fa76,none,42,a9767e8b8de8b171bffc2dceb77c23b05bad8e0353d4f9f6d813d3956604edb8,0.3371965587139129,1902c4d403a1e7249ac2616fe137aefc66e55a6b36798d693b04186999168c34,0.3996,3.2961565574646,0.4038,2.1417218496550423,1.7954388004564448,1.0,8.0,"{""K"": 10, ""batch_size"": 256, ""epochs"": 30, ""lr"": 0.001, ""optimizer"": ""AdamW"", ""weight_decay"": 0.0001}",1200,0.0001,softmax_teachers(MSP),/home/roi/PycharmProjects/KD_v5/OUTPUTS/article1_v3/results_rq2_backup.csv,86,,,,,,,,,,True
1d5f60b4392151c74d5e6f97cf77eac708c7c3ca5e82c276e71b1eb2f052d577,weighted_mean_logits,2a836581bb03cec96f509a87a0a27efbc0afc37c6522a54562e03a18504b0346,256,7ff045e85bdcdcb19da695baf49045e3320a14d4,ce2bf18f0d9889cb3d556494fa23be0fe9b556fbed2e0ce78a454b06ea98f885,f74999f0ad6bfdb6f9b48a6e37793deb9dc5f57b0afd11b381dc0b8f04b7cdd4,fmnist,4.1269,30,30,300000,0.0,0.0,e311558ce6e4e1a1d345e2051c2d5e8ccaecccda,0.001,4.1269,consensus_logit,AdamW,,article1-v3,1f50734fff13fb3a38b67f2458855d5abf7c3f2c44e5854886e8419c50ebe421,aa87fb2b4d24946ad5c94ef0f1a84aade8c60c333a8e794e81c010e4a202506a,10000,full_original_order,42,aa87fb2b4d24946ad5c94ef0f1a84aade8c60c333a8e794e81c010e4a202506a,10000,deterministic_evaluation,alpha0p1,1f432e9bb4c8eb67,none,42,c5ccdba2d37593a549d6a705bb67a337e771f4357322a0e41bc3930553140b3d,2.122499227523804,1902c4d403a1e7249ac2616fe137aefc66e55a6b36798d693b04186999168c34,0.7318,3.706979046630859,0.7335,1.4705089255856505,1.336465543233457,1.0,8.0,"{""K"": 10, ""batch_size"": 256, ""epochs"": 30, ""lr"": 0.001, ""optimizer"": ""AdamW"", ""weight_decay"": 0.0001}",1200,0.0001,selected_uniform,/home/roi/PycharmProjects/KD_v5/OUTPUTS/article1_v3/results_rq2_backup.csv,87,,,,,,,,,,True
1d5f60b4392151c74d5e6f97cf77eac708c7c3ca5e82c276e71b1eb2f052d577,weighted_mean_logits,2a836581bb03cec96f509a87a0a27efbc0afc37c6522a54562e03a18504b0346,256,7ff045e85bdcdcb19da695baf49045e3320a14d4,ce2bf18f0d9889cb3d556494fa23be0fe9b556fbed2e0ce78a454b06ea98f885,f74999f0ad6bfdb6f9b48a6e37793deb9dc5f57b0afd11b381dc0b8f04b7cdd4,fmnist,1.0322809293475417,30,30,300000,0.0,0.0,e311558ce6e4e1a1d345e2051c2d5e8ccaecccda,0.001,10.0,energy_logit,AdamW,,article1-v3,1f50734fff13fb3a38b67f2458855d5abf7c3f2c44e5854886e8419c50ebe421,aa87fb2b4d24946ad5c94ef0f1a84aade8c60c333a8e794e81c010e4a202506a,10000,full_original_order,42,aa87fb2b4d24946ad5c94ef0f1a84aade8c60c333a8e794e81c010e4a202506a,10000,deterministic_evaluation,alpha0p1,39c61093264e6c1a,none,42,eb6c0656b92b1bb06b70ff8fcd9a7aaa397709201ca8ddc6078729577c4a0739,0.3986252844333648,1902c4d403a1e7249ac2616fe137aefc66e55a6b36798d693b04186999168c34,0.2203,62.77756580810547,0.2235,0.2370341391428741,7.108864563458474,1.0,8.0,"{""K"": 10, ""batch_size"": 256, ""epochs"": 30, ""lr"": 0.001, ""optimizer"": ""AdamW"", ""weight_decay"": 0.0001}",1200,0.0001,softmax_teachers(logsumexp(logits)),/home/roi/PycharmProjects/KD_v5/OUTPUTS/article1_v3/results_rq2_backup.csv,88,,,,,,,,,,True
1d5f60b4392151c74d5e6f97cf77eac708c7c3ca5e82c276e71b1eb2f052d577,weighted_mean_logits,2a836581bb03cec96f509a87a0a27efbc0afc37c6522a54562e03a18504b0346,256,7ff045e85bdcdcb19da695baf49045e3320a14d4,ce2bf18f0d9889cb3d556494fa23be0fe9b556fbed2e0ce78a454b06ea98f885,f74999f0ad6bfdb6f9b48a6e37793deb9dc5f57b0afd11b381dc0b8f04b7cdd4,fmnist,3.5,30,30,300000,0.0,0.0,e311558ce6e4e1a1d345e2051c2d5e8ccaecccda,0.001,3.5,expert_logit,AdamW,,article1-v3,1f50734fff13fb3a38b67f2458855d5abf7c3f2c44e5854886e8419c50ebe421,aa87fb2b4d24946ad5c94ef0f1a84aade8c60c333a8e794e81c010e4a202506a,10000,full_original_order,42,aa87fb2b4d24946ad5c94ef0f1a84aade8c60c333a8e794e81c010e4a202506a,10000,deterministic_evaluation,alpha0p1,ee4622118c8e53e8,none,42,3d90455ef1255d11fc131e1b8ef14a089fc02c681b42f4e6723511163eca6019,1.920853853225708,1902c4d403a1e7249ac2616fe137aefc66e55a6b36798d693b04186999168c34,0.8949,0.6926723701000214,0.9968,1.4345743052554478,0.5807112925074831,1.0,8.0,"{""K"": 10, ""batch_size"": 256, ""epochs"": 30, ""lr"": 0.001, ""optimizer"": ""AdamW"", ""weight_decay"": 0.0001}",1200,0.0001,selected_uniform,/home/roi/PycharmProjects/KD_v5/OUTPUTS/article1_v3/results_rq2_backup.csv,89,,,,,,,,,,True
ce4b9886dc3da23c4ec80937dca96608fe5f8454c6299680143dd031516e5403,weighted_mean_logits,2a836581bb03cec96f509a87a0a27efbc0afc37c6522a54562e03a18504b0346,256,7ff045e85bdcdcb19da695baf49045e3320a14d4,6d10b27dfaace9c4a5feee2285dee50606a90e7786e709b69a487aaf14e902d6,f74999f0ad6bfdb6f9b48a6e37793deb9dc5f57b0afd11b381dc0b8f04b7cdd4,fmnist,9.956575150439146,30,30,300000,0.0,0.0,e311558ce6e4e1a1d345e2051c2d5e8ccaecccda,0.001,10.0,confidence_logit,AdamW,,article1-v3,1f50734fff13fb3a38b67f2458855d5abf7c3f2c44e5854886e8419c50ebe421,aa87fb2b4d24946ad5c94ef0f1a84aade8c60c333a8e794e81c010e4a202506a,10000,full_original_order,42,aa87fb2b4d24946ad5c94ef0f1a84aade8c60c333a8e794e81c010e4a202506a,10000,deterministic_evaluation,multi,6e4cf9e2da9a1a3b,none,42,4bdbb3cba64ee5e964172b26f9d6e3163d21224577111b592f1a0b21ee227c74,0.2912431359291076,1902c4d403a1e7249ac2616fe137aefc66e55a6b36798d693b04186999168c34,0.2054,6.471002194213868,0.2048,2.0513373761756064,2.081723574665697,1.0,8.0,"{""K"": 10, ""batch_size"": 256, ""epochs"": 30, ""lr"": 0.001, ""optimizer"": ""AdamW"", ""weight_decay"": 0.0001}",1200,0.0001,softmax_teachers(MSP),/home/roi/PycharmProjects/KD_v5/OUTPUTS/article1_v3/results_rq2_backup.csv,90,,,,,,,,,,True
ce4b9886dc3da23c4ec80937dca96608fe5f8454c6299680143dd031516e5403,weighted_mean_logits,2a836581bb03cec96f509a87a0a27efbc0afc37c6522a54562e03a18504b0346,256,7ff045e85bdcdcb19da695baf49045e3320a14d4,6d10b27dfaace9c4a5feee2285dee50606a90e7786e709b69a487aaf14e902d6,f74999f0ad6bfdb6f9b48a6e37793deb9dc5f57b0afd11b381dc0b8f04b7cdd4,fmnist,2.0,30,30,300000,0.0,0.0,e311558ce6e4e1a1d345e2051c2d5e8ccaecccda,0.001,2.0,consensus_logit,AdamW,,article1-v3,1f50734fff13fb3a38b67f2458855d5abf7c3f2c44e5854886e8419c50ebe421,aa87fb2b4d24946ad5c94ef0f1a84aade8c60c333a8e794e81c010e4a202506a,10000,full_original_order,42,aa87fb2b4d24946ad5c94ef0f1a84aade8c60c333a8e794e81c010e4a202506a,10000,deterministic_evaluation,multi,58f434d7894607a6,none,42,52da493e35e694b8b0647df5568fb4584ce5633abb027c45d17565ef4585d2e2,2.0080952644348145,1902c4d403a1e7249ac2616fe137aefc66e55a6b36798d693b04186999168c34,0.3583,49.4116114074707,0.3564,0.1253711742684909,7.121147052920131,1.0,8.0,"{""K"": 10, ""batch_size"": 256, ""epochs"": 30, ""lr"": 0.001, ""optimizer"": ""AdamW"", ""weight_decay"": 0.0001}",1200,0.0001,selected_uniform,/home/roi/PycharmProjects/KD_v5/OUTPUTS/article1_v3/results_rq2_backup.csv,91,,,,,,,,,,True
ce4b9886dc3da23c4ec80937dca96608fe5f8454c6299680143dd031516e5403,weighted_mean_logits,2a836581bb03cec96f509a87a0a27efbc0afc37c6522a54562e03a18504b0346,256,7ff045e85bdcdcb19da695baf49045e3320a14d4,6d10b27dfaace9c4a5feee2285dee50606a90e7786e709b69a487aaf14e902d6,f74999f0ad6bfdb6f9b48a6e37793deb9dc5f57b0afd11b381dc0b8f04b7cdd4,fmnist,1.1449125104655224,30,30,300000,0.0,0.0,e311558ce6e4e1a1d345e2051c2d5e8ccaecccda,0.001,10.0,energy_logit,AdamW,,article1-v3,1f50734fff13fb3a38b67f2458855d5abf7c3f2c44e5854886e8419c50ebe421,aa87fb2b4d24946ad5c94ef0f1a84aade8c60c333a8e794e81c010e4a202506a,10000,full_original_order,42,aa87fb2b4d24946ad5c94ef0f1a84aade8c60c333a8e794e81c010e4a202506a,10000,deterministic_evaluation,multi,dc5084192a9e6ae3,none,42,b9a453f954c18eff1305b5d62db5ad5015758e02ef8247316451cbe35c67732c,6.341026306152344,1902c4d403a1e7249ac2616fe137aefc66e55a6b36798d693b04186999168c34,0.2139,119.98948447265624,0.2086,0.1139476971653799,10.56757037835491,1.0,8.0,"{""K"": 10, ""batch_size"": 256, ""epochs"": 30, ""lr"": 0.001, ""optimizer"": ""AdamW"", ""weight_decay"": 0.0001}",1200,0.0001,softmax_teachers(logsumexp(logits)),/home/roi/PycharmProjects/KD_v5/OUTPUTS/article1_v3/results_rq2_backup.csv,92,,,,,,,,,,True
ce4b9886dc3da23c4ec80937dca96608fe5f8454c6299680143dd031516e5403,weighted_mean_logits,2a836581bb03cec96f509a87a0a27efbc0afc37c6522a54562e03a18504b0346,256,7ff045e85bdcdcb19da695baf49045e3320a14d4,6d10b27dfaace9c4a5feee2285dee50606a90e7786e709b69a487aaf14e902d6,f74999f0ad6bfdb6f9b48a6e37793deb9dc5f57b0afd11b381dc0b8f04b7cdd4,fmnist,2.0,30,30,300000,0.0,0.0,e311558ce6e4e1a1d345e2051c2d5e8ccaecccda,0.001,2.0,expert_logit,AdamW,,article1-v3,1f50734fff13fb3a38b67f2458855d5abf7c3f2c44e5854886e8419c50ebe421,aa87fb2b4d24946ad5c94ef0f1a84aade8c60c333a8e794e81c010e4a202506a,10000,full_original_order,42,aa87fb2b4d24946ad5c94ef0f1a84aade8c60c333a8e794e81c010e4a202506a,10000,deterministic_evaluation,multi,3b53c9c6b8894bd7,none,42,3dd7e5e4054ecf270eb25de9c956a1c8a0c5c72e015f53e5902b20b1ddad1c6b,0.8935834169387817,1902c4d403a1e7249ac2616fe137aefc66e55a6b36798d693b04186999168c34,0.9033,1.7285046104431152,0.9934,0.359837778589957,0.1216738005081838,1.0,8.0,"{""K"": 10, ""batch_size"": 256, ""epochs"": 30, ""lr"": 0.001, ""optimizer"": ""AdamW"", ""weight_decay"": 0.0001}",1200,0.0001,selected_uniform,/home/roi/PycharmProjects/KD_v5/OUTPUTS/article1_v3/results_rq2_backup.csv,93,,,,,,,,,,True
e6f1e0016bd69e5208d7779bafd908447f0ffbf5bd505201465dc3d9494ee864,weighted_mean_logits,2a836581bb03cec96f509a87a0a27efbc0afc37c6522a54562e03a18504b0346,256,7ff045e85bdcdcb19da695baf49045e3320a14d4,1944f74bb5cfec71f7352901b31e26b9002b539aeee6e16b26bc16662319aa65,f74999f0ad6bfdb6f9b48a6e37793deb9dc5f57b0afd11b381dc0b8f04b7cdd4,fmnist,9.999999999999998,30,30,300000,0.0,0.0,e311558ce6e4e1a1d345e2051c2d5e8ccaecccda,0.001,10.0,confidence_logit,AdamW,,article1-v3,1f50734fff13fb3a38b67f2458855d5abf7c3f2c44e5854886e8419c50ebe421,aa87fb2b4d24946ad5c94ef0f1a84aade8c60c333a8e794e81c010e4a202506a,10000,full_original_order,42,aa87fb2b4d24946ad5c94ef0f1a84aade8c60c333a8e794e81c010e4a202506a,10000,deterministic_evaluation,single,5829e244613cfec4,none,42,47b76d81403073a64927c0974eb180307f04f0834b60e66a0219488e12baf3ab,0.1486002206802368,1902c4d403a1e7249ac2616fe137aefc66e55a6b36798d693b04186999168c34,0.1,9.884842950439452,0.1,2.125242305226468,2.5309431267518665,1.0,8.0,"{""K"": 10, ""batch_size"": 256, ""epochs"": 30, ""lr"": 0.001, ""optimizer"": ""AdamW"", ""weight_decay"": 0.0001}",1200,0.0001,softmax_teachers(MSP),/home/roi/PycharmProjects/KD_v5/OUTPUTS/article1_v3/results_rq2_backup.csv,94,,,,,,,,,,True
e6f1e0016bd69e5208d7779bafd908447f0ffbf5bd505201465dc3d9494ee864,weighted_mean_logits,2a836581bb03cec96f509a87a0a27efbc0afc37c6522a54562e03a18504b0346,256,7ff045e85bdcdcb19da695baf49045e3320a14d4,1944f74bb5cfec71f7352901b31e26b9002b539aeee6e16b26bc16662319aa65,f74999f0ad6bfdb6f9b48a6e37793deb9dc5f57b0afd11b381dc0b8f04b7cdd4,fmnist,1.0,30,30,300000,0.0,0.0,e311558ce6e4e1a1d345e2051c2d5e8ccaecccda,0.001,1.0,consensus_logit,AdamW,,article1-v3,1f50734fff13fb3a38b67f2458855d5abf7c3f2c44e5854886e8419c50ebe421,aa87fb2b4d24946ad5c94ef0f1a84aade8c60c333a8e794e81c010e4a202506a,10000,full_original_order,42,aa87fb2b4d24946ad5c94ef0f1a84aade8c60c333a8e794e81c010e4a202506a,10000,deterministic_evaluation,single,5540e70f316b3157,none,42,92a3eb8051ec4c062debe7b4f1787bb25a8392a64337aa693a9eb1fd53c5e1f3,3.4041047911159694e-05,1902c4d403a1e7249ac2616fe137aefc66e55a6b36798d693b04186999168c34,0.1,239.2655774902344,0.1,8.236987576428215e-06,18.403272340565145,1.0,8.0,"{""K"": 10, ""batch_size"": 256, ""epochs"": 30, ""lr"": 0.001, ""optimizer"": ""AdamW"", ""weight_decay"": 0.0001}",1200,0.0001,selected_uniform,/home/roi/PycharmProjects/KD_v5/OUTPUTS/article1_v3/results_rq2_backup.csv,95,,,,,,,,,,True
e6f1e0016bd69e5208d7779bafd908447f0ffbf5bd505201465dc3d9494ee864,weighted_mean_logits,2a836581bb03cec96f509a87a0a27efbc0afc37c6522a54562e03a18504b0346,256,7ff045e85bdcdcb19da695baf49045e3320a14d4,1944f74bb5cfec71f7352901b31e26b9002b539aeee6e16b26bc16662319aa65,f74999f0ad6bfdb6f9b48a6e37793deb9dc5f57b0afd11b381dc0b8f04b7cdd4,fmnist,1.0228885032009905,30,30,300000,0.0,0.0,e311558ce6e4e1a1d345e2051c2d5e8ccaecccda,0.001,10.0,energy_logit,AdamW,,article1-v3,1f50734fff13fb3a38b67f2458855d5abf7c3f2c44e5854886e8419c50ebe421,aa87fb2b4d24946ad5c94ef0f1a84aade8c60c333a8e794e81c010e4a202506a,10000,full_original_order,42,aa87fb2b4d24946ad5c94ef0f1a84aade8c60c333a8e794e81c010e4a202506a,10000,deterministic_evaluation,single,ec59f8482e80c410,none,42,b425a576da8b1970c188878566c3708a30c29f12424960234ed2144ac5cf0b5d,0.0206914469599723,1902c4d403a1e7249ac2616fe137aefc66e55a6b36798d693b04186999168c34,0.0613,331.40749306640623,0.059,0.0022060678904036,22.91505362564875,1.0,8.0,"{""K"": 10, ""batch_size"": 256, ""epochs"": 30, ""lr"": 0.001, ""optimizer"": ""AdamW"", ""weight_decay"": 0.0001}",1200,0.0001,softmax_teachers(logsumexp(logits)),/home/roi/PycharmProjects/KD_v5/OUTPUTS/article1_v3/results_rq2_backup.csv,96,,,,,,,,,,True
e6f1e0016bd69e5208d7779bafd908447f0ffbf5bd505201465dc3d9494ee864,weighted_mean_logits,2a836581bb03cec96f509a87a0a27efbc0afc37c6522a54562e03a18504b0346,256,7ff045e85bdcdcb19da695baf49045e3320a14d4,1944f74bb5cfec71f7352901b31e26b9002b539aeee6e16b26bc16662319aa65,f74999f0ad6bfdb6f9b48a6e37793deb9dc5f57b0afd11b381dc0b8f04b7cdd4,fmnist,1.0,30,30,300000,0.0,0.0,e311558ce6e4e1a1d345e2051c2d5e8ccaecccda,0.001,1.0,expert_logit,AdamW,,article1-v3,1f50734fff13fb3a38b67f2458855d5abf7c3f2c44e5854886e8419c50ebe421,aa87fb2b4d24946ad5c94ef0f1a84aade8c60c333a8e794e81c010e4a202506a,10000,full_original_order,42,aa87fb2b4d24946ad5c94ef0f1a84aade8c60c333a8e794e81c010e4a202506a,10000,deterministic_evaluation,single,99b441333e5bf3f5,none,42,aa380df826cb147ef3489f72fcb766d995ed0e05a11cae9d1d41be92e13e7fe3,0.1253919899463653,1902c4d403a1e7249ac2616fe137aefc66e55a6b36798d693b04186999168c34,0.9042,2.942580070018768,1.0,5.1002922931681286e-05,3.920342750904092e-06,1.0,8.0,"{""K"": 10, ""batch_size"": 256, ""epochs"": 30, ""lr"": 0.001, ""optimizer"": ""AdamW"", ""weight_decay"": 0.0001}",1200,0.0001,selected_uniform,/home/roi/PycharmProjects/KD_v5/OUTPUTS/article1_v3/results_rq2_backup.csv,97,,,,,,,,,,True
825876b0d474d45d9bc98df9d6cc7479d12957ac856cbd1f3b3b7efd3c8e55a7,weighted_mean_logits,9dc3b75d34f50fd7e8121684c2e8b96473759a62ffdf4da9a899b6be2324c4f6,256,7ff045e85bdcdcb19da695baf49045e3320a14d4,d2db20c014f018c6d1b499dc41833e16ffd868b260b44a02cae77e851d26d72b,ce9759db14e15b98f4aaac7a43748cb8b6118bcf1e63a1c4e898b519fb3a46f9,fmnist,9.923397099063516,30,30,300000,0.0,0.0,e311558ce6e4e1a1d345e2051c2d5e8ccaecccda,0.001,10.0,confidence_logit,AdamW,,article1-v3,eecbcffdb3e52099e26ebd2485d479a2553a52a6901356aed1ef3b69e9218818,8c10e8dabb252578e55d8ceadb12f9b772d83f07a663edb06566b4924cf6d961,10000,full_original_order,43,8c10e8dabb252578e55d8ceadb12f9b772d83f07a663edb06566b4924cf6d961,10000,deterministic_evaluation,iid,526ce8717d41c330,none,43,3c9f1839b2817bf0a65935a134a37995c5e81a5d34e5afd79d3691462ec7cbe9,0.7778151631355286,9f0b88d81119b57a6ae57eeb22a3257787c562e62cc7a83b1f6566c657fe7250,0.8878,0.3673686375498771,0.9056,1.7477134792347646,0.9222529368881008,1.0,8.0,"{""K"": 10, ""batch_size"": 256, ""epochs"": 30, ""lr"": 0.001, ""optimizer"": ""AdamW"", ""weight_decay"": 0.0001}",1200,0.0001,softmax_teachers(MSP),/home/roi/PycharmProjects/KD_v5/OUTPUTS/article1_v3/results_rq2_backup.csv,98,,,,,,,,,,True
825876b0d474d45d9bc98df9d6cc7479d12957ac856cbd1f3b3b7efd3c8e55a7,weighted_mean_logits,9dc3b75d34f50fd7e8121684c2e8b96473759a62ffdf4da9a899b6be2324c4f6,256,7ff045e85bdcdcb19da695baf49045e3320a14d4,d2db20c014f018c6d1b499dc41833e16ffd868b260b44a02cae77e851d26d72b,ce9759db14e15b98f4aaac7a43748cb8b6118bcf1e63a1c4e898b519fb3a46f9,fmnist,9.2878,30,30,300000,0.0,0.0,e311558ce6e4e1a1d345e2051c2d5e8ccaecccda,0.001,9.2878,consensus_logit,AdamW,,article1-v3,eecbcffdb3e52099e26ebd2485d479a2553a52a6901356aed1ef3b69e9218818,8c10e8dabb252578e55d8ceadb12f9b772d83f07a663edb06566b4924cf6d961,10000,full_original_order,43,8c10e8dabb252578e55d8ceadb12f9b772d83f07a663edb06566b4924cf6d961,10000,deterministic_evaluation,iid,42a8efc035fc8c25,none,43,5e0ca642636cda3c10a2d5d6a7bb598f9c37ae00bf0129564dd00fdaa696d087,0.8336262702941895,9f0b88d81119b57a6ae57eeb22a3257787c562e62cc7a83b1f6566c657fe7250,0.8899,0.3665756737232208,0.9041,1.7481244341475504,0.9226615769244734,1.0,8.0,"{""K"": 10, ""batch_size"": 256, ""epochs"": 30, ""lr"": 0.001, ""optimizer"": ""AdamW"", ""weight_decay"": 0.0001}",1200,0.0001,selected_uniform,/home/roi/PycharmProjects/KD_v5/OUTPUTS/article1_v3/results_rq2_backup.csv,99,,,,,,,,,,True
825876b0d474d45d9bc98df9d6cc7479d12957ac856cbd1f3b3b7efd3c8e55a7,weighted_mean_logits,9dc3b75d34f50fd7e8121684c2e8b96473759a62ffdf4da9a899b6be2324c4f6,256,7ff045e85bdcdcb19da695baf49045e3320a14d4,d2db20c014f018c6d1b499dc41833e16ffd868b260b44a02cae77e851d26d72b,ce9759db14e15b98f4aaac7a43748cb8b6118bcf1e63a1c4e898b519fb3a46f9,fmnist,2.074298153120484,30,30,300000,0.0,0.0,e311558ce6e4e1a1d345e2051c2d5e8ccaecccda,0.001,10.0,energy_logit,AdamW,,article1-v3,eecbcffdb3e52099e26ebd2485d479a2553a52a6901356aed1ef3b69e9218818,8c10e8dabb252578e55d8ceadb12f9b772d83f07a663edb06566b4924cf6d961,10000,full_original_order,43,8c10e8dabb252578e55d8ceadb12f9b772d83f07a663edb06566b4924cf6d961,10000,deterministic_evaluation,iid,d1333cce5165256f,none,43,116d77df50cf69a30fd50500ea077525a32abfa81c869eb44b6a3edd623e3a33,1.2817542552947998,9f0b88d81119b57a6ae57eeb22a3257787c562e62cc7a83b1f6566c657fe7250,0.888,0.5293396105736494,0.9025,1.3737334624422206,0.6692426992613509,1.0,8.0,"{""K"": 10, ""batch_size"": 256, ""epochs"": 30, ""lr"": 0.001, ""optimizer"": ""AdamW"", ""weight_decay"": 0.0001}",1200,0.0001,softmax_teachers(logsumexp(logits)),/home/roi/PycharmProjects/KD_v5/OUTPUTS/article1_v3/results_rq2_backup.csv,100,,,,,,,,,,True
825876b0d474d45d9bc98df9d6cc7479d12957ac856cbd1f3b3b7efd3c8e55a7,weighted_mean_logits,9dc3b75d34f50fd7e8121684c2e8b96473759a62ffdf4da9a899b6be2324c4f6,256,7ff045e85bdcdcb19da695baf49045e3320a14d4,d2db20c014f018c6d1b499dc41833e16ffd868b260b44a02cae77e851d26d72b,ce9759db14e15b98f4aaac7a43748cb8b6118bcf1e63a1c4e898b519fb3a46f9,fmnist,8.599999999999998,30,30,300000,1000.0,0.1,e311558ce6e4e1a1d345e2051c2d5e8ccaecccda,0.001,7.6,expert_logit,AdamW,,article1-v3,eecbcffdb3e52099e26ebd2485d479a2553a52a6901356aed1ef3b69e9218818,8c10e8dabb252578e55d8ceadb12f9b772d83f07a663edb06566b4924cf6d961,10000,full_original_order,43,8c10e8dabb252578e55d8ceadb12f9b772d83f07a663edb06566b4924cf6d961,10000,deterministic_evaluation,iid,75d22f7938affba4,none,43,0b3a295b8e4d972d9a3626a927e832c81bd1f5e120db206da0de8ed23f2ef3ab,0.7837768793106079,9f0b88d81119b57a6ae57eeb22a3257787c562e62cc7a83b1f6566c657fe7250,0.8881,0.3615901524543762,0.9099,1.7477335415669764,0.9238399078165908,1.0,8.0,"{""K"": 10, ""batch_size"": 256, ""epochs"": 30, ""lr"": 0.001, ""optimizer"": ""AdamW"", ""weight_decay"": 0.0001}",1200,0.0001,selected_uniform,/home/roi/PycharmProjects/KD_v5/OUTPUTS/article1_v3/results_rq2_backup.csv,101,,,,,,,,,,True
cca1df8b70663f0f4e33e98b1ddae9913b8913e88f4d6a8609494e7039c28b6c,weighted_mean_logits,9dc3b75d34f50fd7e8121684c2e8b96473759a62ffdf4da9a899b6be2324c4f6,256,7ff045e85bdcdcb19da695baf49045e3320a14d4,73def971a2a1c29fdabc16124b77beb9011e4be4eb24fbaacd07c4bab9143525,ce9759db14e15b98f4aaac7a43748cb8b6118bcf1e63a1c4e898b519fb3a46f9,fmnist,9.86256443327695,30,30,300000,0.0,0.0,e311558ce6e4e1a1d345e2051c2d5e8ccaecccda,0.001,10.0,confidence_logit,AdamW,,article1-v3,eecbcffdb3e52099e26ebd2485d479a2553a52a6901356aed1ef3b69e9218818,8c10e8dabb252578e55d8ceadb12f9b772d83f07a663edb06566b4924cf6d961,10000,full_original_order,43,8c10e8dabb252578e55d8ceadb12f9b772d83f07a663edb06566b4924cf6d961,10000,deterministic_evaluation,alpha1p0,1f040ff6e65d29c0,none,43,cd56251068a034c529275b0488b50064b52a59095df778aecb6864a5fe1dc3fa,0.8558244109153748,9f0b88d81119b57a6ae57eeb22a3257787c562e62cc7a83b1f6566c657fe7250,0.8555,0.425301025056839,0.8779,1.928952526612448,1.1118647334106615,1.0,8.0,"{""K"": 10, ""batch_size"": 256, ""epochs"": 30, ""lr"": 0.001, ""optimizer"": ""AdamW"", ""weight_decay"": 0.0001}",1200,0.0001,softmax_teachers(MSP),/home/roi/PycharmProjects/KD_v5/OUTPUTS/article1_v3/results_rq2_backup.csv,102,,,,,,,,,,True
cca1df8b70663f0f4e33e98b1ddae9913b8913e88f4d6a8609494e7039c28b6c,weighted_mean_logits,9dc3b75d34f50fd7e8121684c2e8b96473759a62ffdf4da9a899b6be2324c4f6,256,7ff045e85bdcdcb19da695baf49045e3320a14d4,73def971a2a1c29fdabc16124b77beb9011e4be4eb24fbaacd07c4bab9143525,ce9759db14e15b98f4aaac7a43748cb8b6118bcf1e63a1c4e898b519fb3a46f9,fmnist,8.4846,30,30,300000,0.0,0.0,e311558ce6e4e1a1d345e2051c2d5e8ccaecccda,0.001,8.4846,consensus_logit,AdamW,,article1-v3,eecbcffdb3e52099e26ebd2485d479a2553a52a6901356aed1ef3b69e9218818,8c10e8dabb252578e55d8ceadb12f9b772d83f07a663edb06566b4924cf6d961,10000,full_original_order,43,8c10e8dabb252578e55d8ceadb12f9b772d83f07a663edb06566b4924cf6d961,10000,deterministic_evaluation,alpha1p0,3ae5b947059bcdd6,none,43,e38d6695f6929d7e406b4f71be09e938b6127cfe4383f7f48aeaaf38b982a198,1.1779792308807373,9f0b88d81119b57a6ae57eeb22a3257787c562e62cc7a83b1f6566c657fe7250,0.8835,0.3917058411121368,0.8972,1.9105645687399344,1.061995349111211,1.0,8.0,"{""K"": 10, ""batch_size"": 256, ""epochs"": 30, ""lr"": 0.001, ""optimizer"": ""AdamW"", ""weight_decay"": 0.0001}",1200,0.0001,selected_uniform,/home/roi/PycharmProjects/KD_v5/OUTPUTS/article1_v3/results_rq2_backup.csv,103,,,,,,,,,,True
cca1df8b70663f0f4e33e98b1ddae9913b8913e88f4d6a8609494e7039c28b6c,weighted_mean_logits,9dc3b75d34f50fd7e8121684c2e8b96473759a62ffdf4da9a899b6be2324c4f6,256,7ff045e85bdcdcb19da695baf49045e3320a14d4,73def971a2a1c29fdabc16124b77beb9011e4be4eb24fbaacd07c4bab9143525,ce9759db14e15b98f4aaac7a43748cb8b6118bcf1e63a1c4e898b519fb3a46f9,fmnist,2.063329813272603,30,30,300000,0.0,0.0,e311558ce6e4e1a1d345e2051c2d5e8ccaecccda,0.001,10.0,energy_logit,AdamW,,article1-v3,eecbcffdb3e52099e26ebd2485d479a2553a52a6901356aed1ef3b69e9218818,8c10e8dabb252578e55d8ceadb12f9b772d83f07a663edb06566b4924cf6d961,10000,full_original_order,43,8c10e8dabb252578e55d8ceadb12f9b772d83f07a663edb06566b4924cf6d961,10000,deterministic_evaluation,alpha1p0,a3ba22be2422df85,none,43,ae1714f86d672749484199ad8cb5f12cad9d8cb51e1c20eabe78e0c417994794,1.057335615158081,9f0b88d81119b57a6ae57eeb22a3257787c562e62cc7a83b1f6566c657fe7250,0.8523,0.9889099980354308,0.8703,1.4763715771117445,0.8233344938264116,1.0,8.0,"{""K"": 10, ""batch_size"": 256, ""epochs"": 30, ""lr"": 0.001, ""optimizer"": ""AdamW"", ""weight_decay"": 0.0001}",1200,0.0001,softmax_teachers(logsumexp(logits)),/home/roi/PycharmProjects/KD_v5/OUTPUTS/article1_v3/results_rq2_backup.csv,104,,,,,,,,,,True
cca1df8b70663f0f4e33e98b1ddae9913b8913e88f4d6a8609494e7039c28b6c,weighted_mean_logits,9dc3b75d34f50fd7e8121684c2e8b96473759a62ffdf4da9a899b6be2324c4f6,256,7ff045e85bdcdcb19da695baf49045e3320a14d4,73def971a2a1c29fdabc16124b77beb9011e4be4eb24fbaacd07c4bab9143525,ce9759db14e15b98f4aaac7a43748cb8b6118bcf1e63a1c4e898b519fb3a46f9,fmnist,7.1,30,30,300000,0.0,0.0,e311558ce6e4e1a1d345e2051c2d5e8ccaecccda,0.001,7.1,expert_logit,AdamW,,article1-v3,eecbcffdb3e52099e26ebd2485d479a2553a52a6901356aed1ef3b69e9218818,8c10e8dabb252578e55d8ceadb12f9b772d83f07a663edb06566b4924cf6d961,10000,full_original_order,43,8c10e8dabb252578e55d8ceadb12f9b772d83f07a663edb06566b4924cf6d961,10000,deterministic_evaluation,alpha1p0,bbaf4389c6b58903,none,43,96e3c2910cf5390a88f4250bacbebc5b80811c686b3a4c08da9ce15e43b4a704,0.9913374781608582,9f0b88d81119b57a6ae57eeb22a3257787c562e62cc7a83b1f6566c657fe7250,0.8858,0.4142561289787292,0.9558,1.8790345090096048,0.9898107389710452,1.0,8.0,"{""K"": 10, ""batch_size"": 256, ""epochs"": 30, ""lr"": 0.001, ""optimizer"": ""AdamW"", ""weight_decay"": 0.0001}",1200,0.0001,selected_uniform,/home/roi/PycharmProjects/KD_v5/OUTPUTS/article1_v3/results_rq2_backup.csv,105,,,,,,,,,,True
75deb844b9a7e241e896c1c951fb1cd435d473dead215f5c9fa74bee72170ce0,weighted_mean_logits,9dc3b75d34f50fd7e8121684c2e8b96473759a62ffdf4da9a899b6be2324c4f6,256,7ff045e85bdcdcb19da695baf49045e3320a14d4,2a057311d99ac3f194298094a9bbf40cf6097b66fad43ca4fd46d89a36b9d586,ce9759db14e15b98f4aaac7a43748cb8b6118bcf1e63a1c4e898b519fb3a46f9,fmnist,9.761801295364943,30,30,300000,0.0,0.0,e311558ce6e4e1a1d345e2051c2d5e8ccaecccda,0.001,10.0,confidence_logit,AdamW,,article1-v3,eecbcffdb3e52099e26ebd2485d479a2553a52a6901356aed1ef3b69e9218818,8c10e8dabb252578e55d8ceadb12f9b772d83f07a663edb06566b4924cf6d961,10000,full_original_order,43,8c10e8dabb252578e55d8ceadb12f9b772d83f07a663edb06566b4924cf6d961,10000,deterministic_evaluation,alpha0p5,f9ad89368e1ebfbc,none,43,e9ff7ec8e9eeee4fe512167ebf90ce6d0aa57689737026150eef648f648c30a2,0.5842814445495605,9f0b88d81119b57a6ae57eeb22a3257787c562e62cc7a83b1f6566c657fe7250,0.8649,0.3750406516551971,0.883,2.0306995247997435,1.247392111259134,1.0,8.0,"{""K"": 10, ""batch_size"": 256, ""epochs"": 30, ""lr"": 0.001, ""optimizer"": ""AdamW"", ""weight_decay"": 0.0001}",1200,0.0001,softmax_teachers(MSP),/home/roi/PycharmProjects/KD_v5/OUTPUTS/article1_v3/results_rq2_backup.csv,106,,,,,,,,,,True
75deb844b9a7e241e896c1c951fb1cd435d473dead215f5c9fa74bee72170ce0,weighted_mean_logits,9dc3b75d34f50fd7e8121684c2e8b96473759a62ffdf4da9a899b6be2324c4f6,256,7ff045e85bdcdcb19da695baf49045e3320a14d4,2a057311d99ac3f194298094a9bbf40cf6097b66fad43ca4fd46d89a36b9d586,ce9759db14e15b98f4aaac7a43748cb8b6118bcf1e63a1c4e898b519fb3a46f9,fmnist,7.5863,30,30,300000,0.0,0.0,e311558ce6e4e1a1d345e2051c2d5e8ccaecccda,0.001,7.5863,consensus_logit,AdamW,,article1-v3,eecbcffdb3e52099e26ebd2485d479a2553a52a6901356aed1ef3b69e9218818,8c10e8dabb252578e55d8ceadb12f9b772d83f07a663edb06566b4924cf6d961,10000,full_original_order,43,8c10e8dabb252578e55d8ceadb12f9b772d83f07a663edb06566b4924cf6d961,10000,deterministic_evaluation,alpha0p5,e6c7115bb24b0b52,none,43,203a64967c6ade43a66a561044430c431f25cc2ad970129ccdf42849280e9957,0.7905583381652832,9f0b88d81119b57a6ae57eeb22a3257787c562e62cc7a83b1f6566c657fe7250,0.8769,0.3717570810198783,0.8898,1.9738443909521115,1.1482022550473694,1.0,8.0,"{""K"": 10, ""batch_size"": 256, ""epochs"": 30, ""lr"": 0.001, ""optimizer"": ""AdamW"", ""weight_decay"": 0.0001}",1200,0.0001,selected_uniform,/home/roi/PycharmProjects/KD_v5/OUTPUTS/article1_v3/results_rq2_backup.csv,107,,,,,,,,,,True
75deb844b9a7e241e896c1c951fb1cd435d473dead215f5c9fa74bee72170ce0,weighted_mean_logits,9dc3b75d34f50fd7e8121684c2e8b96473759a62ffdf4da9a899b6be2324c4f6,256,7ff045e85bdcdcb19da695baf49045e3320a14d4,2a057311d99ac3f194298094a9bbf40cf6097b66fad43ca4fd46d89a36b9d586,ce9759db14e15b98f4aaac7a43748cb8b6118bcf1e63a1c4e898b519fb3a46f9,fmnist,1.6887897808818717,30,30,300000,0.0,0.0,e311558ce6e4e1a1d345e2051c2d5e8ccaecccda,0.001,10.0,energy_logit,AdamW,,article1-v3,eecbcffdb3e52099e26ebd2485d479a2553a52a6901356aed1ef3b69e9218818,8c10e8dabb252578e55d8ceadb12f9b772d83f07a663edb06566b4924cf6d961,10000,full_original_order,43,8c10e8dabb252578e55d8ceadb12f9b772d83f07a663edb06566b4924cf6d961,10000,deterministic_evaluation,alpha0p5,724ed55362593dba,none,43,1c56ec9e473227343b31858620d1e0d3d716f44890c998c49d708091d1f3dd77,1.1626161336898804,9f0b88d81119b57a6ae57eeb22a3257787c562e62cc7a83b1f6566c657fe7250,0.8562,0.6532771498739719,0.871,1.5119406689895367,0.8128834708829662,1.0,8.0,"{""K"": 10, ""batch_size"": 256, ""epochs"": 30, ""lr"": 0.001, ""optimizer"": ""AdamW"", ""weight_decay"": 0.0001}",1200,0.0001,softmax_teachers(logsumexp(logits)),/home/roi/PycharmProjects/KD_v5/OUTPUTS/article1_v3/results_rq2_backup.csv,108,,,,,,,,,,True
75deb844b9a7e241e896c1c951fb1cd435d473dead215f5c9fa74bee72170ce0,weighted_mean_logits,9dc3b75d34f50fd7e8121684c2e8b96473759a62ffdf4da9a899b6be2324c4f6,256,7ff045e85bdcdcb19da695baf49045e3320a14d4,2a057311d99ac3f194298094a9bbf40cf6097b66fad43ca4fd46d89a36b9d586,ce9759db14e15b98f4aaac7a43748cb8b6118bcf1e63a1c4e898b519fb3a46f9,fmnist,5.7,30,30,300000,0.0,0.0,e311558ce6e4e1a1d345e2051c2d5e8ccaecccda,0.001,5.7,expert_logit,AdamW,,article1-v3,eecbcffdb3e52099e26ebd2485d479a2553a52a6901356aed1ef3b69e9218818,8c10e8dabb252578e55d8ceadb12f9b772d83f07a663edb06566b4924cf6d961,10000,full_original_order,43,8c10e8dabb252578e55d8ceadb12f9b772d83f07a663edb06566b4924cf6d961,10000,deterministic_evaluation,alpha0p5,e47c4480a07b5646,none,43,e0734b2e4c32e68cace54d0edad8eccfd3bdb67eddb52d68ba73efe51f7f3dce,1.088047742843628,9f0b88d81119b57a6ae57eeb22a3257787c562e62cc7a83b1f6566c657fe7250,0.8913,0.3699189596772194,0.9547,1.92308299559599,1.0495748389636907,1.0,8.0,"{""K"": 10, ""batch_size"": 256, ""epochs"": 30, ""lr"": 0.001, ""optimizer"": ""AdamW"", ""weight_decay"": 0.0001}",1200,0.0001,selected_uniform,/home/roi/PycharmProjects/KD_v5/OUTPUTS/article1_v3/results_rq2_backup.csv,109,,,,,,,,,,True
71a8c9248302350eb7ac28adb94bc15c293486b4e8058a10079bdb72962804b5,weighted_mean_logits,9dc3b75d34f50fd7e8121684c2e8b96473759a62ffdf4da9a899b6be2324c4f6,256,7ff045e85bdcdcb19da695baf49045e3320a14d4,4789b5133591bc0eb275a2285796cc8a66586e764bdeca50de645b6db0db73d6,ce9759db14e15b98f4aaac7a43748cb8b6118bcf1e63a1c4e898b519fb3a46f9,fmnist,9.805244324205947,30,30,300000,0.0,0.0,e311558ce6e4e1a1d345e2051c2d5e8ccaecccda,0.001,10.0,confidence_logit,AdamW,,article1-v3,eecbcffdb3e52099e26ebd2485d479a2553a52a6901356aed1ef3b69e9218818,8c10e8dabb252578e55d8ceadb12f9b772d83f07a663edb06566b4924cf6d961,10000,full_original_order,43,8c10e8dabb252578e55d8ceadb12f9b772d83f07a663edb06566b4924cf6d961,10000,deterministic_evaluation,alpha0p1,9b78d8c0f7d0569d,none,43,415c92462947db17c554e65011b74b64efc8fc1fe6d6a4cf6bdd60c2a573fa4b,0.2241959571838379,9f0b88d81119b57a6ae57eeb22a3257787c562e62cc7a83b1f6566c657fe7250,0.6273,1.1812377521514892,0.6641,2.210094544294289,1.717695995306704,1.0,8.0,"{""K"": 10, ""batch_size"": 256, ""epochs"": 30, ""lr"": 0.001, ""optimizer"": ""AdamW"", ""weight_decay"": 0.0001}",1200,0.0001,softmax_teachers(MSP),/home/roi/PycharmProjects/KD_v5/OUTPUTS/article1_v3/results_rq2_backup.csv,110,,,,,,,,,,True
71a8c9248302350eb7ac28adb94bc15c293486b4e8058a10079bdb72962804b5,weighted_mean_logits,9dc3b75d34f50fd7e8121684c2e8b96473759a62ffdf4da9a899b6be2324c4f6,256,7ff045e85bdcdcb19da695baf49045e3320a14d4,4789b5133591bc0eb275a2285796cc8a66586e764bdeca50de645b6db0db73d6,ce9759db14e15b98f4aaac7a43748cb8b6118bcf1e63a1c4e898b519fb3a46f9,fmnist,4.4448,30,30,300000,0.0,0.0,e311558ce6e4e1a1d345e2051c2d5e8ccaecccda,0.001,4.4448,consensus_logit,AdamW,,article1-v3,eecbcffdb3e52099e26ebd2485d479a2553a52a6901356aed1ef3b69e9218818,8c10e8dabb252578e55d8ceadb12f9b772d83f07a663edb06566b4924cf6d961,10000,full_original_order,43,8c10e8dabb252578e55d8ceadb12f9b772d83f07a663edb06566b4924cf6d961,10000,deterministic_evaluation,alpha0p1,b13fe59f2f31a5f0,none,43,e6f54137860fc1a236348bdfa37439199635680f5d4123fc5f0a604c60ae6d67,1.8441470861434937,9f0b88d81119b57a6ae57eeb22a3257787c562e62cc7a83b1f6566c657fe7250,0.7666,1.94293335647583,0.7669,1.7613385903023244,1.1611652514923556,1.0,8.0,"{""K"": 10, ""batch_size"": 256, ""epochs"": 30, ""lr"": 0.001, ""optimizer"": ""AdamW"", ""weight_decay"": 0.0001}",1200,0.0001,selected_uniform,/home/roi/PycharmProjects/KD_v5/OUTPUTS/article1_v3/results_rq2_backup.csv,111,,,,,,,,,,True
71a8c9248302350eb7ac28adb94bc15c293486b4e8058a10079bdb72962804b5,weighted_mean_logits,9dc3b75d34f50fd7e8121684c2e8b96473759a62ffdf4da9a899b6be2324c4f6,256,7ff045e85bdcdcb19da695baf49045e3320a14d4,4789b5133591bc0eb275a2285796cc8a66586e764bdeca50de645b6db0db73d6,ce9759db14e15b98f4aaac7a43748cb8b6118bcf1e63a1c4e898b519fb3a46f9,fmnist,1.4234068906999924,30,30,300000,0.0,0.0,e311558ce6e4e1a1d345e2051c2d5e8ccaecccda,0.001,10.0,energy_logit,AdamW,,article1-v3,eecbcffdb3e52099e26ebd2485d479a2553a52a6901356aed1ef3b69e9218818,8c10e8dabb252578e55d8ceadb12f9b772d83f07a663edb06566b4924cf6d961,10000,full_original_order,43,8c10e8dabb252578e55d8ceadb12f9b772d83f07a663edb06566b4924cf6d961,10000,deterministic_evaluation,alpha0p1,f7e294c466c25e39,none,43,de5e005da9f7548f27eedfe9e50a295417fdf1515e67ad21aac09f38cf2d41d6,3.218200206756592,9f0b88d81119b57a6ae57eeb22a3257787c562e62cc7a83b1f6566c657fe7250,0.6434,5.86064453125,0.6486,1.3645112017464265,1.4678955155806008,1.0,8.0,"{""K"": 10, ""batch_size"": 256, ""epochs"": 30, ""lr"": 0.001, ""optimizer"": ""AdamW"", ""weight_decay"": 0.0001}",1200,0.0001,softmax_teachers(logsumexp(logits)),/home/roi/PycharmProjects/KD_v5/OUTPUTS/article1_v3/results_rq2_backup.csv,112,,,,,,,,,,True
71a8c9248302350eb7ac28adb94bc15c293486b4e8058a10079bdb72962804b5,weighted_mean_logits,9dc3b75d34f50fd7e8121684c2e8b96473759a62ffdf4da9a899b6be2324c4f6,256,7ff045e85bdcdcb19da695baf49045e3320a14d4,4789b5133591bc0eb275a2285796cc8a66586e764bdeca50de645b6db0db73d6,ce9759db14e15b98f4aaac7a43748cb8b6118bcf1e63a1c4e898b519fb3a46f9,fmnist,3.8,30,30,300000,0.0,0.0,e311558ce6e4e1a1d345e2051c2d5e8ccaecccda,0.001,3.8,expert_logit,AdamW,,article1-v3,eecbcffdb3e52099e26ebd2485d479a2553a52a6901356aed1ef3b69e9218818,8c10e8dabb252578e55d8ceadb12f9b772d83f07a663edb06566b4924cf6d961,10000,full_original_order,43,8c10e8dabb252578e55d8ceadb12f9b772d83f07a663edb06566b4924cf6d961,10000,deterministic_evaluation,alpha0p1,d6936aa789a071ad,none,43,e1459fc6af107e1dd8db6143b594ba9816a0564f6d835adaaf96f21b1075bdcb,1.898460865020752,9f0b88d81119b57a6ae57eeb22a3257787c562e62cc7a83b1f6566c657fe7250,0.8966,0.5284197990179061,0.9972,1.6864754537773108,0.7379944483937408,1.0,8.0,"{""K"": 10, ""batch_size"": 256, ""epochs"": 30, ""lr"": 0.001, ""optimizer"": ""AdamW"", ""weight_decay"": 0.0001}",1200,0.0001,selected_uniform,/home/roi/PycharmProjects/KD_v5/OUTPUTS/article1_v3/results_rq2_backup.csv,113,,,,,,,,,,True
ce4b9886dc3da23c4ec80937dca96608fe5f8454c6299680143dd031516e5403,weighted_mean_logits,9dc3b75d34f50fd7e8121684c2e8b96473759a62ffdf4da9a899b6be2324c4f6,256,7ff045e85bdcdcb19da695baf49045e3320a14d4,d7e372943c8cefd690b4c3f86847f56783ad27f230c06c93b659f4ced9a20803,ce9759db14e15b98f4aaac7a43748cb8b6118bcf1e63a1c4e898b519fb3a46f9,fmnist,9.956731657018317,30,30,300000,0.0,0.0,e311558ce6e4e1a1d345e2051c2d5e8ccaecccda,0.001,10.0,confidence_logit,AdamW,,article1-v3,eecbcffdb3e52099e26ebd2485d479a2553a52a6901356aed1ef3b69e9218818,8c10e8dabb252578e55d8ceadb12f9b772d83f07a663edb06566b4924cf6d961,10000,full_original_order,43,8c10e8dabb252578e55d8ceadb12f9b772d83f07a663edb06566b4924cf6d961,10000,deterministic_evaluation,multi,168a82295893ed4c,none,43,8ac48adbf91f7305ce337e8437bb577ee1e90a98f618315a569f6373fcb45c90,0.2036720961332321,9f0b88d81119b57a6ae57eeb22a3257787c562e62cc7a83b1f6566c657fe7250,0.2131,6.4268048416137695,0.2159,2.068024505975421,2.0931397892791943,1.0,8.0,"{""K"": 10, ""batch_size"": 256, ""epochs"": 30, ""lr"": 0.001, ""optimizer"": ""AdamW"", ""weight_decay"": 0.0001}",1200,0.0001,softmax_teachers(MSP),/home/roi/PycharmProjects/KD_v5/OUTPUTS/article1_v3/results_rq2_backup.csv,114,,,,,,,,,,True
ce4b9886dc3da23c4ec80937dca96608fe5f8454c6299680143dd031516e5403,weighted_mean_logits,9dc3b75d34f50fd7e8121684c2e8b96473759a62ffdf4da9a899b6be2324c4f6,256,7ff045e85bdcdcb19da695baf49045e3320a14d4,d7e372943c8cefd690b4c3f86847f56783ad27f230c06c93b659f4ced9a20803,ce9759db14e15b98f4aaac7a43748cb8b6118bcf1e63a1c4e898b519fb3a46f9,fmnist,2.0,30,30,300000,0.0,0.0,e311558ce6e4e1a1d345e2051c2d5e8ccaecccda,0.001,2.0,consensus_logit,AdamW,,article1-v3,eecbcffdb3e52099e26ebd2485d479a2553a52a6901356aed1ef3b69e9218818,8c10e8dabb252578e55d8ceadb12f9b772d83f07a663edb06566b4924cf6d961,10000,full_original_order,43,8c10e8dabb252578e55d8ceadb12f9b772d83f07a663edb06566b4924cf6d961,10000,deterministic_evaluation,multi,e7ae91326bd70e56,none,43,287abc3d7cbf162937c58e739aa725bfb19a140bac64a856514281ac12b60099,6.230645179748535,9f0b88d81119b57a6ae57eeb22a3257787c562e62cc7a83b1f6566c657fe7250,0.4046,42.72982554626465,0.4033,0.1152925628929855,6.325221978522978,1.0,8.0,"{""K"": 10, ""batch_size"": 256, ""epochs"": 30, ""lr"": 0.001, ""optimizer"": ""AdamW"", ""weight_decay"": 0.0001}",1200,0.0001,selected_uniform,/home/roi/PycharmProjects/KD_v5/OUTPUTS/article1_v3/results_rq2_backup.csv,115,,,,,,,,,,True
ce4b9886dc3da23c4ec80937dca96608fe5f8454c6299680143dd031516e5403,weighted_mean_logits,9dc3b75d34f50fd7e8121684c2e8b96473759a62ffdf4da9a899b6be2324c4f6,256,7ff045e85bdcdcb19da695baf49045e3320a14d4,d7e372943c8cefd690b4c3f86847f56783ad27f230c06c93b659f4ced9a20803,ce9759db14e15b98f4aaac7a43748cb8b6118bcf1e63a1c4e898b519fb3a46f9,fmnist,1.0248555183903882,30,30,300000,0.0,0.0,e311558ce6e4e1a1d345e2051c2d5e8ccaecccda,0.001,10.0,energy_logit,AdamW,,article1-v3,eecbcffdb3e52099e26ebd2485d479a2553a52a6901356aed1ef3b69e9218818,8c10e8dabb252578e55d8ceadb12f9b772d83f07a663edb06566b4924cf6d961,10000,full_original_order,43,8c10e8dabb252578e55d8ceadb12f9b772d83f07a663edb06566b4924cf6d961,10000,deterministic_evaluation,multi,f15ec469cc571c63,none,43,a8e11c8671bc69d447fdda53286eff8bc447269f26aed218653cebe767ae1bff,0.2413744777441024,9f0b88d81119b57a6ae57eeb22a3257787c562e62cc7a83b1f6566c657fe7250,0.2144,114.6140299560547,0.2133,0.0880716943455282,10.661973648125148,1.0,8.0,"{""K"": 10, ""batch_size"": 256, ""epochs"": 30, ""lr"": 0.001, ""optimizer"": ""AdamW"", ""weight_decay"": 0.0001}",1200,0.0001,softmax_teachers(logsumexp(logits)),/home/roi/PycharmProjects/KD_v5/OUTPUTS/article1_v3/results_rq2_backup.csv,116,,,,,,,,,,True
ce4b9886dc3da23c4ec80937dca96608fe5f8454c6299680143dd031516e5403,weighted_mean_logits,9dc3b75d34f50fd7e8121684c2e8b96473759a62ffdf4da9a899b6be2324c4f6,256,7ff045e85bdcdcb19da695baf49045e3320a14d4,d7e372943c8cefd690b4c3f86847f56783ad27f230c06c93b659f4ced9a20803,ce9759db14e15b98f4aaac7a43748cb8b6118bcf1e63a1c4e898b519fb3a46f9,fmnist,2.0,30,30,300000,0.0,0.0,e311558ce6e4e1a1d345e2051c2d5e8ccaecccda,0.001,2.0,expert_logit,AdamW,,article1-v3,eecbcffdb3e52099e26ebd2485d479a2553a52a6901356aed1ef3b69e9218818,8c10e8dabb252578e55d8ceadb12f9b772d83f07a663edb06566b4924cf6d961,10000,full_original_order,43,8c10e8dabb252578e55d8ceadb12f9b772d83f07a663edb06566b4924cf6d961,10000,deterministic_evaluation,multi,999235d2e3bd1c38,none,43,411d7ce2154d07a9b558b48c5aaf2dda3c5d6a55ec5bfaa9684d2d6bd7044e77,1.5434833765029907,9f0b88d81119b57a6ae57eeb22a3257787c562e62cc7a83b1f6566c657fe7250,0.8959,1.9032822788238528,0.9952,0.3704563862035199,0.1296083637603433,1.0,8.0,"{""K"": 10, ""batch_size"": 256, ""epochs"": 30, ""lr"": 0.001, ""optimizer"": ""AdamW"", ""weight_decay"": 0.0001}",1200,0.0001,selected_uniform,/home/roi/PycharmProjects/KD_v5/OUTPUTS/article1_v3/results_rq2_backup.csv,117,,,,,,,,,,True
e6f1e0016bd69e5208d7779bafd908447f0ffbf5bd505201465dc3d9494ee864,weighted_mean_logits,9dc3b75d34f50fd7e8121684c2e8b96473759a62ffdf4da9a899b6be2324c4f6,256,7ff045e85bdcdcb19da695baf49045e3320a14d4,52f3cfdd6fc3f7cde0f491f8d9a2856977cdf26a4c756ae607619d987aa00d6c,ce9759db14e15b98f4aaac7a43748cb8b6118bcf1e63a1c4e898b519fb3a46f9,fmnist,9.999999999999998,30,30,300000,0.0,0.0,e311558ce6e4e1a1d345e2051c2d5e8ccaecccda,0.001,10.0,confidence_logit,AdamW,,article1-v3,eecbcffdb3e52099e26ebd2485d479a2553a52a6901356aed1ef3b69e9218818,8c10e8dabb252578e55d8ceadb12f9b772d83f07a663edb06566b4924cf6d961,10000,full_original_order,43,8c10e8dabb252578e55d8ceadb12f9b772d83f07a663edb06566b4924cf6d961,10000,deterministic_evaluation,single,2f646cba63ac46ef,none,43,c97a5abffcec5c374f1a465500adf35b0a31a097ba47fa4b0f0f7dd2a175ac84,0.1352314352989196,9f0b88d81119b57a6ae57eeb22a3257787c562e62cc7a83b1f6566c657fe7250,0.114,7.666078952026367,0.1123,2.1539295060092583,2.524838727328719,1.0,8.0,"{""K"": 10, ""batch_size"": 256, ""epochs"": 30, ""lr"": 0.001, ""optimizer"": ""AdamW"", ""weight_decay"": 0.0001}",1200,0.0001,softmax_teachers(MSP),/home/roi/PycharmProjects/KD_v5/OUTPUTS/article1_v3/results_rq2_backup.csv,118,,,,,,,,,,True
e6f1e0016bd69e5208d7779bafd908447f0ffbf5bd505201465dc3d9494ee864,weighted_mean_logits,9dc3b75d34f50fd7e8121684c2e8b96473759a62ffdf4da9a899b6be2324c4f6,256,7ff045e85bdcdcb19da695baf49045e3320a14d4,52f3cfdd6fc3f7cde0f491f8d9a2856977cdf26a4c756ae607619d987aa00d6c,ce9759db14e15b98f4aaac7a43748cb8b6118bcf1e63a1c4e898b519fb3a46f9,fmnist,1.0,30,30,300000,0.0,0.0,e311558ce6e4e1a1d345e2051c2d5e8ccaecccda,0.001,1.0,consensus_logit,AdamW,,article1-v3,eecbcffdb3e52099e26ebd2485d479a2553a52a6901356aed1ef3b69e9218818,8c10e8dabb252578e55d8ceadb12f9b772d83f07a663edb06566b4924cf6d961,10000,full_original_order,43,8c10e8dabb252578e55d8ceadb12f9b772d83f07a663edb06566b4924cf6d961,10000,deterministic_evaluation,single,fec5a40f26eec1d0,none,43,2758ae82c42b1d2e28553b8c537a9feea7653c0414b9008314dc0e77a691b871,2.492299972800538e-05,9f0b88d81119b57a6ae57eeb22a3257787c562e62cc7a83b1f6566c657fe7250,0.1,230.8869193359375,0.1,1.1026210122690202e-05,18.811256967310683,1.0,8.0,"{""K"": 10, ""batch_size"": 256, ""epochs"": 30, ""lr"": 0.001, ""optimizer"": ""AdamW"", ""weight_decay"": 0.0001}",1200,0.0001,selected_uniform,/home/roi/PycharmProjects/KD_v5/OUTPUTS/article1_v3/results_rq2_backup.csv,119,,,,,,,,,,True
e6f1e0016bd69e5208d7779bafd908447f0ffbf5bd505201465dc3d9494ee864,weighted_mean_logits,9dc3b75d34f50fd7e8121684c2e8b96473759a62ffdf4da9a899b6be2324c4f6,256,7ff045e85bdcdcb19da695baf49045e3320a14d4,52f3cfdd6fc3f7cde0f491f8d9a2856977cdf26a4c756ae607619d987aa00d6c,ce9759db14e15b98f4aaac7a43748cb8b6118bcf1e63a1c4e898b519fb3a46f9,fmnist,1.0247265293599543,30,30,300000,0.0,0.0,e311558ce6e4e1a1d345e2051c2d5e8ccaecccda,0.001,10.0,energy_logit,AdamW,,article1-v3,eecbcffdb3e52099e26ebd2485d479a2553a52a6901356aed1ef3b69e9218818,8c10e8dabb252578e55d8ceadb12f9b772d83f07a663edb06566b4924cf6d961,10000,full_original_order,43,8c10e8dabb252578e55d8ceadb12f9b772d83f07a663edb06566b4924cf6d961,10000,deterministic_evaluation,single,ae7dc6816b60195d,none,43,eb12edaa87973cc1a4428fad40dc68655f5edb71b3458dd028a9a297d6a1c5f3,11.339869499206545,9f0b88d81119b57a6ae57eeb22a3257787c562e62cc7a83b1f6566c657fe7250,0.0735,381.9400306152344,0.0744,0.0033939510767035,22.91491157974288,1.0,8.0,"{""K"": 10, ""batch_size"": 256, ""epochs"": 30, ""lr"": 0.001, ""optimizer"": ""AdamW"", ""weight_decay"": 0.0001}",1200,0.0001,softmax_teachers(logsumexp(logits)),/home/roi/PycharmProjects/KD_v5/OUTPUTS/article1_v3/results_rq2_backup.csv,120,,,,,,,,,,True
e6f1e0016bd69e5208d7779bafd908447f0ffbf5bd505201465dc3d9494ee864,weighted_mean_logits,9dc3b75d34f50fd7e8121684c2e8b96473759a62ffdf4da9a899b6be2324c4f6,256,7ff045e85bdcdcb19da695baf49045e3320a14d4,52f3cfdd6fc3f7cde0f491f8d9a2856977cdf26a4c756ae607619d987aa00d6c,ce9759db14e15b98f4aaac7a43748cb8b6118bcf1e63a1c4e898b519fb3a46f9,fmnist,1.0,30,30,300000,0.0,0.0,e311558ce6e4e1a1d345e2051c2d5e8ccaecccda,0.001,1.0,expert_logit,AdamW,,article1-v3,eecbcffdb3e52099e26ebd2485d479a2553a52a6901356aed1ef3b69e9218818,8c10e8dabb252578e55d8ceadb12f9b772d83f07a663edb06566b4924cf6d961,10000,full_original_order,43,8c10e8dabb252578e55d8ceadb12f9b772d83f07a663edb06566b4924cf6d961,10000,deterministic_evaluation,single,09d275ff7b023dc9,none,43,21874da5ab769d76364f6a7acab209d4b7a6ab3d459a8adb46cf4ba3202dec82,1.2384073734283447,9f0b88d81119b57a6ae57eeb22a3257787c562e62cc7a83b1f6566c657fe7250,0.899,3.1933379768371584,1.0,3.786881728638407e-05,2.784811898827674e-06,1.0,8.0,"{""K"": 10, ""batch_size"": 256, ""epochs"": 30, ""lr"": 0.001, ""optimizer"": ""AdamW"", ""weight_decay"": 0.0001}",1200,0.0001,selected_uniform,/home/roi/PycharmProjects/KD_v5/OUTPUTS/article1_v3/results_rq2_backup.csv,121,,,,,,,,,,True
9ddda7b4e88c4257d9e04a7ec98f634bb22469cbe3da21d3243126fbec3889cc,weighted_mean_logits,1f3034cbd83dc007bebbb86cb19474d4ce302552e2dd4f9a5af623e717861d58,256,7ff045e85bdcdcb19da695baf49045e3320a14d4,e7169a2b15de5fbd761d720bd03abf6b7e5caa82f9359dd3848268d4aebf693c,849f1b74cefdcc2362df172533df7980cabfd485ce2302f165ed502a7d40f4b8,fmnist,9.921806394729108,30,30,300000,0.0,0.0,e311558ce6e4e1a1d345e2051c2d5e8ccaecccda,0.001,10.0,confidence_logit,AdamW,,article1-v3,a25cfd1d4a95d4f7a5edf37eefaaa8cfce5b3a5a5bd3b7fc84fc495052c80a57,56169d4fdedbe0732b5f4cc31ed6d66f01e7e1069f3e908130357af6f5652296,10000,full_original_order,44,56169d4fdedbe0732b5f4cc31ed6d66f01e7e1069f3e908130357af6f5652296,10000,deterministic_evaluation,iid,3dedc03a142bb4be,none,44,ff15b7888daf46edd60a0d89143598c4a53a014041120b0748f251c387dcb0e7,0.4349930882453918,6838075722e64f2bbfba2fd720c2d2975cc93fc1fa1b02f4a7d78d497d5477e4,0.8857,0.3349874156951904,0.8985,1.8619516297892589,1.02501900385689,1.0,8.0,"{""K"": 10, ""batch_size"": 256, ""epochs"": 30, ""lr"": 0.001, ""optimizer"": ""AdamW"", ""weight_decay"": 0.0001}",1200,0.0001,softmax_teachers(MSP),/home/roi/PycharmProjects/KD_v5/OUTPUTS/article1_v3/results_rq2_backup.csv,122,,,,,,,,,,True
9ddda7b4e88c4257d9e04a7ec98f634bb22469cbe3da21d3243126fbec3889cc,weighted_mean_logits,1f3034cbd83dc007bebbb86cb19474d4ce302552e2dd4f9a5af623e717861d58,256,7ff045e85bdcdcb19da695baf49045e3320a14d4,e7169a2b15de5fbd761d720bd03abf6b7e5caa82f9359dd3848268d4aebf693c,849f1b74cefdcc2362df172533df7980cabfd485ce2302f165ed502a7d40f4b8,fmnist,9.2823,30,30,300000,0.0,0.0,e311558ce6e4e1a1d345e2051c2d5e8ccaecccda,0.001,9.2823,consensus_logit,AdamW,,article1-v3,a25cfd1d4a95d4f7a5edf37eefaaa8cfce5b3a5a5bd3b7fc84fc495052c80a57,56169d4fdedbe0732b5f4cc31ed6d66f01e7e1069f3e908130357af6f5652296,10000,full_original_order,44,56169d4fdedbe0732b5f4cc31ed6d66f01e7e1069f3e908130357af6f5652296,10000,deterministic_evaluation,iid,bd3d0b2efa13e5d2,none,44,649f29a698dc17f03025c3e7932a8e757e3058a750903ffeb8886a13adf0a832,0.4449398815631866,6838075722e64f2bbfba2fd720c2d2975cc93fc1fa1b02f4a7d78d497d5477e4,0.8852,0.3365957493782043,0.8995,1.8624285605156368,1.0256538509264868,1.0,8.0,"{""K"": 10, ""batch_size"": 256, ""epochs"": 30, ""lr"": 0.001, ""optimizer"": ""AdamW"", ""weight_decay"": 0.0001}",1200,0.0001,selected_uniform,/home/roi/PycharmProjects/KD_v5/OUTPUTS/article1_v3/results_rq2_backup.csv,123,,,,,,,,,,True
9ddda7b4e88c4257d9e04a7ec98f634bb22469cbe3da21d3243126fbec3889cc,weighted_mean_logits,1f3034cbd83dc007bebbb86cb19474d4ce302552e2dd4f9a5af623e717861d58,256,7ff045e85bdcdcb19da695baf49045e3320a14d4,e7169a2b15de5fbd761d720bd03abf6b7e5caa82f9359dd3848268d4aebf693c,849f1b74cefdcc2362df172533df7980cabfd485ce2302f165ed502a7d40f4b8,fmnist,2.054541284311511,30,30,300000,0.0,0.0,e311558ce6e4e1a1d345e2051c2d5e8ccaecccda,0.001,10.0,energy_logit,AdamW,,article1-v3,a25cfd1d4a95d4f7a5edf37eefaaa8cfce5b3a5a5bd3b7fc84fc495052c80a57,56169d4fdedbe0732b5f4cc31ed6d66f01e7e1069f3e908130357af6f5652296,10000,full_original_order,44,56169d4fdedbe0732b5f4cc31ed6d66f01e7e1069f3e908130357af6f5652296,10000,deterministic_evaluation,iid,afedbf8531f92b9a,none,44,90c92a57238d003f217aabecce966837565d01dc40e698a79066b104872ab9f5,0.92988383769989,6838075722e64f2bbfba2fd720c2d2975cc93fc1fa1b02f4a7d78d497d5477e4,0.8829,0.439817813706398,0.894,1.5170059161492888,0.7700529512324127,1.0,8.0,"{""K"": 10, ""batch_size"": 256, ""epochs"": 30, ""lr"": 0.001, ""optimizer"": ""AdamW"", ""weight_decay"": 0.0001}",1200,0.0001,softmax_teachers(logsumexp(logits)),/home/roi/PycharmProjects/KD_v5/OUTPUTS/article1_v3/results_rq2_backup.csv,124,,,,,,,,,,True
9ddda7b4e88c4257d9e04a7ec98f634bb22469cbe3da21d3243126fbec3889cc,weighted_mean_logits,1f3034cbd83dc007bebbb86cb19474d4ce302552e2dd4f9a5af623e717861d58,256,7ff045e85bdcdcb19da695baf49045e3320a14d4,e7169a2b15de5fbd761d720bd03abf6b7e5caa82f9359dd3848268d4aebf693c,849f1b74cefdcc2362df172533df7980cabfd485ce2302f165ed502a7d40f4b8,fmnist,9.0,30,30,300000,1000.0,0.1,e311558ce6e4e1a1d345e2051c2d5e8ccaecccda,0.001,8.0,expert_logit,AdamW,,article1-v3,a25cfd1d4a95d4f7a5edf37eefaaa8cfce5b3a5a5bd3b7fc84fc495052c80a57,56169d4fdedbe0732b5f4cc31ed6d66f01e7e1069f3e908130357af6f5652296,10000,full_original_order,44,56169d4fdedbe0732b5f4cc31ed6d66f01e7e1069f3e908130357af6f5652296,10000,deterministic_evaluation,iid,ef261a8a6b01fcd9,none,44,b70f7c143fb1e2dc60de3470180a3b22e964c375907c022a02a10f04367a858d,0.4570607841014862,6838075722e64f2bbfba2fd720c2d2975cc93fc1fa1b02f4a7d78d497d5477e4,0.8859,0.3315754029631614,0.9014,1.8592187105590656,1.020962692502474,1.0,8.0,"{""K"": 10, ""batch_size"": 256, ""epochs"": 30, ""lr"": 0.001, ""optimizer"": ""AdamW"", ""weight_decay"": 0.0001}",1200,0.0001,selected_uniform,/home/roi/PycharmProjects/KD_v5/OUTPUTS/article1_v3/results_rq2_backup.csv,125,,,,,,,,,,True
5ac7a53b6128e21ea0477cb372e4a56daf4f6f82226f3a6fe28ad079114814da,weighted_mean_logits,1f3034cbd83dc007bebbb86cb19474d4ce302552e2dd4f9a5af623e717861d58,256,7ff045e85bdcdcb19da695baf49045e3320a14d4,a7e04e10a278a041fa68c771fa9c98d8916cb2f3831289eff95fd5e2a9ca6230,849f1b74cefdcc2362df172533df7980cabfd485ce2302f165ed502a7d40f4b8,fmnist,9.878359822241505,30,30,300000,0.0,0.0,e311558ce6e4e1a1d345e2051c2d5e8ccaecccda,0.001,10.0,confidence_logit,AdamW,,article1-v3,a25cfd1d4a95d4f7a5edf37eefaaa8cfce5b3a5a5bd3b7fc84fc495052c80a57,56169d4fdedbe0732b5f4cc31ed6d66f01e7e1069f3e908130357af6f5652296,10000,full_original_order,44,56169d4fdedbe0732b5f4cc31ed6d66f01e7e1069f3e908130357af6f5652296,10000,deterministic_evaluation,alpha1p0,8574d1f2101f2143,none,44,7c33015efc404871ca0842e5c5d91d00892cbec07de2a1020652e011e70ed6c7,0.4626748859882355,6838075722e64f2bbfba2fd720c2d2975cc93fc1fa1b02f4a7d78d497d5477e4,0.8799,0.3540042328596115,0.89,1.8893507109402363,1.061714408688685,1.0,8.0,"{""K"": 10, ""batch_size"": 256, ""epochs"": 30, ""lr"": 0.001, ""optimizer"": ""AdamW"", ""weight_decay"": 0.0001}",1200,0.0001,softmax_teachers(MSP),/home/roi/PycharmProjects/KD_v5/OUTPUTS/article1_v3/results_rq2_backup.csv,126,,,,,,,,,,True
5ac7a53b6128e21ea0477cb372e4a56daf4f6f82226f3a6fe28ad079114814da,weighted_mean_logits,1f3034cbd83dc007bebbb86cb19474d4ce302552e2dd4f9a5af623e717861d58,256,7ff045e85bdcdcb19da695baf49045e3320a14d4,a7e04e10a278a041fa68c771fa9c98d8916cb2f3831289eff95fd5e2a9ca6230,849f1b74cefdcc2362df172533df7980cabfd485ce2302f165ed502a7d40f4b8,fmnist,8.6997,30,30,300000,0.0,0.0,e311558ce6e4e1a1d345e2051c2d5e8ccaecccda,0.001,8.6997,consensus_logit,AdamW,,article1-v3,a25cfd1d4a95d4f7a5edf37eefaaa8cfce5b3a5a5bd3b7fc84fc495052c80a57,56169d4fdedbe0732b5f4cc31ed6d66f01e7e1069f3e908130357af6f5652296,10000,full_original_order,44,56169d4fdedbe0732b5f4cc31ed6d66f01e7e1069f3e908130357af6f5652296,10000,deterministic_evaluation,alpha1p0,781614785a653a4a,none,44,10882508cd02c4cb113cb1dc6fd685353f18eccafb9e7f4e35190244ff59a904,0.4794620275497436,6838075722e64f2bbfba2fd720c2d2975cc93fc1fa1b02f4a7d78d497d5477e4,0.8814,0.3699536697864532,0.89,1.8810492219834671,1.045594998239321,1.0,8.0,"{""K"": 10, ""batch_size"": 256, ""epochs"": 30, ""lr"": 0.001, ""optimizer"": ""AdamW"", ""weight_decay"": 0.0001}",1200,0.0001,selected_uniform,/home/roi/PycharmProjects/KD_v5/OUTPUTS/article1_v3/results_rq2_backup.csv,127,,,,,,,,,,True
5ac7a53b6128e21ea0477cb372e4a56daf4f6f82226f3a6fe28ad079114814da,weighted_mean_logits,1f3034cbd83dc007bebbb86cb19474d4ce302552e2dd4f9a5af623e717861d58,256,7ff045e85bdcdcb19da695baf49045e3320a14d4,a7e04e10a278a041fa68c771fa9c98d8916cb2f3831289eff95fd5e2a9ca6230,849f1b74cefdcc2362df172533df7980cabfd485ce2302f165ed502a7d40f4b8,fmnist,2.136334382319797,30,30,300000,0.0,0.0,e311558ce6e4e1a1d345e2051c2d5e8ccaecccda,0.001,10.0,energy_logit,AdamW,,article1-v3,a25cfd1d4a95d4f7a5edf37eefaaa8cfce5b3a5a5bd3b7fc84fc495052c80a57,56169d4fdedbe0732b5f4cc31ed6d66f01e7e1069f3e908130357af6f5652296,10000,full_original_order,44,56169d4fdedbe0732b5f4cc31ed6d66f01e7e1069f3e908130357af6f5652296,10000,deterministic_evaluation,alpha1p0,ebff5650a046376a,none,44,b3f01388f10f7a723d5be89726cfa8a1e61cd44c515729fb1d16e4cf546cd13a,0.7661913633346558,6838075722e64f2bbfba2fd720c2d2975cc93fc1fa1b02f4a7d78d497d5477e4,0.8771,0.538820398259163,0.8874,1.582175058746877,0.8039499682220672,1.0,8.0,"{""K"": 10, ""batch_size"": 256, ""epochs"": 30, ""lr"": 0.001, ""optimizer"": ""AdamW"", ""weight_decay"": 0.0001}",1200,0.0001,softmax_teachers(logsumexp(logits)),/home/roi/PycharmProjects/KD_v5/OUTPUTS/article1_v3/results_rq2_backup.csv,128,,,,,,,,,,True
5ac7a53b6128e21ea0477cb372e4a56daf4f6f82226f3a6fe28ad079114814da,weighted_mean_logits,1f3034cbd83dc007bebbb86cb19474d4ce302552e2dd4f9a5af623e717861d58,256,7ff045e85bdcdcb19da695baf49045e3320a14d4,a7e04e10a278a041fa68c771fa9c98d8916cb2f3831289eff95fd5e2a9ca6230,849f1b74cefdcc2362df172533df7980cabfd485ce2302f165ed502a7d40f4b8,fmnist,7.4,30,30,300000,0.0,0.0,e311558ce6e4e1a1d345e2051c2d5e8ccaecccda,0.001,7.4,expert_logit,AdamW,,article1-v3,a25cfd1d4a95d4f7a5edf37eefaaa8cfce5b3a5a5bd3b7fc84fc495052c80a57,56169d4fdedbe0732b5f4cc31ed6d66f01e7e1069f3e908130357af6f5652296,10000,full_original_order,44,56169d4fdedbe0732b5f4cc31ed6d66f01e7e1069f3e908130357af6f5652296,10000,deterministic_evaluation,alpha1p0,5b1f4f829a4a21c7,none,44,d398e1dd3d8834f3e8fc6a02e0b2b107f9e6cf71be4ec628344318281dbb1c4b,0.437070220708847,6838075722e64f2bbfba2fd720c2d2975cc93fc1fa1b02f4a7d78d497d5477e4,0.8866,0.3692824164390564,0.9439,1.853726792203811,0.9797476813867418,1.0,8.0,"{""K"": 10, ""batch_size"": 256, ""epochs"": 30, ""lr"": 0.001, ""optimizer"": ""AdamW"", ""weight_decay"": 0.0001}",1200,0.0001,selected_uniform,/home/roi/PycharmProjects/KD_v5/OUTPUTS/article1_v3/results_rq2_backup.csv,129,,,,,,,,,,True
857a25bd92266db7695da7c8c651f01e785d89bd91b00dc100646971a665bb00,weighted_mean_logits,1f3034cbd83dc007bebbb86cb19474d4ce302552e2dd4f9a5af623e717861d58,256,7ff045e85bdcdcb19da695baf49045e3320a14d4,b81389a3da5ca7673413ccd30ccd9b50d31d325183da5e7643bbdac06426d0f3,849f1b74cefdcc2362df172533df7980cabfd485ce2302f165ed502a7d40f4b8,fmnist,9.837429056762607,30,30,300000,0.0,0.0,e311558ce6e4e1a1d345e2051c2d5e8ccaecccda,0.001,10.0,confidence_logit,AdamW,,article1-v3,a25cfd1d4a95d4f7a5edf37eefaaa8cfce5b3a5a5bd3b7fc84fc495052c80a57,56169d4fdedbe0732b5f4cc31ed6d66f01e7e1069f3e908130357af6f5652296,10000,full_original_order,44,56169d4fdedbe0732b5f4cc31ed6d66f01e7e1069f3e908130357af6f5652296,10000,deterministic_evaluation,alpha0p5,e3f2ee9eff0d2a99,none,44,fba8513c25b1d1eb0de606682b01925e9d7852942290aa82ed56a666f3f21d22,0.3603503704071045,6838075722e64f2bbfba2fd720c2d2975cc93fc1fa1b02f4a7d78d497d5477e4,0.8439,0.4706213803768158,0.8547,1.972355360749732,1.1778936723478677,1.0,8.0,"{""K"": 10, ""batch_size"": 256, ""epochs"": 30, ""lr"": 0.001, ""optimizer"": ""AdamW"", ""weight_decay"": 0.0001}",1200,0.0001,softmax_teachers(MSP),/home/roi/PycharmProjects/KD_v5/OUTPUTS/article1_v3/results_rq2_backup.csv,130,,,,,,,,,,True
857a25bd92266db7695da7c8c651f01e785d89bd91b00dc100646971a665bb00,weighted_mean_logits,1f3034cbd83dc007bebbb86cb19474d4ce302552e2dd4f9a5af623e717861d58,256,7ff045e85bdcdcb19da695baf49045e3320a14d4,b81389a3da5ca7673413ccd30ccd9b50d31d325183da5e7643bbdac06426d0f3,849f1b74cefdcc2362df172533df7980cabfd485ce2302f165ed502a7d40f4b8,fmnist,7.6894,30,30,300000,0.0,0.0,e311558ce6e4e1a1d345e2051c2d5e8ccaecccda,0.001,7.6894,consensus_logit,AdamW,,article1-v3,a25cfd1d4a95d4f7a5edf37eefaaa8cfce5b3a5a5bd3b7fc84fc495052c80a57,56169d4fdedbe0732b5f4cc31ed6d66f01e7e1069f3e908130357af6f5652296,10000,full_original_order,44,56169d4fdedbe0732b5f4cc31ed6d66f01e7e1069f3e908130357af6f5652296,10000,deterministic_evaluation,alpha0p5,952697c72f522460,none,44,e928cc15c22acaa42937793eafc41da0543488f6a660909fab25b13ea9c22d93,0.5630238056182861,6838075722e64f2bbfba2fd720c2d2975cc93fc1fa1b02f4a7d78d497d5477e4,0.8608,0.5225664687633514,0.8711,1.9169359354972784,1.0872572895769776,1.0,8.0,"{""K"": 10, ""batch_size"": 256, ""epochs"": 30, ""lr"": 0.001, ""optimizer"": ""AdamW"", ""weight_decay"": 0.0001}",1200,0.0001,selected_uniform,/home/roi/PycharmProjects/KD_v5/OUTPUTS/article1_v3/results_rq2_backup.csv,131,,,,,,,,,,True
857a25bd92266db7695da7c8c651f01e785d89bd91b00dc100646971a665bb00,weighted_mean_logits,1f3034cbd83dc007bebbb86cb19474d4ce302552e2dd4f9a5af623e717861d58,256,7ff045e85bdcdcb19da695baf49045e3320a14d4,b81389a3da5ca7673413ccd30ccd9b50d31d325183da5e7643bbdac06426d0f3,849f1b74cefdcc2362df172533df7980cabfd485ce2302f165ed502a7d40f4b8,fmnist,1.6438830567581562,30,30,300000,0.0,0.0,e311558ce6e4e1a1d345e2051c2d5e8ccaecccda,0.001,10.0,energy_logit,AdamW,,article1-v3,a25cfd1d4a95d4f7a5edf37eefaaa8cfce5b3a5a5bd3b7fc84fc495052c80a57,56169d4fdedbe0732b5f4cc31ed6d66f01e7e1069f3e908130357af6f5652296,10000,full_original_order,44,56169d4fdedbe0732b5f4cc31ed6d66f01e7e1069f3e908130357af6f5652296,10000,deterministic_evaluation,alpha0p5,fcd5dcee0205527f,none,44,100e980fb42e64380f247f499792780c57c35095103acaeaec5a16d9acadb101,1.2769109010696411,6838075722e64f2bbfba2fd720c2d2975cc93fc1fa1b02f4a7d78d497d5477e4,0.8502,1.15187346534729,0.8536,1.3777679368861613,0.7719800366051932,1.0,8.0,"{""K"": 10, ""batch_size"": 256, ""epochs"": 30, ""lr"": 0.001, ""optimizer"": ""AdamW"", ""weight_decay"": 0.0001}",1200,0.0001,softmax_teachers(logsumexp(logits)),/home/roi/PycharmProjects/KD_v5/OUTPUTS/article1_v3/results_rq2_backup.csv,132,,,,,,,,,,True
857a25bd92266db7695da7c8c651f01e785d89bd91b00dc100646971a665bb00,weighted_mean_logits,1f3034cbd83dc007bebbb86cb19474d4ce302552e2dd4f9a5af623e717861d58,256,7ff045e85bdcdcb19da695baf49045e3320a14d4,b81389a3da5ca7673413ccd30ccd9b50d31d325183da5e7643bbdac06426d0f3,849f1b74cefdcc2362df172533df7980cabfd485ce2302f165ed502a7d40f4b8,fmnist,6.6,30,30,300000,0.0,0.0,e311558ce6e4e1a1d345e2051c2d5e8ccaecccda,0.001,6.6,expert_logit,AdamW,,article1-v3,a25cfd1d4a95d4f7a5edf37eefaaa8cfce5b3a5a5bd3b7fc84fc495052c80a57,56169d4fdedbe0732b5f4cc31ed6d66f01e7e1069f3e908130357af6f5652296,10000,full_original_order,44,56169d4fdedbe0732b5f4cc31ed6d66f01e7e1069f3e908130357af6f5652296,10000,deterministic_evaluation,alpha0p5,48e16bdef4ab6476,none,44,9ec5e1ff06a8fef362fe99654f86c4c3da2216d162e3a2396aa7b7a710f22888,0.4136654436588287,6838075722e64f2bbfba2fd720c2d2975cc93fc1fa1b02f4a7d78d497d5477e4,0.8745,0.4330036874771118,0.9417,1.8915826063774912,1.006214782784981,1.0,8.0,"{""K"": 10, ""batch_size"": 256, ""epochs"": 30, ""lr"": 0.001, ""optimizer"": ""AdamW"", ""weight_decay"": 0.0001}",1200,0.0001,selected_uniform,/home/roi/PycharmProjects/KD_v5/OUTPUTS/article1_v3/results_rq2_backup.csv,133,,,,,,,,,,True
6a9aa8491e74ec75c7cf558640a5e2c0e3da77c11b35ae0cb96809f7192314f6,weighted_mean_logits,1f3034cbd83dc007bebbb86cb19474d4ce302552e2dd4f9a5af623e717861d58,256,7ff045e85bdcdcb19da695baf49045e3320a14d4,774771f37d7ff253d090474398a8c62c845efec21dbd006f76cde7cfc97957b2,849f1b74cefdcc2362df172533df7980cabfd485ce2302f165ed502a7d40f4b8,fmnist,9.75383449777358,30,30,300000,0.0,0.0,e311558ce6e4e1a1d345e2051c2d5e8ccaecccda,0.001,10.0,confidence_logit,AdamW,,article1-v3,a25cfd1d4a95d4f7a5edf37eefaaa8cfce5b3a5a5bd3b7fc84fc495052c80a57,56169d4fdedbe0732b5f4cc31ed6d66f01e7e1069f3e908130357af6f5652296,10000,full_original_order,44,56169d4fdedbe0732b5f4cc31ed6d66f01e7e1069f3e908130357af6f5652296,10000,deterministic_evaluation,alpha0p1,72841014e5991ecc,none,44,ffbd157168d64e2e74e9e313846fe44d0a100ebd58800c3e3383acf44964f888,0.2426319718360901,6838075722e64f2bbfba2fd720c2d2975cc93fc1fa1b02f4a7d78d497d5477e4,0.6803,0.8972368593215942,0.6983,2.192724875489612,1.6439441186636468,1.0,8.0,"{""K"": 10, ""batch_size"": 256, ""epochs"": 30, ""lr"": 0.001, ""optimizer"": ""AdamW"", ""weight_decay"": 0.0001}",1200,0.0001,softmax_teachers(MSP),/home/roi/PycharmProjects/KD_v5/OUTPUTS/article1_v3/results_rq2_backup.csv,134,,,,,,,,,,True
6a9aa8491e74ec75c7cf558640a5e2c0e3da77c11b35ae0cb96809f7192314f6,weighted_mean_logits,1f3034cbd83dc007bebbb86cb19474d4ce302552e2dd4f9a5af623e717861d58,256,7ff045e85bdcdcb19da695baf49045e3320a14d4,774771f37d7ff253d090474398a8c62c845efec21dbd006f76cde7cfc97957b2,849f1b74cefdcc2362df172533df7980cabfd485ce2302f165ed502a7d40f4b8,fmnist,4.8609,30,30,300000,0.0,0.0,e311558ce6e4e1a1d345e2051c2d5e8ccaecccda,0.001,4.8609,consensus_logit,AdamW,,article1-v3,a25cfd1d4a95d4f7a5edf37eefaaa8cfce5b3a5a5bd3b7fc84fc495052c80a57,56169d4fdedbe0732b5f4cc31ed6d66f01e7e1069f3e908130357af6f5652296,10000,full_original_order,44,56169d4fdedbe0732b5f4cc31ed6d66f01e7e1069f3e908130357af6f5652296,10000,deterministic_evaluation,alpha0p1,af0b30146e14b637,none,44,990649882f8ed24da2c72663617e5334af8045083f91491678bb7ef7a3b366f3,2.0233492851257324,6838075722e64f2bbfba2fd720c2d2975cc93fc1fa1b02f4a7d78d497d5477e4,0.8251,1.3955270812034606,0.8449,1.78978700874833,1.0612616433101538,1.0,8.0,"{""K"": 10, ""batch_size"": 256, ""epochs"": 30, ""lr"": 0.001, ""optimizer"": ""AdamW"", ""weight_decay"": 0.0001}",1200,0.0001,selected_uniform,/home/roi/PycharmProjects/KD_v5/OUTPUTS/article1_v3/results_rq2_backup.csv,135,,,,,,,,,,True
6a9aa8491e74ec75c7cf558640a5e2c0e3da77c11b35ae0cb96809f7192314f6,weighted_mean_logits,1f3034cbd83dc007bebbb86cb19474d4ce302552e2dd4f9a5af623e717861d58,256,7ff045e85bdcdcb19da695baf49045e3320a14d4,774771f37d7ff253d090474398a8c62c845efec21dbd006f76cde7cfc97957b2,849f1b74cefdcc2362df172533df7980cabfd485ce2302f165ed502a7d40f4b8,fmnist,1.2582700351873908,30,30,300000,0.0,0.0,e311558ce6e4e1a1d345e2051c2d5e8ccaecccda,0.001,10.0,energy_logit,AdamW,,article1-v3,a25cfd1d4a95d4f7a5edf37eefaaa8cfce5b3a5a5bd3b7fc84fc495052c80a57,56169d4fdedbe0732b5f4cc31ed6d66f01e7e1069f3e908130357af6f5652296,10000,full_original_order,44,56169d4fdedbe0732b5f4cc31ed6d66f01e7e1069f3e908130357af6f5652296,10000,deterministic_evaluation,alpha0p1,20ae6273d8b37e91,none,44,9548652b0623ad0c184b5d3279ea53249e3163826144968217614557993d5f77,1.5267271995544434,6838075722e64f2bbfba2fd720c2d2975cc93fc1fa1b02f4a7d78d497d5477e4,0.5312,11.45533794708252,0.5403,1.1891816061573597,2.0993511279016968,1.0,8.0,"{""K"": 10, ""batch_size"": 256, ""epochs"": 30, ""lr"": 0.001, ""optimizer"": ""AdamW"", ""weight_decay"": 0.0001}",1200,0.0001,softmax_teachers(logsumexp(logits)),/home/roi/PycharmProjects/KD_v5/OUTPUTS/article1_v3/results_rq2_backup.csv,136,,,,,,,,,,True
6a9aa8491e74ec75c7cf558640a5e2c0e3da77c11b35ae0cb96809f7192314f6,weighted_mean_logits,1f3034cbd83dc007bebbb86cb19474d4ce302552e2dd4f9a5af623e717861d58,256,7ff045e85bdcdcb19da695baf49045e3320a14d4,774771f37d7ff253d090474398a8c62c845efec21dbd006f76cde7cfc97957b2,849f1b74cefdcc2362df172533df7980cabfd485ce2302f165ed502a7d40f4b8,fmnist,4.2,30,30,300000,0.0,0.0,e311558ce6e4e1a1d345e2051c2d5e8ccaecccda,0.001,4.2,expert_logit,AdamW,,article1-v3,a25cfd1d4a95d4f7a5edf37eefaaa8cfce5b3a5a5bd3b7fc84fc495052c80a57,56169d4fdedbe0732b5f4cc31ed6d66f01e7e1069f3e908130357af6f5652296,10000,full_original_order,44,56169d4fdedbe0732b5f4cc31ed6d66f01e7e1069f3e908130357af6f5652296,10000,deterministic_evaluation,alpha0p1,34370c2c97f0388b,none,44,0a4b5869dd76d2f8be1460e6fd3bd633b529a541245d5a9076aba299e3dee118,0.7449131608009338,6838075722e64f2bbfba2fd720c2d2975cc93fc1fa1b02f4a7d78d497d5477e4,0.8991,0.5044552665710449,0.9919,1.7349255636763792,0.7723114489590833,1.0,8.0,"{""K"": 10, ""batch_size"": 256, ""epochs"": 30, ""lr"": 0.001, ""optimizer"": ""AdamW"", ""weight_decay"": 0.0001}",1200,0.0001,selected_uniform,/home/roi/PycharmProjects/KD_v5/OUTPUTS/article1_v3/results_rq2_backup.csv,137,,,,,,,,,,True
ce4b9886dc3da23c4ec80937dca96608fe5f8454c6299680143dd031516e5403,weighted_mean_logits,1f3034cbd83dc007bebbb86cb19474d4ce302552e2dd4f9a5af623e717861d58,256,7ff045e85bdcdcb19da695baf49045e3320a14d4,d4833ed743c2fd17384c1be96b47d29968f87f23895aed4c099af547b4f59361,849f1b74cefdcc2362df172533df7980cabfd485ce2302f165ed502a7d40f4b8,fmnist,9.953295652952155,30,30,300000,0.0,0.0,e311558ce6e4e1a1d345e2051c2d5e8ccaecccda,0.001,10.0,confidence_logit,AdamW,,article1-v3,a25cfd1d4a95d4f7a5edf37eefaaa8cfce5b3a5a5bd3b7fc84fc495052c80a57,56169d4fdedbe0732b5f4cc31ed6d66f01e7e1069f3e908130357af6f5652296,10000,full_original_order,44,56169d4fdedbe0732b5f4cc31ed6d66f01e7e1069f3e908130357af6f5652296,10000,deterministic_evaluation,multi,b3eb8fd52667825d,none,44,a569fed4a9bb668fdbd41676add917079da09f5fe054b39eba217665bf0bf10a,0.4608131647109985,6838075722e64f2bbfba2fd720c2d2975cc93fc1fa1b02f4a7d78d497d5477e4,0.2002,8.599162588500976,0.2063,1.9446597099532192,2.218439131489584,1.0,8.0,"{""K"": 10, ""batch_size"": 256, ""epochs"": 30, ""lr"": 0.001, ""optimizer"": ""AdamW"", ""weight_decay"": 0.0001}",1200,0.0001,softmax_teachers(MSP),/home/roi/PycharmProjects/KD_v5/OUTPUTS/article1_v3/results_rq2_backup.csv,138,,,,,,,,,,True
ce4b9886dc3da23c4ec80937dca96608fe5f8454c6299680143dd031516e5403,weighted_mean_logits,1f3034cbd83dc007bebbb86cb19474d4ce302552e2dd4f9a5af623e717861d58,256,7ff045e85bdcdcb19da695baf49045e3320a14d4,d4833ed743c2fd17384c1be96b47d29968f87f23895aed4c099af547b4f59361,849f1b74cefdcc2362df172533df7980cabfd485ce2302f165ed502a7d40f4b8,fmnist,2.0,30,30,300000,0.0,0.0,e311558ce6e4e1a1d345e2051c2d5e8ccaecccda,0.001,2.0,consensus_logit,AdamW,,article1-v3,a25cfd1d4a95d4f7a5edf37eefaaa8cfce5b3a5a5bd3b7fc84fc495052c80a57,56169d4fdedbe0732b5f4cc31ed6d66f01e7e1069f3e908130357af6f5652296,10000,full_original_order,44,56169d4fdedbe0732b5f4cc31ed6d66f01e7e1069f3e908130357af6f5652296,10000,deterministic_evaluation,multi,2896b11b662c99b4,none,44,60d8aff434dcbe96022c31e67987ae57a80024d10ff0f3ddaa42a4802b36f3d4,13.151752471923828,6838075722e64f2bbfba2fd720c2d2975cc93fc1fa1b02f4a7d78d497d5477e4,0.4022,45.36710856933594,0.4059,0.1100019588977159,6.05207864724416,1.0,8.0,"{""K"": 10, ""batch_size"": 256, ""epochs"": 30, ""lr"": 0.001, ""optimizer"": ""AdamW"", ""weight_decay"": 0.0001}",1200,0.0001,selected_uniform,/home/roi/PycharmProjects/KD_v5/OUTPUTS/article1_v3/results_rq2_backup.csv,139,,,,,,,,,,True
ce4b9886dc3da23c4ec80937dca96608fe5f8454c6299680143dd031516e5403,weighted_mean_logits,1f3034cbd83dc007bebbb86cb19474d4ce302552e2dd4f9a5af623e717861d58,256,7ff045e85bdcdcb19da695baf49045e3320a14d4,d4833ed743c2fd17384c1be96b47d29968f87f23895aed4c099af547b4f59361,849f1b74cefdcc2362df172533df7980cabfd485ce2302f165ed502a7d40f4b8,fmnist,1.012288202748855,30,30,300000,0.0,0.0,e311558ce6e4e1a1d345e2051c2d5e8ccaecccda,0.001,10.0,energy_logit,AdamW,,article1-v3,a25cfd1d4a95d4f7a5edf37eefaaa8cfce5b3a5a5bd3b7fc84fc495052c80a57,56169d4fdedbe0732b5f4cc31ed6d66f01e7e1069f3e908130357af6f5652296,10000,full_original_order,44,56169d4fdedbe0732b5f4cc31ed6d66f01e7e1069f3e908130357af6f5652296,10000,deterministic_evaluation,multi,def8c9282be8be99,none,44,01f88c7a0ab7536116c925d0ff151f85c171c8ca76d96b5c17de86c474c3a030,0.2922233641147613,6838075722e64f2bbfba2fd720c2d2975cc93fc1fa1b02f4a7d78d497d5477e4,0.211,119.84521538085936,0.2138,0.0525733694816254,12.15464382254596,1.0,8.0,"{""K"": 10, ""batch_size"": 256, ""epochs"": 30, ""lr"": 0.001, ""optimizer"": ""AdamW"", ""weight_decay"": 0.0001}",1200,0.0001,softmax_teachers(logsumexp(logits)),/home/roi/PycharmProjects/KD_v5/OUTPUTS/article1_v3/results_rq2_backup.csv,140,,,,,,,,,,True
ce4b9886dc3da23c4ec80937dca96608fe5f8454c6299680143dd031516e5403,weighted_mean_logits,1f3034cbd83dc007bebbb86cb19474d4ce302552e2dd4f9a5af623e717861d58,256,7ff045e85bdcdcb19da695baf49045e3320a14d4,d4833ed743c2fd17384c1be96b47d29968f87f23895aed4c099af547b4f59361,849f1b74cefdcc2362df172533df7980cabfd485ce2302f165ed502a7d40f4b8,fmnist,2.0,30,30,300000,0.0,0.0,e311558ce6e4e1a1d345e2051c2d5e8ccaecccda,0.001,2.0,expert_logit,AdamW,,article1-v3,a25cfd1d4a95d4f7a5edf37eefaaa8cfce5b3a5a5bd3b7fc84fc495052c80a57,56169d4fdedbe0732b5f4cc31ed6d66f01e7e1069f3e908130357af6f5652296,10000,full_original_order,44,56169d4fdedbe0732b5f4cc31ed6d66f01e7e1069f3e908130357af6f5652296,10000,deterministic_evaluation,multi,71a2217a99f9324d,none,44,977e81664f2725329d73aaaa08bc0574b226911d9899e3914d72b7abd82a089d,1.6611278057098389,6838075722e64f2bbfba2fd720c2d2975cc93fc1fa1b02f4a7d78d497d5477e4,0.8965,1.7329796377182007,0.9943,0.3844454717072887,0.1375191868224122,1.0,8.0,"{""K"": 10, ""batch_size"": 256, ""epochs"": 30, ""lr"": 0.001, ""optimizer"": ""AdamW"", ""weight_decay"": 0.0001}",1200,0.0001,selected_uniform,/home/roi/PycharmProjects/KD_v5/OUTPUTS/article1_v3/results_rq2_backup.csv,141,,,,,,,,,,True
e6f1e0016bd69e5208d7779bafd908447f0ffbf5bd505201465dc3d9494ee864,weighted_mean_logits,1f3034cbd83dc007bebbb86cb19474d4ce302552e2dd4f9a5af623e717861d58,256,7ff045e85bdcdcb19da695baf49045e3320a14d4,a0d714f7bc71ad4493f0e5464bb6a5f65205d7082adf9c71bfb90ec754807d5e,849f1b74cefdcc2362df172533df7980cabfd485ce2302f165ed502a7d40f4b8,fmnist,9.999999999999998,30,30,300000,0.0,0.0,e311558ce6e4e1a1d345e2051c2d5e8ccaecccda,0.001,10.0,confidence_logit,AdamW,,article1-v3,a25cfd1d4a95d4f7a5edf37eefaaa8cfce5b3a5a5bd3b7fc84fc495052c80a57,56169d4fdedbe0732b5f4cc31ed6d66f01e7e1069f3e908130357af6f5652296,10000,full_original_order,44,56169d4fdedbe0732b5f4cc31ed6d66f01e7e1069f3e908130357af6f5652296,10000,deterministic_evaluation,single,630e5c4fc6ca6778,none,44,dea1a3d94227f80d25e19cec17d70f16e7a7b21881a259db5fa5d2696bcd81ec,0.1564753949642181,6838075722e64f2bbfba2fd720c2d2975cc93fc1fa1b02f4a7d78d497d5477e4,0.0964,7.572461312866211,0.0978,2.1855847471412124,2.504474913963897,1.0,8.0,"{""K"": 10, ""batch_size"": 256, ""epochs"": 30, ""lr"": 0.001, ""optimizer"": ""AdamW"", ""weight_decay"": 0.0001}",1200,0.0001,softmax_teachers(MSP),/home/roi/PycharmProjects/KD_v5/OUTPUTS/article1_v3/results_rq2_backup.csv,142,,,,,,,,,,True
e6f1e0016bd69e5208d7779bafd908447f0ffbf5bd505201465dc3d9494ee864,weighted_mean_logits,1f3034cbd83dc007bebbb86cb19474d4ce302552e2dd4f9a5af623e717861d58,256,7ff045e85bdcdcb19da695baf49045e3320a14d4,a0d714f7bc71ad4493f0e5464bb6a5f65205d7082adf9c71bfb90ec754807d5e,849f1b74cefdcc2362df172533df7980cabfd485ce2302f165ed502a7d40f4b8,fmnist,1.0,30,30,300000,0.0,0.0,e311558ce6e4e1a1d345e2051c2d5e8ccaecccda,0.001,1.0,consensus_logit,AdamW,,article1-v3,a25cfd1d4a95d4f7a5edf37eefaaa8cfce5b3a5a5bd3b7fc84fc495052c80a57,56169d4fdedbe0732b5f4cc31ed6d66f01e7e1069f3e908130357af6f5652296,10000,full_original_order,44,56169d4fdedbe0732b5f4cc31ed6d66f01e7e1069f3e908130357af6f5652296,10000,deterministic_evaluation,single,bdb763a84624b91b,none,44,71b3d1487318aedf7171b8f53f6750e68de659d515a2ecff4fab8808430f34b6,0.0001107832504203,6838075722e64f2bbfba2fd720c2d2975cc93fc1fa1b02f4a7d78d497d5477e4,0.1,198.53321752929688,0.1,8.861447383416546e-06,18.618835299780173,1.0,8.0,"{""K"": 10, ""batch_size"": 256, ""epochs"": 30, ""lr"": 0.001, ""optimizer"": ""AdamW"", ""weight_decay"": 0.0001}",1200,0.0001,selected_uniform,/home/roi/PycharmProjects/KD_v5/OUTPUTS/article1_v3/results_rq2_backup.csv,143,,,,,,,,,,True
e6f1e0016bd69e5208d7779bafd908447f0ffbf5bd505201465dc3d9494ee864,weighted_mean_logits,1f3034cbd83dc007bebbb86cb19474d4ce302552e2dd4f9a5af623e717861d58,256,7ff045e85bdcdcb19da695baf49045e3320a14d4,a0d714f7bc71ad4493f0e5464bb6a5f65205d7082adf9c71bfb90ec754807d5e,849f1b74cefdcc2362df172533df7980cabfd485ce2302f165ed502a7d40f4b8,fmnist,1.198973024794985,30,30,300000,0.0,0.0,e311558ce6e4e1a1d345e2051c2d5e8ccaecccda,0.001,10.0,energy_logit,AdamW,,article1-v3,a25cfd1d4a95d4f7a5edf37eefaaa8cfce5b3a5a5bd3b7fc84fc495052c80a57,56169d4fdedbe0732b5f4cc31ed6d66f01e7e1069f3e908130357af6f5652296,10000,full_original_order,44,56169d4fdedbe0732b5f4cc31ed6d66f01e7e1069f3e908130357af6f5652296,10000,deterministic_evaluation,single,3a3a90c833fd947e,none,44,23f2fcf4951dcfd2cbfe42c6a975f9f94a3b7aa0043feb9125ed7bb4f9ae3f33,27.1966609954834,6838075722e64f2bbfba2fd720c2d2975cc93fc1fa1b02f4a7d78d497d5477e4,0.0461,173.75647170410156,0.046,0.0182234824413347,20.869265658810622,1.0,8.0,"{""K"": 10, ""batch_size"": 256, ""epochs"": 30, ""lr"": 0.001, ""optimizer"": ""AdamW"", ""weight_decay"": 0.0001}",1200,0.0001,softmax_teachers(logsumexp(logits)),/home/roi/PycharmProjects/KD_v5/OUTPUTS/article1_v3/results_rq2_backup.csv,144,,,,,,,,,,True
e6f1e0016bd69e5208d7779bafd908447f0ffbf5bd505201465dc3d9494ee864,weighted_mean_logits,1f3034cbd83dc007bebbb86cb19474d4ce302552e2dd4f9a5af623e717861d58,256,7ff045e85bdcdcb19da695baf49045e3320a14d4,a0d714f7bc71ad4493f0e5464bb6a5f65205d7082adf9c71bfb90ec754807d5e,849f1b74cefdcc2362df172533df7980cabfd485ce2302f165ed502a7d40f4b8,fmnist,1.0,30,30,300000,0.0,0.0,e311558ce6e4e1a1d345e2051c2d5e8ccaecccda,0.001,1.0,expert_logit,AdamW,,article1-v3,a25cfd1d4a95d4f7a5edf37eefaaa8cfce5b3a5a5bd3b7fc84fc495052c80a57,56169d4fdedbe0732b5f4cc31ed6d66f01e7e1069f3e908130357af6f5652296,10000,full_original_order,44,56169d4fdedbe0732b5f4cc31ed6d66f01e7e1069f3e908130357af6f5652296,10000,deterministic_evaluation,single,79edd7ca6a5e54df,none,44,fc0b5aeb74b9629e3dd1611a306b7d3dd12501eb9954b82c082c18ae3cdf5ee3,0.1593122780323028,6838075722e64f2bbfba2fd720c2d2975cc93fc1fa1b02f4a7d78d497d5477e4,0.9057,2.6762206501960755,1.0,4.910081560201257e-05,3.872599766735031e-06,1.0,8.0,"{""K"": 10, ""batch_size"": 256, ""epochs"": 30, ""lr"": 0.001, ""optimizer"": ""AdamW"", ""weight_decay"": 0.0001}",1200,0.0001,selected_uniform,/home/roi/PycharmProjects/KD_v5/OUTPUTS/article1_v3/results_rq2_backup.csv,145,,,,,,,,,,True
a549aff87e6ef58b5926807f91025e7e405b52c4fe466412a04e29956c72609c,weighted_mean_logits,2a836581bb03cec96f509a87a0a27efbc0afc37c6522a54562e03a18504b0346,256,7ff045e85bdcdcb19da695baf49045e3320a14d4,d2636da84362f05b2a0ab8ebb5039b941c6b9310b42eddd0e6007451ba624b46,7d19cf95b4de564f3b35de7f267e55fb595e5b2a9d5e5d7408d2b7653541ba98,cifar,9.785688042386557,30,30,300000,0.0,0.0,e311558ce6e4e1a1d345e2051c2d5e8ccaecccda,0.001,10.0,confidence_logit,AdamW,,article1-v3,117be76002e0123f5252e2b78c50cbfb9fcbe971247b5af9c3e1b9dfba92df89,66af2fbb33f1e089245500600db030610ac3b47e91dba7cbb7dbf193a5c1ef13,10000,full_original_order,42,66af2fbb33f1e089245500600db030610ac3b47e91dba7cbb7dbf193a5c1ef13,10000,deterministic_evaluation,iid,4e5b4a12f4ba5ae2,none,42,39b55e2431fc56687b5c66a0f06d0d89c7b35903b2ac019208e857bba350beed,0.2865126729011535,185356aa1824f8622c4cedfce3d940f5365857f2d6541013f0f2d87bf8820d24,0.7546,0.7554587428569793,0.7961,2.15557465308817,1.5338759018980697,1.0,8.0,"{""K"": 10, ""batch_size"": 256, ""epochs"": 30, ""lr"": 0.001, ""optimizer"": ""AdamW"", ""weight_decay"": 0.0001}",1200,0.0001,softmax_teachers(MSP),/home/roi/PycharmProjects/KD_v5/OUTPUTS/article1_v3/results_rq2_backup.csv,146,,,,,,,,,,True
a549aff87e6ef58b5926807f91025e7e405b52c4fe466412a04e29956c72609c,weighted_mean_logits,2a836581bb03cec96f509a87a0a27efbc0afc37c6522a54562e03a18504b0346,256,7ff045e85bdcdcb19da695baf49045e3320a14d4,d2636da84362f05b2a0ab8ebb5039b941c6b9310b42eddd0e6007451ba624b46,7d19cf95b4de564f3b35de7f267e55fb595e5b2a9d5e5d7408d2b7653541ba98,cifar,7.7228,30,30,300000,0.0,0.0,e311558ce6e4e1a1d345e2051c2d5e8ccaecccda,0.001,7.7228,consensus_logit,AdamW,,article1-v3,117be76002e0123f5252e2b78c50cbfb9fcbe971247b5af9c3e1b9dfba92df89,66af2fbb33f1e089245500600db030610ac3b47e91dba7cbb7dbf193a5c1ef13,10000,full_original_order,42,66af2fbb33f1e089245500600db030610ac3b47e91dba7cbb7dbf193a5c1ef13,10000,deterministic_evaluation,iid,7dbe0444b9602f86,none,42,7a5ef82dd10543931573becb97f0de8e57d89575e0c9e35c4c49c3038a65ac82,0.2983039915561676,185356aa1824f8622c4cedfce3d940f5365857f2d6541013f0f2d87bf8820d24,0.7559,0.7656492817878723,0.7931,2.151049708212826,1.517972370924748,1.0,8.0,"{""K"": 10, ""batch_size"": 256, ""epochs"": 30, ""lr"": 0.001, ""optimizer"": ""AdamW"", ""weight_decay"": 0.0001}",1200,0.0001,selected_uniform,/home/roi/PycharmProjects/KD_v5/OUTPUTS/article1_v3/results_rq2_backup.csv,147,,,,,,,,,,True
a549aff87e6ef58b5926807f91025e7e405b52c4fe466412a04e29956c72609c,weighted_mean_logits,2a836581bb03cec96f509a87a0a27efbc0afc37c6522a54562e03a18504b0346,256,7ff045e85bdcdcb19da695baf49045e3320a14d4,d2636da84362f05b2a0ab8ebb5039b941c6b9310b42eddd0e6007451ba624b46,7d19cf95b4de564f3b35de7f267e55fb595e5b2a9d5e5d7408d2b7653541ba98,cifar,2.5912832373300043,30,30,300000,0.0,0.0,e311558ce6e4e1a1d345e2051c2d5e8ccaecccda,0.001,10.0,energy_logit,AdamW,,article1-v3,117be76002e0123f5252e2b78c50cbfb9fcbe971247b5af9c3e1b9dfba92df89,66af2fbb33f1e089245500600db030610ac3b47e91dba7cbb7dbf193a5c1ef13,10000,full_original_order,42,66af2fbb33f1e089245500600db030610ac3b47e91dba7cbb7dbf193a5c1ef13,10000,deterministic_evaluation,iid,ee203208439b0a48,none,42,92047cbb8432c859abfadf76b31c42f2d08c2f236dfeee1e97d980f035edac1d,0.6461657285690308,185356aa1824f8622c4cedfce3d940f5365857f2d6541013f0f2d87bf8820d24,0.7391,0.9511619755744934,0.7837,2.0339682781191297,1.344032999560515,1.0,8.0,"{""K"": 10, ""batch_size"": 256, ""epochs"": 30, ""lr"": 0.001, ""optimizer"": ""AdamW"", ""weight_decay"": 0.0001}",1200,0.0001,softmax_teachers(logsumexp(logits)),/home/roi/PycharmProjects/KD_v5/OUTPUTS/article1_v3/results_rq2_backup.csv,148,,,,,,,,,,True
a549aff87e6ef58b5926807f91025e7e405b52c4fe466412a04e29956c72609c,weighted_mean_logits,2a836581bb03cec96f509a87a0a27efbc0afc37c6522a54562e03a18504b0346,256,7ff045e85bdcdcb19da695baf49045e3320a14d4,d2636da84362f05b2a0ab8ebb5039b941c6b9310b42eddd0e6007451ba624b46,7d19cf95b4de564f3b35de7f267e55fb595e5b2a9d5e5d7408d2b7653541ba98,cifar,6.5,30,30,300000,1000.0,0.1,e311558ce6e4e1a1d345e2051c2d5e8ccaecccda,0.001,5.5,expert_logit,AdamW,,article1-v3,117be76002e0123f5252e2b78c50cbfb9fcbe971247b5af9c3e1b9dfba92df89,66af2fbb33f1e089245500600db030610ac3b47e91dba7cbb7dbf193a5c1ef13,10000,full_original_order,42,66af2fbb33f1e089245500600db030610ac3b47e91dba7cbb7dbf193a5c1ef13,10000,deterministic_evaluation,iid,9a081680d68fa9ae,none,42,1d17730f250a7ce774ba33da79ccb932d66f86cec4edf85cfc3d8ebf82c2233a,0.3280209600925445,185356aa1824f8622c4cedfce3d940f5365857f2d6541013f0f2d87bf8820d24,0.7457,0.8144115260601044,0.794,2.142457537990947,1.5104006329429436,1.0,8.0,"{""K"": 10, ""batch_size"": 256, ""epochs"": 30, ""lr"": 0.001, ""optimizer"": ""AdamW"", ""weight_decay"": 0.0001}",1200,0.0001,selected_uniform,/home/roi/PycharmProjects/KD_v5/OUTPUTS/article1_v3/results_rq2_backup.csv,149,,,,,,,,,,True
307c12102e5bfafaa4901428358ed03a348f46cc8bb17d41a8b8916ca9f0f084,weighted_mean_logits,2a836581bb03cec96f509a87a0a27efbc0afc37c6522a54562e03a18504b0346,256,7ff045e85bdcdcb19da695baf49045e3320a14d4,2fced72dc2506882a06adaefd23cf09c1932e340f877eea2188cd1df360bfb89,7d19cf95b4de564f3b35de7f267e55fb595e5b2a9d5e5d7408d2b7653541ba98,cifar,9.703448450550534,30,30,300000,0.0,0.0,e311558ce6e4e1a1d345e2051c2d5e8ccaecccda,0.001,10.0,confidence_logit,AdamW,,article1-v3,117be76002e0123f5252e2b78c50cbfb9fcbe971247b5af9c3e1b9dfba92df89,66af2fbb33f1e089245500600db030610ac3b47e91dba7cbb7dbf193a5c1ef13,10000,full_original_order,42,66af2fbb33f1e089245500600db030610ac3b47e91dba7cbb7dbf193a5c1ef13,10000,deterministic_evaluation,alpha1p0,57f49129c270c132,none,42,ed649fc5d91395956b20b626fb154c3dc34b5b9b0e44a16ceee08fc0b52d871a,0.2387894093990326,185356aa1824f8622c4cedfce3d940f5365857f2d6541013f0f2d87bf8820d24,0.745,0.7420327355861663,0.7768,2.164983664892867,1.560172605320676,1.0,8.0,"{""K"": 10, ""batch_size"": 256, ""epochs"": 30, ""lr"": 0.001, ""optimizer"": ""AdamW"", ""weight_decay"": 0.0001}",1200,0.0001,softmax_teachers(MSP),/home/roi/PycharmProjects/KD_v5/OUTPUTS/article1_v3/results_rq2_backup.csv,150,,,,,,,,,,True
307c12102e5bfafaa4901428358ed03a348f46cc8bb17d41a8b8916ca9f0f084,weighted_mean_logits,2a836581bb03cec96f509a87a0a27efbc0afc37c6522a54562e03a18504b0346,256,7ff045e85bdcdcb19da695baf49045e3320a14d4,2fced72dc2506882a06adaefd23cf09c1932e340f877eea2188cd1df360bfb89,7d19cf95b4de564f3b35de7f267e55fb595e5b2a9d5e5d7408d2b7653541ba98,cifar,6.4107,30,30,300000,0.0,0.0,e311558ce6e4e1a1d345e2051c2d5e8ccaecccda,0.001,6.4107,consensus_logit,AdamW,,article1-v3,117be76002e0123f5252e2b78c50cbfb9fcbe971247b5af9c3e1b9dfba92df89,66af2fbb33f1e089245500600db030610ac3b47e91dba7cbb7dbf193a5c1ef13,10000,full_original_order,42,66af2fbb33f1e089245500600db030610ac3b47e91dba7cbb7dbf193a5c1ef13,10000,deterministic_evaluation,alpha1p0,a20013e877156625,none,42,c95f7f22ad0fad4bc5dc1d5bfb5d415d54b7c3a4f7850492078c5216dafe9148,0.4443163275718689,185356aa1824f8622c4cedfce3d940f5365857f2d6541013f0f2d87bf8820d24,0.7539,0.7647266129493714,0.7903,2.12318060045329,1.4593741371351945,1.0,8.0,"{""K"": 10, ""batch_size"": 256, ""epochs"": 30, ""lr"": 0.001, ""optimizer"": ""AdamW"", ""weight_decay"": 0.0001}",1200,0.0001,selected_uniform,/home/roi/PycharmProjects/KD_v5/OUTPUTS/article1_v3/results_rq2_backup.csv,151,,,,,,,,,,True
307c12102e5bfafaa4901428358ed03a348f46cc8bb17d41a8b8916ca9f0f084,weighted_mean_logits,2a836581bb03cec96f509a87a0a27efbc0afc37c6522a54562e03a18504b0346,256,7ff045e85bdcdcb19da695baf49045e3320a14d4,2fced72dc2506882a06adaefd23cf09c1932e340f877eea2188cd1df360bfb89,7d19cf95b4de564f3b35de7f267e55fb595e5b2a9d5e5d7408d2b7653541ba98,cifar,1.9699621645565744,30,30,300000,0.0,0.0,e311558ce6e4e1a1d345e2051c2d5e8ccaecccda,0.001,10.0,energy_logit,AdamW,,article1-v3,117be76002e0123f5252e2b78c50cbfb9fcbe971247b5af9c3e1b9dfba92df89,66af2fbb33f1e089245500600db030610ac3b47e91dba7cbb7dbf193a5c1ef13,10000,full_original_order,42,66af2fbb33f1e089245500600db030610ac3b47e91dba7cbb7dbf193a5c1ef13,10000,deterministic_evaluation,alpha1p0,6f9f51738222250d,none,42,5e1df5f23f39024de494ae4915ba8eed38f1156dca05a5b265671cc0e926ff2f,0.9254438877105712,185356aa1824f8622c4cedfce3d940f5365857f2d6541013f0f2d87bf8820d24,0.7034,1.3564396385192872,0.7805,1.904262010485084,1.1958869183717844,1.0,8.0,"{""K"": 10, ""batch_size"": 256, ""epochs"": 30, ""lr"": 0.001, ""optimizer"": ""AdamW"", ""weight_decay"": 0.0001}",1200,0.0001,softmax_teachers(logsumexp(logits)),/home/roi/PycharmProjects/KD_v5/OUTPUTS/article1_v3/results_rq2_backup.csv,152,,,,,,,,,,True
307c12102e5bfafaa4901428358ed03a348f46cc8bb17d41a8b8916ca9f0f084,weighted_mean_logits,2a836581bb03cec96f509a87a0a27efbc0afc37c6522a54562e03a18504b0346,256,7ff045e85bdcdcb19da695baf49045e3320a14d4,2fced72dc2506882a06adaefd23cf09c1932e340f877eea2188cd1df360bfb89,7d19cf95b4de564f3b35de7f267e55fb595e5b2a9d5e5d7408d2b7653541ba98,cifar,4.1,30,30,300000,0.0,0.0,e311558ce6e4e1a1d345e2051c2d5e8ccaecccda,0.001,4.1,expert_logit,AdamW,,article1-v3,117be76002e0123f5252e2b78c50cbfb9fcbe971247b5af9c3e1b9dfba92df89,66af2fbb33f1e089245500600db030610ac3b47e91dba7cbb7dbf193a5c1ef13,10000,full_original_order,42,66af2fbb33f1e089245500600db030610ac3b47e91dba7cbb7dbf193a5c1ef13,10000,deterministic_evaluation,alpha1p0,78f7162f96a08885,none,42,4a92cb73d6d58824de72a2c9798380cc2ab4e3404fb28e7cbe67c1767af8cc42,0.7009390592575073,185356aa1824f8622c4cedfce3d940f5365857f2d6541013f0f2d87bf8820d24,0.763,0.7671196801185608,0.9091,2.087727452149956,1.3318699433121477,1.0,8.0,"{""K"": 10, ""batch_size"": 256, ""epochs"": 30, ""lr"": 0.001, ""optimizer"": ""AdamW"", ""weight_decay"": 0.0001}",1200,0.0001,selected_uniform,/home/roi/PycharmProjects/KD_v5/OUTPUTS/article1_v3/results_rq2_backup.csv,153,,,,,,,,,,True
22761dd5334f162c8815801a3cf0f9fa93a691bd808e949c32b45509b9351ae9,weighted_mean_logits,2a836581bb03cec96f509a87a0a27efbc0afc37c6522a54562e03a18504b0346,256,7ff045e85bdcdcb19da695baf49045e3320a14d4,49787a4c00aa71a0b9d980bbbcb54e215aa71ff8388ef7d3c0f859811473975a,7d19cf95b4de564f3b35de7f267e55fb595e5b2a9d5e5d7408d2b7653541ba98,cifar,9.666085783430972,30,30,300000,0.0,0.0,e311558ce6e4e1a1d345e2051c2d5e8ccaecccda,0.001,10.0,confidence_logit,AdamW,,article1-v3,117be76002e0123f5252e2b78c50cbfb9fcbe971247b5af9c3e1b9dfba92df89,66af2fbb33f1e089245500600db030610ac3b47e91dba7cbb7dbf193a5c1ef13,10000,full_original_order,42,66af2fbb33f1e089245500600db030610ac3b47e91dba7cbb7dbf193a5c1ef13,10000,deterministic_evaluation,alpha0p5,90a9941ddd2f75b3,none,42,cf70afa996a9e70ddfa801cfba5fc3ddf0f131f4c9da18f37836128d1578e452,0.1184122562408447,185356aa1824f8622c4cedfce3d940f5365857f2d6541013f0f2d87bf8820d24,0.6319,1.024276026535034,0.6574,2.2311200353224736,1.7967822480300877,1.0,8.0,"{""K"": 10, ""batch_size"": 256, ""epochs"": 30, ""lr"": 0.001, ""optimizer"": ""AdamW"", ""weight_decay"": 0.0001}",1200,0.0001,softmax_teachers(MSP),/home/roi/PycharmProjects/KD_v5/OUTPUTS/article1_v3/results_rq2_backup.csv,154,,,,,,,,,,True
22761dd5334f162c8815801a3cf0f9fa93a691bd808e949c32b45509b9351ae9,weighted_mean_logits,2a836581bb03cec96f509a87a0a27efbc0afc37c6522a54562e03a18504b0346,256,7ff045e85bdcdcb19da695baf49045e3320a14d4,49787a4c00aa71a0b9d980bbbcb54e215aa71ff8388ef7d3c0f859811473975a,7d19cf95b4de564f3b35de7f267e55fb595e5b2a9d5e5d7408d2b7653541ba98,cifar,5.261,30,30,300000,0.0,0.0,e311558ce6e4e1a1d345e2051c2d5e8ccaecccda,0.001,5.261,consensus_logit,AdamW,,article1-v3,117be76002e0123f5252e2b78c50cbfb9fcbe971247b5af9c3e1b9dfba92df89,66af2fbb33f1e089245500600db030610ac3b47e91dba7cbb7dbf193a5c1ef13,10000,full_original_order,42,66af2fbb33f1e089245500600db030610ac3b47e91dba7cbb7dbf193a5c1ef13,10000,deterministic_evaluation,alpha0p5,dfcc3fe01062e5dc,none,42,9a243e1358ec854865c828a63054d4beae2363110c4a320d896af72f9a8a4ae4,0.1593407392501831,185356aa1824f8622c4cedfce3d940f5365857f2d6541013f0f2d87bf8820d24,0.704,0.9293877109527588,0.7256,2.1887008730052693,1.6475625926755728,1.0,8.0,"{""K"": 10, ""batch_size"": 256, ""epochs"": 30, ""lr"": 0.001, ""optimizer"": ""AdamW"", ""weight_decay"": 0.0001}",1200,0.0001,selected_uniform,/home/roi/PycharmProjects/KD_v5/OUTPUTS/article1_v3/results_rq2_backup.csv,155,,,,,,,,,,True
22761dd5334f162c8815801a3cf0f9fa93a691bd808e949c32b45509b9351ae9,weighted_mean_logits,2a836581bb03cec96f509a87a0a27efbc0afc37c6522a54562e03a18504b0346,256,7ff045e85bdcdcb19da695baf49045e3320a14d4,49787a4c00aa71a0b9d980bbbcb54e215aa71ff8388ef7d3c0f859811473975a,7d19cf95b4de564f3b35de7f267e55fb595e5b2a9d5e5d7408d2b7653541ba98,cifar,2.812044470415052,30,30,300000,0.0,0.0,e311558ce6e4e1a1d345e2051c2d5e8ccaecccda,0.001,10.0,energy_logit,AdamW,,article1-v3,117be76002e0123f5252e2b78c50cbfb9fcbe971247b5af9c3e1b9dfba92df89,66af2fbb33f1e089245500600db030610ac3b47e91dba7cbb7dbf193a5c1ef13,10000,full_original_order,42,66af2fbb33f1e089245500600db030610ac3b47e91dba7cbb7dbf193a5c1ef13,10000,deterministic_evaluation,alpha0p5,5ce600856a6236b5,none,42,8ebbcb8e24373321b6edbcbb660d6ec6e08329bfd55956d6033e79d58acd7403,0.4373599290847778,185356aa1824f8622c4cedfce3d940f5365857f2d6541013f0f2d87bf8820d24,0.6838,1.185039161682129,0.7152,2.106413311620073,1.522693211616269,1.0,8.0,"{""K"": 10, ""batch_size"": 256, ""epochs"": 30, ""lr"": 0.001, ""optimizer"": ""AdamW"", ""weight_decay"": 0.0001}",1200,0.0001,softmax_teachers(logsumexp(logits)),/home/roi/PycharmProjects/KD_v5/OUTPUTS/article1_v3/results_rq2_backup.csv,156,,,,,,,,,,True
22761dd5334f162c8815801a3cf0f9fa93a691bd808e949c32b45509b9351ae9,weighted_mean_logits,2a836581bb03cec96f509a87a0a27efbc0afc37c6522a54562e03a18504b0346,256,7ff045e85bdcdcb19da695baf49045e3320a14d4,49787a4c00aa71a0b9d980bbbcb54e215aa71ff8388ef7d3c0f859811473975a,7d19cf95b4de564f3b35de7f267e55fb595e5b2a9d5e5d7408d2b7653541ba98,cifar,4.0,30,30,300000,0.0,0.0,e311558ce6e4e1a1d345e2051c2d5e8ccaecccda,0.001,4.0,expert_logit,AdamW,,article1-v3,117be76002e0123f5252e2b78c50cbfb9fcbe971247b5af9c3e1b9dfba92df89,66af2fbb33f1e089245500600db030610ac3b47e91dba7cbb7dbf193a5c1ef13,10000,full_original_order,42,66af2fbb33f1e089245500600db030610ac3b47e91dba7cbb7dbf193a5c1ef13,10000,deterministic_evaluation,alpha0p5,70fd45cb24397f9c,none,42,a09218a01e9affaec87622cd6632c30e204f8dce861cd359305515730bdeacbc,0.3264641463756561,185356aa1824f8622c4cedfce3d940f5365857f2d6541013f0f2d87bf8820d24,0.7383,0.8278199010848999,0.934,2.1692777717485425,1.4739557600851885,1.0,8.0,"{""K"": 10, ""batch_size"": 256, ""epochs"": 30, ""lr"": 0.001, ""optimizer"": ""AdamW"", ""weight_decay"": 0.0001}",1200,0.0001,selected_uniform,/home/roi/PycharmProjects/KD_v5/OUTPUTS/article1_v3/results_rq2_backup.csv,157,,,,,,,,,,True
34f84e2343874e1a7b9b815529aa22768f81a356597ec5e338c60b3904ca2c75,weighted_mean_logits,2a836581bb03cec96f509a87a0a27efbc0afc37c6522a54562e03a18504b0346,256,7ff045e85bdcdcb19da695baf49045e3320a14d4,131d0b9efcd1c7294a6cc1cf94110c75b2bab77a718c2909d085900d8a7a96f6,7d19cf95b4de564f3b35de7f267e55fb595e5b2a9d5e5d7408d2b7653541ba98,cifar,9.7241821949147,30,30,300000,0.0,0.0,e311558ce6e4e1a1d345e2051c2d5e8ccaecccda,0.001,10.0,confidence_logit,AdamW,,article1-v3,117be76002e0123f5252e2b78c50cbfb9fcbe971247b5af9c3e1b9dfba92df89,66af2fbb33f1e089245500600db030610ac3b47e91dba7cbb7dbf193a5c1ef13,10000,full_original_order,42,66af2fbb33f1e089245500600db030610ac3b47e91dba7cbb7dbf193a5c1ef13,10000,deterministic_evaluation,alpha0p1,f9a117fc96eb00c7,none,42,aef6d8a6469bdd41f748b74ca5efd698b86af512b5ac6cefa135477ebd843ff8,0.0692958831787109,185356aa1824f8622c4cedfce3d940f5365857f2d6541013f0f2d87bf8820d24,0.2503,2.549531973266601,0.2893,2.260878441355135,2.068824803712559,1.0,8.0,"{""K"": 10, ""batch_size"": 256, ""epochs"": 30, ""lr"": 0.001, ""optimizer"": ""AdamW"", ""weight_decay"": 0.0001}",1200,0.0001,softmax_teachers(MSP),/home/roi/PycharmProjects/KD_v5/OUTPUTS/article1_v3/results_rq2_backup.csv,158,,,,,,,,,,True
34f84e2343874e1a7b9b815529aa22768f81a356597ec5e338c60b3904ca2c75,weighted_mean_logits,2a836581bb03cec96f509a87a0a27efbc0afc37c6522a54562e03a18504b0346,256,7ff045e85bdcdcb19da695baf49045e3320a14d4,131d0b9efcd1c7294a6cc1cf94110c75b2bab77a718c2909d085900d8a7a96f6,7d19cf95b4de564f3b35de7f267e55fb595e5b2a9d5e5d7408d2b7653541ba98,cifar,3.0873,30,30,300000,0.0,0.0,e311558ce6e4e1a1d345e2051c2d5e8ccaecccda,0.001,3.0873,consensus_logit,AdamW,,article1-v3,117be76002e0123f5252e2b78c50cbfb9fcbe971247b5af9c3e1b9dfba92df89,66af2fbb33f1e089245500600db030610ac3b47e91dba7cbb7dbf193a5c1ef13,10000,full_original_order,42,66af2fbb33f1e089245500600db030610ac3b47e91dba7cbb7dbf193a5c1ef13,10000,deterministic_evaluation,alpha0p1,4dc5010dc8c9e3f0,none,42,859d58d9199934e288f7bf380bb3df8f20e62d542b0be37849e1820913b929c5,1.0165811777114868,185356aa1824f8622c4cedfce3d940f5365857f2d6541013f0f2d87bf8820d24,0.579,2.7759048583984374,0.6003,2.0112099491484727,1.6676847355432425,1.0,8.0,"{""K"": 10, ""batch_size"": 256, ""epochs"": 30, ""lr"": 0.001, ""optimizer"": ""AdamW"", ""weight_decay"": 0.0001}",1200,0.0001,selected_uniform,/home/roi/PycharmProjects/KD_v5/OUTPUTS/article1_v3/results_rq2_backup.csv,159,,,,,,,,,,True
34f84e2343874e1a7b9b815529aa22768f81a356597ec5e338c60b3904ca2c75,weighted_mean_logits,2a836581bb03cec96f509a87a0a27efbc0afc37c6522a54562e03a18504b0346,256,7ff045e85bdcdcb19da695baf49045e3320a14d4,131d0b9efcd1c7294a6cc1cf94110c75b2bab77a718c2909d085900d8a7a96f6,7d19cf95b4de564f3b35de7f267e55fb595e5b2a9d5e5d7408d2b7653541ba98,cifar,2.046751698494282,30,30,300000,0.0,0.0,e311558ce6e4e1a1d345e2051c2d5e8ccaecccda,0.001,10.0,energy_logit,AdamW,,article1-v3,117be76002e0123f5252e2b78c50cbfb9fcbe971247b5af9c3e1b9dfba92df89,66af2fbb33f1e089245500600db030610ac3b47e91dba7cbb7dbf193a5c1ef13,10000,full_original_order,42,66af2fbb33f1e089245500600db030610ac3b47e91dba7cbb7dbf193a5c1ef13,10000,deterministic_evaluation,alpha0p1,86ca1aaa9aad7471,none,42,d9ea23412ce5607731bb75247de5d2a7e24e539517ec93770e9b5f0f9f18c008,2.5641403198242188,185356aa1824f8622c4cedfce3d940f5365857f2d6541013f0f2d87bf8820d24,0.4803,5.314717742919922,0.5565,1.8764296004945984,1.7857933886833322,1.0,8.0,"{""K"": 10, ""batch_size"": 256, ""epochs"": 30, ""lr"": 0.001, ""optimizer"": ""AdamW"", ""weight_decay"": 0.0001}",1200,0.0001,softmax_teachers(logsumexp(logits)),/home/roi/PycharmProjects/KD_v5/OUTPUTS/article1_v3/results_rq2_backup.csv,160,,,,,,,,,,True
34f84e2343874e1a7b9b815529aa22768f81a356597ec5e338c60b3904ca2c75,weighted_mean_logits,2a836581bb03cec96f509a87a0a27efbc0afc37c6522a54562e03a18504b0346,256,7ff045e85bdcdcb19da695baf49045e3320a14d4,131d0b9efcd1c7294a6cc1cf94110c75b2bab77a718c2909d085900d8a7a96f6,7d19cf95b4de564f3b35de7f267e55fb595e5b2a9d5e5d7408d2b7653541ba98,cifar,2.4,30,30,300000,0.0,0.0,e311558ce6e4e1a1d345e2051c2d5e8ccaecccda,0.001,2.4,expert_logit,AdamW,,article1-v3,117be76002e0123f5252e2b78c50cbfb9fcbe971247b5af9c3e1b9dfba92df89,66af2fbb33f1e089245500600db030610ac3b47e91dba7cbb7dbf193a5c1ef13,10000,full_original_order,42,66af2fbb33f1e089245500600db030610ac3b47e91dba7cbb7dbf193a5c1ef13,10000,deterministic_evaluation,alpha0p1,6869eda71ce63e5e,none,42,dc3e40601acfea747ac48261b6bb0ae050f6da9c3b020b2539d486a1d60c2675,0.6973699927330017,185356aa1824f8622c4cedfce3d940f5365857f2d6541013f0f2d87bf8820d24,0.7493,1.1510407949447632,0.992,1.9470094644683988,1.042674255378817,1.0,8.0,"{""K"": 10, ""batch_size"": 256, ""epochs"": 30, ""lr"": 0.001, ""optimizer"": ""AdamW"", ""weight_decay"": 0.0001}",1200,0.0001,selected_uniform,/home/roi/PycharmProjects/KD_v5/OUTPUTS/article1_v3/results_rq2_backup.csv,161,,,,,,,,,,True
ce4b9886dc3da23c4ec80937dca96608fe5f8454c6299680143dd031516e5403,weighted_mean_logits,2a836581bb03cec96f509a87a0a27efbc0afc37c6522a54562e03a18504b0346,256,7ff045e85bdcdcb19da695baf49045e3320a14d4,cda92e09f816aadc89145939b2cfdec713c27790786ec486e5e9906a86ce436e,7d19cf95b4de564f3b35de7f267e55fb595e5b2a9d5e5d7408d2b7653541ba98,cifar,9.835633165061344,30,30,300000,0.0,0.0,e311558ce6e4e1a1d345e2051c2d5e8ccaecccda,0.001,10.0,confidence_logit,AdamW,,article1-v3,117be76002e0123f5252e2b78c50cbfb9fcbe971247b5af9c3e1b9dfba92df89,66af2fbb33f1e089245500600db030610ac3b47e91dba7cbb7dbf193a5c1ef13,10000,full_original_order,42,66af2fbb33f1e089245500600db030610ac3b47e91dba7cbb7dbf193a5c1ef13,10000,deterministic_evaluation,multi,d1edd9170634ba1b,none,42,dd90886909e1f6588d6650c61c44a494deb9af5cdfe7a0e2386f359d3085a8f9,0.0241780281066894,185356aa1824f8622c4cedfce3d940f5365857f2d6541013f0f2d87bf8820d24,0.4879,1.6794422706604004,0.4927,2.296221242420469,2.169906994809902,1.0,8.0,"{""K"": 10, ""batch_size"": 256, ""epochs"": 30, ""lr"": 0.001, ""optimizer"": ""AdamW"", ""weight_decay"": 0.0001}",1200,0.0001,softmax_teachers(MSP),/home/roi/PycharmProjects/KD_v5/OUTPUTS/article1_v3/results_rq2_backup.csv,162,,,,,,,,,,True
ce4b9886dc3da23c4ec80937dca96608fe5f8454c6299680143dd031516e5403,weighted_mean_logits,2a836581bb03cec96f509a87a0a27efbc0afc37c6522a54562e03a18504b0346,256,7ff045e85bdcdcb19da695baf49045e3320a14d4,cda92e09f816aadc89145939b2cfdec713c27790786ec486e5e9906a86ce436e,7d19cf95b4de564f3b35de7f267e55fb595e5b2a9d5e5d7408d2b7653541ba98,cifar,1.9992,30,30,300000,0.0,0.0,e311558ce6e4e1a1d345e2051c2d5e8ccaecccda,0.001,1.9992,consensus_logit,AdamW,,article1-v3,117be76002e0123f5252e2b78c50cbfb9fcbe971247b5af9c3e1b9dfba92df89,66af2fbb33f1e089245500600db030610ac3b47e91dba7cbb7dbf193a5c1ef13,10000,full_original_order,42,66af2fbb33f1e089245500600db030610ac3b47e91dba7cbb7dbf193a5c1ef13,10000,deterministic_evaluation,multi,6973df2b8ea6cf7b,none,42,ff06c7dbfdf2eb7efd0a0a89dd30d1e14c8cae5c0904d79dad18d68de09a93b7,2.979031801223755,185356aa1824f8622c4cedfce3d940f5365857f2d6541013f0f2d87bf8820d24,0.5284,4.9607241981506345,0.507,1.5836909963165218,1.916764268279664,1.0,8.0,"{""K"": 10, ""batch_size"": 256, ""epochs"": 30, ""lr"": 0.001, ""optimizer"": ""AdamW"", ""weight_decay"": 0.0001}",1200,0.0001,selected_uniform,/home/roi/PycharmProjects/KD_v5/OUTPUTS/article1_v3/results_rq2_backup.csv,163,,,,,,,,,,True
ce4b9886dc3da23c4ec80937dca96608fe5f8454c6299680143dd031516e5403,weighted_mean_logits,2a836581bb03cec96f509a87a0a27efbc0afc37c6522a54562e03a18504b0346,256,7ff045e85bdcdcb19da695baf49045e3320a14d4,cda92e09f816aadc89145939b2cfdec713c27790786ec486e5e9906a86ce436e,7d19cf95b4de564f3b35de7f267e55fb595e5b2a9d5e5d7408d2b7653541ba98,cifar,2.6165953027607007,30,30,300000,0.0,0.0,e311558ce6e4e1a1d345e2051c2d5e8ccaecccda,0.001,10.0,energy_logit,AdamW,,article1-v3,117be76002e0123f5252e2b78c50cbfb9fcbe971247b5af9c3e1b9dfba92df89,66af2fbb33f1e089245500600db030610ac3b47e91dba7cbb7dbf193a5c1ef13,10000,full_original_order,42,66af2fbb33f1e089245500600db030610ac3b47e91dba7cbb7dbf193a5c1ef13,10000,deterministic_evaluation,multi,7e45df5be148ac25,none,42,4ae9d082cf5cf736e0297818c64440d071ad2c006a8850043b4a679083ea3eea,3.167025089263916,185356aa1824f8622c4cedfce3d940f5365857f2d6541013f0f2d87bf8820d24,0.4811,5.689942148590088,0.4929,1.7548558444029727,1.82206053666186,1.0,8.0,"{""K"": 10, ""batch_size"": 256, ""epochs"": 30, ""lr"": 0.001, ""optimizer"": ""AdamW"", ""weight_decay"": 0.0001}",1200,0.0001,softmax_teachers(logsumexp(logits)),/home/roi/PycharmProjects/KD_v5/OUTPUTS/article1_v3/results_rq2_backup.csv,164,,,,,,,,,,True
ce4b9886dc3da23c4ec80937dca96608fe5f8454c6299680143dd031516e5403,weighted_mean_logits,2a836581bb03cec96f509a87a0a27efbc0afc37c6522a54562e03a18504b0346,256,7ff045e85bdcdcb19da695baf49045e3320a14d4,cda92e09f816aadc89145939b2cfdec713c27790786ec486e5e9906a86ce436e,7d19cf95b4de564f3b35de7f267e55fb595e5b2a9d5e5d7408d2b7653541ba98,cifar,2.0,30,30,300000,0.0,0.0,e311558ce6e4e1a1d345e2051c2d5e8ccaecccda,0.001,2.0,expert_logit,AdamW,,article1-v3,117be76002e0123f5252e2b78c50cbfb9fcbe971247b5af9c3e1b9dfba92df89,66af2fbb33f1e089245500600db030610ac3b47e91dba7cbb7dbf193a5c1ef13,10000,full_original_order,42,66af2fbb33f1e089245500600db030610ac3b47e91dba7cbb7dbf193a5c1ef13,10000,deterministic_evaluation,multi,8f0e304de29f7a95,none,42,d2ea48a3821d1e97fac11b5a8c17a2e0430a1e08891232f091555ca900176eff,2.1166813373565674,185356aa1824f8622c4cedfce3d940f5365857f2d6541013f0f2d87bf8820d24,0.7496,1.569563491439819,0.9425,1.613088334653297,0.7684802114532484,1.0,8.0,"{""K"": 10, ""batch_size"": 256, ""epochs"": 30, ""lr"": 0.001, ""optimizer"": ""AdamW"", ""weight_decay"": 0.0001}",1200,0.0001,selected_uniform,/home/roi/PycharmProjects/KD_v5/OUTPUTS/article1_v3/results_rq2_backup.csv,165,,,,,,,,,,True
a549aff87e6ef58b5926807f91025e7e405b52c4fe466412a04e29956c72609c,mean_probabilities,9c89cc8875f36da465b21ebab76f17691f27e51a6e391c7da97d9b3c818ea16e,100,7ff045e85bdcdcb19da695baf49045e3320a14d4,d2636da84362f05b2a0ab8ebb5039b941c6b9310b42eddd0e6007451ba624b46,53f9e814a94b3c58466da1b196a4a015777ae6b1c7cdabf87a8ad2bc27a4c731,cifar,9.999999999999998,1200,1200,120000,0.0,0.0,f43d3c45a93e7d059b9e9102281be5fe6dfd02e6,0.001,10.0,feddf_prob,AdamW,,article1-v3,392654b3c3340eaf73f153ae57d9b013005a9220630fb5b5b46d9f668e1c87cb,66af2fbb33f1e089245500600db030610ac3b47e91dba7cbb7dbf193a5c1ef13,10000,nested_stratified_v1,42,85a26f7dcea1550411a19050a529862f2def50737608f3fbf6854cdf74235b17,100,deterministic_evaluation,iid,161c0fe2631b90d8,none,42,44f5d7a742c4eb817c18ef4da92f17dcd56f3b02dc0076cdcf9934d97b442cdd,3.323554892631364e-06,185356aa1824f8622c4cedfce3d940f5365857f2d6541013f0f2d87bf8820d24,0.4195,1.816007500457764,0.75,2.167279063269397,1.5706253593389363,1.0,8.0,"{""K"": 10, ""batch_size"": 256, ""lr"": 0.001, ""optimizer"": ""AdamW"", ""proxy_labels_sha256"": ""392654b3c3340eaf73f153ae57d9b013005a9220630fb5b5b46d9f668e1c87cb"", ""proxy_size"": 100, ""updates"": 1200, ""weight_decay"": 0.0001}",1200,0.0001,uniform,/home/roi/PycharmProjects/KD_v5/OUTPUTS/article1_v3/results_proxy_size_feddf_prob.csv,2,,,,,,,,,,True
34f84e2343874e1a7b9b815529aa22768f81a356597ec5e338c60b3904ca2c75,mean_probabilities,9c89cc8875f36da465b21ebab76f17691f27e51a6e391c7da97d9b3c818ea16e,100,7ff045e85bdcdcb19da695baf49045e3320a14d4,131d0b9efcd1c7294a6cc1cf94110c75b2bab77a718c2909d085900d8a7a96f6,53f9e814a94b3c58466da1b196a4a015777ae6b1c7cdabf87a8ad2bc27a4c731,cifar,9.999999999999998,1200,1200,120000,0.0,0.0,f43d3c45a93e7d059b9e9102281be5fe6dfd02e6,0.001,10.0,feddf_prob,AdamW,,article1-v3,392654b3c3340eaf73f153ae57d9b013005a9220630fb5b5b46d9f668e1c87cb,66af2fbb33f1e089245500600db030610ac3b47e91dba7cbb7dbf193a5c1ef13,10000,nested_stratified_v1,42,85a26f7dcea1550411a19050a529862f2def50737608f3fbf6854cdf74235b17,100,deterministic_evaluation,alpha0p1,75a4a7e1221099e2,none,42,8a3e8f1f65f5a8eddd2db09c7a721154b71de4cc5c315fafff491e940d509784,1.3685225894732866e-05,185356aa1824f8622c4cedfce3d940f5365857f2d6541013f0f2d87bf8820d24,0.2326,2.5807671783447264,0.48,2.26065045916477,1.9785747999928391,1.0,8.0,"{""K"": 10, ""batch_size"": 256, ""lr"": 0.001, ""optimizer"": ""AdamW"", ""proxy_labels_sha256"": ""392654b3c3340eaf73f153ae57d9b013005a9220630fb5b5b46d9f668e1c87cb"", ""proxy_size"": 100, ""updates"": 1200, ""weight_decay"": 0.0001}",1200,0.0001,uniform,/home/roi/PycharmProjects/KD_v5/OUTPUTS/article1_v3/results_proxy_size_feddf_prob.csv,3,,,,,,,,,,True
e6f1e0016bd69e5208d7779bafd908447f0ffbf5bd505201465dc3d9494ee864,mean_probabilities,9c89cc8875f36da465b21ebab76f17691f27e51a6e391c7da97d9b3c818ea16e,100,7ff045e85bdcdcb19da695baf49045e3320a14d4,df8172495f9d3fae3dc1d602b20cc4278ee8df7d87c004ad0754949c37f0bc7f,53f9e814a94b3c58466da1b196a4a015777ae6b1c7cdabf87a8ad2bc27a4c731,cifar,9.999999999999998,1200,1200,120000,0.0,0.0,f43d3c45a93e7d059b9e9102281be5fe6dfd02e6,0.001,10.0,feddf_prob,AdamW,,article1-v3,392654b3c3340eaf73f153ae57d9b013005a9220630fb5b5b46d9f668e1c87cb,66af2fbb33f1e089245500600db030610ac3b47e91dba7cbb7dbf193a5c1ef13,10000,nested_stratified_v1,42,85a26f7dcea1550411a19050a529862f2def50737608f3fbf6854cdf74235b17,100,deterministic_evaluation,single,4c1b1349cb254c4d,none,42,2de28161b01eb835638401f18b3f9ad61bdce14e6b53d0ec99f676b86096a678,1.029968188959174e-06,185356aa1824f8622c4cedfce3d940f5365857f2d6541013f0f2d87bf8820d24,0.0887,2.742592875289917,0.12,2.2965124078904857,2.2940181041623866,1.0,8.0,"{""K"": 10, ""batch_size"": 256, ""lr"": 0.001, ""optimizer"": ""AdamW"", ""proxy_labels_sha256"": ""392654b3c3340eaf73f153ae57d9b013005a9220630fb5b5b46d9f668e1c87cb"", ""proxy_size"": 100, ""updates"": 1200, ""weight_decay"": 0.0001}",1200,0.0001,uniform,/home/roi/PycharmProjects/KD_v5/OUTPUTS/article1_v3/results_proxy_size_feddf_prob.csv,4,,,,,,,,,,True
a549aff87e6ef58b5926807f91025e7e405b52c4fe466412a04e29956c72609c,mean_probabilities,39ef3cb5cd517a7d6cf7b6bd137d76374f0539b897781179882ea3a2073ba439,256,7ff045e85bdcdcb19da695baf49045e3320a14d4,d2636da84362f05b2a0ab8ebb5039b941c6b9310b42eddd0e6007451ba624b46,985117821410d356f053658bf8ff4e15025a5a7abde78d27b71a8a15fd28a9dc,cifar,9.999999999999998,600,600,300000,0.0,0.0,f43d3c45a93e7d059b9e9102281be5fe6dfd02e6,0.001,10.0,feddf_prob,AdamW,,article1-v3,11e1284125a2d7687f97a6593bb0cc2fdff216c753de813d589c56de8d530fe6,66af2fbb33f1e089245500600db030610ac3b47e91dba7cbb7dbf193a5c1ef13,10000,nested_stratified_v1,42,70b5d68e7fa37cc3c33ddcdec899d76c6961748ca62f6d670077d18fd7c62134,500,deterministic_evaluation,iid,d9da2a5101879d71,none,42,fb8da732ecf8e573b37fb03f0a6e831498b4e80e3260ffaa7cc6bcd3cef88017,0.0480552054941654,185356aa1824f8622c4cedfce3d940f5365857f2d6541013f0f2d87bf8820d24,0.5908,1.175728818511963,0.782,2.162755580587986,1.566925905756278,1.0,8.0,"{""K"": 10, ""batch_size"": 256, ""lr"": 0.001, ""optimizer"": ""AdamW"", ""proxy_labels_sha256"": ""11e1284125a2d7687f97a6593bb0cc2fdff216c753de813d589c56de8d530fe6"", ""proxy_size"": 500, ""updates"": 1200, ""weight_decay"": 0.0001}",1200,0.0001,uniform,/home/roi/PycharmProjects/KD_v5/OUTPUTS/article1_v3/results_proxy_size_feddf_prob.csv,5,,,,,,,,,,True
34f84e2343874e1a7b9b815529aa22768f81a356597ec5e338c60b3904ca2c75,mean_probabilities,39ef3cb5cd517a7d6cf7b6bd137d76374f0539b897781179882ea3a2073ba439,256,7ff045e85bdcdcb19da695baf49045e3320a14d4,131d0b9efcd1c7294a6cc1cf94110c75b2bab77a718c2909d085900d8a7a96f6,985117821410d356f053658bf8ff4e15025a5a7abde78d27b71a8a15fd28a9dc,cifar,9.999999999999998,600,600,300000,0.0,0.0,f43d3c45a93e7d059b9e9102281be5fe6dfd02e6,0.001,10.0,feddf_prob,AdamW,,article1-v3,11e1284125a2d7687f97a6593bb0cc2fdff216c753de813d589c56de8d530fe6,66af2fbb33f1e089245500600db030610ac3b47e91dba7cbb7dbf193a5c1ef13,10000,nested_stratified_v1,42,70b5d68e7fa37cc3c33ddcdec899d76c6961748ca62f6d670077d18fd7c62134,500,deterministic_evaluation,alpha0p1,ce30ff3f847b9f4e,none,42,eddaf17478de7dcd5bb59fc1bb5d2bf66a3dc3db1b7bc36ad8c54b6f7953e590,0.0082398233935236,185356aa1824f8622c4cedfce3d940f5365857f2d6541013f0f2d87bf8820d24,0.2623,2.258867630004883,0.428,2.260396956289605,1.9868939116410425,1.0,8.0,"{""K"": 10, ""batch_size"": 256, ""lr"": 0.001, ""optimizer"": ""AdamW"", ""proxy_labels_sha256"": ""11e1284125a2d7687f97a6593bb0cc2fdff216c753de813d589c56de8d530fe6"", ""proxy_size"": 500, ""updates"": 1200, ""weight_decay"": 0.0001}",1200,0.0001,uniform,/home/roi/PycharmProjects/KD_v5/OUTPUTS/article1_v3/results_proxy_size_feddf_prob.csv,6,,,,,,,,,,True
e6f1e0016bd69e5208d7779bafd908447f0ffbf5bd505201465dc3d9494ee864,mean_probabilities,39ef3cb5cd517a7d6cf7b6bd137d76374f0539b897781179882ea3a2073ba439,256,7ff045e85bdcdcb19da695baf49045e3320a14d4,df8172495f9d3fae3dc1d602b20cc4278ee8df7d87c004ad0754949c37f0bc7f,985117821410d356f053658bf8ff4e15025a5a7abde78d27b71a8a15fd28a9dc,cifar,9.999999999999998,600,600,300000,0.0,0.0,f43d3c45a93e7d059b9e9102281be5fe6dfd02e6,0.001,10.0,feddf_prob,AdamW,,article1-v3,11e1284125a2d7687f97a6593bb0cc2fdff216c753de813d589c56de8d530fe6,66af2fbb33f1e089245500600db030610ac3b47e91dba7cbb7dbf193a5c1ef13,10000,nested_stratified_v1,42,70b5d68e7fa37cc3c33ddcdec899d76c6961748ca62f6d670077d18fd7c62134,500,deterministic_evaluation,single,984463076ecb519c,none,42,84b9a3d994aaa2e240b01354a1ab8d4d1a3cb9e531aa8fe5c50cc21bd6248b2b,0.0017103678546845,185356aa1824f8622c4cedfce3d940f5365857f2d6541013f0f2d87bf8820d24,0.0864,2.753270136642456,0.092,2.2964730449436077,2.312839540131152,1.0,8.0,"{""K"": 10, ""batch_size"": 256, ""lr"": 0.001, ""optimizer"": ""AdamW"", ""proxy_labels_sha256"": ""11e1284125a2d7687f97a6593bb0cc2fdff216c753de813d589c56de8d530fe6"", ""proxy_size"": 500, ""updates"": 1200, ""weight_decay"": 0.0001}",1200,0.0001,uniform,/home/roi/PycharmProjects/KD_v5/OUTPUTS/article1_v3/results_proxy_size_feddf_prob.csv,7,,,,,,,,,,True
a549aff87e6ef58b5926807f91025e7e405b52c4fe466412a04e29956c72609c,mean_probabilities,36c2331f694a7b1dafd8061a0bfab76f41d30d4d90ec93cfa74f40728016566b,256,7ff045e85bdcdcb19da695baf49045e3320a14d4,d2636da84362f05b2a0ab8ebb5039b941c6b9310b42eddd0e6007451ba624b46,131e99175321e7a52cdca3cb4f4c2823d4a78ab2e51898e20bddb5c3b0657f6b,cifar,9.999999999999998,300,300,300000,0.0,0.0,f43d3c45a93e7d059b9e9102281be5fe6dfd02e6,0.001,10.0,feddf_prob,AdamW,,article1-v3,6fb277f27f4d6ad1e68d7df8f5a0bac01661150ecee2090ccfb93c2ab4f0c9a5,66af2fbb33f1e089245500600db030610ac3b47e91dba7cbb7dbf193a5c1ef13,10000,nested_stratified_v1,42,e6ac7e2e1fe54cc5fde5a8717b59adf9ea55e08f9fb89a601d55f86bad0c1bd0,1000,deterministic_evaluation,iid,ba00f4c40a49a340,none,42,03c9fa231d95ae40c6d4416f5f82205a06303fd91fe36fd260b48125e977726d,0.0624429285526275,185356aa1824f8622c4cedfce3d940f5365857f2d6541013f0f2d87bf8820d24,0.6571,1.0042371140480042,0.783,2.1639318109189927,1.5649074169673198,1.0,8.0,"{""K"": 10, ""batch_size"": 256, ""lr"": 0.001, ""optimizer"": ""AdamW"", ""proxy_labels_sha256"": ""6fb277f27f4d6ad1e68d7df8f5a0bac01661150ecee2090ccfb93c2ab4f0c9a5"", ""proxy_size"": 1000, ""updates"": 1200, ""weight_decay"": 0.0001}",1200,0.0001,uniform,/home/roi/PycharmProjects/KD_v5/OUTPUTS/article1_v3/results_proxy_size_feddf_prob.csv,8,,,,,,,,,,True
34f84e2343874e1a7b9b815529aa22768f81a356597ec5e338c60b3904ca2c75,mean_probabilities,36c2331f694a7b1dafd8061a0bfab76f41d30d4d90ec93cfa74f40728016566b,256,7ff045e85bdcdcb19da695baf49045e3320a14d4,131d0b9efcd1c7294a6cc1cf94110c75b2bab77a718c2909d085900d8a7a96f6,131e99175321e7a52cdca3cb4f4c2823d4a78ab2e51898e20bddb5c3b0657f6b,cifar,9.999999999999998,300,300,300000,0.0,0.0,f43d3c45a93e7d059b9e9102281be5fe6dfd02e6,0.001,10.0,feddf_prob,AdamW,,article1-v3,6fb277f27f4d6ad1e68d7df8f5a0bac01661150ecee2090ccfb93c2ab4f0c9a5,66af2fbb33f1e089245500600db030610ac3b47e91dba7cbb7dbf193a5c1ef13,10000,nested_stratified_v1,42,e6ac7e2e1fe54cc5fde5a8717b59adf9ea55e08f9fb89a601d55f86bad0c1bd0,1000,deterministic_evaluation,alpha0p1,e966f350c7b8770c,none,42,4fc88ede8754174331561083931556dccf0872d53f758e3d579417a43551ad16,0.0279808826744556,185356aa1824f8622c4cedfce3d940f5365857f2d6541013f0f2d87bf8820d24,0.2827,2.2291786682128905,0.41,2.26048217734953,1.9888392987108707,1.0,8.0,"{""K"": 10, ""batch_size"": 256, ""lr"": 0.001, ""optimizer"": ""AdamW"", ""proxy_labels_sha256"": ""6fb277f27f4d6ad1e68d7df8f5a0bac01661150ecee2090ccfb93c2ab4f0c9a5"", ""proxy_size"": 1000, ""updates"": 1200, ""weight_decay"": 0.0001}",1200,0.0001,uniform,/home/roi/PycharmProjects/KD_v5/OUTPUTS/article1_v3/results_proxy_size_feddf_prob.csv,9,,,,,,,,,,True
e6f1e0016bd69e5208d7779bafd908447f0ffbf5bd505201465dc3d9494ee864,mean_probabilities,36c2331f694a7b1dafd8061a0bfab76f41d30d4d90ec93cfa74f40728016566b,256,7ff045e85bdcdcb19da695baf49045e3320a14d4,df8172495f9d3fae3dc1d602b20cc4278ee8df7d87c004ad0754949c37f0bc7f,131e99175321e7a52cdca3cb4f4c2823d4a78ab2e51898e20bddb5c3b0657f6b,cifar,9.999999999999998,300,300,300000,0.0,0.0,f43d3c45a93e7d059b9e9102281be5fe6dfd02e6,0.001,10.0,feddf_prob,AdamW,,article1-v3,6fb277f27f4d6ad1e68d7df8f5a0bac01661150ecee2090ccfb93c2ab4f0c9a5,66af2fbb33f1e089245500600db030610ac3b47e91dba7cbb7dbf193a5c1ef13,10000,nested_stratified_v1,42,e6ac7e2e1fe54cc5fde5a8717b59adf9ea55e08f9fb89a601d55f86bad0c1bd0,1000,deterministic_evaluation,single,9f548f3ddab858f6,none,42,f8b515085438904ba871fd388266b636462d3007f75a3b1badad514f82a0e080,0.005997291766107,185356aa1824f8622c4cedfce3d940f5365857f2d6541013f0f2d87bf8820d24,0.0868,2.777426889801025,0.086,2.296506166556021,2.315738734559518,1.0,8.0,"{""K"": 10, ""batch_size"": 256, ""lr"": 0.001, ""optimizer"": ""AdamW"", ""proxy_labels_sha256"": ""6fb277f27f4d6ad1e68d7df8f5a0bac01661150ecee2090ccfb93c2ab4f0c9a5"", ""proxy_size"": 1000, ""updates"": 1200, ""weight_decay"": 0.0001}",1200,0.0001,uniform,/home/roi/PycharmProjects/KD_v5/OUTPUTS/article1_v3/results_proxy_size_feddf_prob.csv,10,,,,,,,,,,True
a549aff87e6ef58b5926807f91025e7e405b52c4fe466412a04e29956c72609c,mean_probabilities,e724c55f45cc1687ec21ef6a400c1b24244be6b79477359941d532280cc1b110,256,7ff045e85bdcdcb19da695baf49045e3320a14d4,d2636da84362f05b2a0ab8ebb5039b941c6b9310b42eddd0e6007451ba624b46,7e55b0a381d74a5a5da3ccc320f813c6b82e203e7657ed192f58e978a4ab6f47,cifar,9.999999999999998,60,60,300000,0.0,0.0,f43d3c45a93e7d059b9e9102281be5fe6dfd02e6,0.001,10.0,feddf_prob,AdamW,,article1-v3,7818a0ebb4f6d71c4b8e8645fbcf991c04134196fa58a7d158710d6fca25baa0,66af2fbb33f1e089245500600db030610ac3b47e91dba7cbb7dbf193a5c1ef13,10000,nested_stratified_v1,42,75626a43293e26c6ab450a7c5e34612824ae8e09a125fdbcb9cfe00e8180bcb6,5000,deterministic_evaluation,iid,f24dd5ae67adc533,none,42,0c3e5fe0452811d3b08cb4c992938cd7df979d086b4bc9e66cd26aa532c4d5be,0.0339290536940097,185356aa1824f8622c4cedfce3d940f5365857f2d6541013f0f2d87bf8820d24,0.7519,0.729330636548996,0.8008,2.16187579113057,1.548556305574562,1.0,8.0,"{""K"": 10, ""batch_size"": 256, ""lr"": 0.001, ""optimizer"": ""AdamW"", ""proxy_labels_sha256"": ""7818a0ebb4f6d71c4b8e8645fbcf991c04134196fa58a7d158710d6fca25baa0"", ""proxy_size"": 5000, ""updates"": 1200, ""weight_decay"": 0.0001}",1200,0.0001,uniform,/home/roi/PycharmProjects/KD_v5/OUTPUTS/article1_v3/results_proxy_size_feddf_prob.csv,11,,,,,,,,,,True
34f84e2343874e1a7b9b815529aa22768f81a356597ec5e338c60b3904ca2c75,mean_probabilities,e724c55f45cc1687ec21ef6a400c1b24244be6b79477359941d532280cc1b110,256,7ff045e85bdcdcb19da695baf49045e3320a14d4,131d0b9efcd1c7294a6cc1cf94110c75b2bab77a718c2909d085900d8a7a96f6,7e55b0a381d74a5a5da3ccc320f813c6b82e203e7657ed192f58e978a4ab6f47,cifar,9.999999999999998,60,60,300000,0.0,0.0,f43d3c45a93e7d059b9e9102281be5fe6dfd02e6,0.001,10.0,feddf_prob,AdamW,,article1-v3,7818a0ebb4f6d71c4b8e8645fbcf991c04134196fa58a7d158710d6fca25baa0,66af2fbb33f1e089245500600db030610ac3b47e91dba7cbb7dbf193a5c1ef13,10000,nested_stratified_v1,42,75626a43293e26c6ab450a7c5e34612824ae8e09a125fdbcb9cfe00e8180bcb6,5000,deterministic_evaluation,alpha0p1,43b7a8f22cfffd32,none,42,6af867a0628451c4302eabbaf16d623850f964804d52d4d9174c324f2eba8d14,0.0193350110203027,185356aa1824f8622c4cedfce3d940f5365857f2d6541013f0f2d87bf8820d24,0.3867,1.798750506210327,0.4326,2.260020683957533,1.9790865653370344,1.0,8.0,"{""K"": 10, ""batch_size"": 256, ""lr"": 0.001, ""optimizer"": ""AdamW"", ""proxy_labels_sha256"": ""7818a0ebb4f6d71c4b8e8645fbcf991c04134196fa58a7d158710d6fca25baa0"", ""proxy_size"": 5000, ""updates"": 1200, ""weight_decay"": 0.0001}",1200,0.0001,uniform,/home/roi/PycharmProjects/KD_v5/OUTPUTS/article1_v3/results_proxy_size_feddf_prob.csv,12,,,,,,,,,,True
e6f1e0016bd69e5208d7779bafd908447f0ffbf5bd505201465dc3d9494ee864,mean_probabilities,e724c55f45cc1687ec21ef6a400c1b24244be6b79477359941d532280cc1b110,256,7ff045e85bdcdcb19da695baf49045e3320a14d4,df8172495f9d3fae3dc1d602b20cc4278ee8df7d87c004ad0754949c37f0bc7f,7e55b0a381d74a5a5da3ccc320f813c6b82e203e7657ed192f58e978a4ab6f47,cifar,9.999999999999998,60,60,300000,0.0,0.0,f43d3c45a93e7d059b9e9102281be5fe6dfd02e6,0.001,10.0,feddf_prob,AdamW,,article1-v3,7818a0ebb4f6d71c4b8e8645fbcf991c04134196fa58a7d158710d6fca25baa0,66af2fbb33f1e089245500600db030610ac3b47e91dba7cbb7dbf193a5c1ef13,10000,nested_stratified_v1,42,75626a43293e26c6ab450a7c5e34612824ae8e09a125fdbcb9cfe00e8180bcb6,5000,deterministic_evaluation,single,1ff59df5538c42c7,none,42,b08da4bbbbc40f941b71a5bc1f5fedbeb26918bbd654174fd46e3d4a483f7a5a,0.013820213265717,185356aa1824f8622c4cedfce3d940f5365857f2d6541013f0f2d87bf8820d24,0.0855,2.767380489349365,0.0828,2.2964719464968755,2.320104983863947,1.0,8.0,"{""K"": 10, ""batch_size"": 256, ""lr"": 0.001, ""optimizer"": ""AdamW"", ""proxy_labels_sha256"": ""7818a0ebb4f6d71c4b8e8645fbcf991c04134196fa58a7d158710d6fca25baa0"", ""proxy_size"": 5000, ""updates"": 1200, ""weight_decay"": 0.0001}",1200,0.0001,uniform,/home/roi/PycharmProjects/KD_v5/OUTPUTS/article1_v3/results_proxy_size_feddf_prob.csv,13,,,,,,,,,,True
11f91107f69eaf1c882605cd16eb48579ee7dfc8e92323ee1b304604abe55df7,mean_probabilities,774063ddbadfec22036bf9c7cf7cc1d72f7a0e79472c776cc0d37cd5b7a33193,100,7ff045e85bdcdcb19da695baf49045e3320a14d4,313d08a4063e2e70f69684825648a6997881288513eb04c35886ca8ab551e5ca,ccb2db6fe4c4684febc27b3e39673b6b2661b4e117a9a7734628c9869147b730,cifar,9.999999999999998,1200,1200,120000,0.0,0.0,f43d3c45a93e7d059b9e9102281be5fe6dfd02e6,0.001,10.0,feddf_prob,AdamW,,article1-v3,cf2477f4398282cb966d3a30d5ad5f08b99e697c09d8a33f7fbff9b823f1d5b6,bed4be8cbbddf6b7e019ee5f865d0201821d40925ca2b78a28d00ef0bde4d7bb,10000,nested_stratified_v1,43,bb38a9c0811d125483c37543869227a680feb6dbf92c294ba62e51f0bac956cf,100,deterministic_evaluation,iid,9fc4c32a614bef9f,none,43,3fa71bfde18c60f741219b70fb7c78fce7d3b05ab834067e3b3403d43b8bd24b,0.0001210308037116,335be889b9913daeb5005a38607982797a1f0f6633ae7459498f792989576a97,0.4154,1.7506819894790648,0.84,2.180348548585454,1.5873853717490505,1.0,8.0,"{""K"": 10, ""batch_size"": 256, ""lr"": 0.001, ""optimizer"": ""AdamW"", ""proxy_labels_sha256"": ""cf2477f4398282cb966d3a30d5ad5f08b99e697c09d8a33f7fbff9b823f1d5b6"", ""proxy_size"": 100, ""updates"": 1200, ""weight_decay"": 0.0001}",1200,0.0001,uniform,/home/roi/PycharmProjects/KD_v5/OUTPUTS/article1_v3/results_proxy_size_feddf_prob.csv,14,,,,,,,,,,True
ad0320c63be8b9c50a5e28d376bbbd9e9c5f13fb47ba0982501f08b414baf9c6,mean_probabilities,774063ddbadfec22036bf9c7cf7cc1d72f7a0e79472c776cc0d37cd5b7a33193,100,7ff045e85bdcdcb19da695baf49045e3320a14d4,cc524a8ddd5e02a659e62aedf04a4b8066364d34da98c377c658ce77c4fab266,ccb2db6fe4c4684febc27b3e39673b6b2661b4e117a9a7734628c9869147b730,cifar,9.999999999999998,1200,1200,120000,0.0,0.0,f43d3c45a93e7d059b9e9102281be5fe6dfd02e6,0.001,10.0,feddf_prob,AdamW,,article1-v3,cf2477f4398282cb966d3a30d5ad5f08b99e697c09d8a33f7fbff9b823f1d5b6,bed4be8cbbddf6b7e019ee5f865d0201821d40925ca2b78a28d00ef0bde4d7bb,10000,nested_stratified_v1,43,bb38a9c0811d125483c37543869227a680feb6dbf92c294ba62e51f0bac956cf,100,deterministic_evaluation,alpha0p1,34df435b05a7e6f0,none,43,84093cca422ac105642fd835a29ab59a985f2f3f356bb405ed41f07043e5731b,1.220703097715159e-06,335be889b9913daeb5005a38607982797a1f0f6633ae7459498f792989576a97,0.2978,2.1451960708618163,0.54,2.255817586081854,1.9215707514518772,1.0,8.0,"{""K"": 10, ""batch_size"": 256, ""lr"": 0.001, ""optimizer"": ""AdamW"", ""proxy_labels_sha256"": ""cf2477f4398282cb966d3a30d5ad5f08b99e697c09d8a33f7fbff9b823f1d5b6"", ""proxy_size"": 100, ""updates"": 1200, ""weight_decay"": 0.0001}",1200,0.0001,uniform,/home/roi/PycharmProjects/KD_v5/OUTPUTS/article1_v3/results_proxy_size_feddf_prob.csv,15,,,,,,,,,,True
e6f1e0016bd69e5208d7779bafd908447f0ffbf5bd505201465dc3d9494ee864,mean_probabilities,774063ddbadfec22036bf9c7cf7cc1d72f7a0e79472c776cc0d37cd5b7a33193,100,7ff045e85bdcdcb19da695baf49045e3320a14d4,b0e774132de58204419c2668a7ac2df2bbceb888e21808d3fb6686e76d27e693,ccb2db6fe4c4684febc27b3e39673b6b2661b4e117a9a7734628c9869147b730,cifar,9.999999999999998,1200,1200,120000,0.0,0.0,f43d3c45a93e7d059b9e9102281be5fe6dfd02e6,0.001,10.0,feddf_prob,AdamW,,article1-v3,cf2477f4398282cb966d3a30d5ad5f08b99e697c09d8a33f7fbff9b823f1d5b6,bed4be8cbbddf6b7e019ee5f865d0201821d40925ca2b78a28d00ef0bde4d7bb,10000,nested_stratified_v1,43,bb38a9c0811d125483c37543869227a680feb6dbf92c294ba62e51f0bac956cf,100,deterministic_evaluation,single,a560cbbaf54822ed,none,43,18a195642cac374f778323e7aae0349a6d506212fc220f598e7285b731a6d42a,7.438659395120339e-07,335be889b9913daeb5005a38607982797a1f0f6633ae7459498f792989576a97,0.0978,2.5228863746643064,0.06,2.299010899573924,2.306145630936588,1.0,8.0,"{""K"": 10, ""batch_size"": 256, ""lr"": 0.001, ""optimizer"": ""AdamW"", ""proxy_labels_sha256"": ""cf2477f4398282cb966d3a30d5ad5f08b99e697c09d8a33f7fbff9b823f1d5b6"", ""proxy_size"": 100, ""updates"": 1200, ""weight_decay"": 0.0001}",1200,0.0001,uniform,/home/roi/PycharmProjects/KD_v5/OUTPUTS/article1_v3/results_proxy_size_feddf_prob.csv,16,,,,,,,,,,True
11f91107f69eaf1c882605cd16eb48579ee7dfc8e92323ee1b304604abe55df7,mean_probabilities,71ac2c45dd5831edbac0c32d2e4c96ee54b004c17d57544047f187ca1ff28e8a,256,7ff045e85bdcdcb19da695baf49045e3320a14d4,313d08a4063e2e70f69684825648a6997881288513eb04c35886ca8ab551e5ca,2e1844dc56658e2e925a63402fae278b3d466a1b2b534ff5504b8b7a33c9d1d0,cifar,9.999999999999998,600,600,300000,0.0,0.0,f43d3c45a93e7d059b9e9102281be5fe6dfd02e6,0.001,10.0,feddf_prob,AdamW,,article1-v3,ffa0eebe87659307a235c6a7b41a8b1ce6b574c0ab3fdaabae526f28f5fa0558,bed4be8cbbddf6b7e019ee5f865d0201821d40925ca2b78a28d00ef0bde4d7bb,10000,nested_stratified_v1,43,62957c1313b9ae402c1964617b4f0b2f0144bd35b4167ed3bd16392a504e5cc2,500,deterministic_evaluation,iid,047c6e2197a1a64c,none,43,5be45d6f199feb666986011916125c215562cba63cf7b763d6426817d3dd1bd5,0.0268278084695339,335be889b9913daeb5005a38607982797a1f0f6633ae7459498f792989576a97,0.5933,1.1358518614768982,0.816,2.1732530071217715,1.5732003301613184,1.0,8.0,"{""K"": 10, ""batch_size"": 256, ""lr"": 0.001, ""optimizer"": ""AdamW"", ""proxy_labels_sha256"": ""ffa0eebe87659307a235c6a7b41a8b1ce6b574c0ab3fdaabae526f28f5fa0558"", ""proxy_size"": 500, ""updates"": 1200, ""weight_decay"": 0.0001}",1200,0.0001,uniform,/home/roi/PycharmProjects/KD_v5/OUTPUTS/article1_v3/results_proxy_size_feddf_prob.csv,17,,,,,,,,,,True
ad0320c63be8b9c50a5e28d376bbbd9e9c5f13fb47ba0982501f08b414baf9c6,mean_probabilities,71ac2c45dd5831edbac0c32d2e4c96ee54b004c17d57544047f187ca1ff28e8a,256,7ff045e85bdcdcb19da695baf49045e3320a14d4,cc524a8ddd5e02a659e62aedf04a4b8066364d34da98c377c658ce77c4fab266,2e1844dc56658e2e925a63402fae278b3d466a1b2b534ff5504b8b7a33c9d1d0,cifar,9.999999999999998,600,600,300000,0.0,0.0,f43d3c45a93e7d059b9e9102281be5fe6dfd02e6,0.001,10.0,feddf_prob,AdamW,,article1-v3,ffa0eebe87659307a235c6a7b41a8b1ce6b574c0ab3fdaabae526f28f5fa0558,bed4be8cbbddf6b7e019ee5f865d0201821d40925ca2b78a28d00ef0bde4d7bb,10000,nested_stratified_v1,43,62957c1313b9ae402c1964617b4f0b2f0144bd35b4167ed3bd16392a504e5cc2,500,deterministic_evaluation,alpha0p1,7f9048de5aab7286,none,43,8196a424d35c123a9e777fb58c8530719e880a27e3eb01f93e5f30defcdfcac1,0.0121213058009743,335be889b9913daeb5005a38607982797a1f0f6633ae7459498f792989576a97,0.3852,1.779610241317749,0.578,2.255471203798032,1.916003685468141,1.0,8.0,"{""K"": 10, ""batch_size"": 256, ""lr"": 0.001, ""optimizer"": ""AdamW"", ""proxy_labels_sha256"": ""ffa0eebe87659307a235c6a7b41a8b1ce6b574c0ab3fdaabae526f28f5fa0558"", ""proxy_size"": 500, ""updates"": 1200, ""weight_decay"": 0.0001}",1200,0.0001,uniform,/home/roi/PycharmProjects/KD_v5/OUTPUTS/article1_v3/results_proxy_size_feddf_prob.csv,18,,,,,,,,,,True
e6f1e0016bd69e5208d7779bafd908447f0ffbf5bd505201465dc3d9494ee864,mean_probabilities,71ac2c45dd5831edbac0c32d2e4c96ee54b004c17d57544047f187ca1ff28e8a,256,7ff045e85bdcdcb19da695baf49045e3320a14d4,b0e774132de58204419c2668a7ac2df2bbceb888e21808d3fb6686e76d27e693,2e1844dc56658e2e925a63402fae278b3d466a1b2b534ff5504b8b7a33c9d1d0,cifar,9.999999999999998,600,600,300000,0.0,0.0,f43d3c45a93e7d059b9e9102281be5fe6dfd02e6,0.001,10.0,feddf_prob,AdamW,,article1-v3,ffa0eebe87659307a235c6a7b41a8b1ce6b574c0ab3fdaabae526f28f5fa0558,bed4be8cbbddf6b7e019ee5f865d0201821d40925ca2b78a28d00ef0bde4d7bb,10000,nested_stratified_v1,43,62957c1313b9ae402c1964617b4f0b2f0144bd35b4167ed3bd16392a504e5cc2,500,deterministic_evaluation,single,de7a87fcb6c144ff,none,43,9f21b264d9a3f7374c96ae837eb637395051c296f8fc66ab3791a422e03ca08e,0.0013819365995004,335be889b9913daeb5005a38607982797a1f0f6633ae7459498f792989576a97,0.1092,2.491879525756836,0.102,2.298991019362887,2.309086811713367,1.0,8.0,"{""K"": 10, ""batch_size"": 256, ""lr"": 0.001, ""optimizer"": ""AdamW"", ""proxy_labels_sha256"": ""ffa0eebe87659307a235c6a7b41a8b1ce6b574c0ab3fdaabae526f28f5fa0558"", ""proxy_size"": 500, ""updates"": 1200, ""weight_decay"": 0.0001}",1200,0.0001,uniform,/home/roi/PycharmProjects/KD_v5/OUTPUTS/article1_v3/results_proxy_size_feddf_prob.csv,19,,,,,,,,,,True
11f91107f69eaf1c882605cd16eb48579ee7dfc8e92323ee1b304604abe55df7,mean_probabilities,3f6897813d1e52fc9447c705710689cadcdfc833c6f3be83210baaabfd15dfe4,256,7ff045e85bdcdcb19da695baf49045e3320a14d4,313d08a4063e2e70f69684825648a6997881288513eb04c35886ca8ab551e5ca,d221995106e2c358efdcfb6bfdac9775c1e136585d69558bfd19801ca1371307,cifar,9.999999999999998,300,300,300000,0.0,0.0,f43d3c45a93e7d059b9e9102281be5fe6dfd02e6,0.001,10.0,feddf_prob,AdamW,,article1-v3,67ca3db8be9f5184931331cce782ca9080402aec5491b5fbb377c9407f3f5287,bed4be8cbbddf6b7e019ee5f865d0201821d40925ca2b78a28d00ef0bde4d7bb,10000,nested_stratified_v1,43,deed8d41224250db5152a0be5e4fa0c688d949f6e0f3fc8a380dbb0eacda163d,1000,deterministic_evaluation,iid,efe6df193fed023b,none,43,a0626f00c890c06aeaaefb09a69bbaeaa2cbb25059c320e84929238d36d8b17a,0.0345600135624408,335be889b9913daeb5005a38607982797a1f0f6633ae7459498f792989576a97,0.6563,0.983456910800934,0.796,2.1728849068323077,1.577523929483618,1.0,8.0,"{""K"": 10, ""batch_size"": 256, ""lr"": 0.001, ""optimizer"": ""AdamW"", ""proxy_labels_sha256"": ""67ca3db8be9f5184931331cce782ca9080402aec5491b5fbb377c9407f3f5287"", ""proxy_size"": 1000, ""updates"": 1200, ""weight_decay"": 0.0001}",1200,0.0001,uniform,/home/roi/PycharmProjects/KD_v5/OUTPUTS/article1_v3/results_proxy_size_feddf_prob.csv,20,,,,,,,,,,True
ad0320c63be8b9c50a5e28d376bbbd9e9c5f13fb47ba0982501f08b414baf9c6,mean_probabilities,3f6897813d1e52fc9447c705710689cadcdfc833c6f3be83210baaabfd15dfe4,256,7ff045e85bdcdcb19da695baf49045e3320a14d4,cc524a8ddd5e02a659e62aedf04a4b8066364d34da98c377c658ce77c4fab266,d221995106e2c358efdcfb6bfdac9775c1e136585d69558bfd19801ca1371307,cifar,9.999999999999998,300,300,300000,0.0,0.0,f43d3c45a93e7d059b9e9102281be5fe6dfd02e6,0.001,10.0,feddf_prob,AdamW,,article1-v3,67ca3db8be9f5184931331cce782ca9080402aec5491b5fbb377c9407f3f5287,bed4be8cbbddf6b7e019ee5f865d0201821d40925ca2b78a28d00ef0bde4d7bb,10000,nested_stratified_v1,43,deed8d41224250db5152a0be5e4fa0c688d949f6e0f3fc8a380dbb0eacda163d,1000,deterministic_evaluation,alpha0p1,37ad822a7f1f62e0,none,43,01493bb284e3cacd608dbb9c5bbf7962d56225e71dab30cb40cd34711441fa0c,0.0143151320517063,335be889b9913daeb5005a38607982797a1f0f6633ae7459498f792989576a97,0.4482,1.571209840965271,0.576,2.255763883890306,1.918641731311032,1.0,8.0,"{""K"": 10, ""batch_size"": 256, ""lr"": 0.001, ""optimizer"": ""AdamW"", ""proxy_labels_sha256"": ""67ca3db8be9f5184931331cce782ca9080402aec5491b5fbb377c9407f3f5287"", ""proxy_size"": 1000, ""updates"": 1200, ""weight_decay"": 0.0001}",1200,0.0001,uniform,/home/roi/PycharmProjects/KD_v5/OUTPUTS/article1_v3/results_proxy_size_feddf_prob.csv,21,,,,,,,,,,True
e6f1e0016bd69e5208d7779bafd908447f0ffbf5bd505201465dc3d9494ee864,mean_probabilities,3f6897813d1e52fc9447c705710689cadcdfc833c6f3be83210baaabfd15dfe4,256,7ff045e85bdcdcb19da695baf49045e3320a14d4,b0e774132de58204419c2668a7ac2df2bbceb888e21808d3fb6686e76d27e693,d221995106e2c358efdcfb6bfdac9775c1e136585d69558bfd19801ca1371307,cifar,9.999999999999998,300,300,300000,0.0,0.0,f43d3c45a93e7d059b9e9102281be5fe6dfd02e6,0.001,10.0,feddf_prob,AdamW,,article1-v3,67ca3db8be9f5184931331cce782ca9080402aec5491b5fbb377c9407f3f5287,bed4be8cbbddf6b7e019ee5f865d0201821d40925ca2b78a28d00ef0bde4d7bb,10000,nested_stratified_v1,43,deed8d41224250db5152a0be5e4fa0c688d949f6e0f3fc8a380dbb0eacda163d,1000,deterministic_evaluation,single,54c89137f10e0050,none,43,ddf85782b226b926e8e34409914a45169d0523a4ee67aec7f3d368575e66b5f2,0.0077828951179981,335be889b9913daeb5005a38607982797a1f0f6633ae7459498f792989576a97,0.1062,2.502758265686035,0.108,2.2989958750636506,2.308563343021391,1.0,8.0,"{""K"": 10, ""batch_size"": 256, ""lr"": 0.001, ""optimizer"": ""AdamW"", ""proxy_labels_sha256"": ""67ca3db8be9f5184931331cce782ca9080402aec5491b5fbb377c9407f3f5287"", ""proxy_size"": 1000, ""updates"": 1200, ""weight_decay"": 0.0001}",1200,0.0001,uniform,/home/roi/PycharmProjects/KD_v5/OUTPUTS/article1_v3/results_proxy_size_feddf_prob.csv,22,,,,,,,,,,True
11f91107f69eaf1c882605cd16eb48579ee7dfc8e92323ee1b304604abe55df7,mean_probabilities,916b8567492f279c0f57d9a3e12ed6dcfe512f2806565bace9c50ba338a269ae,256,7ff045e85bdcdcb19da695baf49045e3320a14d4,313d08a4063e2e70f69684825648a6997881288513eb04c35886ca8ab551e5ca,2f84f2ca05e3a3cfb838ec9399a538ee4a21ca1221acfe186e1ec1a909b669b7,cifar,9.999999999999998,60,60,300000,0.0,0.0,f43d3c45a93e7d059b9e9102281be5fe6dfd02e6,0.001,10.0,feddf_prob,AdamW,,article1-v3,c84acc5d3cb2cb7b28f40c14a7411d405ec69a11798e90b58f78b9d70f08e592,bed4be8cbbddf6b7e019ee5f865d0201821d40925ca2b78a28d00ef0bde4d7bb,10000,nested_stratified_v1,43,056c8915e3d3707c5bee0af4e21160c0962280b01309051a5230942ec5ab894f,5000,deterministic_evaluation,iid,7a0eb7b37e441dbb,none,43,3d90bd19649474b564be2555fa9f356ab81dfb7c1ee27cf19c6796cb386c7aa2,0.0670771598815918,335be889b9913daeb5005a38607982797a1f0f6633ae7459498f792989576a97,0.7436,0.7587893106460571,0.7886,2.176514699142461,1.5908359852732348,1.0,8.0,"{""K"": 10, ""batch_size"": 256, ""lr"": 0.001, ""optimizer"": ""AdamW"", ""proxy_labels_sha256"": ""c84acc5d3cb2cb7b28f40c14a7411d405ec69a11798e90b58f78b9d70f08e592"", ""proxy_size"": 5000, ""updates"": 1200, ""weight_decay"": 0.0001}",1200,0.0001,uniform,/home/roi/PycharmProjects/KD_v5/OUTPUTS/article1_v3/results_proxy_size_feddf_prob.csv,23,,,,,,,,,,True
ad0320c63be8b9c50a5e28d376bbbd9e9c5f13fb47ba0982501f08b414baf9c6,mean_probabilities,916b8567492f279c0f57d9a3e12ed6dcfe512f2806565bace9c50ba338a269ae,256,7ff045e85bdcdcb19da695baf49045e3320a14d4,cc524a8ddd5e02a659e62aedf04a4b8066364d34da98c377c658ce77c4fab266,2f84f2ca05e3a3cfb838ec9399a538ee4a21ca1221acfe186e1ec1a909b669b7,cifar,9.999999999999998,60,60,300000,0.0,0.0,f43d3c45a93e7d059b9e9102281be5fe6dfd02e6,0.001,10.0,feddf_prob,AdamW,,article1-v3,c84acc5d3cb2cb7b28f40c14a7411d405ec69a11798e90b58f78b9d70f08e592,bed4be8cbbddf6b7e019ee5f865d0201821d40925ca2b78a28d00ef0bde4d7bb,10000,nested_stratified_v1,43,056c8915e3d3707c5bee0af4e21160c0962280b01309051a5230942ec5ab894f,5000,deterministic_evaluation,alpha0p1,bd79103440c581e3,none,43,f53bdaff7a3e9570b9660eda804af82c653ef27cb48cbd75aec580ca51b8628e,0.0506531707942485,335be889b9913daeb5005a38607982797a1f0f6633ae7459498f792989576a97,0.5267,1.302820938873291,0.5538,2.2561104971067283,1.9264958498621865,1.0,8.0,"{""K"": 10, ""batch_size"": 256, ""lr"": 0.001, ""optimizer"": ""AdamW"", ""proxy_labels_sha256"": ""c84acc5d3cb2cb7b28f40c14a7411d405ec69a11798e90b58f78b9d70f08e592"", ""proxy_size"": 5000, ""updates"": 1200, ""weight_decay"": 0.0001}",1200,0.0001,uniform,/home/roi/PycharmProjects/KD_v5/OUTPUTS/article1_v3/results_proxy_size_feddf_prob.csv,24,,,,,,,,,,True
e6f1e0016bd69e5208d7779bafd908447f0ffbf5bd505201465dc3d9494ee864,mean_probabilities,916b8567492f279c0f57d9a3e12ed6dcfe512f2806565bace9c50ba338a269ae,256,7ff045e85bdcdcb19da695baf49045e3320a14d4,b0e774132de58204419c2668a7ac2df2bbceb888e21808d3fb6686e76d27e693,2f84f2ca05e3a3cfb838ec9399a538ee4a21ca1221acfe186e1ec1a909b669b7,cifar,9.999999999999998,60,60,300000,0.0,0.0,1ce75c76b698744680547466d38957d018649c21,0.001,10.0,feddf_prob,AdamW,,article1-v3,c84acc5d3cb2cb7b28f40c14a7411d405ec69a11798e90b58f78b9d70f08e592,bed4be8cbbddf6b7e019ee5f865d0201821d40925ca2b78a28d00ef0bde4d7bb,10000,nested_stratified_v1,43,056c8915e3d3707c5bee0af4e21160c0962280b01309051a5230942ec5ab894f,5000,deterministic_evaluation,single,be21ad0b8c065ad1,none,43,90b873f0fce5e708b9030644e56a71c1435a48bbe5dd81c83de21389b809604b,0.0077140540815889,335be889b9913daeb5005a38607982797a1f0f6633ae7459498f792989576a97,0.1173,2.542888041305542,0.1106,2.298966936674359,2.306430361104768,1.0,8.0,"{""K"": 10, ""batch_size"": 256, ""lr"": 0.001, ""optimizer"": ""AdamW"", ""proxy_labels_sha256"": ""c84acc5d3cb2cb7b28f40c14a7411d405ec69a11798e90b58f78b9d70f08e592"", ""proxy_size"": 5000, ""updates"": 1200, ""weight_decay"": 0.0001}",1200,0.0001,uniform,/home/roi/PycharmProjects/KD_v5/OUTPUTS/article1_v3/results_proxy_size_feddf_prob.csv,25,,,,,,,,,,True
059be922475ef12f58bc3781d108bf6a3d24d8a5cf138278e605d74b6f4cc0d1,mean_probabilities,584406a028e74e2941844d91fa89440838622020240ebb18220ada45a16cbcc5,100,7ff045e85bdcdcb19da695baf49045e3320a14d4,2c264eb2b010463c5e733bb95ad9ab1809529bedec649fec20beca0919e18402,89f925f00ca58356cafbddc489dc5453f315a3aeb3b7d9b014f697d75daef11d,cifar,9.999999999999998,1200,1200,120000,0.0,0.0,1ce75c76b698744680547466d38957d018649c21,0.001,10.0,feddf_prob,AdamW,,article1-v3,c634621c25bd9f84b0948ebe9d18f119a5ab295ee004e83d65dbac04043dff34,bb299879f6f7c5c2039d6b8d2a92bcc4d9457d5113e2928c6257cbe8e8881cd5,10000,nested_stratified_v1,44,98bca177f1626a29c0c17ece5e63167691e5d013b388d16480d7a647d79d0e0d,100,deterministic_evaluation,iid,410032b345b6a863,none,44,f2310b1916ce028e6b8677a78c4b6d13a98b9d2588d9554c592686a117d2db4f,3.2377242860093247e-06,46589cf6bfcd1fa9ee8bf3ef4d53bdd80a9fb701649506d084ffd4cf895930da,0.4208,1.7174650375366212,0.77,2.1846888148194186,1.6220911408174843,1.0,8.0,"{""K"": 10, ""batch_size"": 256, ""lr"": 0.001, ""optimizer"": ""AdamW"", ""proxy_labels_sha256"": ""c634621c25bd9f84b0948ebe9d18f119a5ab295ee004e83d65dbac04043dff34"", ""proxy_size"": 100, ""updates"": 1200, ""weight_decay"": 0.0001}",1200,0.0001,uniform,/home/roi/PycharmProjects/KD_v5/OUTPUTS/article1_v3/results_proxy_size_feddf_prob.csv,26,,,,,,,,,,True
cecf6fdcbdfae1fae44fbbe05658d49421ee7dab96cd38570c6de368e9311c01,mean_probabilities,584406a028e74e2941844d91fa89440838622020240ebb18220ada45a16cbcc5,100,7ff045e85bdcdcb19da695baf49045e3320a14d4,89288c8820f0afac2817cce5320a371303b0aabae735b81c82db7a423f39650a,89f925f00ca58356cafbddc489dc5453f315a3aeb3b7d9b014f697d75daef11d,cifar,9.999999999999998,1200,1200,120000,0.0,0.0,1ce75c76b698744680547466d38957d018649c21,0.001,10.0,feddf_prob,AdamW,,article1-v3,c634621c25bd9f84b0948ebe9d18f119a5ab295ee004e83d65dbac04043dff34,bb299879f6f7c5c2039d6b8d2a92bcc4d9457d5113e2928c6257cbe8e8881cd5,10000,nested_stratified_v1,44,98bca177f1626a29c0c17ece5e63167691e5d013b388d16480d7a647d79d0e0d,100,deterministic_evaluation,alpha0p1,0d55d4abf0a9e545,none,44,114374af94b14c6288bff5e5d9bfe487943ee764fbd983549d583de755f1a31d,2.7599333407124504e-05,46589cf6bfcd1fa9ee8bf3ef4d53bdd80a9fb701649506d084ffd4cf895930da,0.3371,2.047222545051574,0.6,2.249347282531962,1.8872146321633017,1.0,8.0,"{""K"": 10, ""batch_size"": 256, ""lr"": 0.001, ""optimizer"": ""AdamW"", ""proxy_labels_sha256"": ""c634621c25bd9f84b0948ebe9d18f119a5ab295ee004e83d65dbac04043dff34"", ""proxy_size"": 100, ""updates"": 1200, ""weight_decay"": 0.0001}",1200,0.0001,uniform,/home/roi/PycharmProjects/KD_v5/OUTPUTS/article1_v3/results_proxy_size_feddf_prob.csv,27,,,,,,,,,,True
e6f1e0016bd69e5208d7779bafd908447f0ffbf5bd505201465dc3d9494ee864,mean_probabilities,584406a028e74e2941844d91fa89440838622020240ebb18220ada45a16cbcc5,100,7ff045e85bdcdcb19da695baf49045e3320a14d4,4a19eeed7486a909cce5e44750f02af8885ca0d179d5ba1614e49333f1bab69a,89f925f00ca58356cafbddc489dc5453f315a3aeb3b7d9b014f697d75daef11d,cifar,9.999999999999998,1200,1200,120000,0.0,0.0,1ce75c76b698744680547466d38957d018649c21,0.001,10.0,feddf_prob,AdamW,,article1-v3,c634621c25bd9f84b0948ebe9d18f119a5ab295ee004e83d65dbac04043dff34,bb299879f6f7c5c2039d6b8d2a92bcc4d9457d5113e2928c6257cbe8e8881cd5,10000,nested_stratified_v1,44,98bca177f1626a29c0c17ece5e63167691e5d013b388d16480d7a647d79d0e0d,100,deterministic_evaluation,single,aa65a1b1b32e658c,none,44,3294575e2a5fe845ee908a1349f7434b1149a36e9b521d936e45e26a548e3fb1,-1.9073485901799362e-08,46589cf6bfcd1fa9ee8bf3ef4d53bdd80a9fb701649506d084ffd4cf895930da,0.0839,2.519053432846069,0.12,2.2987919019060623,2.3039510656347235,1.0,8.0,"{""K"": 10, ""batch_size"": 256, ""lr"": 0.001, ""optimizer"": ""AdamW"", ""proxy_labels_sha256"": ""c634621c25bd9f84b0948ebe9d18f119a5ab295ee004e83d65dbac04043dff34"", ""proxy_size"": 100, ""updates"": 1200, ""weight_decay"": 0.0001}",1200,0.0001,uniform,/home/roi/PycharmProjects/KD_v5/OUTPUTS/article1_v3/results_proxy_size_feddf_prob.csv,28,,,,,,,,,,True
059be922475ef12f58bc3781d108bf6a3d24d8a5cf138278e605d74b6f4cc0d1,mean_probabilities,f55789b054e434ab8d389ce08a35b3d46106180395eada71879d246719846752,256,7ff045e85bdcdcb19da695baf49045e3320a14d4,2c264eb2b010463c5e733bb95ad9ab1809529bedec649fec20beca0919e18402,df73f3c03baca526c997e2ae218cde5bf29572f76eae41d65d364f1e17150b1b,cifar,9.999999999999998,600,600,300000,0.0,0.0,1ce75c76b698744680547466d38957d018649c21,0.001,10.0,feddf_prob,AdamW,,article1-v3,6ac9ff4d15854c621b9386cafcdae6ab726b2759fabec5119d272fcbbb910d45,bb299879f6f7c5c2039d6b8d2a92bcc4d9457d5113e2928c6257cbe8e8881cd5,10000,nested_stratified_v1,44,555b3015ad1bc5337fb62e88c3c1020e111f641b9d3b7778d3db91a975df29cf,500,deterministic_evaluation,iid,3dbe23a4ca338222,none,44,188b858f55d1f24e81b3e8f3b65c7050a85e7425b4eb533b308a1ba7e75ed57f,0.0453040860593318,46589cf6bfcd1fa9ee8bf3ef4d53bdd80a9fb701649506d084ffd4cf895930da,0.5913,1.1224312437057495,0.788,2.1874415249273422,1.6262002478678057,1.0,8.0,"{""K"": 10, ""batch_size"": 256, ""lr"": 0.001, ""optimizer"": ""AdamW"", ""proxy_labels_sha256"": ""6ac9ff4d15854c621b9386cafcdae6ab726b2759fabec5119d272fcbbb910d45"", ""proxy_size"": 500, ""updates"": 1200, ""weight_decay"": 0.0001}",1200,0.0001,uniform,/home/roi/PycharmProjects/KD_v5/OUTPUTS/article1_v3/results_proxy_size_feddf_prob.csv,29,,,,,,,,,,True
cecf6fdcbdfae1fae44fbbe05658d49421ee7dab96cd38570c6de368e9311c01,mean_probabilities,f55789b054e434ab8d389ce08a35b3d46106180395eada71879d246719846752,256,7ff045e85bdcdcb19da695baf49045e3320a14d4,89288c8820f0afac2817cce5320a371303b0aabae735b81c82db7a423f39650a,df73f3c03baca526c997e2ae218cde5bf29572f76eae41d65d364f1e17150b1b,cifar,9.999999999999998,600,600,300000,0.0,0.0,1ce75c76b698744680547466d38957d018649c21,0.001,10.0,feddf_prob,AdamW,,article1-v3,6ac9ff4d15854c621b9386cafcdae6ab726b2759fabec5119d272fcbbb910d45,bb299879f6f7c5c2039d6b8d2a92bcc4d9457d5113e2928c6257cbe8e8881cd5,10000,nested_stratified_v1,44,555b3015ad1bc5337fb62e88c3c1020e111f641b9d3b7778d3db91a975df29cf,500,deterministic_evaluation,alpha0p1,1e6995945bc1d9f7,none,44,430bde82ad0a8c6069750b754bf7d36907376615c02c75056472d51468862ba7,0.0077584409154951,46589cf6bfcd1fa9ee8bf3ef4d53bdd80a9fb701649506d084ffd4cf895930da,0.4344,1.6503480741500856,0.564,2.2494870317697395,1.889953584692096,1.0,8.0,"{""K"": 10, ""batch_size"": 256, ""lr"": 0.001, ""optimizer"": ""AdamW"", ""proxy_labels_sha256"": ""6ac9ff4d15854c621b9386cafcdae6ab726b2759fabec5119d272fcbbb910d45"", ""proxy_size"": 500, ""updates"": 1200, ""weight_decay"": 0.0001}",1200,0.0001,uniform,/home/roi/PycharmProjects/KD_v5/OUTPUTS/article1_v3/results_proxy_size_feddf_prob.csv,30,,,,,,,,,,True
e6f1e0016bd69e5208d7779bafd908447f0ffbf5bd505201465dc3d9494ee864,mean_probabilities,f55789b054e434ab8d389ce08a35b3d46106180395eada71879d246719846752,256,7ff045e85bdcdcb19da695baf49045e3320a14d4,4a19eeed7486a909cce5e44750f02af8885ca0d179d5ba1614e49333f1bab69a,df73f3c03baca526c997e2ae218cde5bf29572f76eae41d65d364f1e17150b1b,cifar,9.999999999999998,600,600,300000,0.0,0.0,1ce75c76b698744680547466d38957d018649c21,0.001,10.0,feddf_prob,AdamW,,article1-v3,6ac9ff4d15854c621b9386cafcdae6ab726b2759fabec5119d272fcbbb910d45,bb299879f6f7c5c2039d6b8d2a92bcc4d9457d5113e2928c6257cbe8e8881cd5,10000,nested_stratified_v1,44,555b3015ad1bc5337fb62e88c3c1020e111f641b9d3b7778d3db91a975df29cf,500,deterministic_evaluation,single,6e8a5f54c34916db,none,44,e741f468c504cb9a9be6d193748fda5817d9ee6f35c9bae4664c41b934515c40,0.0016942921793088,46589cf6bfcd1fa9ee8bf3ef4d53bdd80a9fb701649506d084ffd4cf895930da,0.0794,2.5118703414916994,0.082,2.2989054751002915,2.306487818581088,1.0,8.0,"{""K"": 10, ""batch_size"": 256, ""lr"": 0.001, ""optimizer"": ""AdamW"", ""proxy_labels_sha256"": ""6ac9ff4d15854c621b9386cafcdae6ab726b2759fabec5119d272fcbbb910d45"", ""proxy_size"": 500, ""updates"": 1200, ""weight_decay"": 0.0001}",1200,0.0001,uniform,/home/roi/PycharmProjects/KD_v5/OUTPUTS/article1_v3/results_proxy_size_feddf_prob.csv,31,,,,,,,,,,True
059be922475ef12f58bc3781d108bf6a3d24d8a5cf138278e605d74b6f4cc0d1,mean_probabilities,3855d25d2f0d242d30fbd64698ecb3cddabbdf8daaaa067fb38ca24ea1aa5159,256,7ff045e85bdcdcb19da695baf49045e3320a14d4,2c264eb2b010463c5e733bb95ad9ab1809529bedec649fec20beca0919e18402,fe52d00403830b8916f1b201cd18fbc11df6ca44a70b15a06c745da16c6d28e1,cifar,9.999999999999998,300,300,300000,0.0,0.0,1ce75c76b698744680547466d38957d018649c21,0.001,10.0,feddf_prob,AdamW,,article1-v3,b00df5e1983ff251283547c4b5298e5351a6d90be1882217c370dea97fd0a974,bb299879f6f7c5c2039d6b8d2a92bcc4d9457d5113e2928c6257cbe8e8881cd5,10000,nested_stratified_v1,44,b8b4a475be000e9a80c6cd89b4d84c1f9646e336861ba970386a6a33ae9f908a,1000,deterministic_evaluation,iid,7566300fdf912b52,none,44,9fac907dabef5dbc046a31d9afaa09563093e21472a7a8a889324c47b286e028,0.0217872317880392,46589cf6bfcd1fa9ee8bf3ef4d53bdd80a9fb701649506d084ffd4cf895930da,0.6654,0.9382068042755128,0.794,2.1858170489244317,1.6151308091686436,1.0,8.0,"{""K"": 10, ""batch_size"": 256, ""lr"": 0.001, ""optimizer"": ""AdamW"", ""proxy_labels_sha256"": ""b00df5e1983ff251283547c4b5298e5351a6d90be1882217c370dea97fd0a974"", ""proxy_size"": 1000, ""updates"": 1200, ""weight_decay"": 0.0001}",1200,0.0001,uniform,/home/roi/PycharmProjects/KD_v5/OUTPUTS/article1_v3/results_proxy_size_feddf_prob.csv,32,,,,,,,,,,True
cecf6fdcbdfae1fae44fbbe05658d49421ee7dab96cd38570c6de368e9311c01,mean_probabilities,3855d25d2f0d242d30fbd64698ecb3cddabbdf8daaaa067fb38ca24ea1aa5159,256,7ff045e85bdcdcb19da695baf49045e3320a14d4,89288c8820f0afac2817cce5320a371303b0aabae735b81c82db7a423f39650a,fe52d00403830b8916f1b201cd18fbc11df6ca44a70b15a06c745da16c6d28e1,cifar,9.999999999999998,300,300,300000,0.0,0.0,1ce75c76b698744680547466d38957d018649c21,0.001,10.0,feddf_prob,AdamW,,article1-v3,b00df5e1983ff251283547c4b5298e5351a6d90be1882217c370dea97fd0a974,bb299879f6f7c5c2039d6b8d2a92bcc4d9457d5113e2928c6257cbe8e8881cd5,10000,nested_stratified_v1,44,b8b4a475be000e9a80c6cd89b4d84c1f9646e336861ba970386a6a33ae9f908a,1000,deterministic_evaluation,alpha0p1,6deda874bc51c9d6,none,44,d5a1db324b15cb391e5406b454322203f689468c8e8ffd1e97bb0d9406480471,0.0091528361663222,46589cf6bfcd1fa9ee8bf3ef4d53bdd80a9fb701649506d084ffd4cf895930da,0.4852,1.4961219898223876,0.57,2.249045933741538,1.8847479080459757,1.0,8.0,"{""K"": 10, ""batch_size"": 256, ""lr"": 0.001, ""optimizer"": ""AdamW"", ""proxy_labels_sha256"": ""b00df5e1983ff251283547c4b5298e5351a6d90be1882217c370dea97fd0a974"", ""proxy_size"": 1000, ""updates"": 1200, ""weight_decay"": 0.0001}",1200,0.0001,uniform,/home/roi/PycharmProjects/KD_v5/OUTPUTS/article1_v3/results_proxy_size_feddf_prob.csv,33,,,,,,,,,,True
e6f1e0016bd69e5208d7779bafd908447f0ffbf5bd505201465dc3d9494ee864,mean_probabilities,3855d25d2f0d242d30fbd64698ecb3cddabbdf8daaaa067fb38ca24ea1aa5159,256,7ff045e85bdcdcb19da695baf49045e3320a14d4,4a19eeed7486a909cce5e44750f02af8885ca0d179d5ba1614e49333f1bab69a,fe52d00403830b8916f1b201cd18fbc11df6ca44a70b15a06c745da16c6d28e1,cifar,9.999999999999998,300,300,300000,0.0,0.0,1ce75c76b698744680547466d38957d018649c21,0.001,10.0,feddf_prob,AdamW,,article1-v3,b00df5e1983ff251283547c4b5298e5351a6d90be1882217c370dea97fd0a974,bb299879f6f7c5c2039d6b8d2a92bcc4d9457d5113e2928c6257cbe8e8881cd5,10000,nested_stratified_v1,44,b8b4a475be000e9a80c6cd89b4d84c1f9646e336861ba970386a6a33ae9f908a,1000,deterministic_evaluation,single,c1cbf9571ae21ed1,none,44,d3ef286bf6f9641c53ac49b4bd7959fed6032fd217d40ca645ba7fefea29e9e1,0.003032935084775,46589cf6bfcd1fa9ee8bf3ef4d53bdd80a9fb701649506d084ffd4cf895930da,0.0816,2.517378872680664,0.086,2.298923897188316,2.3067731801073914,1.0,8.0,"{""K"": 10, ""batch_size"": 256, ""lr"": 0.001, ""optimizer"": ""AdamW"", ""proxy_labels_sha256"": ""b00df5e1983ff251283547c4b5298e5351a6d90be1882217c370dea97fd0a974"", ""proxy_size"": 1000, ""updates"": 1200, ""weight_decay"": 0.0001}",1200,0.0001,uniform,/home/roi/PycharmProjects/KD_v5/OUTPUTS/article1_v3/results_proxy_size_feddf_prob.csv,34,,,,,,,,,,True
059be922475ef12f58bc3781d108bf6a3d24d8a5cf138278e605d74b6f4cc0d1,mean_probabilities,d07c41e506d84f587a477889cc8c382fb50c4456e8b31a1b3460301db223b556,256,7ff045e85bdcdcb19da695baf49045e3320a14d4,2c264eb2b010463c5e733bb95ad9ab1809529bedec649fec20beca0919e18402,c31163a500f5afd69526b2810d89b90ef2b947126384281692e605e4cc5fb6de,cifar,9.999999999999998,60,60,300000,0.0,0.0,1ce75c76b698744680547466d38957d018649c21,0.001,10.0,feddf_prob,AdamW,,article1-v3,893da95ead3c665215eb13a5f6050076ab9dcc0b168e2ac6517b8cd986f8bd30,bb299879f6f7c5c2039d6b8d2a92bcc4d9457d5113e2928c6257cbe8e8881cd5,10000,nested_stratified_v1,44,0683231331de914156adefcb2239f8600e804117616580e4be80c7acff562587,5000,deterministic_evaluation,iid,8766ca11f94b72ba,none,44,cc9b7bc808c571db95e155ab6484a2c4e67f8c4031c0a8541a75dcb392352494,0.0746879950165748,46589cf6bfcd1fa9ee8bf3ef4d53bdd80a9fb701649506d084ffd4cf895930da,0.7373,0.7667427370071411,0.7992,2.1834544864605414,1.607554011066746,1.0,8.0,"{""K"": 10, ""batch_size"": 256, ""lr"": 0.001, ""optimizer"": ""AdamW"", ""proxy_labels_sha256"": ""893da95ead3c665215eb13a5f6050076ab9dcc0b168e2ac6517b8cd986f8bd30"", ""proxy_size"": 5000, ""updates"": 1200, ""weight_decay"": 0.0001}",1200,0.0001,uniform,/home/roi/PycharmProjects/KD_v5/OUTPUTS/article1_v3/results_proxy_size_feddf_prob.csv,35,,,,,,,,,,True
cecf6fdcbdfae1fae44fbbe05658d49421ee7dab96cd38570c6de368e9311c01,mean_probabilities,d07c41e506d84f587a477889cc8c382fb50c4456e8b31a1b3460301db223b556,256,7ff045e85bdcdcb19da695baf49045e3320a14d4,89288c8820f0afac2817cce5320a371303b0aabae735b81c82db7a423f39650a,c31163a500f5afd69526b2810d89b90ef2b947126384281692e605e4cc5fb6de,cifar,9.999999999999998,60,60,300000,0.0,0.0,1ce75c76b698744680547466d38957d018649c21,0.001,10.0,feddf_prob,AdamW,,article1-v3,893da95ead3c665215eb13a5f6050076ab9dcc0b168e2ac6517b8cd986f8bd30,bb299879f6f7c5c2039d6b8d2a92bcc4d9457d5113e2928c6257cbe8e8881cd5,10000,nested_stratified_v1,44,0683231331de914156adefcb2239f8600e804117616580e4be80c7acff562587,5000,deterministic_evaluation,alpha0p1,8b05c26c91f474a6,none,44,d1bc01fb876f785fe1eb45e19cf719e80e9f8dbd7415554a72df7f37ae99535b,0.0283514335751533,46589cf6bfcd1fa9ee8bf3ef4d53bdd80a9fb701649506d084ffd4cf895930da,0.54,1.3812919183731078,0.59,2.2487993002216737,1.880432117547855,1.0,8.0,"{""K"": 10, ""batch_size"": 256, ""lr"": 0.001, ""optimizer"": ""AdamW"", ""proxy_labels_sha256"": ""893da95ead3c665215eb13a5f6050076ab9dcc0b168e2ac6517b8cd986f8bd30"", ""proxy_size"": 5000, ""updates"": 1200, ""weight_decay"": 0.0001}",1200,0.0001,uniform,/home/roi/PycharmProjects/KD_v5/OUTPUTS/article1_v3/results_proxy_size_feddf_prob.csv,36,,,,,,,,,,True
e6f1e0016bd69e5208d7779bafd908447f0ffbf5bd505201465dc3d9494ee864,mean_probabilities,d07c41e506d84f587a477889cc8c382fb50c4456e8b31a1b3460301db223b556,256,7ff045e85bdcdcb19da695baf49045e3320a14d4,4a19eeed7486a909cce5e44750f02af8885ca0d179d5ba1614e49333f1bab69a,c31163a500f5afd69526b2810d89b90ef2b947126384281692e605e4cc5fb6de,cifar,9.999999999999998,60,60,300000,0.0,0.0,1ce75c76b698744680547466d38957d018649c21,0.001,10.0,feddf_prob,AdamW,,article1-v3,893da95ead3c665215eb13a5f6050076ab9dcc0b168e2ac6517b8cd986f8bd30,bb299879f6f7c5c2039d6b8d2a92bcc4d9457d5113e2928c6257cbe8e8881cd5,10000,nested_stratified_v1,44,0683231331de914156adefcb2239f8600e804117616580e4be80c7acff562587,5000,deterministic_evaluation,single,f3ceef25c58df1d3,none,44,254030b59ee2cfe600540a624885e8a2a91c10bdc0dea4c9d295cc7a264695f4,0.0063052177429199,46589cf6bfcd1fa9ee8bf3ef4d53bdd80a9fb701649506d084ffd4cf895930da,0.0869,2.5212010726928717,0.092,2.298852912901261,2.3079768160267826,1.0,8.0,"{""K"": 10, ""batch_size"": 256, ""lr"": 0.001, ""optimizer"": ""AdamW"", ""proxy_labels_sha256"": ""893da95ead3c665215eb13a5f6050076ab9dcc0b168e2ac6517b8cd986f8bd30"", ""proxy_size"": 5000, ""updates"": 1200, ""weight_decay"": 0.0001}",1200,0.0001,uniform,/home/roi/PycharmProjects/KD_v5/OUTPUTS/article1_v3/results_proxy_size_feddf_prob.csv,37,,,,,,,,,,True
80f93e8c7d0e1e083e6aab0b073011d858d092951eb4bb2d595cd43173e04704,mean_probabilities,2a836581bb03cec96f509a87a0a27efbc0afc37c6522a54562e03a18504b0346,256,7ec812be75663f47fb1c9726f93e3688d8b157f3,1c4c00d5a8782ab5dc03a856baacc1e6bb134e73805febca3945c8bb2e4a855b,983996e529cac6912e3b0d96e762a9374461d1c0f329cfebb9aaed5fd49ffc19,mnist,9.999999999999998,30,30,300000,0.0,0.0,1ce75c76b698744680547466d38957d018649c21,0.001,10.0,presence_prob,AdamW,,article1-v3,c675c07ca4b404432cdfca8572fe34493de68ea756a4b3ee7c70ec17714a925c,d6100cfa5d3571a1ff2c6b7927e7a5cc702b95806e13423a2da32c102d68c20d,10000,full_original_order,42,d6100cfa5d3571a1ff2c6b7927e7a5cc702b95806e13423a2da32c102d68c20d,10000,deterministic_evaluation,iid,7e475900f034ef1d,none,42,8eb786d4a0a48177d57e04c12e7dd4c10c013c0d029e6dc60ef7f09a8afecf5b,0.967038631439209,1902c4d403a1e7249ac2616fe137aefc66e55a6b36798d693b04186999168c34,0.9845,0.0474863140608649,0.9848,1.7897930057201752,0.8118604848879594,1.0,8.0,"{""K"": 10, ""batch_size"": 256, ""epochs"": 30, ""lr"": 0.001, ""optimizer"": ""AdamW"", ""weight_decay"": 0.0001}",1200,0.0001,selected_uniform,/home/roi/PycharmProjects/KD_v5/OUTPUTS/article1_v3/results_presence.csv,2,,,,,80f93e8c7d0e1e083e6aab0b073011d858d092951eb4bb2d595cd43173e04704,19174a8cab2d3da4fa1ed41c9881ff9e2e1d48135b3c2e2ff3252399dbe1d3b5,4503466125ace627d30b5d7e0fb997d9764868c5d13e2ebd6a8d700835bb3128,private_train_class_presence,,True
80f93e8c7d0e1e083e6aab0b073011d858d092951eb4bb2d595cd43173e04704,mean_probabilities,2a836581bb03cec96f509a87a0a27efbc0afc37c6522a54562e03a18504b0346,256,7ec812be75663f47fb1c9726f93e3688d8b157f3,1ee8a9739c99917174c92d57423b9aa95a139d3c9001f26cf1f675650f598b41,983996e529cac6912e3b0d96e762a9374461d1c0f329cfebb9aaed5fd49ffc19,mnist,9.999999999999998,30,30,300000,0.0,0.0,1ce75c76b698744680547466d38957d018649c21,0.001,10.0,presence_prob,AdamW,,article1-v3,c675c07ca4b404432cdfca8572fe34493de68ea756a4b3ee7c70ec17714a925c,d6100cfa5d3571a1ff2c6b7927e7a5cc702b95806e13423a2da32c102d68c20d,10000,full_original_order,42,d6100cfa5d3571a1ff2c6b7927e7a5cc702b95806e13423a2da32c102d68c20d,10000,deterministic_evaluation,alpha1p0,7e7e1fca6df01849,none,42,b19ab4505661074d7a0facd83f404fd16bc25a2f937b74682bf04d1a754002af,0.6156045198440552,1902c4d403a1e7249ac2616fe137aefc66e55a6b36798d693b04186999168c34,0.9802,0.0602755610270425,0.9798,1.952237828492988,0.990416299200742,1.0,8.0,"{""K"": 10, ""batch_size"": 256, ""epochs"": 30, ""lr"": 0.001, ""optimizer"": ""AdamW"", ""weight_decay"": 0.0001}",1200,0.0001,selected_uniform,/home/roi/PycharmProjects/KD_v5/OUTPUTS/article1_v3/results_presence.csv,3,,,,,1769e55a274edd8fde7ce78f67c69efc41f316699db14eb618a7a583ee1a4d45,c8004ea6dfb4b27d9a91b9c6fa5c1666046913206fa70051c0415f5e0ab923f2,8ab495102bbaab53a5839a068b1eaac2a785f5c526a688f4bbec802fa6943162,private_train_class_presence,,True
87a2df48695f7045d8f6dac17a52f6f1c84ca0bfa68a77c904b4d3fcd9bd68c4,mean_probabilities,2a836581bb03cec96f509a87a0a27efbc0afc37c6522a54562e03a18504b0346,256,7ec812be75663f47fb1c9726f93e3688d8b157f3,67ba36a524103132452e244163fa770344870afabeada27dd648b46b93ab881c,983996e529cac6912e3b0d96e762a9374461d1c0f329cfebb9aaed5fd49ffc19,mnist,9.6,30,30,300000,0.0,0.0,1ce75c76b698744680547466d38957d018649c21,0.001,9.6,presence_prob,AdamW,,article1-v3,c675c07ca4b404432cdfca8572fe34493de68ea756a4b3ee7c70ec17714a925c,d6100cfa5d3571a1ff2c6b7927e7a5cc702b95806e13423a2da32c102d68c20d,10000,full_original_order,42,d6100cfa5d3571a1ff2c6b7927e7a5cc702b95806e13423a2da32c102d68c20d,10000,deterministic_evaluation,alpha0p5,a54c900bb8c71513,none,42,88f9524a817f88606c5ba9bac03da4f5a37be40f7cc4dc17a37a3023875e18d3,0.5558700561523438,1902c4d403a1e7249ac2616fe137aefc66e55a6b36798d693b04186999168c34,0.9751,0.0740211919175461,0.9764,1.9529174589525229,0.9944090220081632,1.0,8.0,"{""K"": 10, ""batch_size"": 256, ""epochs"": 30, ""lr"": 0.001, ""optimizer"": ""AdamW"", ""weight_decay"": 0.0001}",1200,0.0001,selected_uniform,/home/roi/PycharmProjects/KD_v5/OUTPUTS/article1_v3/results_presence.csv,4,,,,,3ae930a3d455fc72ab3b3be5987cdf360256a9dad8863ce77738b057cc6ceadd,ff188305e5707423207fc47e3497bd3d5f128a2c92312daa137bc3e3262ea59e,4242c0aeeef2927df4a5ff1d1ff63c263f0ed033a0e223c33d2e061c3df8011f,private_train_class_presence,,True
ca1c437ee4b74c709f877b39b0156860aa116475a0497acef5dfc17377843087,mean_probabilities,2a836581bb03cec96f509a87a0a27efbc0afc37c6522a54562e03a18504b0346,256,7ec812be75663f47fb1c9726f93e3688d8b157f3,e20270ca96acb6652f0c3bd9824939b190449f09c353f40c10ebacac5452d657,983996e529cac6912e3b0d96e762a9374461d1c0f329cfebb9aaed5fd49ffc19,mnist,6.8,30,30,300000,0.0,0.0,1ce75c76b698744680547466d38957d018649c21,0.001,6.8,presence_prob,AdamW,,article1-v3,c675c07ca4b404432cdfca8572fe34493de68ea756a4b3ee7c70ec17714a925c,d6100cfa5d3571a1ff2c6b7927e7a5cc702b95806e13423a2da32c102d68c20d,10000,full_original_order,42,d6100cfa5d3571a1ff2c6b7927e7a5cc702b95806e13423a2da32c102d68c20d,10000,deterministic_evaluation,alpha0p1,49ccc8f99d915a54,none,42,e7af4d6da1ecc2f96e7a30febc6f97fea16b81b9bb288659c626e039e87ac204,0.5342793464660645,1902c4d403a1e7249ac2616fe137aefc66e55a6b36798d693b04186999168c34,0.9815,0.058106656403467,0.9906,1.9651703444456416,0.994965109347141,1.0,8.0,"{""K"": 10, ""batch_size"": 256, ""epochs"": 30, ""lr"": 0.001, ""optimizer"": ""AdamW"", ""weight_decay"": 0.0001}",1200,0.0001,selected_uniform,/home/roi/PycharmProjects/KD_v5/OUTPUTS/article1_v3/results_presence.csv,5,,,,,06ed36d10f15ccf7d7bc7d3dd31476e9709437718660aac1fbc95b258373e375,4a09a6e469c58996ed01098e39ad5a786b60fb50ccf06533a3546be19a42fd68,68870108673e5fdf8fa06b67af20de26ec9e5b3314dc6f022c129a56eb6cf205,private_train_class_presence,,True
ce4b9886dc3da23c4ec80937dca96608fe5f8454c6299680143dd031516e5403,mean_probabilities,2a836581bb03cec96f509a87a0a27efbc0afc37c6522a54562e03a18504b0346,256,7ec812be75663f47fb1c9726f93e3688d8b157f3,df755563875f48ca7042b61a8f6fd26adcb9555d23216d014b2fa0d6f57af456,983996e529cac6912e3b0d96e762a9374461d1c0f329cfebb9aaed5fd49ffc19,mnist,2.0,30,30,300000,0.0,0.0,1ce75c76b698744680547466d38957d018649c21,0.001,2.0,presence_prob,AdamW,,article1-v3,c675c07ca4b404432cdfca8572fe34493de68ea756a4b3ee7c70ec17714a925c,d6100cfa5d3571a1ff2c6b7927e7a5cc702b95806e13423a2da32c102d68c20d,10000,full_original_order,42,d6100cfa5d3571a1ff2c6b7927e7a5cc702b95806e13423a2da32c102d68c20d,10000,deterministic_evaluation,multi,40b6bbe423a77067,none,42,d1f408c2eb8ecb9c0b2e4dd8d10e5322a0b12a09b3c096bcf8457c7edd4b743d,1.0547399520874023,1902c4d403a1e7249ac2616fe137aefc66e55a6b36798d693b04186999168c34,0.988,0.117843687046488,0.9978,0.5068018765760975,0.1657755963507904,1.0,8.0,"{""K"": 10, ""batch_size"": 256, ""epochs"": 30, ""lr"": 0.001, ""optimizer"": ""AdamW"", ""weight_decay"": 0.0001}",1200,0.0001,selected_uniform,/home/roi/PycharmProjects/KD_v5/OUTPUTS/article1_v3/results_presence.csv,6,,,,,ce4b9886dc3da23c4ec80937dca96608fe5f8454c6299680143dd031516e5403,1646589539ec44a1bdf390ebd0b625e06240bcc56d3b6c68e70c930c653f3bba,5301e9fe4e6d74a7098f3b585e04ab8f2639b3920d9adb03d3396b04b08c4dd5,private_train_class_presence,,True
e6f1e0016bd69e5208d7779bafd908447f0ffbf5bd505201465dc3d9494ee864,mean_probabilities,2a836581bb03cec96f509a87a0a27efbc0afc37c6522a54562e03a18504b0346,256,7ec812be75663f47fb1c9726f93e3688d8b157f3,b5b53cb4ddb7392674cbb61f9a3f87565d7efa226164b2234b4d3d25ed2ccc8a,983996e529cac6912e3b0d96e762a9374461d1c0f329cfebb9aaed5fd49ffc19,mnist,1.0,30,30,300000,0.0,0.0,1ce75c76b698744680547466d38957d018649c21,0.001,1.0,presence_prob,AdamW,,article1-v3,c675c07ca4b404432cdfca8572fe34493de68ea756a4b3ee7c70ec17714a925c,d6100cfa5d3571a1ff2c6b7927e7a5cc702b95806e13423a2da32c102d68c20d,10000,full_original_order,42,d6100cfa5d3571a1ff2c6b7927e7a5cc702b95806e13423a2da32c102d68c20d,10000,deterministic_evaluation,single,67a7d1f7e10ac3c3,none,42,836706a8cc03aa3c053c3ba800c8bb103322cf46e3f1173cda8dcdf3c51e15a6,0.0023864838294684,1902c4d403a1e7249ac2616fe137aefc66e55a6b36798d693b04186999168c34,0.9854,0.3139423278145216,1.0,4.823978562574781e-05,3.748534233606741e-06,1.0,8.0,"{""K"": 10, ""batch_size"": 256, ""epochs"": 30, ""lr"": 0.001, ""optimizer"": ""AdamW"", ""weight_decay"": 0.0001}",1200,0.0001,selected_uniform,/home/roi/PycharmProjects/KD_v5/OUTPUTS/article1_v3/results_presence.csv,7,,,,,e6f1e0016bd69e5208d7779bafd908447f0ffbf5bd505201465dc3d9494ee864,a20cbaea334ba2b76517a5c493031d4be745b23e8c6a1200f2ba42f61047cd33,f81a530c03374df49ccee74050f8de5cc3a6da6475a6aba26e6750bbcb585dee,private_train_class_presence,,True
80f93e8c7d0e1e083e6aab0b073011d858d092951eb4bb2d595cd43173e04704,mean_probabilities,2a836581bb03cec96f509a87a0a27efbc0afc37c6522a54562e03a18504b0346,256,7ec812be75663f47fb1c9726f93e3688d8b157f3,11f2a57ac7ab8b260a04aee442bd9113ffd4c757a1885314e2713bc07532585d,f74999f0ad6bfdb6f9b48a6e37793deb9dc5f57b0afd11b381dc0b8f04b7cdd4,fmnist,9.999999999999998,30,30,300000,0.0,0.0,1ce75c76b698744680547466d38957d018649c21,0.001,10.0,presence_prob,AdamW,,article1-v3,1f50734fff13fb3a38b67f2458855d5abf7c3f2c44e5854886e8419c50ebe421,aa87fb2b4d24946ad5c94ef0f1a84aade8c60c333a8e794e81c010e4a202506a,10000,full_original_order,42,aa87fb2b4d24946ad5c94ef0f1a84aade8c60c333a8e794e81c010e4a202506a,10000,deterministic_evaluation,iid,420de0cbac1edf5a,none,42,235858da2fbc40d9ac33927c2813cd7d30c7a3eeec2661fb9419c7b482284810,0.7309330701828003,1902c4d403a1e7249ac2616fe137aefc66e55a6b36798d693b04186999168c34,0.889,0.3474234825372695,0.905,1.8630780032783476,1.0158217554505784,1.0,8.0,"{""K"": 10, ""batch_size"": 256, ""epochs"": 30, ""lr"": 0.001, ""optimizer"": ""AdamW"", ""weight_decay"": 0.0001}",1200,0.0001,selected_uniform,/home/roi/PycharmProjects/KD_v5/OUTPUTS/article1_v3/results_presence.csv,8,,,,,057549e5b22e8d5a5258dac530d5e87654ab28b81ca368095db268cba296593a,64f431d513d6278701454d52c446bccfeaf0aaa7fb532367b9d7b0fb2dbb51c0,c11a04bdd0b6537a2913a1b9c919edea738efece00e25515b6a76feba5e039ad,private_train_class_presence,,True
80f93e8c7d0e1e083e6aab0b073011d858d092951eb4bb2d595cd43173e04704,mean_probabilities,2a836581bb03cec96f509a87a0a27efbc0afc37c6522a54562e03a18504b0346,256,7ec812be75663f47fb1c9726f93e3688d8b157f3,eb662a1351013584635740f166236c6183703e915024b589fe4f7cb6ef40e271,f74999f0ad6bfdb6f9b48a6e37793deb9dc5f57b0afd11b381dc0b8f04b7cdd4,fmnist,9.999999999999998,30,30,300000,0.0,0.0,1ce75c76b698744680547466d38957d018649c21,0.001,10.0,presence_prob,AdamW,,article1-v3,1f50734fff13fb3a38b67f2458855d5abf7c3f2c44e5854886e8419c50ebe421,aa87fb2b4d24946ad5c94ef0f1a84aade8c60c333a8e794e81c010e4a202506a,10000,full_original_order,42,aa87fb2b4d24946ad5c94ef0f1a84aade8c60c333a8e794e81c010e4a202506a,10000,deterministic_evaluation,alpha1p0,754bca3d55bc3082,none,42,3aa8368c797d837d7b743eabc9eeb72c0bf3adfc6c681b08be6548b6b6e65902,0.6210594177246094,1902c4d403a1e7249ac2616fe137aefc66e55a6b36798d693b04186999168c34,0.8769,0.3590002907991409,0.8909,2.003996660100352,1.1833412825486465,1.0,8.0,"{""K"": 10, ""batch_size"": 256, ""epochs"": 30, ""lr"": 0.001, ""optimizer"": ""AdamW"", ""weight_decay"": 0.0001}",1200,0.0001,selected_uniform,/home/roi/PycharmProjects/KD_v5/OUTPUTS/article1_v3/results_presence.csv,9,,,,,45161d3d81583743f3ef8a7f856a947d65089dceebaae90382edbb9449e69ad1,3ee73f45965cd1dff0b3e29c577fc3ce7dd676fd38b2a9d671f80a95570b7a47,f10ccce074dc260cbdcf5eb4628db8ebef5937081fdd3c68efda72bc97b8f716,private_train_class_presence,,True
1f05396ee2fec73714828dc009f8e1d8875d4b738010f328d62a2e737e4eac83,mean_probabilities,2a836581bb03cec96f509a87a0a27efbc0afc37c6522a54562e03a18504b0346,256,7ec812be75663f47fb1c9726f93e3688d8b157f3,20674465bc735deb70814ebfac924ec77394ab8ef02c262433abc96c7060bf61,f74999f0ad6bfdb6f9b48a6e37793deb9dc5f57b0afd11b381dc0b8f04b7cdd4,fmnist,9.8,30,30,300000,0.0,0.0,1ce75c76b698744680547466d38957d018649c21,0.001,9.8,presence_prob,AdamW,,article1-v3,1f50734fff13fb3a38b67f2458855d5abf7c3f2c44e5854886e8419c50ebe421,aa87fb2b4d24946ad5c94ef0f1a84aade8c60c333a8e794e81c010e4a202506a,10000,full_original_order,42,aa87fb2b4d24946ad5c94ef0f1a84aade8c60c333a8e794e81c010e4a202506a,10000,deterministic_evaluation,alpha0p5,280ced8d1bc52389,none,42,ed201761bffdb890a8d4e41cd9897a79ee0c66b1cc697fa0f9149be2075301b1,0.4174076616764068,1902c4d403a1e7249ac2616fe137aefc66e55a6b36798d693b04186999168c34,0.8487,0.4164571836471558,0.8795,2.0453235722667125,1.2569387566823538,1.0,8.0,"{""K"": 10, ""batch_size"": 256, ""epochs"": 30, ""lr"": 0.001, ""optimizer"": ""AdamW"", ""weight_decay"": 0.0001}",1200,0.0001,selected_uniform,/home/roi/PycharmProjects/KD_v5/OUTPUTS/article1_v3/results_presence.csv,10,,,,,b769e384e9d5ae7ac5cc1c63468f1dd82541d0003deae819dedc295f4c75f61f,5370527cea4143ac6b81a80f6507fe6fd4ffe0947c7bb3ef43c876cb0953f537,5cfe345606deb59ae43a79fedf5dca1a08835caf6270fa6f63a9620031cb634b,private_train_class_presence,,True
65bd9b1ac523974fbde516ced534b5e2bced5ee3b1e62db06ec0b69cf68f638e,mean_probabilities,2a836581bb03cec96f509a87a0a27efbc0afc37c6522a54562e03a18504b0346,256,7ff045e85bdcdcb19da695baf49045e3320a14d4,ce2bf18f0d9889cb3d556494fa23be0fe9b556fbed2e0ce78a454b06ea98f885,f74999f0ad6bfdb6f9b48a6e37793deb9dc5f57b0afd11b381dc0b8f04b7cdd4,fmnist,4.9,30,30,300000,0.0,0.0,1ce75c76b698744680547466d38957d018649c21,0.001,4.9,presence_prob,AdamW,,article1-v3,1f50734fff13fb3a38b67f2458855d5abf7c3f2c44e5854886e8419c50ebe421,aa87fb2b4d24946ad5c94ef0f1a84aade8c60c333a8e794e81c010e4a202506a,10000,full_original_order,42,aa87fb2b4d24946ad5c94ef0f1a84aade8c60c333a8e794e81c010e4a202506a,10000,deterministic_evaluation,alpha0p1,f40e6e8043575e58,none,42,46a4fbbbe3c59aa01653c686cd9631a5bd7244e00c6be2e29e301585fc5c3196,1.4845901727676392,1902c4d403a1e7249ac2616fe137aefc66e55a6b36798d693b04186999168c34,0.9002,0.4151922191619873,0.9929,1.9072663909769392,0.927337725113684,1.0,8.0,"{""K"": 10, ""batch_size"": 256, ""epochs"": 30, ""lr"": 0.001, ""optimizer"": ""AdamW"", ""weight_decay"": 0.0001}",1200,0.0001,selected_uniform,/home/roi/PycharmProjects/KD_v5/OUTPUTS/article1_v3/results_presence.csv,11,,,,,1d5f60b4392151c74d5e6f97cf77eac708c7c3ca5e82c276e71b1eb2f052d577,d79cebf53085dc6b75624b892bf553e13a5a377e1296a392ffcd24ad8fa576c6,07eea3f8e80a72ed679ff971a898f57f8c5647fc14d07c9c11110f20798d2221,private_train_class_presence,,True
ce4b9886dc3da23c4ec80937dca96608fe5f8454c6299680143dd031516e5403,mean_probabilities,2a836581bb03cec96f509a87a0a27efbc0afc37c6522a54562e03a18504b0346,256,7ff045e85bdcdcb19da695baf49045e3320a14d4,6d10b27dfaace9c4a5feee2285dee50606a90e7786e709b69a487aaf14e902d6,f74999f0ad6bfdb6f9b48a6e37793deb9dc5f57b0afd11b381dc0b8f04b7cdd4,fmnist,2.0,30,30,300000,0.0,0.0,1ce75c76b698744680547466d38957d018649c21,0.001,2.0,presence_prob,AdamW,,article1-v3,1f50734fff13fb3a38b67f2458855d5abf7c3f2c44e5854886e8419c50ebe421,aa87fb2b4d24946ad5c94ef0f1a84aade8c60c333a8e794e81c010e4a202506a,10000,full_original_order,42,aa87fb2b4d24946ad5c94ef0f1a84aade8c60c333a8e794e81c010e4a202506a,10000,deterministic_evaluation,multi,10b9c24426be0877,none,42,3d8a5c9fe45209e529e8519b6fd8d5f16fb413f9b8d6ea3e9e99f8de50523a61,1.0186223983764648,1902c4d403a1e7249ac2616fe137aefc66e55a6b36798d693b04186999168c34,0.9018,1.6995739265441894,0.9934,0.3802350407623575,0.1276510817896113,1.0,8.0,"{""K"": 10, ""batch_size"": 256, ""epochs"": 30, ""lr"": 0.001, ""optimizer"": ""AdamW"", ""weight_decay"": 0.0001}",1200,0.0001,selected_uniform,/home/roi/PycharmProjects/KD_v5/OUTPUTS/article1_v3/results_presence.csv,12,,,,,ce4b9886dc3da23c4ec80937dca96608fe5f8454c6299680143dd031516e5403,91220aa623e6d2eed0a8a1ae875749074028d8a36cbcc8454142e8d9f41ea608,73fefa1cc56537cd7ef45eda333429502b61f4f32f64bba193896447b2752e77,private_train_class_presence,,True
e6f1e0016bd69e5208d7779bafd908447f0ffbf5bd505201465dc3d9494ee864,mean_probabilities,2a836581bb03cec96f509a87a0a27efbc0afc37c6522a54562e03a18504b0346,256,7ff045e85bdcdcb19da695baf49045e3320a14d4,1944f74bb5cfec71f7352901b31e26b9002b539aeee6e16b26bc16662319aa65,f74999f0ad6bfdb6f9b48a6e37793deb9dc5f57b0afd11b381dc0b8f04b7cdd4,fmnist,1.0,30,30,300000,0.0,0.0,1ce75c76b698744680547466d38957d018649c21,0.001,1.0,presence_prob,AdamW,,article1-v3,1f50734fff13fb3a38b67f2458855d5abf7c3f2c44e5854886e8419c50ebe421,aa87fb2b4d24946ad5c94ef0f1a84aade8c60c333a8e794e81c010e4a202506a,10000,full_original_order,42,aa87fb2b4d24946ad5c94ef0f1a84aade8c60c333a8e794e81c010e4a202506a,10000,deterministic_evaluation,single,a516ba91508314af,none,42,aa380df826cb147ef3489f72fcb766d995ed0e05a11cae9d1d41be92e13e7fe3,0.1253919899463653,1902c4d403a1e7249ac2616fe137aefc66e55a6b36798d693b04186999168c34,0.9042,2.942580070018768,1.0,5.1002922931681286e-05,3.920342750904092e-06,1.0,8.0,"{""K"": 10, ""batch_size"": 256, ""epochs"": 30, ""lr"": 0.001, ""optimizer"": ""AdamW"", ""weight_decay"": 0.0001}",1200,0.0001,selected_uniform,/home/roi/PycharmProjects/KD_v5/OUTPUTS/article1_v3/results_presence.csv,13,,,,,e6f1e0016bd69e5208d7779bafd908447f0ffbf5bd505201465dc3d9494ee864,c10459ab5f4da07d2da10be0b1cbe95b3f22dff3a1326b916c6234bacb92dc92,f730f5dcc5a7b3beb63d649af82761990dd4eff38ad65c2325094550ed1eaf42,private_train_class_presence,,True
80f93e8c7d0e1e083e6aab0b073011d858d092951eb4bb2d595cd43173e04704,mean_probabilities,2a836581bb03cec96f509a87a0a27efbc0afc37c6522a54562e03a18504b0346,256,7ff045e85bdcdcb19da695baf49045e3320a14d4,d2636da84362f05b2a0ab8ebb5039b941c6b9310b42eddd0e6007451ba624b46,7d19cf95b4de564f3b35de7f267e55fb595e5b2a9d5e5d7408d2b7653541ba98,cifar,9.999999999999998,30,30,300000,0.0,0.0,1ce75c76b698744680547466d38957d018649c21,0.001,10.0,presence_prob,AdamW,,article1-v3,117be76002e0123f5252e2b78c50cbfb9fcbe971247b5af9c3e1b9dfba92df89,66af2fbb33f1e089245500600db030610ac3b47e91dba7cbb7dbf193a5c1ef13,10000,full_original_order,42,66af2fbb33f1e089245500600db030610ac3b47e91dba7cbb7dbf193a5c1ef13,10000,deterministic_evaluation,iid,3f9308c5c90c7986,none,42,6e1f642602a6c3b8d565a6101bcc91a0910e35ccf1a7ed5795695e08c60efd67,0.2703052163124084,185356aa1824f8622c4cedfce3d940f5365857f2d6541013f0f2d87bf8820d24,0.7522,0.7609709712982178,0.7964,2.162036171763306,1.5508668901104945,1.0,8.0,"{""K"": 10, ""batch_size"": 256, ""epochs"": 30, ""lr"": 0.001, ""optimizer"": ""AdamW"", ""weight_decay"": 0.0001}",1200,0.0001,selected_uniform,/home/roi/PycharmProjects/KD_v5/OUTPUTS/article1_v3/results_presence.csv,14,,,,,a549aff87e6ef58b5926807f91025e7e405b52c4fe466412a04e29956c72609c,74d5ae86e0b2c842d1320d03f090950e1076af302dabcc8235ab29fb6d36b852,e6dc9e34d95e0c94c1687de684adc8c5a110427652f101c986942070d8df2932,private_train_class_presence,,True
e17d97a644efe30a173ac300999ce6b0d11260455d0a3d2be0b9af7f677124c5,mean_probabilities,2a836581bb03cec96f509a87a0a27efbc0afc37c6522a54562e03a18504b0346,256,7ff045e85bdcdcb19da695baf49045e3320a14d4,2fced72dc2506882a06adaefd23cf09c1932e340f877eea2188cd1df360bfb89,7d19cf95b4de564f3b35de7f267e55fb595e5b2a9d5e5d7408d2b7653541ba98,cifar,9.9,30,30,300000,0.0,0.0,1ce75c76b698744680547466d38957d018649c21,0.001,9.9,presence_prob,AdamW,,article1-v3,117be76002e0123f5252e2b78c50cbfb9fcbe971247b5af9c3e1b9dfba92df89,66af2fbb33f1e089245500600db030610ac3b47e91dba7cbb7dbf193a5c1ef13,10000,full_original_order,42,66af2fbb33f1e089245500600db030610ac3b47e91dba7cbb7dbf193a5c1ef13,10000,deterministic_evaluation,alpha1p0,c0750a67a0c648c2,none,42,e1cf2eea7cf2006c835e615daa8710cbb3ae3236629c4304da3eeb59bbaa5c00,0.2402639985084533,185356aa1824f8622c4cedfce3d940f5365857f2d6541013f0f2d87bf8820d24,0.7561,0.710434962272644,0.7974,2.1682212036410835,1.5613790479372442,1.0,8.0,"{""K"": 10, ""batch_size"": 256, ""epochs"": 30, ""lr"": 0.001, ""optimizer"": ""AdamW"", ""weight_decay"": 0.0001}",1200,0.0001,selected_uniform,/home/roi/PycharmProjects/KD_v5/OUTPUTS/article1_v3/results_presence.csv,15,,,,,307c12102e5bfafaa4901428358ed03a348f46cc8bb17d41a8b8916ca9f0f084,918d8deaa0bb1b721d4703b460190da3f62633c5a2254e2210cf03709414b3bc,10971c3f0b230bfa4e9c34e0787fd3cbbcd99584124edb20320f28856cb0314c,private_train_class_presence,,True
5855b3018b2b0300877d2a8fc4104495d1fc89d4e359ea4b993662ac99752a67,mean_probabilities,2a836581bb03cec96f509a87a0a27efbc0afc37c6522a54562e03a18504b0346,256,7ff045e85bdcdcb19da695baf49045e3320a14d4,49787a4c00aa71a0b9d980bbbcb54e215aa71ff8388ef7d3c0f859811473975a,7d19cf95b4de564f3b35de7f267e55fb595e5b2a9d5e5d7408d2b7653541ba98,cifar,9.8,30,30,300000,0.0,0.0,1ce75c76b698744680547466d38957d018649c21,0.001,9.8,presence_prob,AdamW,,article1-v3,117be76002e0123f5252e2b78c50cbfb9fcbe971247b5af9c3e1b9dfba92df89,66af2fbb33f1e089245500600db030610ac3b47e91dba7cbb7dbf193a5c1ef13,10000,full_original_order,42,66af2fbb33f1e089245500600db030610ac3b47e91dba7cbb7dbf193a5c1ef13,10000,deterministic_evaluation,alpha0p5,240d20f2596b7a5a,none,42,09f6f2fcb6530a28bd8909e70c4fa31da4afa6f861b13310c2c986dfe461c97b,0.1260260939598083,185356aa1824f8622c4cedfce3d940f5365857f2d6541013f0f2d87bf8820d24,0.6875,0.8663060916900635,0.7393,2.233347265913161,1.7751630897272217,1.0,8.0,"{""K"": 10, ""batch_size"": 256, ""epochs"": 30, ""lr"": 0.001, ""optimizer"": ""AdamW"", ""weight_decay"": 0.0001}",1200,0.0001,selected_uniform,/home/roi/PycharmProjects/KD_v5/OUTPUTS/article1_v3/results_presence.csv,16,,,,,22761dd5334f162c8815801a3cf0f9fa93a691bd808e949c32b45509b9351ae9,42ace21c86741beacba0068b6a933c6635d21843e3b639f463eaaa74544c03d6,0ea784aa952b13548a5e7445c8cf005e268a4e88ac88919243fbd86e3c133899,private_train_class_presence,,True
cc9429e4eda244e6788d66d2afa10727a72884d6c3a91499517e64cc26cfd914,mean_probabilities,2a836581bb03cec96f509a87a0a27efbc0afc37c6522a54562e03a18504b0346,256,7ff045e85bdcdcb19da695baf49045e3320a14d4,131d0b9efcd1c7294a6cc1cf94110c75b2bab77a718c2909d085900d8a7a96f6,7d19cf95b4de564f3b35de7f267e55fb595e5b2a9d5e5d7408d2b7653541ba98,cifar,5.5,30,30,300000,0.0,0.0,1ce75c76b698744680547466d38957d018649c21,0.001,5.5,presence_prob,AdamW,,article1-v3,117be76002e0123f5252e2b78c50cbfb9fcbe971247b5af9c3e1b9dfba92df89,66af2fbb33f1e089245500600db030610ac3b47e91dba7cbb7dbf193a5c1ef13,10000,full_original_order,42,66af2fbb33f1e089245500600db030610ac3b47e91dba7cbb7dbf193a5c1ef13,10000,deterministic_evaluation,alpha0p1,225e3548ce92366e,none,42,b35afdb3f7b12b60d04894f82867205d372af259f03faf965abadb1971f87e07,0.2872354686260223,185356aa1824f8622c4cedfce3d940f5365857f2d6541013f0f2d87bf8820d24,0.7121,0.935747580909729,0.9399,2.1802592572854818,1.5057136684127743,1.0,8.0,"{""K"": 10, ""batch_size"": 256, ""epochs"": 30, ""lr"": 0.001, ""optimizer"": ""AdamW"", ""weight_decay"": 0.0001}",1200,0.0001,selected_uniform,/home/roi/PycharmProjects/KD_v5/OUTPUTS/article1_v3/results_presence.csv,17,,,,,34f84e2343874e1a7b9b815529aa22768f81a356597ec5e338c60b3904ca2c75,fdecc210d8472fab8e6b464c1fd1e8a74548dac738bc643133f9a9528bf60bca,62d627c9f4fac431bebf841bdb197ba4c379396da4ecc55e6176f7c831612cce,private_train_class_presence,,True
ce4b9886dc3da23c4ec80937dca96608fe5f8454c6299680143dd031516e5403,mean_probabilities,2a836581bb03cec96f509a87a0a27efbc0afc37c6522a54562e03a18504b0346,256,7ff045e85bdcdcb19da695baf49045e3320a14d4,cda92e09f816aadc89145939b2cfdec713c27790786ec486e5e9906a86ce436e,7d19cf95b4de564f3b35de7f267e55fb595e5b2a9d5e5d7408d2b7653541ba98,cifar,2.0,30,30,300000,0.0,0.0,1ce75c76b698744680547466d38957d018649c21,0.001,2.0,presence_prob,AdamW,,article1-v3,117be76002e0123f5252e2b78c50cbfb9fcbe971247b5af9c3e1b9dfba92df89,66af2fbb33f1e089245500600db030610ac3b47e91dba7cbb7dbf193a5c1ef13,10000,full_original_order,42,66af2fbb33f1e089245500600db030610ac3b47e91dba7cbb7dbf193a5c1ef13,10000,deterministic_evaluation,multi,0740d6c5f42a7b19,none,42,ce02c8129fef8586b57bb769e01ae6e2d099d62942e2db517f048f627979db55,1.7693862915039062,185356aa1824f8622c4cedfce3d940f5365857f2d6541013f0f2d87bf8820d24,0.7485,1.5690236114501954,0.942,1.6246264559525458,0.774684495313124,1.0,8.0,"{""K"": 10, ""batch_size"": 256, ""epochs"": 30, ""lr"": 0.001, ""optimizer"": ""AdamW"", ""weight_decay"": 0.0001}",1200,0.0001,selected_uniform,/home/roi/PycharmProjects/KD_v5/OUTPUTS/article1_v3/results_presence.csv,18,,,,,ce4b9886dc3da23c4ec80937dca96608fe5f8454c6299680143dd031516e5403,23dc6232f30af6521131c3bcf5d29c5b1aff7d8e6208c859d1bbbfd5444a7cb1,5261ae72437f93869038d1aa098385c330499aac1bd657c971999df764a19e24,private_train_class_presence,,True
e6f1e0016bd69e5208d7779bafd908447f0ffbf5bd505201465dc3d9494ee864,mean_probabilities,2a836581bb03cec96f509a87a0a27efbc0afc37c6522a54562e03a18504b0346,256,7ff045e85bdcdcb19da695baf49045e3320a14d4,df8172495f9d3fae3dc1d602b20cc4278ee8df7d87c004ad0754949c37f0bc7f,7d19cf95b4de564f3b35de7f267e55fb595e5b2a9d5e5d7408d2b7653541ba98,cifar,1.0,30,30,300000,0.0,0.0,1ce75c76b698744680547466d38957d018649c21,0.001,1.0,presence_prob,AdamW,,article1-v3,117be76002e0123f5252e2b78c50cbfb9fcbe971247b5af9c3e1b9dfba92df89,66af2fbb33f1e089245500600db030610ac3b47e91dba7cbb7dbf193a5c1ef13,10000,full_original_order,42,66af2fbb33f1e089245500600db030610ac3b47e91dba7cbb7dbf193a5c1ef13,10000,deterministic_evaluation,single,6daf0c166bb3b82e,none,42,204faef1dd12d8eb852f7da927c4bda306af11a95749b12b0859ac49e8d4ff57,0.9905948042869568,185356aa1824f8622c4cedfce3d940f5365857f2d6541013f0f2d87bf8820d24,0.7827,1.7387799139022828,1.0,1.1749363584860764,0.3454380084591673,1.0,8.0,"{""K"": 10, ""batch_size"": 256, ""epochs"": 30, ""lr"": 0.001, ""optimizer"": ""AdamW"", ""weight_decay"": 0.0001}",1200,0.0001,selected_uniform,/home/roi/PycharmProjects/KD_v5/OUTPUTS/article1_v3/results_presence.csv,19,,,,,e6f1e0016bd69e5208d7779bafd908447f0ffbf5bd505201465dc3d9494ee864,05d72bc58f28bc9e4da9c8a16001537cdad099cd091bba5a0e288ea5dca97da5,f71ec108daaa78a2392e302b202106bc3a7727f3bebdfdd0e25c020de4b9facf,private_train_class_presence,,True
80f93e8c7d0e1e083e6aab0b073011d858d092951eb4bb2d595cd43173e04704,mean_probabilities,9dc3b75d34f50fd7e8121684c2e8b96473759a62ffdf4da9a899b6be2324c4f6,256,7ec812be75663f47fb1c9726f93e3688d8b157f3,8ac88c9f1a75ccda0684de74cb99754aec0a00b42071fed4220bc725afbd5a03,ac4d3daebd132fcf0c30acd7f9828d40c3eda282d672fe5d5214e900d8f21068,mnist,9.999999999999998,30,30,300000,0.0,0.0,1ce75c76b698744680547466d38957d018649c21,0.001,10.0,presence_prob,AdamW,,article1-v3,0ef12c320cfa1f93a852406370e80eb0b1e4b1731704727c3a1f9b691f1c9e9f,107efb320922a5311b91b47974f03876544bfaeb39719aa1e062bfdf103fd6e0,10000,full_original_order,43,107efb320922a5311b91b47974f03876544bfaeb39719aa1e062bfdf103fd6e0,10000,deterministic_evaluation,iid,509e592cb96dfa9d,none,43,4e1cdd92fd3ce7faabd15b538d26ff232a2bdeee1f71c1b96751033782ef866e,0.7873810529708862,9f0b88d81119b57a6ae57eeb22a3257787c562e62cc7a83b1f6566c657fe7250,0.9829,0.0560070911148563,0.9851,1.883701675892269,0.9055659569192888,1.0,8.0,"{""K"": 10, ""batch_size"": 256, ""epochs"": 30, ""lr"": 0.001, ""optimizer"": ""AdamW"", ""weight_decay"": 0.0001}",1200,0.0001,selected_uniform,/home/roi/PycharmProjects/KD_v5/OUTPUTS/article1_v3/results_presence.csv,20,,,,,c71a836fb18c224322482aff09b171a1f8d84ddad62b65d79efc561e33930e21,9f2348b6627149fa52ade6dc8fbb2fcfd670b04eb576788c0434044acf17354c,4503466125ace627d30b5d7e0fb997d9764868c5d13e2ebd6a8d700835bb3128,private_train_class_presence,,True
dd185b00286eedbfe8bae5bcf63d8b73b089d69b946f1e42183fde1eea4dc14b,mean_probabilities,9dc3b75d34f50fd7e8121684c2e8b96473759a62ffdf4da9a899b6be2324c4f6,256,7ec812be75663f47fb1c9726f93e3688d8b157f3,ff04b0252c3ccff7e7c9e843e924552abc98cfd604fac7fc737af84621655cd7,ac4d3daebd132fcf0c30acd7f9828d40c3eda282d672fe5d5214e900d8f21068,mnist,9.9,30,30,300000,0.0,0.0,1ce75c76b698744680547466d38957d018649c21,0.001,9.9,presence_prob,AdamW,,article1-v3,0ef12c320cfa1f93a852406370e80eb0b1e4b1731704727c3a1f9b691f1c9e9f,107efb320922a5311b91b47974f03876544bfaeb39719aa1e062bfdf103fd6e0,10000,full_original_order,43,107efb320922a5311b91b47974f03876544bfaeb39719aa1e062bfdf103fd6e0,10000,deterministic_evaluation,alpha1p0,97195fcc42426b11,none,43,89f1f7a63c884a82e65d6a09a99267ada16862bf63eba13b4b957b1e92001887,0.6945910453796387,9f0b88d81119b57a6ae57eeb22a3257787c562e62cc7a83b1f6566c657fe7250,0.9803,0.0604104793943464,0.9838,1.985116665284715,1.036240807769066,1.0,8.0,"{""K"": 10, ""batch_size"": 256, ""epochs"": 30, ""lr"": 0.001, ""optimizer"": ""AdamW"", ""weight_decay"": 0.0001}",1200,0.0001,selected_uniform,/home/roi/PycharmProjects/KD_v5/OUTPUTS/article1_v3/results_presence.csv,21,,,,,fbffb618aec84f560646af13acf9311ec6545311c1069781e5769e1ea4da706f,4be17f6bb75940dc4a714faf8f642438d8d7cb39254077f38b411e86e0ba20c5,53d97e53b16373a08c01039c8ee1519bc6e2adca5923cec9350f69a3731b9bac,private_train_class_presence,,True
a54b94f2fd90946399d38e3cffa22c62561859a5a51d7acc1000bd9c409befc4,mean_probabilities,9dc3b75d34f50fd7e8121684c2e8b96473759a62ffdf4da9a899b6be2324c4f6,256,7ec812be75663f47fb1c9726f93e3688d8b157f3,f68e0135bfb79bc81d8248bcca893ffc6452b860d96435aecd30e9ff55b8074a,ac4d3daebd132fcf0c30acd7f9828d40c3eda282d672fe5d5214e900d8f21068,mnist,9.4,30,30,300000,0.0,0.0,1ce75c76b698744680547466d38957d018649c21,0.001,9.4,presence_prob,AdamW,,article1-v3,0ef12c320cfa1f93a852406370e80eb0b1e4b1731704727c3a1f9b691f1c9e9f,107efb320922a5311b91b47974f03876544bfaeb39719aa1e062bfdf103fd6e0,10000,full_original_order,43,107efb320922a5311b91b47974f03876544bfaeb39719aa1e062bfdf103fd6e0,10000,deterministic_evaluation,alpha0p5,46a2684083bdfc46,none,43,053388085810988dc9a1a79142e6dd9df31a486832d5d8065ae038c530c0e298,0.668187141418457,9f0b88d81119b57a6ae57eeb22a3257787c562e62cc7a83b1f6566c657fe7250,0.9754,0.0804436077259481,0.983,1.9843705114176229,1.0310054612421444,1.0,8.0,"{""K"": 10, ""batch_size"": 256, ""epochs"": 30, ""lr"": 0.001, ""optimizer"": ""AdamW"", ""weight_decay"": 0.0001}",1200,0.0001,selected_uniform,/home/roi/PycharmProjects/KD_v5/OUTPUTS/article1_v3/results_presence.csv,22,,,,,04143945fb8e4442c3455972f3dcbb27819a04f68401bb1f636c2028c1f9ff7f,fc80b964cbe3606e172f27ac6067680324fd86af13c0cf13d42b6c9106547db4,6bb1d867fb5678e4c9daf95389e1a42cf3f672f492f60b8c6965ef0ba2653d12,private_train_class_presence,,True
3cb9de5a90150f2028c3f2604511404b603fe4e280e3cc502f4b6d849dd128a7,mean_probabilities,9dc3b75d34f50fd7e8121684c2e8b96473759a62ffdf4da9a899b6be2324c4f6,256,7ec812be75663f47fb1c9726f93e3688d8b157f3,534c78641db8e07d8d24964810b19631b672c312ac678b1a44ebe23829d83e4b,ac4d3daebd132fcf0c30acd7f9828d40c3eda282d672fe5d5214e900d8f21068,mnist,5.0,30,30,300000,0.0,0.0,1ce75c76b698744680547466d38957d018649c21,0.001,5.0,presence_prob,AdamW,,article1-v3,0ef12c320cfa1f93a852406370e80eb0b1e4b1731704727c3a1f9b691f1c9e9f,107efb320922a5311b91b47974f03876544bfaeb39719aa1e062bfdf103fd6e0,10000,full_original_order,43,107efb320922a5311b91b47974f03876544bfaeb39719aa1e062bfdf103fd6e0,10000,deterministic_evaluation,alpha0p1,23232abf198ecd1a,none,43,3e120bea94a5164571eb2f5ce29c79e8d641c8b32d841bd4c7efc7f687241a88,1.0229849815368652,9f0b88d81119b57a6ae57eeb22a3257787c562e62cc7a83b1f6566c657fe7250,0.9811,0.0640809692252427,0.9944,1.87151575055538,0.8976461422727822,1.0,8.0,"{""K"": 10, ""batch_size"": 256, ""epochs"": 30, ""lr"": 0.001, ""optimizer"": ""AdamW"", ""weight_decay"": 0.0001}",1200,0.0001,selected_uniform,/home/roi/PycharmProjects/KD_v5/OUTPUTS/article1_v3/results_presence.csv,23,,,,,0e10ee09fa72d5f2b61998dc3b779b1e97ec24bbbb6e1e8656f809def1ae2a1c,d0f77d93c38ed21493dda6589eae4ec78c2491b190525ff3db03ab874e7d8284,60d3c6d1c30ead9b49e9f3e35269f81aaceb9def75bcb2af63e074aa4afc0324,private_train_class_presence,,True
ce4b9886dc3da23c4ec80937dca96608fe5f8454c6299680143dd031516e5403,mean_probabilities,9dc3b75d34f50fd7e8121684c2e8b96473759a62ffdf4da9a899b6be2324c4f6,256,7ec812be75663f47fb1c9726f93e3688d8b157f3,ab3fe9d7045f342f924b2635027b6e7e98aedd53875b0bb9bb2ed05a70bea231,ac4d3daebd132fcf0c30acd7f9828d40c3eda282d672fe5d5214e900d8f21068,mnist,2.0,30,30,300000,0.0,0.0,1ce75c76b698744680547466d38957d018649c21,0.001,2.0,presence_prob,AdamW,,article1-v3,0ef12c320cfa1f93a852406370e80eb0b1e4b1731704727c3a1f9b691f1c9e9f,107efb320922a5311b91b47974f03876544bfaeb39719aa1e062bfdf103fd6e0,10000,full_original_order,43,107efb320922a5311b91b47974f03876544bfaeb39719aa1e062bfdf103fd6e0,10000,deterministic_evaluation,multi,18b3fb0af745b015,none,43,254863ec68dd8264bcea9165839453427d53671038de1055fc8cf07f86b099b1,0.8869003057479858,9f0b88d81119b57a6ae57eeb22a3257787c562e62cc7a83b1f6566c657fe7250,0.989,0.0986586462804407,0.9982,0.4927948894386776,0.1555451717904961,1.0,8.0,"{""K"": 10, ""batch_size"": 256, ""epochs"": 30, ""lr"": 0.001, ""optimizer"": ""AdamW"", ""weight_decay"": 0.0001}",1200,0.0001,selected_uniform,/home/roi/PycharmProjects/KD_v5/OUTPUTS/article1_v3/results_presence.csv,24,,,,,ce4b9886dc3da23c4ec80937dca96608fe5f8454c6299680143dd031516e5403,d2f09d6f28cce35008f138756516123d44a7a87914f9008d77b8f691303ce6c8,5301e9fe4e6d74a7098f3b585e04ab8f2639b3920d9adb03d3396b04b08c4dd5,private_train_class_presence,,True
e6f1e0016bd69e5208d7779bafd908447f0ffbf5bd505201465dc3d9494ee864,mean_probabilities,9dc3b75d34f50fd7e8121684c2e8b96473759a62ffdf4da9a899b6be2324c4f6,256,7ec812be75663f47fb1c9726f93e3688d8b157f3,a9ca4e4e309199cb5e678efb6ee0c82e505303b6e94aaa64eb073f8edb7ba586,ac4d3daebd132fcf0c30acd7f9828d40c3eda282d672fe5d5214e900d8f21068,mnist,1.0,30,30,300000,0.0,0.0,1ce75c76b698744680547466d38957d018649c21,0.001,1.0,presence_prob,AdamW,,article1-v3,0ef12c320cfa1f93a852406370e80eb0b1e4b1731704727c3a1f9b691f1c9e9f,107efb320922a5311b91b47974f03876544bfaeb39719aa1e062bfdf103fd6e0,10000,full_original_order,43,107efb320922a5311b91b47974f03876544bfaeb39719aa1e062bfdf103fd6e0,10000,deterministic_evaluation,single,de5faf7980bb48ae,none,43,d78c550ccb19dbb45a7e8d096e0f6876530dc2f6bba600a39b566adb3922a9e6,0.0017644467297941,9f0b88d81119b57a6ae57eeb22a3257787c562e62cc7a83b1f6566c657fe7250,0.988,0.265626294890065,1.0,4.04892151595722e-05,3.0393702503162515e-06,1.0,8.0,"{""K"": 10, ""batch_size"": 256, ""epochs"": 30, ""lr"": 0.001, ""optimizer"": ""AdamW"", ""weight_decay"": 0.0001}",1200,0.0001,selected_uniform,/home/roi/PycharmProjects/KD_v5/OUTPUTS/article1_v3/results_presence.csv,25,,,,,e6f1e0016bd69e5208d7779bafd908447f0ffbf5bd505201465dc3d9494ee864,1b7cbeb074ceca021059c9706a82faa78ccb2680953e637d6608f2e9d0186acc,f81a530c03374df49ccee74050f8de5cc3a6da6475a6aba26e6750bbcb585dee,private_train_class_presence,,True
80f93e8c7d0e1e083e6aab0b073011d858d092951eb4bb2d595cd43173e04704,mean_probabilities,1f3034cbd83dc007bebbb86cb19474d4ce302552e2dd4f9a5af623e717861d58,256,7ec812be75663f47fb1c9726f93e3688d8b157f3,2be687a7dd5628056a9971fbdadae93b40c89d02a356ccc1b2d8b00bafeb221a,9e4cb297e02ef29f00941de5d7f2282b123be3a25d5cc82a3139da1a1e624844,mnist,9.999999999999998,30,30,300000,0.0,0.0,1ce75c76b698744680547466d38957d018649c21,0.001,10.0,presence_prob,AdamW,,article1-v3,a96d9b64b59dbeb37ade490f77bbe3b7b6d8967aca976988020a1c572b3711a9,0c710d4d5b2c5e064b2444fd8c0541add01b6425e0bc35a453b2dc93767844dd,10000,full_original_order,44,0c710d4d5b2c5e064b2444fd8c0541add01b6425e0bc35a453b2dc93767844dd,10000,deterministic_evaluation,iid,3c6064b96d274888,none,44,3e28f5e11a72de524ce533bb98012ed52755655b5a6b4ba236c4d7bfd8b63919,0.6106052398681641,6838075722e64f2bbfba2fd720c2d2975cc93fc1fa1b02f4a7d78d497d5477e4,0.9853,0.0466789696703665,0.9867,1.8083692594210632,0.8286048743596872,1.0,8.0,"{""K"": 10, ""batch_size"": 256, ""epochs"": 30, ""lr"": 0.001, ""optimizer"": ""AdamW"", ""weight_decay"": 0.0001}",1200,0.0001,selected_uniform,/home/roi/PycharmProjects/KD_v5/OUTPUTS/article1_v3/results_presence.csv,26,,,,,80f93e8c7d0e1e083e6aab0b073011d858d092951eb4bb2d595cd43173e04704,d0452f00caab6be08f4c3b7182f3597994afae218137eee9d1e530c697cbeaa1,4503466125ace627d30b5d7e0fb997d9764868c5d13e2ebd6a8d700835bb3128,private_train_class_presence,,True
80f93e8c7d0e1e083e6aab0b073011d858d092951eb4bb2d595cd43173e04704,mean_probabilities,1f3034cbd83dc007bebbb86cb19474d4ce302552e2dd4f9a5af623e717861d58,256,7ec812be75663f47fb1c9726f93e3688d8b157f3,c2b2687c5bac374406192f0e0c7b62a74251251a0245f84a6d21cc2170d2aae2,9e4cb297e02ef29f00941de5d7f2282b123be3a25d5cc82a3139da1a1e624844,mnist,9.999999999999998,30,30,300000,0.0,0.0,1ce75c76b698744680547466d38957d018649c21,0.001,10.0,presence_prob,AdamW,,article1-v3,a96d9b64b59dbeb37ade490f77bbe3b7b6d8967aca976988020a1c572b3711a9,0c710d4d5b2c5e064b2444fd8c0541add01b6425e0bc35a453b2dc93767844dd,10000,full_original_order,44,0c710d4d5b2c5e064b2444fd8c0541add01b6425e0bc35a453b2dc93767844dd,10000,deterministic_evaluation,alpha1p0,b2e0f36a83d3a093,none,44,76cd342badbb80543756a9d6ee66dfbc42d3acffeb579b4f0b9e34338a7840c0,0.4635920822620392,6838075722e64f2bbfba2fd720c2d2975cc93fc1fa1b02f4a7d78d497d5477e4,0.9825,0.0547011967492522,0.985,1.871885072420878,0.8925601403309483,1.0,8.0,"{""K"": 10, ""batch_size"": 256, ""epochs"": 30, ""lr"": 0.001, ""optimizer"": ""AdamW"", ""weight_decay"": 0.0001}",1200,0.0001,selected_uniform,/home/roi/PycharmProjects/KD_v5/OUTPUTS/article1_v3/results_presence.csv,27,,,,,0650d165310dbc4d98971a03727dec20db2324f54decbfd7940ca9962cbcd167,63c8889b4c3232aeb347ca0a55e121db40e74fb10d9652593c1610df252f9605,bd3b6fb30120305e68341b284f5b67bc889d237c178fe7ed1633d82ac7fcc48c,private_train_class_presence,,True
34e2fff38bb9e042930a7da9164adefad0e118722147fd3850c422cac12d56a9,mean_probabilities,1f3034cbd83dc007bebbb86cb19474d4ce302552e2dd4f9a5af623e717861d58,256,7ec812be75663f47fb1c9726f93e3688d8b157f3,811d590e26b98e5ce2a005c04ccba0033f209e6b7e3daf41b3766e1c12636339,9e4cb297e02ef29f00941de5d7f2282b123be3a25d5cc82a3139da1a1e624844,mnist,9.6,30,30,300000,0.0,0.0,1ce75c76b698744680547466d38957d018649c21,0.001,9.6,presence_prob,AdamW,,article1-v3,a96d9b64b59dbeb37ade490f77bbe3b7b6d8967aca976988020a1c572b3711a9,0c710d4d5b2c5e064b2444fd8c0541add01b6425e0bc35a453b2dc93767844dd,10000,full_original_order,44,0c710d4d5b2c5e064b2444fd8c0541add01b6425e0bc35a453b2dc93767844dd,10000,deterministic_evaluation,alpha0p5,5d914a333007f99d,none,44,dd95a3b7d65153781a80c15b4ac7a61c91e68fe49c4485e04ab646c09df63aa7,0.6123551726341248,6838075722e64f2bbfba2fd720c2d2975cc93fc1fa1b02f4a7d78d497d5477e4,0.9784,0.0655260225135833,0.9841,1.9867845451513464,1.0404979724013708,1.0,8.0,"{""K"": 10, ""batch_size"": 256, ""epochs"": 30, ""lr"": 0.001, ""optimizer"": ""AdamW"", ""weight_decay"": 0.0001}",1200,0.0001,selected_uniform,/home/roi/PycharmProjects/KD_v5/OUTPUTS/article1_v3/results_presence.csv,28,,,,,99905278cc3440f8f543b794a44a1dcc228233c140cf853ac7b5d388880577c6,cefe8d420f038661227f6ed3418a7193ac7e7db3c38c76479a6a3e063f56d62d,6b52cb25d62c1b91151e38f874e002ce439909e12daebd3d6d0353b704972c83,private_train_class_presence,,True
163810f05333d0a38e9522a80ed5b22445f443a696a43e7a3eb24373ac9b6b4b,mean_probabilities,1f3034cbd83dc007bebbb86cb19474d4ce302552e2dd4f9a5af623e717861d58,256,7ec812be75663f47fb1c9726f93e3688d8b157f3,89e2b2babe994a4bc9dc9c00465e2203d56ed18e4e614d4f39a8bdae3a52889a,9e4cb297e02ef29f00941de5d7f2282b123be3a25d5cc82a3139da1a1e624844,mnist,5.5,30,30,300000,0.0,0.0,1ce75c76b698744680547466d38957d018649c21,0.001,5.5,presence_prob,AdamW,,article1-v3,a96d9b64b59dbeb37ade490f77bbe3b7b6d8967aca976988020a1c572b3711a9,0c710d4d5b2c5e064b2444fd8c0541add01b6425e0bc35a453b2dc93767844dd,10000,full_original_order,44,0c710d4d5b2c5e064b2444fd8c0541add01b6425e0bc35a453b2dc93767844dd,10000,deterministic_evaluation,alpha0p1,ddbd314a10793051,none,44,29d7bc72888d9d62a94b8a4e79d9eccd2c170cc34410a217db9d6f35c9870b36,0.6983867287635803,6838075722e64f2bbfba2fd720c2d2975cc93fc1fa1b02f4a7d78d497d5477e4,0.9841,0.0531269822673872,0.996,1.8276485087074053,0.833028083607447,1.0,8.0,"{""K"": 10, ""batch_size"": 256, ""epochs"": 30, ""lr"": 0.001, ""optimizer"": ""AdamW"", ""weight_decay"": 0.0001}",1200,0.0001,selected_uniform,/home/roi/PycharmProjects/KD_v5/OUTPUTS/article1_v3/results_presence.csv,29,,,,,4d75b0676840088df372a47c165d585d1ede45e6b38daecb354187587ffaa225,4d6021fdf5f080f139daaaf12910b2133b6aae5bbf5e43f60c431a40406de87b,41b990241a7812a4542589a9c8bbf14433e5ba7c620c353af435dc097be2aaf8,private_train_class_presence,,True
ce4b9886dc3da23c4ec80937dca96608fe5f8454c6299680143dd031516e5403,mean_probabilities,1f3034cbd83dc007bebbb86cb19474d4ce302552e2dd4f9a5af623e717861d58,256,7ec812be75663f47fb1c9726f93e3688d8b157f3,e00f27b557db655dd0a0aada07c39075616fd95678bd62130f3d170502d068a2,9e4cb297e02ef29f00941de5d7f2282b123be3a25d5cc82a3139da1a1e624844,mnist,2.0,30,30,300000,0.0,0.0,1ce75c76b698744680547466d38957d018649c21,0.001,2.0,presence_prob,AdamW,,article1-v3,a96d9b64b59dbeb37ade490f77bbe3b7b6d8967aca976988020a1c572b3711a9,0c710d4d5b2c5e064b2444fd8c0541add01b6425e0bc35a453b2dc93767844dd,10000,full_original_order,44,0c710d4d5b2c5e064b2444fd8c0541add01b6425e0bc35a453b2dc93767844dd,10000,deterministic_evaluation,multi,e983504f18f52afe,none,44,d6421b0163ee01065db82ed3db0fe35fb102865c7cf03669e24ebe86f0515d79,1.2207181453704834,6838075722e64f2bbfba2fd720c2d2975cc93fc1fa1b02f4a7d78d497d5477e4,0.987,0.1306410345173557,0.9981,0.4386234762197089,0.1308013064927663,1.0,8.0,"{""K"": 10, ""batch_size"": 256, ""epochs"": 30, ""lr"": 0.001, ""optimizer"": ""AdamW"", ""weight_decay"": 0.0001}",1200,0.0001,selected_uniform,/home/roi/PycharmProjects/KD_v5/OUTPUTS/article1_v3/results_presence.csv,30,,,,,ce4b9886dc3da23c4ec80937dca96608fe5f8454c6299680143dd031516e5403,888c9f3fb950b7072184925ebc59739506de33f48fdd0dcc6e0c821bcc4aeee1,5301e9fe4e6d74a7098f3b585e04ab8f2639b3920d9adb03d3396b04b08c4dd5,private_train_class_presence,,True
e6f1e0016bd69e5208d7779bafd908447f0ffbf5bd505201465dc3d9494ee864,mean_probabilities,1f3034cbd83dc007bebbb86cb19474d4ce302552e2dd4f9a5af623e717861d58,256,7ec812be75663f47fb1c9726f93e3688d8b157f3,903d5c20c5303780503007d818c6635a60e9ae7c6dca69bec9c12960238a9504,9e4cb297e02ef29f00941de5d7f2282b123be3a25d5cc82a3139da1a1e624844,mnist,1.0,30,30,300000,0.0,0.0,1ce75c76b698744680547466d38957d018649c21,0.001,1.0,presence_prob,AdamW,,article1-v3,a96d9b64b59dbeb37ade490f77bbe3b7b6d8967aca976988020a1c572b3711a9,0c710d4d5b2c5e064b2444fd8c0541add01b6425e0bc35a453b2dc93767844dd,10000,full_original_order,44,0c710d4d5b2c5e064b2444fd8c0541add01b6425e0bc35a453b2dc93767844dd,10000,deterministic_evaluation,single,02cae6f369972180,none,44,c99b5ababa93fc96930f4f59d1c9d6087f1fb7013796d66474245bcf8a4aa055,0.0372141115367412,6838075722e64f2bbfba2fd720c2d2975cc93fc1fa1b02f4a7d78d497d5477e4,0.9877,0.3314238826915592,1.0,2.450097363089091e-05,1.76922698566619e-06,1.0,8.0,"{""K"": 10, ""batch_size"": 256, ""epochs"": 30, ""lr"": 0.001, ""optimizer"": ""AdamW"", ""weight_decay"": 0.0001}",1200,0.0001,selected_uniform,/home/roi/PycharmProjects/KD_v5/OUTPUTS/article1_v3/results_presence.csv,31,,,,,e6f1e0016bd69e5208d7779bafd908447f0ffbf5bd505201465dc3d9494ee864,99e8575a58a7a7e0a6b420967d5480e85f3fcb698515fcae27ee37761b010fad,f81a530c03374df49ccee74050f8de5cc3a6da6475a6aba26e6750bbcb585dee,private_train_class_presence,,True
80f93e8c7d0e1e083e6aab0b073011d858d092951eb4bb2d595cd43173e04704,mean_probabilities,9dc3b75d34f50fd7e8121684c2e8b96473759a62ffdf4da9a899b6be2324c4f6,256,7ff045e85bdcdcb19da695baf49045e3320a14d4,d2db20c014f018c6d1b499dc41833e16ffd868b260b44a02cae77e851d26d72b,ce9759db14e15b98f4aaac7a43748cb8b6118bcf1e63a1c4e898b519fb3a46f9,fmnist,9.999999999999998,30,30,300000,0.0,0.0,1ce75c76b698744680547466d38957d018649c21,0.001,10.0,presence_prob,AdamW,,article1-v3,eecbcffdb3e52099e26ebd2485d479a2553a52a6901356aed1ef3b69e9218818,8c10e8dabb252578e55d8ceadb12f9b772d83f07a663edb06566b4924cf6d961,10000,full_original_order,43,8c10e8dabb252578e55d8ceadb12f9b772d83f07a663edb06566b4924cf6d961,10000,deterministic_evaluation,iid,428a92403debe440,none,43,06a68f1875a10b9c841d29cc11916dc262b56f57613a6feea5e761dd3702c5e5,0.7624630331993103,9f0b88d81119b57a6ae57eeb22a3257787c562e62cc7a83b1f6566c657fe7250,0.888,0.3618016066551208,0.9057,1.7872309007607847,0.947973109436022,1.0,8.0,"{""K"": 10, ""batch_size"": 256, ""epochs"": 30, ""lr"": 0.001, ""optimizer"": ""AdamW"", ""weight_decay"": 0.0001}",1200,0.0001,selected_uniform,/home/roi/PycharmProjects/KD_v5/OUTPUTS/article1_v3/results_presence.csv,32,,,,,825876b0d474d45d9bc98df9d6cc7479d12957ac856cbd1f3b3b7efd3c8e55a7,e7a1b032b816e6138b63887b46897c181d85c41a1971bfe69c13516f6bd5b9a9,c11a04bdd0b6537a2913a1b9c919edea738efece00e25515b6a76feba5e039ad,private_train_class_presence,,True
b48417d377fe4001e6c5f13a9a0d90d3e8e6c46e38685b2cd91e4777c3d3b8c3,mean_probabilities,9dc3b75d34f50fd7e8121684c2e8b96473759a62ffdf4da9a899b6be2324c4f6,256,7ff045e85bdcdcb19da695baf49045e3320a14d4,73def971a2a1c29fdabc16124b77beb9011e4be4eb24fbaacd07c4bab9143525,ce9759db14e15b98f4aaac7a43748cb8b6118bcf1e63a1c4e898b519fb3a46f9,fmnist,9.9,30,30,300000,0.0,0.0,1ce75c76b698744680547466d38957d018649c21,0.001,9.9,presence_prob,AdamW,,article1-v3,eecbcffdb3e52099e26ebd2485d479a2553a52a6901356aed1ef3b69e9218818,8c10e8dabb252578e55d8ceadb12f9b772d83f07a663edb06566b4924cf6d961,10000,full_original_order,43,8c10e8dabb252578e55d8ceadb12f9b772d83f07a663edb06566b4924cf6d961,10000,deterministic_evaluation,alpha1p0,9788965e02450ff0,none,43,2b9f21c6cf4be279e90439c16829049660e6779c2f64eeaaa3d74bb5a0864453,0.7958064079284668,9f0b88d81119b57a6ae57eeb22a3257787c562e62cc7a83b1f6566c657fe7250,0.881,0.3453651532649994,0.9098,1.9632990214271115,1.1234538117064654,1.0,8.0,"{""K"": 10, ""batch_size"": 256, ""epochs"": 30, ""lr"": 0.001, ""optimizer"": ""AdamW"", ""weight_decay"": 0.0001}",1200,0.0001,selected_uniform,/home/roi/PycharmProjects/KD_v5/OUTPUTS/article1_v3/results_presence.csv,33,,,,,cca1df8b70663f0f4e33e98b1ddae9913b8913e88f4d6a8609494e7039c28b6c,cb170d7283ff109cfc9ce10433492986e72d2f034a17c255547db1a0e2766944,86d4de30249fe1c3567477819a3f0b4803213819d8978be7f9c8557bcb75d1ef,private_train_class_presence,,True
731473ae5a6e3b4ebe07a687a209f77c2b84ea9136bc87732533914a6ae66d7e,mean_probabilities,9dc3b75d34f50fd7e8121684c2e8b96473759a62ffdf4da9a899b6be2324c4f6,256,7ff045e85bdcdcb19da695baf49045e3320a14d4,2a057311d99ac3f194298094a9bbf40cf6097b66fad43ca4fd46d89a36b9d586,ce9759db14e15b98f4aaac7a43748cb8b6118bcf1e63a1c4e898b519fb3a46f9,fmnist,9.8,30,30,300000,0.0,0.0,1ce75c76b698744680547466d38957d018649c21,0.001,9.8,presence_prob,AdamW,,article1-v3,eecbcffdb3e52099e26ebd2485d479a2553a52a6901356aed1ef3b69e9218818,8c10e8dabb252578e55d8ceadb12f9b772d83f07a663edb06566b4924cf6d961,10000,full_original_order,43,8c10e8dabb252578e55d8ceadb12f9b772d83f07a663edb06566b4924cf6d961,10000,deterministic_evaluation,alpha0p5,cbc6f4dd29e857bc,none,43,543e29838b00c8ba130b40ce484bb49d3724f852192506c2908e14a87175f6f5,0.5635201930999756,9f0b88d81119b57a6ae57eeb22a3257787c562e62cc7a83b1f6566c657fe7250,0.8703,0.3561171987056732,0.8914,2.052208264103609,1.255937719335192,1.0,8.0,"{""K"": 10, ""batch_size"": 256, ""epochs"": 30, ""lr"": 0.001, ""optimizer"": ""AdamW"", ""weight_decay"": 0.0001}",1200,0.0001,selected_uniform,/home/roi/PycharmProjects/KD_v5/OUTPUTS/article1_v3/results_presence.csv,34,,,,,75deb844b9a7e241e896c1c951fb1cd435d473dead215f5c9fa74bee72170ce0,e8edd8c3ceb159f50e58dd33f1eb01414c2298a37a193c21d0dc85dec08d50e4,21fec94ea46544442236ba4464a8fb457e6bc41e837f153c016cf8c7d85335f4,private_train_class_presence,,True
774557fb610789455a9b9bd9fd26822901c83c9422bbaed0494694541794f041,mean_probabilities,9dc3b75d34f50fd7e8121684c2e8b96473759a62ffdf4da9a899b6be2324c4f6,256,7ff045e85bdcdcb19da695baf49045e3320a14d4,4789b5133591bc0eb275a2285796cc8a66586e764bdeca50de645b6db0db73d6,ce9759db14e15b98f4aaac7a43748cb8b6118bcf1e63a1c4e898b519fb3a46f9,fmnist,5.5,30,30,300000,0.0,0.0,1ce75c76b698744680547466d38957d018649c21,0.001,5.5,presence_prob,AdamW,,article1-v3,eecbcffdb3e52099e26ebd2485d479a2553a52a6901356aed1ef3b69e9218818,8c10e8dabb252578e55d8ceadb12f9b772d83f07a663edb06566b4924cf6d961,10000,full_original_order,43,8c10e8dabb252578e55d8ceadb12f9b772d83f07a663edb06566b4924cf6d961,10000,deterministic_evaluation,alpha0p1,23558ce568f1c4e4,none,43,a87d88ccb677c606725a79155ad87cb2fb919009f865cee1baa55b0f460a08bf,1.0425024032592771,9f0b88d81119b57a6ae57eeb22a3257787c562e62cc7a83b1f6566c657fe7250,0.8844,0.3900279455423355,0.9851,1.9693786767754773,1.0363035576898207,1.0,8.0,"{""K"": 10, ""batch_size"": 256, ""epochs"": 30, ""lr"": 0.001, ""optimizer"": ""AdamW"", ""weight_decay"": 0.0001}",1200,0.0001,selected_uniform,/home/roi/PycharmProjects/KD_v5/OUTPUTS/article1_v3/results_presence.csv,35,,,,,71a8c9248302350eb7ac28adb94bc15c293486b4e8058a10079bdb72962804b5,289bda4a24327491dc6bc1d8b40c1d64e84b54ed4bdb8b5e73dd37036a99c763,7944589a952ffadf506f778cc40c1d4113e4f5078ec89450dbc0d65fed5564c7,private_train_class_presence,,True
ce4b9886dc3da23c4ec80937dca96608fe5f8454c6299680143dd031516e5403,mean_probabilities,9dc3b75d34f50fd7e8121684c2e8b96473759a62ffdf4da9a899b6be2324c4f6,256,7ff045e85bdcdcb19da695baf49045e3320a14d4,d7e372943c8cefd690b4c3f86847f56783ad27f230c06c93b659f4ced9a20803,ce9759db14e15b98f4aaac7a43748cb8b6118bcf1e63a1c4e898b519fb3a46f9,fmnist,2.0,30,30,300000,0.0,0.0,1ce75c76b698744680547466d38957d018649c21,0.001,2.0,presence_prob,AdamW,,article1-v3,eecbcffdb3e52099e26ebd2485d479a2553a52a6901356aed1ef3b69e9218818,8c10e8dabb252578e55d8ceadb12f9b772d83f07a663edb06566b4924cf6d961,10000,full_original_order,43,8c10e8dabb252578e55d8ceadb12f9b772d83f07a663edb06566b4924cf6d961,10000,deterministic_evaluation,multi,6f37b1c1500f8395,none,43,473a9505837360c9322bca528222f3a056f03ade1bc3bc04316ddf762a672775,2.4666786193847656,9f0b88d81119b57a6ae57eeb22a3257787c562e62cc7a83b1f6566c657fe7250,0.8963,1.7926450607299804,0.9952,0.3903763836934794,0.1348430670673133,1.0,8.0,"{""K"": 10, ""batch_size"": 256, ""epochs"": 30, ""lr"": 0.001, ""optimizer"": ""AdamW"", ""weight_decay"": 0.0001}",1200,0.0001,selected_uniform,/home/roi/PycharmProjects/KD_v5/OUTPUTS/article1_v3/results_presence.csv,36,,,,,ce4b9886dc3da23c4ec80937dca96608fe5f8454c6299680143dd031516e5403,039e191176d8d08d0415c7eee0d87360f495ff18dde7b7c6143790d0864aba6e,73fefa1cc56537cd7ef45eda333429502b61f4f32f64bba193896447b2752e77,private_train_class_presence,,True
e6f1e0016bd69e5208d7779bafd908447f0ffbf5bd505201465dc3d9494ee864,mean_probabilities,9dc3b75d34f50fd7e8121684c2e8b96473759a62ffdf4da9a899b6be2324c4f6,256,7ff045e85bdcdcb19da695baf49045e3320a14d4,52f3cfdd6fc3f7cde0f491f8d9a2856977cdf26a4c756ae607619d987aa00d6c,ce9759db14e15b98f4aaac7a43748cb8b6118bcf1e63a1c4e898b519fb3a46f9,fmnist,1.0,30,30,300000,0.0,0.0,1ce75c76b698744680547466d38957d018649c21,0.001,1.0,presence_prob,AdamW,,article1-v3,eecbcffdb3e52099e26ebd2485d479a2553a52a6901356aed1ef3b69e9218818,8c10e8dabb252578e55d8ceadb12f9b772d83f07a663edb06566b4924cf6d961,10000,full_original_order,43,8c10e8dabb252578e55d8ceadb12f9b772d83f07a663edb06566b4924cf6d961,10000,deterministic_evaluation,single,40aa5475d2d98a37,none,43,21874da5ab769d76364f6a7acab209d4b7a6ab3d459a8adb46cf4ba3202dec82,1.2384073734283447,9f0b88d81119b57a6ae57eeb22a3257787c562e62cc7a83b1f6566c657fe7250,0.899,3.1933379768371584,1.0,3.786881728638407e-05,2.784811898827674e-06,1.0,8.0,"{""K"": 10, ""batch_size"": 256, ""epochs"": 30, ""lr"": 0.001, ""optimizer"": ""AdamW"", ""weight_decay"": 0.0001}",1200,0.0001,selected_uniform,/home/roi/PycharmProjects/KD_v5/OUTPUTS/article1_v3/results_presence.csv,37,,,,,e6f1e0016bd69e5208d7779bafd908447f0ffbf5bd505201465dc3d9494ee864,25a58390cc4931ece260bc946ff85f0486c9bd11cf12c9a52f455db0ec1e5725,f730f5dcc5a7b3beb63d649af82761990dd4eff38ad65c2325094550ed1eaf42,private_train_class_presence,,True
80f93e8c7d0e1e083e6aab0b073011d858d092951eb4bb2d595cd43173e04704,mean_probabilities,1f3034cbd83dc007bebbb86cb19474d4ce302552e2dd4f9a5af623e717861d58,256,7ff045e85bdcdcb19da695baf49045e3320a14d4,e7169a2b15de5fbd761d720bd03abf6b7e5caa82f9359dd3848268d4aebf693c,849f1b74cefdcc2362df172533df7980cabfd485ce2302f165ed502a7d40f4b8,fmnist,9.999999999999998,30,30,300000,0.0,0.0,1ce75c76b698744680547466d38957d018649c21,0.001,10.0,presence_prob,AdamW,,article1-v3,a25cfd1d4a95d4f7a5edf37eefaaa8cfce5b3a5a5bd3b7fc84fc495052c80a57,56169d4fdedbe0732b5f4cc31ed6d66f01e7e1069f3e908130357af6f5652296,10000,full_original_order,44,56169d4fdedbe0732b5f4cc31ed6d66f01e7e1069f3e908130357af6f5652296,10000,deterministic_evaluation,iid,abe009687c8920f8,none,44,9945401d0c3f2094531eaf0abb911318a6645495c3a26482cb8582ddb79e20be,0.4816579520702362,6838075722e64f2bbfba2fd720c2d2975cc93fc1fa1b02f4a7d78d497d5477e4,0.8852,0.3307384666800499,0.8992,1.8869574781419425,1.045781610244268,1.0,8.0,"{""K"": 10, ""batch_size"": 256, ""epochs"": 30, ""lr"": 0.001, ""optimizer"": ""AdamW"", ""weight_decay"": 0.0001}",1200,0.0001,selected_uniform,/home/roi/PycharmProjects/KD_v5/OUTPUTS/article1_v3/results_presence.csv,38,,,,,9ddda7b4e88c4257d9e04a7ec98f634bb22469cbe3da21d3243126fbec3889cc,6b3ae96d34c9626a14e125788e88c7e46c1683ef12872794b32b0b1faffcc5ed,c11a04bdd0b6537a2913a1b9c919edea738efece00e25515b6a76feba5e039ad,private_train_class_presence,,True
80f93e8c7d0e1e083e6aab0b073011d858d092951eb4bb2d595cd43173e04704,mean_probabilities,1f3034cbd83dc007bebbb86cb19474d4ce302552e2dd4f9a5af623e717861d58,256,7ff045e85bdcdcb19da695baf49045e3320a14d4,a7e04e10a278a041fa68c771fa9c98d8916cb2f3831289eff95fd5e2a9ca6230,849f1b74cefdcc2362df172533df7980cabfd485ce2302f165ed502a7d40f4b8,fmnist,9.999999999999998,30,30,300000,0.0,0.0,1ce75c76b698744680547466d38957d018649c21,0.001,10.0,presence_prob,AdamW,,article1-v3,a25cfd1d4a95d4f7a5edf37eefaaa8cfce5b3a5a5bd3b7fc84fc495052c80a57,56169d4fdedbe0732b5f4cc31ed6d66f01e7e1069f3e908130357af6f5652296,10000,full_original_order,44,56169d4fdedbe0732b5f4cc31ed6d66f01e7e1069f3e908130357af6f5652296,10000,deterministic_evaluation,alpha1p0,eae4166c7df68b00,none,44,cc082d3397ac6b175b33b4ca9f7361dfcc7d8c68c633fb70da296cea6cc799c4,0.3966183960437774,6838075722e64f2bbfba2fd720c2d2975cc93fc1fa1b02f4a7d78d497d5477e4,0.88,0.3470136012077331,0.8907,1.9172713476462653,1.0864310361209206,1.0,8.0,"{""K"": 10, ""batch_size"": 256, ""epochs"": 30, ""lr"": 0.001, ""optimizer"": ""AdamW"", ""weight_decay"": 0.0001}",1200,0.0001,selected_uniform,/home/roi/PycharmProjects/KD_v5/OUTPUTS/article1_v3/results_presence.csv,39,,,,,5ac7a53b6128e21ea0477cb372e4a56daf4f6f82226f3a6fe28ad079114814da,ce3e7a2c2bb09c46343a88e8daeb45bc03461d441593e2d2e621dd71762552b4,560d734873ab1a4831d08d6a6ef2abd7b9aa144bd70c2fcefac921d810b144e7,private_train_class_presence,,True
02615b92cee30dbbcd7ab55f3239e303c91e6b82e446f99bddb33e578b0ef9e1,mean_probabilities,1f3034cbd83dc007bebbb86cb19474d4ce302552e2dd4f9a5af623e717861d58,256,7ff045e85bdcdcb19da695baf49045e3320a14d4,b81389a3da5ca7673413ccd30ccd9b50d31d325183da5e7643bbdac06426d0f3,849f1b74cefdcc2362df172533df7980cabfd485ce2302f165ed502a7d40f4b8,fmnist,9.8,30,30,300000,0.0,0.0,1ce75c76b698744680547466d38957d018649c21,0.001,9.8,presence_prob,AdamW,,article1-v3,a25cfd1d4a95d4f7a5edf37eefaaa8cfce5b3a5a5bd3b7fc84fc495052c80a57,56169d4fdedbe0732b5f4cc31ed6d66f01e7e1069f3e908130357af6f5652296,10000,full_original_order,44,56169d4fdedbe0732b5f4cc31ed6d66f01e7e1069f3e908130357af6f5652296,10000,deterministic_evaluation,alpha0p5,a0f194882a8d40bb,none,44,a63ab891c52b0441bfb5be1d0f1271b5050df66ba3dfb0fc7f65cd9c8b64a42b,0.3502872288227081,6838075722e64f2bbfba2fd720c2d2975cc93fc1fa1b02f4a7d78d497d5477e4,0.8594,0.4091567901134491,0.872,1.9955433402678675,1.1822996722508972,1.0,8.0,"{""K"": 10, ""batch_size"": 256, ""epochs"": 30, ""lr"": 0.001, ""optimizer"": ""AdamW"", ""weight_decay"": 0.0001}",1200,0.0001,selected_uniform,/home/roi/PycharmProjects/KD_v5/OUTPUTS/article1_v3/results_presence.csv,40,,,,,857a25bd92266db7695da7c8c651f01e785d89bd91b00dc100646971a665bb00,e7bf064c18b3dbdf234473e25602f7a5ecb3cf60f8ef4282270d54a491299157,ad276d264fce2b7c58d8676875cc579f4ebbde7f398413ceda86c64be5831395,private_train_class_presence,,True
77efdfa8eb2fb7e0e2c889421bb99b988f0d16a366a6f04f3b2cab7d78b1a32e,mean_probabilities,1f3034cbd83dc007bebbb86cb19474d4ce302552e2dd4f9a5af623e717861d58,256,7ff045e85bdcdcb19da695baf49045e3320a14d4,774771f37d7ff253d090474398a8c62c845efec21dbd006f76cde7cfc97957b2,849f1b74cefdcc2362df172533df7980cabfd485ce2302f165ed502a7d40f4b8,fmnist,6.2,30,30,300000,0.0,0.0,1ce75c76b698744680547466d38957d018649c21,0.001,6.2,presence_prob,AdamW,,article1-v3,a25cfd1d4a95d4f7a5edf37eefaaa8cfce5b3a5a5bd3b7fc84fc495052c80a57,56169d4fdedbe0732b5f4cc31ed6d66f01e7e1069f3e908130357af6f5652296,10000,full_original_order,44,56169d4fdedbe0732b5f4cc31ed6d66f01e7e1069f3e908130357af6f5652296,10000,deterministic_evaluation,alpha0p1,0889e00473932e47,none,44,ac43013c26690acf4dfb93223e662a1ca318739a83c4d333b2dc7e27ff312b77,0.4593723118305206,6838075722e64f2bbfba2fd720c2d2975cc93fc1fa1b02f4a7d78d497d5477e4,0.8916,0.3621710897922516,0.9798,1.9946827620809,1.077757017162738,1.0,8.0,"{""K"": 10, ""batch_size"": 256, ""epochs"": 30, ""lr"": 0.001, ""optimizer"": ""AdamW"", ""weight_decay"": 0.0001}",1200,0.0001,selected_uniform,/home/roi/PycharmProjects/KD_v5/OUTPUTS/article1_v3/results_presence.csv,41,,,,,6a9aa8491e74ec75c7cf558640a5e2c0e3da77c11b35ae0cb96809f7192314f6,87bd13094ef523689d53ae3ce833b5c655fc4876a042d34088a43ea398202497,f593a5360b4db43f9d133185dc03d1df5ca42d9cc65a68ef40bf5b8e83b409ea,private_train_class_presence,,True
ce4b9886dc3da23c4ec80937dca96608fe5f8454c6299680143dd031516e5403,mean_probabilities,1f3034cbd83dc007bebbb86cb19474d4ce302552e2dd4f9a5af623e717861d58,256,7ff045e85bdcdcb19da695baf49045e3320a14d4,d4833ed743c2fd17384c1be96b47d29968f87f23895aed4c099af547b4f59361,849f1b74cefdcc2362df172533df7980cabfd485ce2302f165ed502a7d40f4b8,fmnist,2.0,30,30,300000,0.0,0.0,1ce75c76b698744680547466d38957d018649c21,0.001,2.0,presence_prob,AdamW,,article1-v3,a25cfd1d4a95d4f7a5edf37eefaaa8cfce5b3a5a5bd3b7fc84fc495052c80a57,56169d4fdedbe0732b5f4cc31ed6d66f01e7e1069f3e908130357af6f5652296,10000,full_original_order,44,56169d4fdedbe0732b5f4cc31ed6d66f01e7e1069f3e908130357af6f5652296,10000,deterministic_evaluation,multi,a1435b7bc88a4962,none,44,04d1414b42394bd6bb7aa0c83731447914535791e2643aa987d8a46f11964faa,1.481835126876831,6838075722e64f2bbfba2fd720c2d2975cc93fc1fa1b02f4a7d78d497d5477e4,0.9028,1.6088323692321778,0.9939,0.4291062887388214,0.1518579201260208,1.0,8.0,"{""K"": 10, ""batch_size"": 256, ""epochs"": 30, ""lr"": 0.001, ""optimizer"": ""AdamW"", ""weight_decay"": 0.0001}",1200,0.0001,selected_uniform,/home/roi/PycharmProjects/KD_v5/OUTPUTS/article1_v3/results_presence.csv,42,,,,,ce4b9886dc3da23c4ec80937dca96608fe5f8454c6299680143dd031516e5403,b32992def27c68bd3a60c5f712c5251fe53be93ca82dc14b193af111dd6bbef1,73fefa1cc56537cd7ef45eda333429502b61f4f32f64bba193896447b2752e77,private_train_class_presence,,True
e6f1e0016bd69e5208d7779bafd908447f0ffbf5bd505201465dc3d9494ee864,mean_probabilities,1f3034cbd83dc007bebbb86cb19474d4ce302552e2dd4f9a5af623e717861d58,256,7ff045e85bdcdcb19da695baf49045e3320a14d4,a0d714f7bc71ad4493f0e5464bb6a5f65205d7082adf9c71bfb90ec754807d5e,849f1b74cefdcc2362df172533df7980cabfd485ce2302f165ed502a7d40f4b8,fmnist,1.0,30,30,300000,0.0,0.0,1ce75c76b698744680547466d38957d018649c21,0.001,1.0,presence_prob,AdamW,,article1-v3,a25cfd1d4a95d4f7a5edf37eefaaa8cfce5b3a5a5bd3b7fc84fc495052c80a57,56169d4fdedbe0732b5f4cc31ed6d66f01e7e1069f3e908130357af6f5652296,10000,full_original_order,44,56169d4fdedbe0732b5f4cc31ed6d66f01e7e1069f3e908130357af6f5652296,10000,deterministic_evaluation,single,465f8e36644c257d,none,44,fc0b5aeb74b9629e3dd1611a306b7d3dd12501eb9954b82c082c18ae3cdf5ee3,0.1593122780323028,6838075722e64f2bbfba2fd720c2d2975cc93fc1fa1b02f4a7d78d497d5477e4,0.9057,2.6762206501960755,1.0,4.910081560201257e-05,3.872599766735031e-06,1.0,8.0,"{""K"": 10, ""batch_size"": 256, ""epochs"": 30, ""lr"": 0.001, ""optimizer"": ""AdamW"", ""weight_decay"": 0.0001}",1200,0.0001,selected_uniform,/home/roi/PycharmProjects/KD_v5/OUTPUTS/article1_v3/results_presence.csv,43,,,,,e6f1e0016bd69e5208d7779bafd908447f0ffbf5bd505201465dc3d9494ee864,b6d87cbd98e9d519c6289a3958ec919adfbf56aa940c742ed2837eb3d68860fd,f730f5dcc5a7b3beb63d649af82761990dd4eff38ad65c2325094550ed1eaf42,private_train_class_presence,,True
80f93e8c7d0e1e083e6aab0b073011d858d092951eb4bb2d595cd43173e04704,mean_probabilities,9dc3b75d34f50fd7e8121684c2e8b96473759a62ffdf4da9a899b6be2324c4f6,256,7ff045e85bdcdcb19da695baf49045e3320a14d4,313d08a4063e2e70f69684825648a6997881288513eb04c35886ca8ab551e5ca,c704b120a3cb73aa8c8df617232d6058a17a3bc42b1535cd8876b14fac92544e,cifar,9.999999999999998,30,30,300000,0.0,0.0,1ce75c76b698744680547466d38957d018649c21,0.001,10.0,presence_prob,AdamW,,article1-v3,70730ee6b1ff4436096773eaa579a3febb5bee8fe240bc9c1038b82de74afdcb,bed4be8cbbddf6b7e019ee5f865d0201821d40925ca2b78a28d00ef0bde4d7bb,10000,full_original_order,43,bed4be8cbbddf6b7e019ee5f865d0201821d40925ca2b78a28d00ef0bde4d7bb,10000,deterministic_evaluation,iid,1ebd8f4d0fe501e7,none,43,28bce5b7f6d72c937413f5a47e74a19b7b2c6ea4ed77da024bc7898a8a3e4959,0.1824236810207367,335be889b9913daeb5005a38607982797a1f0f6633ae7459498f792989576a97,0.7615,0.6973574625968934,0.7827,2.1760931220498123,1.5913698524649196,1.0,8.0,"{""K"": 10, ""batch_size"": 256, ""epochs"": 30, ""lr"": 0.001, ""optimizer"": ""AdamW"", ""weight_decay"": 0.0001}",1200,0.0001,selected_uniform,/home/roi/PycharmProjects/KD_v5/OUTPUTS/article1_v3/results_presence.csv,44,,,,,11f91107f69eaf1c882605cd16eb48579ee7dfc8e92323ee1b304604abe55df7,ed9d9e64824307ffdc4c9af83af8bedad03f01d86f88c597bcb1640a48ad2a26,e6dc9e34d95e0c94c1687de684adc8c5a110427652f101c986942070d8df2932,private_train_class_presence,,True
80f93e8c7d0e1e083e6aab0b073011d858d092951eb4bb2d595cd43173e04704,mean_probabilities,9dc3b75d34f50fd7e8121684c2e8b96473759a62ffdf4da9a899b6be2324c4f6,256,7ff045e85bdcdcb19da695baf49045e3320a14d4,57cedbe6832891658c68c31967c118a76c45427dea92dce5983ff9569de4839a,c704b120a3cb73aa8c8df617232d6058a17a3bc42b1535cd8876b14fac92544e,cifar,9.999999999999998,30,30,300000,0.0,0.0,1ce75c76b698744680547466d38957d018649c21,0.001,10.0,presence_prob,AdamW,,article1-v3,70730ee6b1ff4436096773eaa579a3febb5bee8fe240bc9c1038b82de74afdcb,bed4be8cbbddf6b7e019ee5f865d0201821d40925ca2b78a28d00ef0bde4d7bb,10000,full_original_order,43,bed4be8cbbddf6b7e019ee5f865d0201821d40925ca2b78a28d00ef0bde4d7bb,10000,deterministic_evaluation,alpha1p0,d8138bb4abcf6266,none,43,d237a4a806d02c06e132c333728bbca26021e14d1416fdb714f90d08e41ff05e,0.1504265666007995,335be889b9913daeb5005a38607982797a1f0f6633ae7459498f792989576a97,0.7312,0.7610089792251586,0.7539,2.216283150209995,1.721840387010635,1.0,8.0,"{""K"": 10, ""batch_size"": 256, ""epochs"": 30, ""lr"": 0.001, ""optimizer"": ""AdamW"", ""weight_decay"": 0.0001}",1200,0.0001,selected_uniform,/home/roi/PycharmProjects/KD_v5/OUTPUTS/article1_v3/results_presence.csv,45,,,,,6b72a8fb46f07739cf1f388e9162c046d4bf2a53517978e48460aa746fbd56f0,0b41096973c9660392f5ed0242b14baec6cdd189dc678445d90a5b966f61539a,74ca9932ab01940eb1409a024cc659c5ba031316621517edaad4ae1c5757e38e,private_train_class_presence,,True
058e7e1787e9c59f2173468d69334a7607eb7f49311c410a7a42cca1bb93676f,mean_probabilities,9dc3b75d34f50fd7e8121684c2e8b96473759a62ffdf4da9a899b6be2324c4f6,256,7ff045e85bdcdcb19da695baf49045e3320a14d4,3c758e02bde055cf00d2396e9bb9a8600ce98dae355c6c1362d2eae1150220f2,c704b120a3cb73aa8c8df617232d6058a17a3bc42b1535cd8876b14fac92544e,cifar,9.8,30,30,300000,0.0,0.0,1ce75c76b698744680547466d38957d018649c21,0.001,9.8,presence_prob,AdamW,,article1-v3,70730ee6b1ff4436096773eaa579a3febb5bee8fe240bc9c1038b82de74afdcb,bed4be8cbbddf6b7e019ee5f865d0201821d40925ca2b78a28d00ef0bde4d7bb,10000,full_original_order,43,bed4be8cbbddf6b7e019ee5f865d0201821d40925ca2b78a28d00ef0bde4d7bb,10000,deterministic_evaluation,alpha0p5,d4038d5bcc2c6bc7,none,43,ff27a3e1a85935a987e739d5609eb5eda07e1e16ac64f5f4338c00c414103a71,0.1408515572547912,335be889b9913daeb5005a38607982797a1f0f6633ae7459498f792989576a97,0.7102,0.834981845664978,0.7632,2.230982436885406,1.7645115157222848,1.0,8.0,"{""K"": 10, ""batch_size"": 256, ""epochs"": 30, ""lr"": 0.001, ""optimizer"": ""AdamW"", ""weight_decay"": 0.0001}",1200,0.0001,selected_uniform,/home/roi/PycharmProjects/KD_v5/OUTPUTS/article1_v3/results_presence.csv,46,,,,,f74c4e886f1bb9d5e5a81465e5ef7f9055ac94c042b4a7036b184efd4e860f9d,0f89d5099cd37d9a4d1ef866dbcc36fa2128a590177673febc0bb3e465d754bd,1491fa75a243cc414cedb62c878cd145cfeb35e9a5dfe769e6cec85bbda2ea4f,private_train_class_presence,,True
8f757ae6946b44a458fbc41fa0e5a5fb684973a667fba36b976e3fcaba243b05,mean_probabilities,9dc3b75d34f50fd7e8121684c2e8b96473759a62ffdf4da9a899b6be2324c4f6,256,7ff045e85bdcdcb19da695baf49045e3320a14d4,cc524a8ddd5e02a659e62aedf04a4b8066364d34da98c377c658ce77c4fab266,c704b120a3cb73aa8c8df617232d6058a17a3bc42b1535cd8876b14fac92544e,cifar,5.9,30,30,300000,0.0,0.0,1ce75c76b698744680547466d38957d018649c21,0.001,5.9,presence_prob,AdamW,,article1-v3,70730ee6b1ff4436096773eaa579a3febb5bee8fe240bc9c1038b82de74afdcb,bed4be8cbbddf6b7e019ee5f865d0201821d40925ca2b78a28d00ef0bde4d7bb,10000,full_original_order,43,bed4be8cbbddf6b7e019ee5f865d0201821d40925ca2b78a28d00ef0bde4d7bb,10000,deterministic_evaluation,alpha0p1,f8d9267044e45c3b,none,43,47202b111b87ba7a7a6f7f18f174ea41febb91f98027c0df3a12731791388034,0.1729755401611328,335be889b9913daeb5005a38607982797a1f0f6633ae7459498f792989576a97,0.746,0.8340063423156738,0.934,2.1781818163284936,1.4962579946210932,1.0,8.0,"{""K"": 10, ""batch_size"": 256, ""epochs"": 30, ""lr"": 0.001, ""optimizer"": ""AdamW"", ""weight_decay"": 0.0001}",1200,0.0001,selected_uniform,/home/roi/PycharmProjects/KD_v5/OUTPUTS/article1_v3/results_presence.csv,47,,,,,ad0320c63be8b9c50a5e28d376bbbd9e9c5f13fb47ba0982501f08b414baf9c6,cb8bf567bf2a52501286d92dc5837e1948974ff266cd3ab3d14fbeaf12b0ea83,01ae5a2c56e63620033bea9acee59eb3aa13fc6c40af783d4394f4dfa0a5b07d,private_train_class_presence,,True
ce4b9886dc3da23c4ec80937dca96608fe5f8454c6299680143dd031516e5403,mean_probabilities,9dc3b75d34f50fd7e8121684c2e8b96473759a62ffdf4da9a899b6be2324c4f6,256,7ff045e85bdcdcb19da695baf49045e3320a14d4,670b210c0ef259ea1ea9a6b1b3fdea4af4bc44de1948cf723cedd6dbb171ed70,c704b120a3cb73aa8c8df617232d6058a17a3bc42b1535cd8876b14fac92544e,cifar,2.0,30,30,300000,0.0,0.0,1ce75c76b698744680547466d38957d018649c21,0.001,2.0,presence_prob,AdamW,,article1-v3,70730ee6b1ff4436096773eaa579a3febb5bee8fe240bc9c1038b82de74afdcb,bed4be8cbbddf6b7e019ee5f865d0201821d40925ca2b78a28d00ef0bde4d7bb,10000,full_original_order,43,bed4be8cbbddf6b7e019ee5f865d0201821d40925ca2b78a28d00ef0bde4d7bb,10000,deterministic_evaluation,multi,d8b07f6afc8b2393,none,43,459c07514a64d8d22d0260b563b567868e21e199b5d4757d26f833ea847940de,0.8667783737182617,335be889b9913daeb5005a38607982797a1f0f6633ae7459498f792989576a97,0.7377,1.588653736114502,0.9265,1.629249439199916,0.8099299222557768,1.0,8.0,"{""K"": 10, ""batch_size"": 256, ""epochs"": 30, ""lr"": 0.001, ""optimizer"": ""AdamW"", ""weight_decay"": 0.0001}",1200,0.0001,selected_uniform,/home/roi/PycharmProjects/KD_v5/OUTPUTS/article1_v3/results_presence.csv,48,,,,,ce4b9886dc3da23c4ec80937dca96608fe5f8454c6299680143dd031516e5403,f236c9155b3abfc41e1bcefd74fd0b3660f32f254e3f5964f8df67d5aa67e94c,5261ae72437f93869038d1aa098385c330499aac1bd657c971999df764a19e24,private_train_class_presence,,True
e6f1e0016bd69e5208d7779bafd908447f0ffbf5bd505201465dc3d9494ee864,mean_probabilities,9dc3b75d34f50fd7e8121684c2e8b96473759a62ffdf4da9a899b6be2324c4f6,256,7ff045e85bdcdcb19da695baf49045e3320a14d4,b0e774132de58204419c2668a7ac2df2bbceb888e21808d3fb6686e76d27e693,c704b120a3cb73aa8c8df617232d6058a17a3bc42b1535cd8876b14fac92544e,cifar,1.0,30,30,300000,0.0,0.0,1ce75c76b698744680547466d38957d018649c21,0.001,1.0,presence_prob,AdamW,,article1-v3,70730ee6b1ff4436096773eaa579a3febb5bee8fe240bc9c1038b82de74afdcb,bed4be8cbbddf6b7e019ee5f865d0201821d40925ca2b78a28d00ef0bde4d7bb,10000,full_original_order,43,bed4be8cbbddf6b7e019ee5f865d0201821d40925ca2b78a28d00ef0bde4d7bb,10000,deterministic_evaluation,single,d2303a6b1e21fff6,none,43,b9af903baab970d629f967a313d8b68ad7e53cbe089248dddcbd688a81a3153e,0.8087859153747559,335be889b9913daeb5005a38607982797a1f0f6633ae7459498f792989576a97,0.8018,1.558212961578369,1.0,1.1515907386505606,0.3181445951576681,1.0,8.0,"{""K"": 10, ""batch_size"": 256, ""epochs"": 30, ""lr"": 0.001, ""optimizer"": ""AdamW"", ""weight_decay"": 0.0001}",1200,0.0001,selected_uniform,/home/roi/PycharmProjects/KD_v5/OUTPUTS/article1_v3/results_presence.csv,49,,,,,e6f1e0016bd69e5208d7779bafd908447f0ffbf5bd505201465dc3d9494ee864,33a0ada5c18d8a80af463e667b3a4fdc8c12e85fa7690f6e5725763783966d23,f71ec108daaa78a2392e302b202106bc3a7727f3bebdfdd0e25c020de4b9facf,private_train_class_presence,,True
80f93e8c7d0e1e083e6aab0b073011d858d092951eb4bb2d595cd43173e04704,mean_probabilities,1f3034cbd83dc007bebbb86cb19474d4ce302552e2dd4f9a5af623e717861d58,256,7ff045e85bdcdcb19da695baf49045e3320a14d4,2c264eb2b010463c5e733bb95ad9ab1809529bedec649fec20beca0919e18402,40722a1b2e1bd53024c6927f9304d3ab249668be780c1d3b721c7dbf5780613a,cifar,9.999999999999998,30,30,300000,0.0,0.0,1ce75c76b698744680547466d38957d018649c21,0.001,10.0,presence_prob,AdamW,,article1-v3,bbbb2fd925f2d965ef63c9d3518f3862a6f0d89340e133b6232a70cc41007adf,bb299879f6f7c5c2039d6b8d2a92bcc4d9457d5113e2928c6257cbe8e8881cd5,10000,full_original_order,44,bb299879f6f7c5c2039d6b8d2a92bcc4d9457d5113e2928c6257cbe8e8881cd5,10000,deterministic_evaluation,iid,6ce4452f1aaab752,none,44,265522cd213bb764c875c7ba80d5a38840665c00ab81df9fe9d7edee392c7c25,0.170531690120697,46589cf6bfcd1fa9ee8bf3ef4d53bdd80a9fb701649506d084ffd4cf895930da,0.7471,0.7422387187004089,0.7951,2.1841124427676046,1.6115981178102532,1.0,8.0,"{""K"": 10, ""batch_size"": 256, ""epochs"": 30, ""lr"": 0.001, ""optimizer"": ""AdamW"", ""weight_decay"": 0.0001}",1200,0.0001,selected_uniform,/home/roi/PycharmProjects/KD_v5/OUTPUTS/article1_v3/results_presence.csv,50,,,,,059be922475ef12f58bc3781d108bf6a3d24d8a5cf138278e605d74b6f4cc0d1,38314758aeb2b3de24ebd338d77f4e75c67390a6a4ef4001a1987a4c162112cb,e6dc9e34d95e0c94c1687de684adc8c5a110427652f101c986942070d8df2932,private_train_class_presence,,True
80f93e8c7d0e1e083e6aab0b073011d858d092951eb4bb2d595cd43173e04704,mean_probabilities,1f3034cbd83dc007bebbb86cb19474d4ce302552e2dd4f9a5af623e717861d58,256,7ff045e85bdcdcb19da695baf49045e3320a14d4,ac64e8a1ac9986df772a8f5f2448b636c350acd0251d36a811a43314d6a2a134,40722a1b2e1bd53024c6927f9304d3ab249668be780c1d3b721c7dbf5780613a,cifar,9.999999999999998,30,30,300000,0.0,0.0,1ce75c76b698744680547466d38957d018649c21,0.001,10.0,presence_prob,AdamW,,article1-v3,bbbb2fd925f2d965ef63c9d3518f3862a6f0d89340e133b6232a70cc41007adf,bb299879f6f7c5c2039d6b8d2a92bcc4d9457d5113e2928c6257cbe8e8881cd5,10000,full_original_order,44,bb299879f6f7c5c2039d6b8d2a92bcc4d9457d5113e2928c6257cbe8e8881cd5,10000,deterministic_evaluation,alpha1p0,2e4606dd8c426730,none,44,e5ef329557680c4ec213c95d74448c3b1234ecae24fda7552bd4b6a4974ff165,0.1811184883117675,46589cf6bfcd1fa9ee8bf3ef4d53bdd80a9fb701649506d084ffd4cf895930da,0.7383,0.757378346824646,0.7787,2.2023163942818784,1.6707446908972052,1.0,8.0,"{""K"": 10, ""batch_size"": 256, ""epochs"": 30, ""lr"": 0.001, ""optimizer"": ""AdamW"", ""weight_decay"": 0.0001}",1200,0.0001,selected_uniform,/home/roi/PycharmProjects/KD_v5/OUTPUTS/article1_v3/results_presence.csv,51,,,,,1304f9f4dc5506cdebd6eaee7f035494c59acfde2aa752f3ed9e8a0e585d0f8e,196e3e219ebb0f6bf06097df009c90fe0e37c536758f78885aea26748c0f934d,28867b0062d3e691accdff9aeff39492b43b5f44c5d3beaad4653bb16e329df3,private_train_class_presence,,True
248fdd9ecc17faa56da45ccb685c9564d4d2aaa216f118eb035933208bf012b1,mean_probabilities,1f3034cbd83dc007bebbb86cb19474d4ce302552e2dd4f9a5af623e717861d58,256,7ff045e85bdcdcb19da695baf49045e3320a14d4,7f55bb4b9d019ca487a2b41eb1894bceaf615cbbadd0fea2a9c7816fcf7393b5,40722a1b2e1bd53024c6927f9304d3ab249668be780c1d3b721c7dbf5780613a,cifar,9.4,30,30,300000,0.0,0.0,1ce75c76b698744680547466d38957d018649c21,0.001,9.4,presence_prob,AdamW,,article1-v3,bbbb2fd925f2d965ef63c9d3518f3862a6f0d89340e133b6232a70cc41007adf,bb299879f6f7c5c2039d6b8d2a92bcc4d9457d5113e2928c6257cbe8e8881cd5,10000,full_original_order,44,bb299879f6f7c5c2039d6b8d2a92bcc4d9457d5113e2928c6257cbe8e8881cd5,10000,deterministic_evaluation,alpha0p5,a9472ad2cc94ab9b,none,44,87d77bd2145e1e7c2929d8e9699eae856d8365197480a50cbeceb37e9b454f9a,0.1309365034103393,46589cf6bfcd1fa9ee8bf3ef4d53bdd80a9fb701649506d084ffd4cf895930da,0.7063,0.8501802586555481,0.8152,2.2124666515675,1.6737846865062225,1.0,8.0,"{""K"": 10, ""batch_size"": 256, ""epochs"": 30, ""lr"": 0.001, ""optimizer"": ""AdamW"", ""weight_decay"": 0.0001}",1200,0.0001,selected_uniform,/home/roi/PycharmProjects/KD_v5/OUTPUTS/article1_v3/results_presence.csv,52,,,,,56af34dea0ba5c81cb73823e3b755b68c73e3e679efb7421d3f8eca00bbf26ef,e12783c2698e904ed97ecdf49c837f2f3f47f680d19582b45cb71fd9ead1b6a1,bd4783ea48e9515d88da03328366eca998c25e577e31fbcb27e61a4f07d0c564,private_train_class_presence,,True
db26b229f95818b4191d44110c2fc62030b4d80c957bfdc05092192cea8831c5,mean_probabilities,1f3034cbd83dc007bebbb86cb19474d4ce302552e2dd4f9a5af623e717861d58,256,7ff045e85bdcdcb19da695baf49045e3320a14d4,89288c8820f0afac2817cce5320a371303b0aabae735b81c82db7a423f39650a,40722a1b2e1bd53024c6927f9304d3ab249668be780c1d3b721c7dbf5780613a,cifar,5.6,30,30,300000,0.0,0.0,1ce75c76b698744680547466d38957d018649c21,0.001,5.6,presence_prob,AdamW,,article1-v3,bbbb2fd925f2d965ef63c9d3518f3862a6f0d89340e133b6232a70cc41007adf,bb299879f6f7c5c2039d6b8d2a92bcc4d9457d5113e2928c6257cbe8e8881cd5,10000,full_original_order,44,bb299879f6f7c5c2039d6b8d2a92bcc4d9457d5113e2928c6257cbe8e8881cd5,10000,deterministic_evaluation,alpha0p1,587791d718ff4a92,none,44,15e8c7172bb5bd42f4dbcf9e8b54af464382be9e5a8ba152bafe3c93be259f03,0.2667332887649536,46589cf6bfcd1fa9ee8bf3ef4d53bdd80a9fb701649506d084ffd4cf895930da,0.7376,0.9165127767562866,0.9554,2.1466928731763044,1.3956722451772692,1.0,8.0,"{""K"": 10, ""batch_size"": 256, ""epochs"": 30, ""lr"": 0.001, ""optimizer"": ""AdamW"", ""weight_decay"": 0.0001}",1200,0.0001,selected_uniform,/home/roi/PycharmProjects/KD_v5/OUTPUTS/article1_v3/results_presence.csv,53,,,,,cecf6fdcbdfae1fae44fbbe05658d49421ee7dab96cd38570c6de368e9311c01,59a58c5e579c8b20dc8c6af5b4b64fb3e6a306bee27a83881e39c31a453ee488,4001ca50276da56f0ab6dbc8a8210595f916429131f20dadc0f1167e276f8636,private_train_class_presence,,True
ce4b9886dc3da23c4ec80937dca96608fe5f8454c6299680143dd031516e5403,mean_probabilities,1f3034cbd83dc007bebbb86cb19474d4ce302552e2dd4f9a5af623e717861d58,256,7ff045e85bdcdcb19da695baf49045e3320a14d4,5bd19ee96bf1557b01d3bf320e476e204611802733314de77baee1370dd372a6,40722a1b2e1bd53024c6927f9304d3ab249668be780c1d3b721c7dbf5780613a,cifar,2.0,30,30,300000,0.0,0.0,1ce75c76b698744680547466d38957d018649c21,0.001,2.0,presence_prob,AdamW,,article1-v3,bbbb2fd925f2d965ef63c9d3518f3862a6f0d89340e133b6232a70cc41007adf,bb299879f6f7c5c2039d6b8d2a92bcc4d9457d5113e2928c6257cbe8e8881cd5,10000,full_original_order,44,bb299879f6f7c5c2039d6b8d2a92bcc4d9457d5113e2928c6257cbe8e8881cd5,10000,deterministic_evaluation,multi,1a7201a6e079cf25,none,44,69e5b2efcf74e7b02f7e6859bcd6dffe481a908f7382523bf920100fc6db225c,0.3101370334625244,46589cf6bfcd1fa9ee8bf3ef4d53bdd80a9fb701649506d084ffd4cf895930da,0.7667,1.5695095485687256,0.9474,1.5782369921977493,0.7364628298630538,1.0,8.0,"{""K"": 10, ""batch_size"": 256, ""epochs"": 30, ""lr"": 0.001, ""optimizer"": ""AdamW"", ""weight_decay"": 0.0001}",1200,0.0001,selected_uniform,/home/roi/PycharmProjects/KD_v5/OUTPUTS/article1_v3/results_presence.csv,54,,,,,ce4b9886dc3da23c4ec80937dca96608fe5f8454c6299680143dd031516e5403,99164f3d5603bc3b286b9851686987255bbe652820d90f30e9315fcd88a5a813,5261ae72437f93869038d1aa098385c330499aac1bd657c971999df764a19e24,private_train_class_presence,,True
e6f1e0016bd69e5208d7779bafd908447f0ffbf5bd505201465dc3d9494ee864,mean_probabilities,1f3034cbd83dc007bebbb86cb19474d4ce302552e2dd4f9a5af623e717861d58,256,7ff045e85bdcdcb19da695baf49045e3320a14d4,4a19eeed7486a909cce5e44750f02af8885ca0d179d5ba1614e49333f1bab69a,40722a1b2e1bd53024c6927f9304d3ab249668be780c1d3b721c7dbf5780613a,cifar,1.0,30,30,300000,0.0,0.0,1ce75c76b698744680547466d38957d018649c21,0.001,1.0,presence_prob,AdamW,,article1-v3,bbbb2fd925f2d965ef63c9d3518f3862a6f0d89340e133b6232a70cc41007adf,bb299879f6f7c5c2039d6b8d2a92bcc4d9457d5113e2928c6257cbe8e8881cd5,10000,full_original_order,44,bb299879f6f7c5c2039d6b8d2a92bcc4d9457d5113e2928c6257cbe8e8881cd5,10000,deterministic_evaluation,single,c5bd69e91022fa35,none,44,6fcfa331bb1fa345eeaa6db6d3fb25c8f547362a9b11d76bbd093e211c18cba5,0.7008445262908936,46589cf6bfcd1fa9ee8bf3ef4d53bdd80a9fb701649506d084ffd4cf895930da,0.7783,1.839888500785828,1.0,1.1268682133606789,0.310253358283077,1.0,8.0,"{""K"": 10, ""batch_size"": 256, ""epochs"": 30, ""lr"": 0.001, ""optimizer"": ""AdamW"", ""weight_decay"": 0.0001}",1200,0.0001,selected_uniform,/home/roi/PycharmProjects/KD_v5/OUTPUTS/article1_v3/results_presence.csv,55,,,,,e6f1e0016bd69e5208d7779bafd908447f0ffbf5bd505201465dc3d9494ee864,e09d60aa45291761af70fe9b1ca09765a77744a67a1c049c4bdbc7d9bcf68647,f71ec108daaa78a2392e302b202106bc3a7727f3bebdfdd0e25c020de4b9facf,private_train_class_presence,,True
